,0
2019-01-01 17:00:00,0.045219094
2019-01-01 17:10:00,0.08861166
2019-01-01 17:20:00,0.046798438
2019-01-01 17:30:00,0.06893125
2019-01-01 17:40:00,0.040953875
2019-01-01 17:50:00,0.0757207
2019-01-01 18:00:00,0.045870095
2019-01-01 18:10:00,0.06642157
2019-01-01 18:20:00,0.042139858
2019-01-01 18:30:00,0.083830476
2019-01-01 18:40:00,0.046604276
2019-01-01 18:50:00,0.06550157
2019-01-01 19:00:00,0.041253567
2019-01-01 19:10:00,0.07591781
2019-01-01 19:20:00,0.04584852
2019-01-01 19:30:00,0.062225968
2019-01-01 19:40:00,0.04069951
2019-01-01 19:50:00,0.07320109
2019-01-01 20:00:00,0.044683844
2019-01-01 20:10:00,0.05693856
2019-01-01 20:20:00,0.040093184
2019-01-01 20:30:00,0.067403376
2019-01-01 20:40:00,0.040843338
2019-01-01 20:50:00,0.055238575
2019-01-01 21:00:00,0.035492867
2019-01-01 21:10:00,0.065246016
2019-01-01 21:20:00,0.03925416
2019-01-01 21:30:00,0.05379808
2019-01-01 21:40:00,0.030229598
2019-01-01 21:50:00,0.062202096
2019-01-01 22:00:00,0.036928415
2019-01-01 22:10:00,0.04883933
2019-01-01 22:20:00,0.030359805
2019-01-01 22:30:00,0.055128515
2019-01-01 22:40:00,0.032925367
2019-01-01 22:50:00,0.04132864
2019-01-01 23:00:00,0.028883785
2019-01-01 23:10:00,0.05171129
2019-01-01 23:20:00,0.032951206
2019-01-01 23:30:00,0.043609083
2019-01-01 23:40:00,0.028845489
2019-01-01 23:50:00,0.051970422
2019-01-02 00:00:00,0.032064646
2019-01-02 00:10:00,0.04569736
2019-01-02 00:20:00,0.028058589
2019-01-02 00:30:00,0.052895278
2019-01-02 00:40:00,0.033915758
2019-01-02 00:50:00,0.041446537
2019-01-02 01:00:00,0.029971212
2019-01-02 01:10:00,0.05223626
2019-01-02 01:20:00,0.036964744
2019-01-02 01:30:00,0.040829092
2019-01-02 01:40:00,0.034489512
2019-01-02 01:50:00,0.04901561
2019-01-02 02:00:00,0.038261235
2019-01-02 02:10:00,0.038297176
2019-01-02 02:20:00,0.03364265
2019-01-02 02:30:00,0.048773587
2019-01-02 02:40:00,0.0398539
2019-01-02 02:50:00,0.03891954
2019-01-02 03:00:00,0.036303222
2019-01-02 03:10:00,0.043592036
2019-01-02 03:20:00,0.040173918
2019-01-02 03:30:00,0.040574253
2019-01-02 03:40:00,0.034569323
2019-01-02 03:50:00,0.04866177
2019-01-02 04:00:00,0.039132774
2019-01-02 04:10:00,0.039782554
2019-01-02 04:20:00,0.033299744
2019-01-02 04:30:00,0.04723081
2019-01-02 04:40:00,0.039162576
2019-01-02 04:50:00,0.040037572
2019-01-02 05:00:00,0.033929735
2019-01-02 05:10:00,0.04540679
2019-01-02 05:20:00,0.03894803
2019-01-02 05:30:00,0.038360327
2019-01-02 05:40:00,0.033287227
2019-01-02 05:50:00,0.045080245
2019-01-02 06:00:00,0.036049575
2019-01-02 06:10:00,0.03779477
2019-01-02 06:20:00,0.033823878
2019-01-02 06:30:00,0.042306483
2019-01-02 06:40:00,0.037163854
2019-01-02 06:50:00,0.036629945
2019-01-02 07:00:00,0.03539598
2019-01-02 07:10:00,0.041508228
2019-01-02 07:20:00,0.041455477
2019-01-02 07:30:00,0.033571035
2019-01-02 07:40:00,0.03724608
2019-01-02 07:50:00,0.03821844
2019-01-02 08:00:00,0.040527016
2019-01-02 08:10:00,0.033598483
2019-01-02 08:20:00,0.037317544
2019-01-02 08:30:00,0.0403305
2019-01-02 08:40:00,0.04162702
2019-01-02 08:50:00,0.03293675
2019-01-02 09:00:00,0.036735952
2019-01-02 09:10:00,0.035795033
2019-01-02 09:20:00,0.039259017
2019-01-02 09:30:00,0.029972643
2019-01-02 09:40:00,0.0356071
2019-01-02 09:50:00,0.0339655
2019-01-02 10:00:00,0.038602293
2019-01-02 10:10:00,0.02883637
2019-01-02 10:20:00,0.038058728
2019-01-02 10:30:00,0.034427762
2019-01-02 10:40:00,0.04243499
2019-01-02 10:50:00,0.028125376
2019-01-02 11:00:00,0.03756693
2019-01-02 11:10:00,0.03135842
2019-01-02 11:20:00,0.04095915
2019-01-02 11:30:00,0.028298229
2019-01-02 11:40:00,0.039324492
2019-01-02 11:50:00,0.03217441
2019-01-02 12:00:00,0.039466113
2019-01-02 12:10:00,0.026353031
2019-01-02 12:20:00,0.038239807
2019-01-02 12:30:00,0.027117312
2019-01-02 12:40:00,0.037413448
2019-01-02 12:50:00,0.024662703
2019-01-02 13:00:00,0.037387878
2019-01-02 13:10:00,0.027427047
2019-01-02 13:20:00,0.03939277
2019-01-02 13:30:00,0.024251103
2019-01-02 13:40:00,0.039962023
2019-01-02 13:50:00,0.027559966
2019-01-02 14:00:00,0.04311511
2019-01-02 14:10:00,0.025163949
2019-01-02 14:20:00,0.04532957
2019-01-02 14:30:00,0.029470384
2019-01-02 14:40:00,0.048568726
2019-01-02 14:50:00,0.027397215
2019-01-02 15:00:00,0.0492163
2019-01-02 15:10:00,0.032026112
2019-01-02 15:20:00,0.05804357
2019-01-02 15:30:00,0.030219674
2019-01-02 15:40:00,0.061151356
2019-01-02 15:50:00,0.03111744
2019-01-02 16:00:00,0.058509618
2019-01-02 16:10:00,0.02944839
2019-01-02 16:20:00,0.058537275
2019-01-02 16:30:00,0.031136036
2019-01-02 16:40:00,0.056000292
2019-01-02 16:50:00,0.02858144
2019-01-02 17:00:00,0.05366558
2019-01-02 17:10:00,0.02971226
2019-01-02 17:20:00,0.05522427
2019-01-02 17:30:00,0.02846405
2019-01-02 17:40:00,0.055509806
2019-01-02 17:50:00,0.030340374
2019-01-02 18:00:00,0.05321905
2019-01-02 18:10:00,0.027797133
2019-01-02 18:20:00,0.050643593
2019-01-02 18:30:00,0.029051065
2019-01-02 18:40:00,0.054575145
2019-01-02 18:50:00,0.02786088
2019-01-02 19:00:00,0.05367437
2019-01-02 19:10:00,0.028798074
2019-01-02 19:20:00,0.052985787
2019-01-02 19:30:00,0.027231693
2019-01-02 19:40:00,0.054365218
2019-01-02 19:50:00,0.028788716
2019-01-02 20:00:00,0.05521792
2019-01-02 20:10:00,0.028441578
2019-01-02 20:20:00,0.055413455
2019-01-02 20:30:00,0.031843185
2019-01-02 20:40:00,0.060465872
2019-01-02 20:50:00,0.03161195
2019-01-02 21:00:00,0.06692904
2019-01-02 21:10:00,0.0333876
2019-01-02 21:20:00,0.06868619
2019-01-02 21:30:00,0.03048566
2019-01-02 21:40:00,0.070043296
2019-01-02 21:50:00,0.03769666
2019-01-02 22:00:00,0.08422476
2019-01-02 22:10:00,0.036503464
2019-01-02 22:20:00,0.08368489
2019-01-02 22:30:00,0.036588937
2019-01-02 22:40:00,0.080228865
2019-01-02 22:50:00,0.031079024
2019-01-02 23:00:00,0.07497966
2019-01-02 23:10:00,0.033192635
2019-01-02 23:20:00,0.07562795
2019-01-02 23:30:00,0.03176388
2019-01-02 23:40:00,0.074802905
2019-01-02 23:50:00,0.033503413
2019-01-03 00:00:00,0.064358234
2019-01-03 00:10:00,0.030898094
2019-01-03 00:20:00,0.07790944
2019-01-03 00:30:00,0.037688136
2019-01-03 00:40:00,0.07701281
2019-01-03 00:50:00,0.033987164
2019-01-03 01:00:00,0.07240671
2019-01-03 01:10:00,0.035246313
2019-01-03 01:20:00,0.067803085
2019-01-03 01:30:00,0.03293565
2019-01-03 01:40:00,0.06660834
2019-01-03 01:50:00,0.03512588
2019-01-03 02:00:00,0.06460303
2019-01-03 02:10:00,0.032437414
2019-01-03 02:20:00,0.06451219
2019-01-03 02:30:00,0.033740193
2019-01-03 02:40:00,0.059484333
2019-01-03 02:50:00,0.029979765
2019-01-03 03:00:00,0.054361552
2019-01-03 03:10:00,0.032750607
2019-01-03 03:20:00,0.04847598
2019-01-03 03:30:00,0.027855009
2019-01-03 03:40:00,0.044204444
2019-01-03 03:50:00,0.029204369
2019-01-03 04:00:00,0.040566176
2019-01-03 04:10:00,0.027379394
2019-01-03 04:20:00,0.04522115
2019-01-03 04:30:00,0.027910799
2019-01-03 04:40:00,0.040602207
2019-01-03 04:50:00,0.02623704
2019-01-03 05:00:00,0.042788446
2019-01-03 05:10:00,0.027976066
2019-01-03 05:20:00,0.037991047
2019-01-03 05:30:00,0.025236905
2019-01-03 05:40:00,0.03955081
2019-01-03 05:50:00,0.025483847
2019-01-03 06:00:00,0.034452885
2019-01-03 06:10:00,0.023381025
2019-01-03 06:20:00,0.03519672
2019-01-03 06:30:00,0.023732156
2019-01-03 06:40:00,0.0317719
2019-01-03 06:50:00,0.023670554
2019-01-03 07:00:00,0.033855557
2019-01-03 07:10:00,0.02330491
2019-01-03 07:20:00,0.029560804
2019-01-03 07:30:00,0.023153305
2019-01-03 07:40:00,0.030345589
2019-01-03 07:50:00,0.022824943
2019-01-03 08:00:00,0.026585788
2019-01-03 08:10:00,0.021670938
2019-01-03 08:20:00,0.027276218
2019-01-03 08:30:00,0.023311913
2019-01-03 08:40:00,0.022246331
2019-01-03 08:50:00,0.021926105
2019-01-03 09:00:00,0.023850203
2019-01-03 09:10:00,0.022160947
2019-01-03 09:20:00,0.022472411
2019-01-03 09:30:00,0.023737878
2019-01-03 09:40:00,0.025128067
2019-01-03 09:50:00,0.024874926
2019-01-03 10:00:00,0.023207486
2019-01-03 10:10:00,0.025853902
2019-01-03 10:20:00,0.025631309
2019-01-03 10:30:00,0.022608459
2019-01-03 10:40:00,0.021260262
2019-01-03 10:50:00,0.023436844
2019-01-03 11:00:00,0.022917002
2019-01-03 11:10:00,0.021816552
2019-01-03 11:20:00,0.01849413
2019-01-03 11:30:00,0.022718608
2019-01-03 11:40:00,0.020436674
2019-01-03 11:50:00,0.020120263
2019-01-03 12:00:00,0.017774403
2019-01-03 12:10:00,0.02331382
2019-01-03 12:20:00,0.021084309
2019-01-03 12:30:00,0.021914601
2019-01-03 12:40:00,0.018354118
2019-01-03 12:50:00,0.023682803
2019-01-03 13:00:00,0.020149678
2019-01-03 13:10:00,0.021681547
2019-01-03 13:20:00,0.017951548
2019-01-03 13:30:00,0.024896532
2019-01-03 13:40:00,0.018309802
2019-01-03 13:50:00,0.02069363
2019-01-03 14:00:00,0.013820857
2019-01-03 14:10:00,0.022188663
2019-01-03 14:20:00,0.017148376
2019-01-03 14:30:00,0.019238502
2019-01-03 14:40:00,0.013725936
2019-01-03 14:50:00,0.019890845
2019-01-03 15:00:00,0.014236778
2019-01-03 15:10:00,0.017140985
2019-01-03 15:20:00,0.011615515
2019-01-03 15:30:00,0.019693136
2019-01-03 15:40:00,0.013317496
2019-01-03 15:50:00,0.018029958
2019-01-03 16:00:00,0.012761086
2019-01-03 16:10:00,0.022048533
2019-01-03 16:20:00,0.014616162
2019-01-03 16:30:00,0.01824385
2019-01-03 16:40:00,0.012171745
2019-01-03 16:50:00,0.01998046
2019-01-03 17:00:00,0.013169706
2019-01-03 17:10:00,0.017264158
2019-01-03 17:20:00,0.011458546
2019-01-03 17:30:00,0.019628853
2019-01-03 17:40:00,0.012448877
2019-01-03 17:50:00,0.016442835
2019-01-03 18:00:00,0.010943711
2019-01-03 18:10:00,0.018871158
2019-01-03 18:20:00,0.011041224
2019-01-03 18:30:00,0.017487913
2019-01-03 18:40:00,0.0111374855
2019-01-03 18:50:00,0.02098009
2019-01-03 19:00:00,0.012464523
2019-01-03 19:10:00,0.018878728
2019-01-03 19:20:00,0.011686921
2019-01-03 19:30:00,0.023245245
2019-01-03 19:40:00,0.013283551
2019-01-03 19:50:00,0.021029055
2019-01-03 20:00:00,0.011704713
2019-01-03 20:10:00,0.024427593
2019-01-03 20:20:00,0.012809664
2019-01-03 20:30:00,0.019996852
2019-01-03 20:40:00,0.010339916
2019-01-03 20:50:00,0.023348331
2019-01-03 21:00:00,0.0116224885
2019-01-03 21:10:00,0.01988265
2019-01-03 21:20:00,0.010312229
2019-01-03 21:30:00,0.02385056
2019-01-03 21:40:00,0.011649191
2019-01-03 21:50:00,0.019667447
2019-01-03 22:00:00,0.009987712
2019-01-03 22:10:00,0.02271834
2019-01-03 22:20:00,0.010792166
2019-01-03 22:30:00,0.017605484
2019-01-03 22:40:00,0.0091454685
2019-01-03 22:50:00,0.019471943
2019-01-03 23:00:00,0.009320438
2019-01-03 23:10:00,0.014346689
2019-01-03 23:20:00,0.007365167
2019-01-03 23:30:00,0.017556787
2019-01-03 23:40:00,0.008484483
2019-01-03 23:50:00,0.014205724
2019-01-04 00:00:00,0.006973028
2019-01-04 00:10:00,0.017684907
2019-01-04 00:20:00,0.008443564
2019-01-04 00:30:00,0.014241099
2019-01-04 00:40:00,0.007629752
2019-01-04 00:50:00,0.018291503
2019-01-04 01:00:00,0.009338826
2019-01-04 01:10:00,0.015642762
2019-01-04 01:20:00,0.008744687
2019-01-04 01:30:00,0.021046907
2019-01-04 01:40:00,0.010035217
2019-01-04 01:50:00,0.016733259
2019-01-04 02:00:00,0.0075194836
2019-01-04 02:10:00,0.020427078
2019-01-04 02:20:00,0.010415286
2019-01-04 02:30:00,0.017468154
2019-01-04 02:40:00,0.009477705
2019-01-04 02:50:00,0.022729874
2019-01-04 03:00:00,0.012195706
2019-01-04 03:10:00,0.018721193
2019-01-04 03:20:00,0.011003464
2019-01-04 03:30:00,0.02533412
2019-01-04 03:40:00,0.012582064
2019-01-04 03:50:00,0.019668221
2019-01-04 04:00:00,0.010665983
2019-01-04 04:10:00,0.025210142
2019-01-04 04:20:00,0.013298631
2019-01-04 04:30:00,0.021327317
2019-01-04 04:40:00,0.013076365
2019-01-04 04:50:00,0.028517425
2019-01-04 05:00:00,0.014347672
2019-01-04 05:10:00,0.021653682
2019-01-04 05:20:00,0.012780964
2019-01-04 05:30:00,0.031849355
2019-01-04 05:40:00,0.015050501
2019-01-04 05:50:00,0.02421549
2019-01-04 06:00:00,0.01426971
2019-01-04 06:10:00,0.031839997
2019-01-04 06:20:00,0.015203774
2019-01-04 06:30:00,0.026061445
2019-01-04 06:40:00,0.013798863
2019-01-04 06:50:00,0.03361106
2019-01-04 07:00:00,0.016453117
2019-01-04 07:10:00,0.026077896
2019-01-04 07:20:00,0.01553598
2019-01-04 07:30:00,0.03594929
2019-01-04 07:40:00,0.018341362
2019-01-04 07:50:00,0.028327376
2019-01-04 08:00:00,0.01710996
2019-01-04 08:10:00,0.03688416
2019-01-04 08:20:00,0.019414932
2019-01-04 08:30:00,0.029596
2019-01-04 08:40:00,0.017628938
2019-01-04 08:50:00,0.03759131
2019-01-04 09:00:00,0.019676
2019-01-04 09:10:00,0.031105667
2019-01-04 09:20:00,0.019161731
2019-01-04 09:30:00,0.04421386
2019-01-04 09:40:00,0.023044497
2019-01-04 09:50:00,0.03155014
2019-01-04 10:00:00,0.02376917
2019-01-04 10:10:00,0.044173986
2019-01-04 10:20:00,0.028786302
2019-01-04 10:30:00,0.03504193
2019-01-04 10:40:00,0.027123034
2019-01-04 10:50:00,0.04783815
2019-01-04 11:00:00,0.03070265
2019-01-04 11:10:00,0.044291794
2019-01-04 11:20:00,0.030498832
2019-01-04 11:30:00,0.050184757
2019-01-04 11:40:00,0.026441753
2019-01-04 11:50:00,0.042738825
2019-01-04 12:00:00,0.027087271
2019-01-04 12:10:00,0.04828784
2019-01-04 12:20:00,0.018421471
2019-01-04 12:30:00,0.037733465
2019-01-04 12:40:00,0.017797649
2019-01-04 12:50:00,0.048433095
2019-01-04 13:00:00,0.01790598
2019-01-04 13:10:00,0.0406695
2019-01-04 13:20:00,0.017209679
2019-01-04 13:30:00,0.046913713
2019-01-04 13:40:00,0.016105056
2019-01-04 13:50:00,0.041134894
2019-01-04 14:00:00,0.016329318
2019-01-04 14:10:00,0.046984494
2019-01-04 14:20:00,0.013841927
2019-01-04 14:30:00,0.040312767
2019-01-04 14:40:00,0.014097691
2019-01-04 14:50:00,0.04406476
2019-01-04 15:00:00,0.0127308965
2019-01-04 15:10:00,0.03720039
2019-01-04 15:20:00,0.012997389
2019-01-04 15:30:00,0.045378864
2019-01-04 15:40:00,0.01336503
2019-01-04 15:50:00,0.039658576
2019-01-04 16:00:00,0.0134165585
2019-01-04 16:10:00,0.044495493
2019-01-04 16:20:00,0.012144625
2019-01-04 16:30:00,0.036467165
2019-01-04 16:40:00,0.011052847
2019-01-04 16:50:00,0.045259714
2019-01-04 17:00:00,0.011747211
2019-01-04 17:10:00,0.041714013
2019-01-04 17:20:00,0.012135774
2019-01-04 17:30:00,0.04883811
2019-01-04 17:40:00,0.011120379
2019-01-04 17:50:00,0.043385893
2019-01-04 18:00:00,0.0113710165
2019-01-04 18:10:00,0.04997766
2019-01-04 18:20:00,0.011166096
2019-01-04 18:30:00,0.043598443
2019-01-04 18:40:00,0.011436552
2019-01-04 18:50:00,0.052183628
2019-01-04 19:00:00,0.01145485
2019-01-04 19:10:00,0.04907927
2019-01-04 19:20:00,0.011760622
2019-01-04 19:30:00,0.056753457
2019-01-04 19:40:00,0.011122316
2019-01-04 19:50:00,0.051405847
2019-01-04 20:00:00,0.011803001
2019-01-04 20:10:00,0.059150726
2019-01-04 20:20:00,0.011098802
2019-01-04 20:30:00,0.053294957
2019-01-04 20:40:00,0.01148352
2019-01-04 20:50:00,0.060193777
2019-01-04 21:00:00,0.010844827
2019-01-04 21:10:00,0.049435645
2019-01-04 21:20:00,0.010076195
2019-01-04 21:30:00,0.0590761
2019-01-04 21:40:00,0.011740565
2019-01-04 21:50:00,0.048611313
2019-01-04 22:00:00,0.0117456615
2019-01-04 22:10:00,0.0568102
2019-01-04 22:20:00,0.0101721585
2019-01-04 22:30:00,0.05061683
2019-01-04 22:40:00,0.00987795
2019-01-04 22:50:00,0.053788304
2019-01-04 23:00:00,0.009815067
2019-01-04 23:10:00,0.05506742
2019-01-04 23:20:00,0.009669006
2019-01-04 23:30:00,0.054838687
2019-01-04 23:40:00,0.009823263
2019-01-04 23:50:00,0.051435262
2019-01-05 00:00:00,0.010699362
2019-01-05 00:10:00,0.05292827
2019-01-05 00:20:00,0.010049045
2019-01-05 00:30:00,0.05147937
2019-01-05 00:40:00,0.010022223
2019-01-05 00:50:00,0.049778163
2019-01-05 01:00:00,0.008887678
2019-01-05 01:10:00,0.050457805
2019-01-05 01:20:00,0.008809239
2019-01-05 01:30:00,0.0509834
2019-01-05 01:40:00,0.00807631
2019-01-05 01:50:00,0.043334723
2019-01-05 02:00:00,0.0077182055
2019-01-05 02:10:00,0.045220166
2019-01-05 02:20:00,0.007744491
2019-01-05 02:30:00,0.042996347
2019-01-05 02:40:00,0.008162379
2019-01-05 02:50:00,0.044765294
2019-01-05 03:00:00,0.008387893
2019-01-05 03:10:00,0.041653425
2019-01-05 03:20:00,0.008147657
2019-01-05 03:30:00,0.045250177
2019-01-05 03:40:00,0.008047253
2019-01-05 03:50:00,0.045126528
2019-01-05 04:00:00,0.00783366
2019-01-05 04:10:00,0.043717295
2019-01-05 04:20:00,0.0076747537
2019-01-05 04:30:00,0.04005316
2019-01-05 04:40:00,0.0075284243
2019-01-05 04:50:00,0.0480133
2019-01-05 05:00:00,0.007733643
2019-01-05 05:10:00,0.044371784
2019-01-05 05:20:00,0.007998824
2019-01-05 05:30:00,0.05129859
2019-01-05 05:40:00,0.0077526867
2019-01-05 05:50:00,0.048626125
2019-01-05 06:00:00,0.008672565
2019-01-05 06:10:00,0.060950637
2019-01-05 06:20:00,0.009963483
2019-01-05 06:30:00,0.053267747
2019-01-05 06:40:00,0.010750234
2019-01-05 06:50:00,0.060798228
2019-01-05 07:00:00,0.009648353
2019-01-05 07:10:00,0.05269134
2019-01-05 07:20:00,0.008504063
2019-01-05 07:30:00,0.044515938
2019-01-05 07:40:00,0.0072876513
2019-01-05 07:50:00,0.039968282
2019-01-05 08:00:00,0.006349236
2019-01-05 08:10:00,0.036540598
2019-01-05 08:20:00,0.0057254434
2019-01-05 08:30:00,0.03108561
2019-01-05 08:40:00,0.0054841638
2019-01-05 08:50:00,0.03200957
2019-01-05 09:00:00,0.0050438344
2019-01-05 09:20:00,0.027913064
2019-01-05 09:30:00,0.005079359
2019-01-05 09:40:00,0.02962318
2019-01-05 09:50:00,0.0046756268
2019-01-05 10:00:00,0.025182456
2019-01-05 10:10:00,0.004790902
2019-01-05 10:20:00,0.025628597
2019-01-05 10:30:00,0.004433185
2019-01-05 10:40:00,0.022222847
2019-01-05 10:50:00,0.0041861236
2019-01-05 11:00:00,0.023755312
2019-01-05 11:10:00,0.0040591955
2019-01-05 11:20:00,0.020489186
2019-01-05 11:30:00,0.0035936534
2019-01-05 11:40:00,0.019966066
2019-01-05 11:50:00,0.0034759343
2019-01-05 12:00:00,0.01706314
2019-01-05 12:10:00,0.0035054088
2019-01-05 12:20:00,0.01845479
2019-01-05 12:30:00,0.004052013
2019-01-05 12:40:00,0.015719652
2019-01-05 12:50:00,0.0042898953
2019-01-05 13:00:00,0.01918906
2019-01-05 13:10:00,0.0043941736
2019-01-05 13:20:00,0.016639978
2019-01-05 13:30:00,0.0042881966
2019-01-05 13:40:00,0.017442524
2019-01-05 13:50:00,0.004278183
2019-01-05 14:00:00,0.014938235
2019-01-05 14:10:00,0.0041666925
2019-01-05 14:20:00,0.01729536
2019-01-05 14:30:00,0.004442185
2019-01-05 14:40:00,0.014213562
2019-01-05 14:50:00,0.004843861
2019-01-05 15:00:00,0.016180694
2019-01-05 15:10:00,0.004961252
2019-01-05 15:20:00,0.0141038
2019-01-05 15:30:00,0.0047201514
2019-01-05 15:40:00,0.017113805
2019-01-05 15:50:00,0.0052619576
2019-01-05 16:00:00,0.014853179
2019-01-05 16:10:00,0.0050317645
2019-01-05 16:20:00,0.017071217
2019-01-05 16:30:00,0.004996568
2019-01-05 16:40:00,0.014242828
2019-01-05 16:50:00,0.005123645
2019-01-05 17:00:00,0.017424315
2019-01-05 17:10:00,0.0048184395
2019-01-05 17:30:00,0.014733881
2019-01-05 17:40:00,0.005077064
2019-01-05 17:50:00,0.018459707
2019-01-05 18:00:00,0.005091727
2019-01-05 18:10:00,0.014616698
2019-01-05 18:20:00,0.0052099824
2019-01-05 18:30:00,0.017634869
2019-01-05 18:40:00,0.0058891177
2019-01-05 18:50:00,0.013914257
2019-01-05 19:00:00,0.0063689947
2019-01-05 19:10:00,0.018627256
2019-01-05 19:20:00,0.008098453
2019-01-05 19:30:00,0.015383303
2019-01-05 19:40:00,0.008567452
2019-01-05 19:50:00,0.017914683
2019-01-05 20:00:00,0.009979993
2019-01-05 20:10:00,0.0144636035
2019-01-05 20:20:00,0.010787874
2019-01-05 20:30:00,0.019651532
2019-01-05 20:40:00,0.011137694
2019-01-05 20:50:00,0.014405131
2019-01-05 21:00:00,0.011996508
2019-01-05 21:10:00,0.018962651
2019-01-05 21:20:00,0.01295808
2019-01-05 21:30:00,0.015425861
2019-01-05 21:40:00,0.013884008
2019-01-05 21:50:00,0.021914601
2019-01-05 22:00:00,0.01362735
2019-01-05 22:10:00,0.016441911
2019-01-05 22:20:00,0.012697697
2019-01-05 22:30:00,0.02086988
2019-01-05 22:40:00,0.012656212
2019-01-05 22:50:00,0.01688999
2019-01-05 23:00:00,0.013293326
2019-01-05 23:10:00,0.021749973
2019-01-05 23:20:00,0.012477487
2019-01-05 23:30:00,0.016775936
2019-01-05 23:40:00,0.0124363005
2019-01-05 23:50:00,0.018422902
2019-01-06 00:00:00,0.012736082
2019-01-06 00:10:00,0.0138246715
2019-01-06 00:20:00,0.010821432
2019-01-06 00:30:00,0.015670568
2019-01-06 00:40:00,0.011147946
2019-01-06 00:50:00,0.011842847
2019-01-06 01:00:00,0.01143226
2019-01-06 01:10:00,0.012743026
2019-01-06 01:20:00,0.010561883
2019-01-06 01:30:00,0.01173982
2019-01-06 01:40:00,0.01069051
2019-01-06 01:50:00,0.012632966
2019-01-06 02:00:00,0.010346442
2019-01-06 02:10:00,0.010491699
2019-01-06 02:20:00,0.010694951
2019-01-06 02:30:00,0.013883978
2019-01-06 02:40:00,0.0120823085
2019-01-06 02:50:00,0.01077649
2019-01-06 03:00:00,0.010422885
2019-01-06 03:10:00,0.011687875
2019-01-06 03:20:00,0.0104191005
2019-01-06 03:30:00,0.010179758
2019-01-06 03:40:00,0.010392785
2019-01-06 03:50:00,0.011089206
2019-01-06 04:00:00,0.0102440715
2019-01-06 04:10:00,0.009147674
2019-01-06 04:20:00,0.010610074
2019-01-06 04:30:00,0.01011017
2019-01-06 04:40:00,0.01004231
2019-01-06 04:50:00,0.009726077
2019-01-06 05:00:00,0.010889024
2019-01-06 05:10:00,0.011046886
2019-01-06 05:20:00,0.011290133
2019-01-06 05:30:00,0.010367781
2019-01-06 05:40:00,0.011987388
2019-01-06 05:50:00,0.011216402
2019-01-06 06:00:00,0.01247099
2019-01-06 06:10:00,0.009697378
2019-01-06 06:20:00,0.012899607
2019-01-06 06:30:00,0.0099467635
2019-01-06 06:40:00,0.013195068
2019-01-06 06:50:00,0.009306967
2019-01-06 07:00:00,0.011834145
2019-01-06 07:10:00,0.010603547
2019-01-06 07:20:00,0.012657702
2019-01-06 07:30:00,0.010161519
2019-01-06 07:40:00,0.013598591
2019-01-06 07:50:00,0.01095739
2019-01-06 08:00:00,0.013896048
2019-01-06 08:10:00,0.010934114
2019-01-06 08:20:00,0.014437348
2019-01-06 08:30:00,0.010879815
2019-01-06 08:40:00,0.014068663
2019-01-06 08:50:00,0.010336012
2019-01-06 09:00:00,0.015510619
2019-01-06 09:10:00,0.010582954
2019-01-06 09:20:00,0.015198886
2019-01-06 09:30:00,0.010105163
2019-01-06 09:40:00,0.016001731
2019-01-06 09:50:00,0.010901362
2019-01-06 10:00:00,0.016299218
2019-01-06 10:10:00,0.010329604
2019-01-06 10:20:00,0.016760021
2019-01-06 10:30:00,0.010896802
2019-01-06 10:40:00,0.015987128
2019-01-06 10:50:00,0.010849565
2019-01-06 11:00:00,0.017483532
2019-01-06 11:10:00,0.011491358
2019-01-06 11:20:00,0.015696943
2019-01-06 11:30:00,0.0113277435
2019-01-06 11:40:00,0.016049087
2019-01-06 11:50:00,0.011159658
2019-01-06 12:00:00,0.015819848
2019-01-06 12:10:00,0.011182278
2019-01-06 12:20:00,0.015648782
2019-01-06 12:30:00,0.011211157
2019-01-06 12:40:00,0.015517682
2019-01-06 12:50:00,0.010949761
2019-01-06 13:00:00,0.016272515
2019-01-06 13:10:00,0.011851549
2019-01-06 13:20:00,0.014740944
2019-01-06 13:30:00,0.012273639
2019-01-06 13:40:00,0.016679287
2019-01-06 13:50:00,0.011799365
2019-01-06 14:00:00,0.015228033
2019-01-06 14:10:00,0.012449175
2019-01-06 14:20:00,0.017283171
2019-01-06 14:30:00,0.012483656
2019-01-06 14:40:00,0.016394466
2019-01-06 14:50:00,0.013552994
2019-01-06 15:00:00,0.018713534
2019-01-06 15:10:00,0.014006108
2019-01-06 15:20:00,0.018163055
2019-01-06 15:30:00,0.015734285
2019-01-06 15:40:00,0.018904716
2019-01-06 15:50:00,0.017408252
2019-01-06 16:00:00,0.020365715
2019-01-06 16:10:00,0.018866152
2019-01-06 16:20:00,0.022124708
2019-01-06 16:30:00,0.017558217
2019-01-06 16:40:00,0.021778584
2019-01-06 16:50:00,0.01891318
2019-01-06 17:00:00,0.021517098
2019-01-06 17:10:00,0.017376095
2019-01-06 17:20:00,0.021413088
2019-01-06 17:30:00,0.017701328
2019-01-06 17:40:00,0.022035837
2019-01-06 17:50:00,0.017527401
2019-01-06 18:00:00,0.020884901
2019-01-06 18:10:00,0.018410683
2019-01-06 18:20:00,0.022235096
2019-01-06 18:30:00,0.019424021
2019-01-06 18:40:00,0.021847397
2019-01-06 18:50:00,0.020572096
2019-01-06 19:00:00,0.022016555
2019-01-06 19:10:00,0.019263059
2019-01-06 19:20:00,0.022427648
2019-01-06 19:30:00,0.019833297
2019-01-06 19:40:00,0.019709885
2019-01-06 19:50:00,0.018324167
2019-01-06 20:00:00,0.020353407
2019-01-06 20:10:00,0.01905042
2019-01-06 20:20:00,0.018942833
2019-01-06 20:30:00,0.018481612
2019-01-06 20:40:00,0.018838584
2019-01-06 20:50:00,0.0192042
2019-01-06 21:00:00,0.01903963
2019-01-06 21:10:00,0.01728478
2019-01-06 21:20:00,0.018425196
2019-01-06 21:30:00,0.01831618
2019-01-06 21:40:00,0.018016279
2019-01-06 21:50:00,0.018832326
2019-01-06 22:00:00,0.019922972
2019-01-06 22:10:00,0.019084632
2019-01-06 22:20:00,0.018642962
2019-01-06 22:30:00,0.01726079
2019-01-06 22:40:00,0.01771906
2019-01-06 22:50:00,0.01891753
2019-01-06 23:00:00,0.017262787
2019-01-06 23:10:00,0.01682356
2019-01-06 23:20:00,0.016766638
2019-01-06 23:30:00,0.017249912
2019-01-06 23:40:00,0.015903533
2019-01-06 23:50:00,0.016244471
2019-01-07 00:00:00,0.016819298
2019-01-07 00:10:00,0.016220003
2019-01-07 00:20:00,0.017278165
2019-01-07 00:30:00,0.01555115
2019-01-07 00:40:00,0.015945226
2019-01-07 00:50:00,0.015142322
2019-01-07 01:00:00,0.015135109
2019-01-07 01:10:00,0.014657319
2019-01-07 01:20:00,0.014944702
2019-01-07 01:30:00,0.014982909
2019-01-07 01:40:00,0.013086528
2019-01-07 01:50:00,0.013856649
2019-01-07 02:00:00,0.012883216
2019-01-07 02:10:00,0.014353603
2019-01-07 02:20:00,0.01215297
2019-01-07 02:30:00,0.012847453
2019-01-07 02:40:00,0.011890471
2019-01-07 02:50:00,0.013427019
2019-01-07 03:00:00,0.010534018
2019-01-07 03:10:00,0.0131037235
2019-01-07 03:20:00,0.01030305
2019-01-07 03:30:00,0.013521135
2019-01-07 03:40:00,0.009637415
2019-01-07 03:50:00,0.01354146
2019-01-07 04:00:00,0.010008663
2019-01-07 04:10:00,0.014327705
2019-01-07 04:20:00,0.009076387
2019-01-07 04:30:00,0.012692541
2019-01-07 04:40:00,0.010008872
2019-01-07 04:50:00,0.01535818
2019-01-07 05:00:00,0.008926749
2019-01-07 05:10:00,0.01398623
2019-01-07 05:20:00,0.009749949
2019-01-07 05:30:00,0.014864147
2019-01-07 05:40:00,0.008957922
2019-01-07 05:50:00,0.013702959
2019-01-07 06:00:00,0.009090036
2019-01-07 06:10:00,0.0135986805
2019-01-07 06:20:00,0.008460164
2019-01-07 06:30:00,0.013082147
2019-01-07 06:40:00,0.009514421
2019-01-07 06:50:00,0.0131675005
2019-01-07 07:00:00,0.00857532
2019-01-07 07:10:00,0.012969166
2019-01-07 07:20:00,0.008265078
2019-01-07 07:30:00,0.013366789
2019-01-07 07:40:00,0.00752452
2019-01-07 07:50:00,0.013919234
2019-01-07 08:00:00,0.008936107
2019-01-07 08:10:00,0.01364848
2019-01-07 08:20:00,0.008235902
2019-01-07 08:30:00,0.01341632
2019-01-07 08:40:00,0.00898245
2019-01-07 08:50:00,0.012396246
2019-01-07 09:00:00,0.0077438056
2019-01-07 09:10:00,0.013872176
2019-01-07 09:20:00,0.0085935
2019-01-07 09:30:00,0.013562709
2019-01-07 09:40:00,0.007585913
2019-01-07 09:50:00,0.012801021
2019-01-07 10:00:00,0.0086942315
2019-01-07 10:10:00,0.012042373
2019-01-07 10:20:00,0.006851673
2019-01-07 10:30:00,0.013076961
2019-01-07 10:40:00,0.007805109
2019-01-07 10:50:00,0.012527436
2019-01-07 11:00:00,0.006132394
2019-01-07 11:10:00,0.0135165155
2019-01-07 11:20:00,0.0072538853
2019-01-07 11:30:00,0.01221481
2019-01-07 11:40:00,0.0063390434
2019-01-07 11:50:00,0.013352662
2019-01-07 12:00:00,0.0072844923
2019-01-07 12:10:00,0.0125128925
2019-01-07 12:20:00,0.006524533
2019-01-07 12:30:00,0.01378715
2019-01-07 12:40:00,0.0074128807
2019-01-07 12:50:00,0.012459308
2019-01-07 13:00:00,0.0063028634
2019-01-07 13:10:00,0.012506604
2019-01-07 13:20:00,0.007224232
2019-01-07 13:30:00,0.011523277
2019-01-07 13:40:00,0.0062325
2019-01-07 13:50:00,0.012158036
2019-01-07 14:00:00,0.0071193576
2019-01-07 14:10:00,0.011042267
2019-01-07 14:20:00,0.0064245462
2019-01-07 14:30:00,0.013158351
2019-01-07 14:40:00,0.0076390803
2019-01-07 14:50:00,0.011317223
2019-01-07 15:00:00,0.0063483715
2019-01-07 15:10:00,0.012960345
2019-01-07 15:20:00,0.0075320005
2019-01-07 15:30:00,0.011375904
2019-01-07 15:40:00,0.0065885186
2019-01-07 15:50:00,0.012747228
2019-01-07 16:00:00,0.007130891
2019-01-07 16:10:00,0.012034118
2019-01-07 16:20:00,0.006917149
2019-01-07 16:30:00,0.012877524
2019-01-07 16:40:00,0.008100778
2019-01-07 16:50:00,0.012337983
2019-01-07 17:00:00,0.007384479
2019-01-07 17:10:00,0.01383695
2019-01-07 17:20:00,0.008851409
2019-01-07 17:30:00,0.012343317
2019-01-07 17:40:00,0.008172423
2019-01-07 17:50:00,0.013771385
2019-01-07 18:00:00,0.010039955
2019-01-07 18:10:00,0.011826664
2019-01-07 18:20:00,0.009206355
2019-01-07 18:30:00,0.013595611
2019-01-07 18:40:00,0.011096269
2019-01-07 18:50:00,0.012671888
2019-01-07 19:00:00,0.009824812
2019-01-07 19:10:00,0.013897181
2019-01-07 19:20:00,0.011473477
2019-01-07 19:30:00,0.012685686
2019-01-07 19:40:00,0.010292292
2019-01-07 19:50:00,0.0142757
2019-01-07 20:00:00,0.012162685
2019-01-07 20:10:00,0.012811691
2019-01-07 20:20:00,0.011422008
2019-01-07 20:30:00,0.01482138
2019-01-07 20:40:00,0.013460696
2019-01-07 20:50:00,0.013691783
2019-01-07 21:00:00,0.011340141
2019-01-07 21:10:00,0.015718251
2019-01-07 21:20:00,0.012956947
2019-01-07 21:30:00,0.014381945
2019-01-07 21:40:00,0.012361884
2019-01-07 21:50:00,0.015815467
2019-01-07 22:00:00,0.014451623
2019-01-07 22:10:00,0.013863772
2019-01-07 22:20:00,0.012139082
2019-01-07 22:30:00,0.015668333
2019-01-07 22:40:00,0.014189869
2019-01-07 22:50:00,0.013926923
2019-01-07 23:00:00,0.012927324
2019-01-07 23:10:00,0.015706867
2019-01-07 23:20:00,0.014873654
2019-01-07 23:30:00,0.014211923
2019-01-07 23:40:00,0.013714403
2019-01-07 23:50:00,0.015847325
2019-01-08 00:00:00,0.015600234
2019-01-08 00:10:00,0.01459372
2019-01-08 00:20:00,0.014100671
2019-01-08 00:30:00,0.01600048
2019-01-08 00:40:00,0.015138954
2019-01-08 00:50:00,0.013583779
2019-01-08 01:00:00,0.013344914
2019-01-08 01:10:00,0.014307797
2019-01-08 01:20:00,0.013895303
2019-01-08 01:30:00,0.012573034
2019-01-08 01:40:00,0.012630075
2019-01-08 01:50:00,0.014308065
2019-01-08 02:00:00,0.014226347
2019-01-08 02:10:00,0.01322633
2019-01-08 02:20:00,0.014579326
2019-01-08 02:30:00,0.015322119
2019-01-08 02:40:00,0.015487969
2019-01-08 02:50:00,0.012790173
2019-01-08 03:00:00,0.01484555
2019-01-08 03:10:00,0.016463041
2019-01-08 03:20:00,0.015998662
2019-01-08 03:30:00,0.013688594
2019-01-08 03:40:00,0.0151569545
2019-01-08 03:50:00,0.015763015
2019-01-08 04:00:00,0.0160847
2019-01-08 04:10:00,0.013179362
2019-01-08 04:20:00,0.015681595
2019-01-08 04:30:00,0.01402691
2019-01-08 04:40:00,0.016316235
2019-01-08 04:50:00,0.011855841
2019-01-08 05:00:00,0.015883446
2019-01-08 05:10:00,0.014104396
2019-01-08 05:20:00,0.017666817
2019-01-08 05:30:00,0.012311637
2019-01-08 05:40:00,0.016928285
2019-01-08 05:50:00,0.011847466
2019-01-08 06:00:00,0.016895503
2019-01-08 06:10:00,0.010674238
2019-01-08 06:20:00,0.015610129
2019-01-08 06:30:00,0.010894746
2019-01-08 06:40:00,0.016208142
2019-01-08 06:50:00,0.010067314
2019-01-08 07:00:00,0.015752524
2019-01-08 07:10:00,0.010033965
2019-01-08 07:20:00,0.01668939
2019-01-08 07:30:00,0.009122342
2019-01-08 07:40:00,0.016144335
2019-01-08 07:50:00,0.010099262
2019-01-08 08:00:00,0.017190397
2019-01-08 08:10:00,0.009120107
2019-01-08 08:20:00,0.017457545
2019-01-08 08:30:00,0.009672016
2019-01-08 08:40:00,0.017650366
2019-01-08 08:50:00,0.0086579025
2019-01-08 09:00:00,0.017290682
2019-01-08 09:10:00,0.009217709
2019-01-08 09:20:00,0.017109483
2019-01-08 09:30:00,0.00831008
2019-01-08 09:40:00,0.018057168
2019-01-08 09:50:00,0.010207474
2019-01-08 10:00:00,0.018176615
2019-01-08 10:10:00,0.008635998
2019-01-08 10:20:00,0.017884314
2019-01-08 10:30:00,0.009316236
2019-01-08 10:40:00,0.018017769
2019-01-08 10:50:00,0.008573741
2019-01-08 11:00:00,0.017879963
2019-01-08 11:10:00,0.010254353
2019-01-08 11:20:00,0.017513216
2019-01-08 11:30:00,0.008555263
2019-01-08 11:40:00,0.018775403
2019-01-08 11:50:00,0.009692967
2019-01-08 12:00:00,0.018602848
2019-01-08 12:10:00,0.008932769
2019-01-08 12:20:00,0.020290166
2019-01-08 12:30:00,0.010221243
2019-01-08 12:40:00,0.019918561
2019-01-08 12:50:00,0.0086295605
2019-01-08 13:00:00,0.021437824
2019-01-08 13:10:00,0.010240316
2019-01-08 13:20:00,0.021639854
2019-01-08 13:30:00,0.009277284
2019-01-08 13:40:00,0.021401376
2019-01-08 13:50:00,0.010857195
2019-01-08 14:00:00,0.022680491
2019-01-08 14:10:00,0.00964582
2019-01-08 14:20:00,0.023817569
2019-01-08 14:30:00,0.010938197
2019-01-08 14:40:00,0.02262953
2019-01-08 14:50:00,0.00919643
2019-01-08 15:00:00,0.021318346
2019-01-08 15:10:00,0.010708988
2019-01-08 15:20:00,0.019941568
2019-01-08 15:30:00,0.0087504685
2019-01-08 15:40:00,0.019729733
2019-01-08 15:50:00,0.010153025
2019-01-08 16:00:00,0.019087106
2019-01-08 16:10:00,0.008788735
2019-01-08 16:20:00,0.020501971
2019-01-08 16:30:00,0.0103446245
2019-01-08 16:40:00,0.018976837
2019-01-08 16:50:00,0.0089708865
2019-01-08 17:00:00,0.021172047
2019-01-08 17:10:00,0.010543197
2019-01-08 17:20:00,0.021255612
2019-01-08 17:30:00,0.009455234
2019-01-08 17:40:00,0.022643477
2019-01-08 17:50:00,0.011376977
2019-01-08 18:00:00,0.023614198
2019-01-08 18:10:00,0.010406226
2019-01-08 18:20:00,0.025572449
2019-01-08 18:30:00,0.012027055
2019-01-08 18:40:00,0.026132166
2019-01-08 18:50:00,0.010807604
2019-01-08 19:00:00,0.028754383
2019-01-08 19:10:00,0.013082713
2019-01-08 19:20:00,0.028005123
2019-01-08 19:30:00,0.011500239
2019-01-08 19:40:00,0.031849056
2019-01-08 19:50:00,0.014371902
2019-01-08 20:00:00,0.030212194
2019-01-08 20:10:00,0.013335943
2019-01-08 20:20:00,0.03434351
2019-01-08 20:30:00,0.015873075
2019-01-08 20:40:00,0.03377852
2019-01-08 20:50:00,0.01477024
2019-01-08 21:00:00,0.03847295
2019-01-08 21:10:00,0.016870856
2019-01-08 21:20:00,0.035111755
2019-01-08 21:30:00,0.014957607
2019-01-08 21:40:00,0.039189786
2019-01-08 21:50:00,0.017559856
2019-01-08 22:00:00,0.03643003
2019-01-08 22:10:00,0.016254932
2019-01-08 22:20:00,0.039192438
2019-01-08 22:30:00,0.018168837
2019-01-08 22:40:00,0.03733903
2019-01-08 22:50:00,0.01657492
2019-01-08 23:00:00,0.039731234
2019-01-08 23:10:00,0.018848658
2019-01-08 23:20:00,0.03590545
2019-01-08 23:30:00,0.01695326
2019-01-08 23:40:00,0.03833717
2019-01-08 23:50:00,0.019448698
2019-01-09 00:00:00,0.034121215
2019-01-09 00:10:00,0.01810652
2019-01-09 00:20:00,0.034831017
2019-01-09 00:30:00,0.020170063
2019-01-09 00:40:00,0.032338172
2019-01-09 00:50:00,0.018221349
2019-01-09 01:00:00,0.032903224
2019-01-09 01:10:00,0.020628184
2019-01-09 01:20:00,0.029897213
2019-01-09 01:30:00,0.019328207
2019-01-09 01:40:00,0.030287772
2019-01-09 01:50:00,0.020721108
2019-01-09 02:00:00,0.028198153
2019-01-09 02:10:00,0.019503832
2019-01-09 02:20:00,0.03192368
2019-01-09 02:30:00,0.021310896
2019-01-09 02:40:00,0.02972135
2019-01-09 02:50:00,0.021057934
2019-01-09 03:00:00,0.03355968
2019-01-09 03:10:00,0.02258858
2019-01-09 03:20:00,0.031732917
2019-01-09 03:30:00,0.02081573
2019-01-09 03:40:00,0.03464836
2019-01-09 03:50:00,0.023032635
2019-01-09 04:00:00,0.032105178
2019-01-09 04:10:00,0.021648914
2019-01-09 04:20:00,0.036876738
2019-01-09 04:30:00,0.02408263
2019-01-09 04:40:00,0.03544998
2019-01-09 04:50:00,0.024521738
2019-01-09 05:00:00,0.037893385
2019-01-09 05:10:00,0.024454415
2019-01-09 05:20:00,0.036302
2019-01-09 05:30:00,0.024820566
2019-01-09 05:40:00,0.03826347
2019-01-09 05:50:00,0.027415276
2019-01-09 06:00:00,0.034992218
2019-01-09 06:10:00,0.023882926
2019-01-09 06:20:00,0.039443523
2019-01-09 06:30:00,0.026832044
2019-01-09 06:40:00,0.038490742
2019-01-09 06:50:00,0.025555402
2019-01-09 07:00:00,0.03822449
2019-01-09 07:10:00,0.027043045
2019-01-09 07:20:00,0.039593667
2019-01-09 07:30:00,0.028042972
2019-01-09 07:40:00,0.04357052
2019-01-09 07:50:00,0.0309771
2019-01-09 08:00:00,0.042696953
2019-01-09 08:10:00,0.028075188
2019-01-09 08:20:00,0.045911074
2019-01-09 08:30:00,0.030703843
2019-01-09 08:40:00,0.0458757
2019-01-09 08:50:00,0.030296147
2019-01-09 09:00:00,0.048407823
2019-01-09 09:10:00,0.034483194
2019-01-09 09:20:00,0.04778886
2019-01-09 09:30:00,0.03145346
2019-01-09 09:40:00,0.048902154
2019-01-09 09:50:00,0.03468141
2019-01-09 10:00:00,0.049940735
2019-01-09 10:10:00,0.032264948
2019-01-09 10:20:00,0.051792204
2019-01-09 10:30:00,0.03621292
2019-01-09 10:40:00,0.05317533
2019-01-09 10:50:00,0.03422022
2019-01-09 11:00:00,0.055485874
2019-01-09 11:10:00,0.039170742
2019-01-09 11:20:00,0.0601106
2019-01-09 11:30:00,0.04071459
2019-01-09 11:40:00,0.06082177
2019-01-09 11:50:00,0.043579787
2019-01-09 12:00:00,0.058110833
2019-01-09 12:10:00,0.044492185
2019-01-09 12:20:00,0.06360254
2019-01-09 12:30:00,0.048223227
2019-01-09 12:40:00,0.066279024
2019-01-09 12:50:00,0.045971632
2019-01-09 13:00:00,0.06325865
2019-01-09 13:10:00,0.050190985
2019-01-09 13:20:00,0.05984226
2019-01-09 13:30:00,0.054228783
2019-01-09 13:40:00,0.0662041
2019-01-09 13:50:00,0.056634992
2019-01-09 14:00:00,0.0644435
2019-01-09 14:10:00,0.05479735
2019-01-09 14:20:00,0.069416165
2019-01-09 14:30:00,0.052396
2019-01-09 14:40:00,0.064792335
2019-01-09 14:50:00,0.051781237
2019-01-09 15:00:00,0.0694876
2019-01-09 15:10:00,0.052262723
2019-01-09 15:20:00,0.066105336
2019-01-09 15:30:00,0.056170583
2019-01-09 15:40:00,0.07318464
2019-01-09 15:50:00,0.05382067
2019-01-09 16:00:00,0.06818572
2019-01-09 16:10:00,0.058210373
2019-01-09 16:20:00,0.07453531
2019-01-09 16:30:00,0.05923137
2019-01-09 16:40:00,0.07393709
2019-01-09 16:50:00,0.062084436
2019-01-09 17:00:00,0.07814446
2019-01-09 17:10:00,0.058148354
2019-01-09 17:20:00,0.07496798
2019-01-09 17:30:00,0.06080216
2019-01-09 17:40:00,0.07276943
2019-01-09 17:50:00,0.05591947
2019-01-09 18:00:00,0.07337186
2019-01-09 18:10:00,0.055755585
2019-01-09 18:20:00,0.077284366
2019-01-09 18:30:00,0.058009088
2019-01-09 18:40:00,0.075217694
2019-01-09 18:50:00,0.058250636
2019-01-09 19:00:00,0.07237336
2019-01-09 19:10:00,0.04949674
2019-01-09 19:20:00,0.07088259
2019-01-09 19:30:00,0.05035484
2019-01-09 19:40:00,0.06779304
2019-01-09 19:50:00,0.042748988
2019-01-09 20:00:00,0.0677191
2019-01-09 20:10:00,0.04558584
2019-01-09 20:20:00,0.066569984
2019-01-09 20:30:00,0.036824644
2019-01-09 20:40:00,0.061649203
2019-01-09 20:50:00,0.034659624
2019-01-09 21:00:00,0.057127297
2019-01-09 21:10:00,0.028182894
2019-01-09 21:20:00,0.05481407
2019-01-09 21:30:00,0.03048566
2019-01-09 21:40:00,0.056761473
2019-01-09 21:50:00,0.029770255
2019-01-09 22:00:00,0.05363667
2019-01-09 22:10:00,0.030056775
2019-01-09 22:20:00,0.050156116
2019-01-09 22:30:00,0.025501877
2019-01-09 22:40:00,0.046032995
2019-01-09 22:50:00,0.025339812
2019-01-09 23:00:00,0.04510075
2019-01-09 23:10:00,0.021533996
2019-01-09 23:20:00,0.04172924
2019-01-09 23:30:00,0.022899568
2019-01-09 23:40:00,0.04460615
2019-01-09 23:50:00,0.022099733
2019-01-10 00:00:00,0.039915353
2019-01-10 00:10:00,0.022244096
2019-01-10 00:20:00,0.037339658
2019-01-10 00:30:00,0.020909607
2019-01-10 00:40:00,0.03541559
2019-01-10 00:50:00,0.020627916
2019-01-10 01:00:00,0.03299302
2019-01-10 01:10:00,0.017800748
2019-01-10 01:20:00,0.02916956
2019-01-10 01:30:00,0.016613632
2019-01-10 01:40:00,0.029257447
2019-01-10 01:50:00,0.015911847
2019-01-10 02:00:00,0.025870204
2019-01-10 02:10:00,0.0145944655
2019-01-10 02:20:00,0.027752489
2019-01-10 02:30:00,0.012259871
2019-01-10 02:40:00,0.022522092
2019-01-10 02:50:00,0.011780649
2019-01-10 03:00:00,0.02245745
2019-01-10 03:10:00,0.010826707
2019-01-10 03:20:00,0.019928604
2019-01-10 03:30:00,0.011312395
2019-01-10 03:40:00,0.020741493
2019-01-10 03:50:00,0.0107495785
2019-01-10 04:00:00,0.0200741
2019-01-10 04:10:00,0.011722177
2019-01-10 04:20:00,0.021678686
2019-01-10 04:30:00,0.010800123
2019-01-10 04:40:00,0.019431055
2019-01-10 04:50:00,0.010938525
2019-01-10 05:00:00,0.022655338
2019-01-10 05:10:00,0.0106242
2019-01-10 05:20:00,0.020559609
2019-01-10 05:30:00,0.01100257
2019-01-10 05:40:00,0.023837775
2019-01-10 05:50:00,0.011864066
2019-01-10 06:00:00,0.022110581
2019-01-10 06:10:00,0.012035042
2019-01-10 06:20:00,0.024706304
2019-01-10 06:30:00,0.011179388
2019-01-10 06:40:00,0.021555841
2019-01-10 06:50:00,0.01018092
2019-01-10 07:00:00,0.024956286
2019-01-10 07:10:00,0.009682208
2019-01-10 07:20:00,0.02087468
2019-01-10 07:30:00,0.00948
2019-01-10 07:40:00,0.026210815
2019-01-10 07:50:00,0.01037848
2019-01-10 08:00:00,0.024252087
2019-01-10 08:10:00,0.010050029
2019-01-10 08:20:00,0.02801457
2019-01-10 08:30:00,0.010494471
2019-01-10 08:40:00,0.023390561
2019-01-10 08:50:00,0.010062546
2019-01-10 09:00:00,0.02728632
2019-01-10 09:10:00,0.010972649
2019-01-10 09:20:00,0.02275893
2019-01-10 09:30:00,0.011041939
2019-01-10 09:40:00,0.027479917
2019-01-10 09:50:00,0.012488097
2019-01-10 10:00:00,0.019825459
2019-01-10 10:10:00,0.0105856955
2019-01-10 10:20:00,0.023058563
2019-01-10 10:30:00,0.009532422
2019-01-10 10:40:00,0.017311096
2019-01-10 10:50:00,0.008621037
2019-01-10 11:00:00,0.021156162
2019-01-10 11:10:00,0.009312093
2019-01-10 11:20:00,0.016273946
2019-01-10 11:30:00,0.008564293
2019-01-10 11:40:00,0.022480816
2019-01-10 11:50:00,0.009125143
2019-01-10 12:00:00,0.015183032
2019-01-10 12:10:00,0.008505434
2019-01-10 12:20:00,0.01954794
2019-01-10 12:30:00,0.008818537
2019-01-10 12:40:00,0.013850927
2019-01-10 12:50:00,0.0077362955
2019-01-10 13:00:00,0.01681465
2019-01-10 13:10:00,0.007852256
2019-01-10 13:20:00,0.012212694
2019-01-10 13:30:00,0.0074729025
2019-01-10 13:40:00,0.015945286
2019-01-10 13:50:00,0.0077616274
2019-01-10 14:00:00,0.012576401
2019-01-10 14:10:00,0.0071824193
2019-01-10 14:20:00,0.016774267
2019-01-10 14:30:00,0.007845342
2019-01-10 14:40:00,0.012064755
2019-01-10 14:50:00,0.0070376694
2019-01-10 15:00:00,0.014795035
2019-01-10 15:10:00,0.008116484
2019-01-10 15:20:00,0.0116123855
2019-01-10 15:30:00,0.007738769
2019-01-10 15:40:00,0.0151818395
2019-01-10 15:50:00,0.008539677
2019-01-10 16:00:00,0.0102491975
2019-01-10 16:10:00,0.007468611
2019-01-10 16:20:00,0.01354292
2019-01-10 16:30:00,0.007485926
2019-01-10 16:40:00,0.009440333
2019-01-10 16:50:00,0.0066713095
2019-01-10 17:00:00,0.012668192
2019-01-10 17:10:00,0.007325977
2019-01-10 17:20:00,0.009288102
2019-01-10 17:30:00,0.0068004727
2019-01-10 17:40:00,0.012528092
2019-01-10 17:50:00,0.007854909
2019-01-10 18:00:00,0.009282261
2019-01-10 18:10:00,0.007049948
2019-01-10 18:20:00,0.011089414
2019-01-10 18:30:00,0.0072307885
2019-01-10 18:40:00,0.00788939
2019-01-10 18:50:00,0.00647828
2019-01-10 19:00:00,0.009928882
2019-01-10 19:10:00,0.006842226
2019-01-10 19:20:00,0.0071056187
2019-01-10 19:30:00,0.0062582195
2019-01-10 19:40:00,0.010259837
2019-01-10 19:50:00,0.0071789324
2019-01-10 20:00:00,0.0078049004
2019-01-10 20:10:00,0.0064445436
2019-01-10 20:20:00,0.010701507
2019-01-10 20:30:00,0.007396579
2019-01-10 20:40:00,0.008389741
2019-01-10 20:50:00,0.0069670975
2019-01-10 21:00:00,0.010387987
2019-01-10 21:10:00,0.0073129833
2019-01-10 21:20:00,0.008587629
2019-01-10 21:30:00,0.006852716
2019-01-10 21:40:00,0.011324465
2019-01-10 21:50:00,0.006962359
2019-01-10 22:00:00,0.008490264
2019-01-10 22:10:00,0.005755663
2019-01-10 22:20:00,0.010843068
2019-01-10 22:30:00,0.007046193
2019-01-10 22:40:00,0.009965181
2019-01-10 22:50:00,0.006798774
2019-01-10 23:00:00,0.01256457
2019-01-10 23:10:00,0.0080623925
2019-01-10 23:20:00,0.010404676
2019-01-10 23:30:00,0.0077825785
2019-01-10 23:40:00,0.014064938
2019-01-10 23:50:00,0.008733749
2019-01-11 00:00:00,0.011619002
2019-01-11 00:10:00,0.007883966
2019-01-11 00:20:00,0.014203548
2019-01-11 00:30:00,0.008405387
2019-01-11 00:40:00,0.0107263625
2019-01-11 00:50:00,0.0072892606
2019-01-11 01:00:00,0.013376683
2019-01-11 01:10:00,0.00801301
2019-01-11 01:20:00,0.010608166
2019-01-11 01:30:00,0.007399678
2019-01-11 01:40:00,0.013996065
2019-01-11 01:50:00,0.009038001
2019-01-11 02:00:00,0.011619866
2019-01-11 02:10:00,0.008893758
2019-01-11 02:20:00,0.014801949
2019-01-11 02:30:00,0.0084735155
2019-01-11 02:40:00,0.011254519
2019-01-11 02:50:00,0.008297414
2019-01-11 03:00:00,0.0148201585
2019-01-11 03:10:00,0.00998944
2019-01-11 03:20:00,0.0117455125
2019-01-11 03:30:00,0.009245634
2019-01-11 03:40:00,0.015725225
2019-01-11 03:50:00,0.009918213
2019-01-11 04:00:00,0.012752801
2019-01-11 04:10:00,0.009037018
2019-01-11 04:20:00,0.015430957
2019-01-11 04:30:00,0.0101751685
2019-01-11 04:40:00,0.013511598
2019-01-11 04:50:00,0.009677857
2019-01-11 05:00:00,0.016284496
2019-01-11 05:10:00,0.009941399
2019-01-11 05:20:00,0.014311194
2019-01-11 05:30:00,0.0104162395
2019-01-11 05:40:00,0.020386279
2019-01-11 05:50:00,0.012151152
2019-01-11 06:00:00,0.016507238
2019-01-11 06:10:00,0.011620015
2019-01-11 06:20:00,0.019778043
2019-01-11 06:30:00,0.010871619
2019-01-11 06:40:00,0.0153749585
2019-01-11 06:50:00,0.011059463
2019-01-11 07:00:00,0.018248886
2019-01-11 07:10:00,0.010974497
2019-01-11 07:20:00,0.0145074725
2019-01-11 07:30:00,0.011433274
2019-01-11 07:40:00,0.017706662
2019-01-11 07:50:00,0.012008667
2019-01-11 08:00:00,0.014819711
2019-01-11 08:10:00,0.012738645
2019-01-11 08:20:00,0.019278228
2019-01-11 08:30:00,0.012007564
2019-01-11 08:40:00,0.016153544
2019-01-11 08:50:00,0.012853175
2019-01-11 09:00:00,0.019394308
2019-01-11 09:10:00,0.012556106
2019-01-11 09:20:00,0.015696973
2019-01-11 09:30:00,0.010993242
2019-01-11 09:40:00,0.019769967
2019-01-11 09:50:00,0.012419373
2019-01-11 10:00:00,0.016710669
2019-01-11 10:10:00,0.013441026
2019-01-11 10:20:00,0.017485589
2019-01-11 10:30:00,0.012660027
2019-01-11 10:40:00,0.015026748
2019-01-11 10:50:00,0.01348418
2019-01-11 11:00:00,0.016491354
2019-01-11 11:10:00,0.01147297
2019-01-11 11:20:00,0.01359567
2019-01-11 11:30:00,0.011648446
2019-01-11 11:40:00,0.013577521
2019-01-11 11:50:00,0.011844218
2019-01-11 12:00:00,0.012047112
2019-01-11 12:10:00,0.012043774
2019-01-11 12:20:00,0.013291031
2019-01-11 12:30:00,0.010889411
2019-01-11 12:40:00,0.011694729
2019-01-11 12:50:00,0.011990398
2019-01-11 13:00:00,0.013283581
2019-01-11 13:10:00,0.011554658
2019-01-11 13:20:00,0.011998892
2019-01-11 13:30:00,0.012734354
2019-01-11 13:40:00,0.013749212
2019-01-11 13:50:00,0.01247704
2019-01-11 14:00:00,0.012762189
2019-01-11 14:10:00,0.013985872
2019-01-11 14:20:00,0.013825655
2019-01-11 14:30:00,0.012944192
2019-01-11 14:40:00,0.011977762
2019-01-11 14:50:00,0.013935566
2019-01-11 15:00:00,0.013162583
2019-01-11 15:10:00,0.012522221
2019-01-11 15:20:00,0.011894822
2019-01-11 15:30:00,0.013678789
2019-01-11 15:40:00,0.013492674
2019-01-11 15:50:00,0.012485087
2019-01-11 16:00:00,0.011989117
2019-01-11 16:10:00,0.013254225
2019-01-11 16:20:00,0.013088375
2019-01-11 16:30:00,0.012724996
2019-01-11 16:40:00,0.012750506
2019-01-11 16:50:00,0.013319105
2019-01-11 17:00:00,0.014687061
2019-01-11 17:10:00,0.013348848
2019-01-11 17:20:00,0.0142070055
2019-01-11 17:30:00,0.0153310895
2019-01-11 17:40:00,0.016339421
2019-01-11 17:50:00,0.015305191
2019-01-11 18:00:00,0.015981376
2019-01-11 18:10:00,0.017533898
2019-01-11 18:20:00,0.019387275
2019-01-11 18:30:00,0.015229791
2019-01-11 18:40:00,0.018500537
2019-01-11 18:50:00,0.016022503
2019-01-11 19:00:00,0.018412203
2019-01-11 19:10:00,0.014286041
2019-01-11 19:20:00,0.020372301
2019-01-11 19:30:00,0.016093612
2019-01-11 19:40:00,0.01923415
2019-01-11 19:50:00,0.014289916
2019-01-11 20:00:00,0.018952876
2019-01-11 20:10:00,0.015152156
2019-01-11 20:20:00,0.020634621
2019-01-11 20:30:00,0.014498621
2019-01-11 20:40:00,0.019833922
2019-01-11 20:50:00,0.016226828
2019-01-11 21:00:00,0.02159223
2019-01-11 21:10:00,0.016961247
2019-01-11 21:20:00,0.021415055
2019-01-11 21:30:00,0.018064678
2019-01-11 21:40:00,0.02409026
2019-01-11 21:50:00,0.017884642
2019-01-11 22:00:00,0.022886008
2019-01-11 22:10:00,0.018407226
2019-01-11 22:20:00,0.022744566
2019-01-11 22:30:00,0.017448276
2019-01-11 22:40:00,0.02159512
2019-01-11 22:50:00,0.018175215
2019-01-11 23:00:00,0.024345815
2019-01-11 23:10:00,0.018555075
2019-01-11 23:20:00,0.021946758
2019-01-11 23:30:00,0.018816441
2019-01-11 23:40:00,0.023682296
2019-01-11 23:50:00,0.018192977
2019-01-12 00:00:00,0.021465868
2019-01-12 00:10:00,0.018411487
2019-01-12 00:20:00,0.024439603
2019-01-12 00:30:00,0.017517358
2019-01-12 00:40:00,0.02228573
2019-01-12 00:50:00,0.018925518
2019-01-12 01:00:00,0.025997967
2019-01-12 01:10:00,0.018170506
2019-01-12 01:20:00,0.023229867
2019-01-12 01:30:00,0.019046396
2019-01-12 01:40:00,0.025663853
2019-01-12 01:50:00,0.019391298
2019-01-12 02:00:00,0.024148196
2019-01-12 02:10:00,0.018993944
2019-01-12 02:20:00,0.025766581
2019-01-12 02:30:00,0.018853426
2019-01-12 02:40:00,0.016845822
2019-01-12 02:50:00,0.017798036
2019-01-12 03:00:00,0.01579076
2019-01-12 03:10:00,0.017296523
2019-01-12 03:20:00,0.010509253
2019-01-12 03:30:00,0.016054004
2019-01-12 03:40:00,0.011105925
2019-01-12 03:50:00,0.016568154
2019-01-12 04:00:00,0.011148125
2019-01-12 04:10:00,0.017886102
2019-01-12 04:20:00,0.011596918
2019-01-12 04:30:00,0.018527627
2019-01-12 04:40:00,0.009405017
2019-01-12 04:50:00,0.017862946
2019-01-12 05:00:00,0.009660602
2019-01-12 05:10:00,0.018648595
2019-01-12 05:20:00,0.009132743
2019-01-12 05:30:00,0.019193888
2019-01-12 05:40:00,0.009175271
2019-01-12 05:50:00,0.019325227
2019-01-12 06:00:00,0.00855875
2019-01-12 06:10:00,0.018128961
2019-01-12 06:20:00,0.009520173
2019-01-12 06:30:00,0.01925233
2019-01-12 06:40:00,0.007756382
2019-01-12 06:50:00,0.017187089
2019-01-12 07:00:00,0.008516073
2019-01-12 07:10:00,0.017462045
2019-01-12 07:20:00,0.0066069067
2019-01-12 07:30:00,0.013412952
2019-01-12 07:40:00,0.0066471696
2019-01-12 07:50:00,0.010414153
2019-01-12 08:00:00,0.0049948394
2019-01-12 08:10:00,0.008321881
2019-01-12 08:20:00,0.0047656894
2019-01-12 08:30:00,0.007907242
2019-01-12 08:40:00,0.004486203
2019-01-12 08:50:00,0.007899165
2019-01-12 09:00:00,0.0038403273
2019-01-12 09:10:00,0.007392794
2019-01-12 09:20:00,0.0032521188
2019-01-12 09:30:00,0.006991625
2019-01-12 09:40:00,0.0028048754
2019-01-12 09:50:00,0.009340882
2019-01-12 10:00:00,0.0024774969
2019-01-12 10:10:00,0.008365393
2019-01-12 10:20:00,0.0027764142
2019-01-12 10:30:00,0.0068977773
2019-01-12 10:40:00,0.002293706
2019-01-12 10:50:00,0.0060887337
2019-01-12 11:00:00,0.0024028122
2019-01-12 11:10:00,0.0056378245
2019-01-12 11:20:00,0.0020585656
2019-01-12 11:30:00,0.00542444
2019-01-12 11:40:00,0.002017945
2019-01-12 11:50:00,0.004889339
2019-01-12 12:00:00,0.0017068386
2019-01-12 12:10:00,0.0046242177
2019-01-12 12:20:00,0.001762569
2019-01-12 12:30:00,0.004057139
2019-01-12 12:40:00,0.0014722645
2019-01-12 12:50:00,0.0038992763
2019-01-12 13:00:00,0.0012841821
2019-01-12 13:10:00,0.0030610561
2019-01-12 13:20:00,0.0010747313
2019-01-12 13:30:00,0.0029633641
2019-01-12 13:40:00,0.0011146665
2019-01-12 13:50:00,0.0024590492
2019-01-12 14:00:00,0.0010386407
2019-01-12 14:10:00,0.0025646985
2019-01-12 14:20:00,0.0011475086
2019-01-12 14:30:00,0.0023944974
2019-01-12 14:40:00,0.0009809136
2019-01-12 14:50:00,0.0025354624
2019-01-12 15:00:00,0.0008813143
2019-01-12 15:10:00,0.0021567345
2019-01-12 15:20:00,0.00093612075
2019-01-12 15:30:00,0.0022418797
2019-01-12 15:40:00,0.0009394288
2019-01-12 15:50:00,0.0019024909
2019-01-12 16:00:00,0.000870198
2019-01-12 16:10:00,0.002062261
2019-01-12 16:20:00,0.00079748034
2019-01-12 16:30:00,0.0016238391
2019-01-12 16:40:00,0.0007093847
2019-01-12 16:50:00,0.0018538833
2019-01-12 17:00:00,0.00066131353
2019-01-12 17:10:00,0.0015231073
2019-01-12 17:20:00,0.00073829293
2019-01-12 17:30:00,0.0017085373
2019-01-12 17:40:00,0.0006503165
2019-01-12 17:50:00,0.0014211833
2019-01-12 18:00:00,0.00065013766
2019-01-12 18:10:00,0.0016452968
2019-01-12 18:20:00,0.00065255165
2019-01-12 18:30:00,0.0013265014
2019-01-12 18:40:00,0.0006301105
2019-01-12 18:50:00,0.001608491
2019-01-12 19:00:00,0.0006005168
2019-01-12 19:10:00,0.001280129
2019-01-12 19:20:00,0.00059461594
2019-01-12 19:30:00,0.0016049743
2019-01-12 19:40:00,0.0005477965
2019-01-12 19:50:00,0.0012717247
2019-01-12 20:00:00,0.000579685
2019-01-12 20:10:00,0.0015942156
2019-01-12 20:20:00,0.00053679943
2019-01-12 20:30:00,0.0012613833
2019-01-12 20:40:00,0.00052303076
2019-01-12 20:50:00,0.0014251173
2019-01-12 21:00:00,0.00048467517
2019-01-12 21:10:00,0.00095909834
2019-01-12 21:20:00,0.0004158318
2019-01-12 21:30:00,0.0010598302
2019-01-12 21:40:00,0.0003784895
2019-01-12 21:50:00,0.0007748604
2019-01-12 22:00:00,0.00038471818
2019-01-12 22:10:00,0.0010532737
2019-01-12 22:20:00,0.00036162138
2019-01-12 22:30:00,0.0007868409
2019-01-12 22:40:00,0.00039160252
2019-01-12 22:50:00,0.0011181831
2019-01-12 23:00:00,0.00033259392
2019-01-12 23:10:00,0.0007891357
2019-01-12 23:20:00,0.00036364794
2019-01-12 23:30:00,0.0010338724
2019-01-12 23:40:00,0.00036504865
2019-01-12 23:50:00,0.00075274706
2019-01-13 00:00:00,0.000377357
2019-01-13 00:10:00,0.0009383559
2019-01-13 00:20:00,0.00034320354
2019-01-13 00:30:00,0.00066009164
2019-01-13 00:40:00,0.00034457445
2019-01-13 00:50:00,0.0009441078
2019-01-13 01:00:00,0.0003117323
2019-01-13 01:10:00,0.0007095933
2019-01-13 01:20:00,0.00034740567
2019-01-13 01:30:00,0.0010499954
2019-01-13 01:40:00,0.00032615662
2019-01-13 01:50:00,0.0008122921
2019-01-13 02:00:00,0.0003978014
2019-01-13 02:10:00,0.0010980964
2019-01-13 02:20:00,0.00035244226
2019-01-13 02:30:00,0.0008171201
2019-01-13 02:40:00,0.00040465593
2019-01-13 02:50:00,0.0012038946
2019-01-13 03:00:00,0.00041726232
2019-01-13 03:10:00,0.00084874034
2019-01-13 03:20:00,0.0005029738
2019-01-13 03:30:00,0.0012127161
2019-01-13 03:40:00,0.00047394633
2019-01-13 03:50:00,0.00078350306
2019-01-13 04:00:00,0.0005121529
2019-01-13 04:10:00,0.0011540651
2019-01-13 04:20:00,0.00047174096
2019-01-13 04:30:00,0.00080785155
2019-01-13 04:40:00,0.0005709231
2019-01-13 04:50:00,0.001172632
2019-01-13 05:00:00,0.000508219
2019-01-13 05:10:00,0.0008289218
2019-01-13 05:20:00,0.0005837381
2019-01-13 05:30:00,0.0011306405
2019-01-13 05:40:00,0.0005247891
2019-01-13 05:50:00,0.0007646084
2019-01-13 06:00:00,0.0005849302
2019-01-13 06:10:00,0.0011378229
2019-01-13 06:20:00,0.00054606795
2019-01-13 06:30:00,0.00076529384
2019-01-13 06:40:00,0.0007173121
2019-01-13 06:50:00,0.0012513399
2019-01-13 07:00:00,0.0006932318
2019-01-13 07:10:00,0.00088077784
2019-01-13 07:20:00,0.0007920563
2019-01-13 07:30:00,0.0013305843
2019-01-13 07:40:00,0.00071141124
2019-01-13 07:50:00,0.0010184944
2019-01-13 08:00:00,0.0008598566
2019-01-13 08:10:00,0.0016682148
2019-01-13 08:20:00,0.0008845031
2019-01-13 08:30:00,0.0011758804
2019-01-13 08:40:00,0.0011143684
2019-01-13 08:50:00,0.0015465021
2019-01-13 09:00:00,0.0010258555
2019-01-13 09:10:00,0.0010993481
2019-01-13 09:20:00,0.0014300942
2019-01-13 09:30:00,0.0015802681
2019-01-13 09:40:00,0.0015526712
2019-01-13 09:50:00,0.0011646748
2019-01-13 10:00:00,0.0019422174
2019-01-13 10:10:00,0.0014668703
2019-01-13 10:20:00,0.001668036
2019-01-13 10:30:00,0.0010836124
2019-01-13 10:40:00,0.0019939542
2019-01-13 10:50:00,0.0014924407
2019-01-13 11:00:00,0.001858741
2019-01-13 11:10:00,0.0013766289
2019-01-13 11:20:00,0.002590835
2019-01-13 11:30:00,0.0019508004
2019-01-13 11:40:00,0.002216816
2019-01-13 11:50:00,0.0014849603
2019-01-13 12:00:00,0.0026170611
2019-01-13 12:10:00,0.0020118058
2019-01-13 12:20:00,0.002241671
2019-01-13 12:30:00,0.0015425384
2019-01-13 12:40:00,0.0024752617
2019-01-13 12:50:00,0.00200513
2019-01-13 13:00:00,0.0023252666
2019-01-13 13:10:00,0.0014742911
2019-01-13 13:20:00,0.0025518835
2019-01-13 13:30:00,0.0019580126
2019-01-13 13:40:00,0.0023150444
2019-01-13 13:50:00,0.0017207861
2019-01-13 14:00:00,0.002706796
2019-01-13 14:10:00,0.0023816824
2019-01-13 14:20:00,0.0026039183
2019-01-13 14:30:00,0.0023225248
2019-01-13 14:40:00,0.0033982992
2019-01-13 14:50:00,0.00291121
2019-01-13 15:00:00,0.0029129386
2019-01-13 15:10:00,0.0025386214
2019-01-13 15:20:00,0.0034831762
2019-01-13 15:30:00,0.002823025
2019-01-13 15:40:00,0.003281355
2019-01-13 15:50:00,0.0027145743
2019-01-13 16:00:00,0.004703462
2019-01-13 16:10:00,0.0030217469
2019-01-13 16:20:00,0.0038967133
2019-01-13 16:30:00,0.002439499
2019-01-13 16:40:00,0.004174322
2019-01-13 16:50:00,0.002765298
2019-01-13 17:00:00,0.0033597648
2019-01-13 17:10:00,0.002473116
2019-01-13 17:20:00,0.0037192702
2019-01-13 17:30:00,0.0029092133
2019-01-13 17:40:00,0.0035601556
2019-01-13 17:50:00,0.0029871464
2019-01-13 18:00:00,0.004578352
2019-01-13 18:10:00,0.0033537447
2019-01-13 18:20:00,0.0036800206
2019-01-13 18:30:00,0.003024727
2019-01-13 18:40:00,0.0039795637
2019-01-13 18:50:00,0.0036415756
2019-01-13 19:00:00,0.0034936666
2019-01-13 19:10:00,0.0034086704
2019-01-13 19:20:00,0.0038385093
2019-01-13 19:30:00,0.0035136342
2019-01-13 19:40:00,0.0033376515
2019-01-13 19:50:00,0.0036199987
2019-01-13 20:00:00,0.003813088
2019-01-13 20:10:00,0.0041127503
2019-01-13 20:20:00,0.0034294128
2019-01-13 20:30:00,0.0040726364
2019-01-13 20:40:00,0.004048407
2019-01-13 20:50:00,0.0040110946
2019-01-13 21:00:00,0.0036371648
2019-01-13 21:10:00,0.0042105913
2019-01-13 21:20:00,0.0046804547
2019-01-13 21:30:00,0.004997909
2019-01-13 21:40:00,0.0041339993
2019-01-13 21:50:00,0.0048568547
2019-01-13 22:00:00,0.0049219728
2019-01-13 22:10:00,0.005148113
2019-01-13 22:20:00,0.004229665
2019-01-13 22:30:00,0.004714966
2019-01-13 22:40:00,0.0043688715
2019-01-13 22:50:00,0.004680544
2019-01-13 23:00:00,0.0038881898
2019-01-13 23:10:00,0.004401833
2019-01-13 23:20:00,0.004222423
2019-01-13 23:30:00,0.0046192706
2019-01-13 23:40:00,0.004109293
2019-01-13 23:50:00,0.004425943
2019-01-14 00:00:00,0.004494816
2019-01-14 00:10:00,0.0046506524
2019-01-14 00:20:00,0.0043725073
2019-01-14 00:30:00,0.004611075
2019-01-14 00:40:00,0.004711002
2019-01-14 00:50:00,0.004806727
2019-01-14 01:00:00,0.0043875277
2019-01-14 01:10:00,0.004924208
2019-01-14 01:20:00,0.0050649047
2019-01-14 01:30:00,0.0053178966
2019-01-14 01:40:00,0.005092263
2019-01-14 01:50:00,0.0051933825
2019-01-14 02:00:00,0.005254656
2019-01-14 02:10:00,0.0053091943
2019-01-14 02:20:00,0.005241394
2019-01-14 02:30:00,0.0052693784
2019-01-14 02:40:00,0.0053791404
2019-01-14 02:50:00,0.0053540766
2019-01-14 03:00:00,0.005306989
2019-01-14 03:10:00,0.005238384
2019-01-14 03:20:00,0.005682111
2019-01-14 03:30:00,0.0057109892
2019-01-14 03:40:00,0.0061562955
2019-01-14 03:50:00,0.0061849654
2019-01-14 04:00:00,0.007232636
2019-01-14 04:10:00,0.0067447126
2019-01-14 04:20:00,0.007596493
2019-01-14 04:30:00,0.00692299
2019-01-14 04:40:00,0.008185893
2019-01-14 04:50:00,0.0061086714
2019-01-14 05:00:00,0.007395029
2019-01-14 05:10:00,0.0063878
2019-01-14 05:20:00,0.007701814
2019-01-14 05:30:00,0.0052954257
2019-01-14 05:40:00,0.007671535
2019-01-14 05:50:00,0.0052983463
2019-01-14 06:00:00,0.0074814856
2019-01-14 06:10:00,0.004822552
2019-01-14 06:20:00,0.0070362985
2019-01-14 06:30:00,0.004691124
2019-01-14 06:40:00,0.0068243444
2019-01-14 06:50:00,0.0046515167
2019-01-14 07:00:00,0.0071523786
2019-01-14 07:10:00,0.0047998726
2019-01-14 07:20:00,0.0067871213
2019-01-14 07:30:00,0.00486809
2019-01-14 07:40:00,0.008090466
2019-01-14 07:50:00,0.0051372647
2019-01-14 08:00:00,0.007490635
2019-01-14 08:10:00,0.0046554506
2019-01-14 08:20:00,0.0076552927
2019-01-14 08:30:00,0.004889548
2019-01-14 08:40:00,0.0071702003
2019-01-14 08:50:00,0.0044106245
2019-01-14 09:00:00,0.0069839656
2019-01-14 09:10:00,0.0047472417
2019-01-14 09:20:00,0.006641984
2019-01-14 09:30:00,0.0030909479
2019-01-14 09:40:00,0.00412789
2019-01-14 09:50:00,0.001991868
2019-01-14 10:00:00,0.0012109876
2019-01-14 10:10:00,0.0003812909
2019-01-14 10:20:00,0.0003233254
2019-01-14 10:30:00,0.0002347827
2019-01-14 10:40:00,0.000109009045
2019-01-14 10:50:00,8.880274e-05
2019-01-14 11:00:00,4.5336026e-05
2019-01-14 11:10:00,0.00010913033
2019-01-14 11:20:00,5.6244844e-05
2019-01-14 11:30:00,0.00013774633
2019-01-14 11:40:00,4.552814e-05
2019-01-14 11:50:00,0.00013458729
2019-01-14 12:00:00,5.0034312e-05
2019-01-14 12:10:00,0.00012182835
2019-01-14 12:20:00,4.6061956e-05
2019-01-14 12:30:00,0.00011295468
2019-01-14 12:40:00,4.2868385e-05
2019-01-14 12:50:00,9.7813536e-05
2019-01-14 13:00:00,3.4660865e-05
2019-01-14 13:10:00,9.334643e-05
2019-01-14 13:20:00,3.0624036e-05
2019-01-14 13:30:00,7.5665936e-05
2019-01-14 13:40:00,2.2184538e-05
2019-01-14 13:50:00,6.52784e-05
2019-01-14 14:00:00,1.7166049e-05
2019-01-14 14:10:00,4.863725e-05
2019-01-14 14:20:00,1.3210986e-05
2019-01-14 14:30:00,4.630543e-05
2019-01-14 14:40:00,1.112865e-05
2019-01-14 14:50:00,4.0812483e-05
2019-01-14 15:00:00,9.383488e-06
2019-01-14 15:10:00,3.6990896e-05
2019-01-14 15:20:00,6.4108567e-06
2019-01-14 15:30:00,2.5894238e-05
2019-01-14 15:40:00,4.5581423e-06
2019-01-14 15:50:00,2.2724538e-05
2019-01-14 16:00:00,3.669573e-06
2019-01-14 16:10:00,1.736515e-05
2019-01-14 16:20:00,2.6837392e-06
2019-01-14 16:30:00,1.890992e-05
2019-01-14 16:40:00,2.673679e-06
2019-01-14 16:50:00,1.8190556e-05
2019-01-14 17:00:00,2.1080866e-06
2019-01-14 17:10:00,1.9220735e-05
2019-01-14 17:20:00,3.3228018e-06
2019-01-14 17:30:00,1.9380797e-05
2019-01-14 17:40:00,2.3089476e-06
2019-01-14 17:50:00,1.668387e-05
2019-01-14 18:00:00,2.1162589e-06
2019-01-14 18:10:00,1.2269355e-05
2019-01-14 18:20:00,1.4144862e-06
2019-01-14 18:30:00,1.0552261e-05
2019-01-14 18:40:00,1.3948173e-06
2019-01-14 18:50:00,6.8910617e-06
2019-01-14 19:00:00,7.456043e-07
2019-01-14 19:10:00,6.980648e-06
2019-01-14 19:20:00,9.542092e-07
2019-01-14 19:30:00,6.747994e-06
2019-01-14 19:40:00,6.103387e-07
2019-01-14 19:50:00,7.4380787e-06
2019-01-14 20:00:00,9.437923e-07
2019-01-14 20:10:00,7.1897816e-06
2019-01-14 20:20:00,5.235895e-07
2019-01-14 20:30:00,5.860808e-06
2019-01-14 20:40:00,7.0102453e-07
2019-01-14 20:50:00,5.8578516e-06
2019-01-14 21:00:00,3.9821347e-07
2019-01-14 21:10:00,5.769125e-06
2019-01-14 21:20:00,5.929551e-07
2019-01-14 21:30:00,5.232768e-06
2019-01-14 21:40:00,3.4486112e-07
2019-01-14 21:50:00,5.755046e-06
2019-01-14 22:00:00,5.5454706e-07
2019-01-14 22:10:00,5.023069e-06
2019-01-14 22:20:00,2.9809513e-07
2019-01-14 22:30:00,5.349202e-06
2019-01-14 22:40:00,5.679653e-07
2019-01-14 22:50:00,5.086115e-06
2019-01-14 23:00:00,3.0133182e-07
2019-01-14 23:10:00,5.26112e-06
2019-01-14 23:20:00,5.121752e-07
2019-01-14 23:30:00,4.3001437e-06
2019-01-14 23:40:00,3.0360948e-07
2019-01-14 23:50:00,4.4487924e-06
2019-01-15 00:00:00,4.1934845e-07
2019-01-15 00:10:00,3.7046761e-06
2019-01-15 00:20:00,2.0745676e-07
2019-01-15 00:30:00,4.703681e-06
2019-01-15 00:40:00,4.893739e-07
2019-01-15 00:50:00,4.6648074e-06
2019-01-15 01:00:00,2.557331e-07
2019-01-15 01:10:00,5.2135256e-06
2019-01-15 01:20:00,5.151511e-07
2019-01-15 01:30:00,4.6477553e-06
2019-01-15 01:40:00,2.6149073e-07
2019-01-15 01:50:00,4.5291144e-06
2019-01-15 02:00:00,4.934831e-07
2019-01-15 02:10:00,3.619427e-06
2019-01-15 02:20:00,1.99545e-07
2019-01-15 02:30:00,3.9556153e-06
2019-01-15 02:40:00,3.9624547e-07
2019-01-15 02:50:00,3.3906008e-06
2019-01-15 03:00:00,1.8217881e-07
2019-01-15 03:10:00,4.3302016e-06
2019-01-15 03:20:00,4.4498424e-07
2019-01-15 03:30:00,3.7785514e-06
2019-01-15 03:40:00,1.9153049e-07
2019-01-15 03:50:00,4.624821e-06
2019-01-15 04:00:00,5.678678e-07
2019-01-15 04:10:00,5.578849e-06
2019-01-15 04:20:00,3.1401817e-07
2019-01-15 04:30:00,6.723616e-06
2019-01-15 04:40:00,7.4552395e-07
2019-01-15 04:50:00,6.733594e-06
2019-01-15 05:00:00,3.7181775e-07
2019-01-15 05:10:00,7.451171e-06
2019-01-15 05:20:00,7.629409e-07
2019-01-15 05:30:00,6.639513e-06
2019-01-15 05:40:00,3.7393215e-07
2019-01-15 05:50:00,7.78055e-06
2019-01-15 06:00:00,8.4070814e-07
2019-01-15 06:10:00,6.582656e-06
2019-01-15 06:20:00,3.859389e-07
2019-01-15 06:30:00,8.348506e-06
2019-01-15 06:40:00,1.0992867e-06
2019-01-15 06:50:00,1.0099044e-05
2019-01-15 07:00:00,6.24536e-07
2019-01-15 07:10:00,1.2396272e-05
2019-01-15 07:20:00,1.6477873e-06
2019-01-15 07:30:00,1.3195058e-05
2019-01-15 07:40:00,8.188198e-07
2019-01-15 07:50:00,1.3138264e-05
2019-01-15 08:00:00,1.5831963e-06
2019-01-15 08:10:00,1.1506915e-05
2019-01-15 08:20:00,7.433579e-07
2019-01-15 08:30:00,1.2198187e-05
2019-01-15 08:40:00,1.6005865e-06
2019-01-15 08:50:00,1.3671161e-05
2019-01-15 09:00:00,9.736559e-07
2019-01-15 09:10:00,1.8027664e-05
2019-01-15 09:20:00,2.8576076e-06
2019-01-15 09:30:00,2.3038281e-05
2019-01-15 09:40:00,1.8128461e-06
2019-01-15 09:50:00,3.0769825e-05
2019-01-15 10:00:00,5.981152e-06
2019-01-15 10:10:00,4.8797585e-05
2019-01-15 10:20:00,5.0362937e-06
2019-01-15 10:30:00,6.61712e-05
2019-01-15 10:40:00,1.54373e-05
2019-01-15 10:50:00,9.917533e-05
2019-01-15 11:00:00,1.2818456e-05
2019-01-15 11:10:00,0.00010709337
2019-01-15 11:20:00,2.478686e-05
2019-01-15 11:30:00,0.00013804436
2019-01-15 11:40:00,2.0704469e-05
2019-01-15 11:50:00,0.00015845895
2019-01-15 12:00:00,4.12014e-05
2019-01-15 12:10:00,0.00020241737
2019-01-15 12:20:00,3.100929e-05
2019-01-15 12:30:00,0.00020256639
2019-01-15 12:40:00,5.1339535e-05
2019-01-15 12:50:00,0.0002411902
2019-01-15 13:00:00,4.557545e-05
2019-01-15 13:10:00,0.00027000904
2019-01-15 13:20:00,9.26057e-05
2019-01-15 13:30:00,0.00040447712
2019-01-15 13:40:00,9.026994e-05
2019-01-15 13:50:00,0.00047287345
2019-01-15 14:00:00,0.00018462539
2019-01-15 14:10:00,0.0007465482
2019-01-15 14:20:00,0.00019973516
2019-01-15 14:30:00,0.0007365048
2019-01-15 14:40:00,0.00031396747
2019-01-15 14:50:00,0.00085914135
2019-01-15 15:00:00,0.00029695034
2019-01-15 15:10:00,0.00077462196
2019-01-15 15:20:00,0.0003697574
2019-01-15 15:30:00,0.00085657835
2019-01-15 15:40:00,0.00034183264
2019-01-15 15:50:00,0.0009929538
2019-01-15 16:00:00,0.000669986
2019-01-15 16:10:00,0.0017248988
2019-01-15 16:20:00,0.00090423226
2019-01-15 16:30:00,0.0024121702
2019-01-15 16:40:00,0.00281173
2019-01-15 16:50:00,0.0057169497
2019-01-15 17:00:00,0.0045802295
2019-01-15 17:10:00,0.0069199204
2019-01-15 17:20:00,0.010290265
2019-01-15 17:30:00,0.0144409835
2019-01-15 17:40:00,0.013208479
2019-01-15 17:50:00,0.015282184
2019-01-15 18:00:00,0.038790375
2019-01-15 18:10:00,0.028312653
2019-01-15 18:20:00,0.053885013
2019-01-15 18:30:00,0.026851535
2019-01-15 18:40:00,0.055147618
2019-01-15 18:50:00,0.027579308
2019-01-15 19:00:00,0.052663982
2019-01-15 19:10:00,0.026185542
2019-01-15 19:20:00,0.053186417
2019-01-15 19:30:00,0.0263125
2019-01-15 19:40:00,0.048742324
2019-01-15 19:50:00,0.023658782
2019-01-15 20:00:00,0.05432555
2019-01-15 20:10:00,0.024730772
2019-01-15 20:20:00,0.04986787
2019-01-15 20:30:00,0.022885114
2019-01-15 20:40:00,0.05051717
2019-01-15 20:50:00,0.023259938
2019-01-15 21:00:00,0.04570082
2019-01-15 21:10:00,0.022357196
2019-01-15 21:20:00,0.04994017
2019-01-15 21:30:00,0.022488743
2019-01-15 21:40:00,0.044182777
2019-01-15 21:50:00,0.022268742
2019-01-15 22:00:00,0.047987282
2019-01-15 22:10:00,0.024894238
2019-01-15 22:20:00,0.045015097
2019-01-15 22:30:00,0.02255556
2019-01-15 22:40:00,0.04709539
2019-01-15 22:50:00,0.02423799
2019-01-15 23:00:00,0.044065088
2019-01-15 23:10:00,0.021575123
2019-01-15 23:20:00,0.04568991
2019-01-15 23:30:00,0.024254024
2019-01-15 23:40:00,0.039297998
2019-01-15 23:50:00,0.022647768
2019-01-16 00:00:00,0.04533446
2019-01-16 00:10:00,0.026026994
2019-01-16 00:20:00,0.041416556
2019-01-16 00:30:00,0.02240336
2019-01-16 00:40:00,0.04183659
2019-01-16 00:50:00,0.023090303
2019-01-16 01:00:00,0.035834044
2019-01-16 01:10:00,0.01988849
2019-01-16 01:20:00,0.035033494
2019-01-16 01:30:00,0.021338254
2019-01-16 01:40:00,0.033236384
2019-01-16 01:50:00,0.019698948
2019-01-16 02:00:00,0.036163658
2019-01-16 02:10:00,0.021851867
2019-01-16 02:20:00,0.03228447
2019-01-16 02:30:00,0.020052075
2019-01-16 02:40:00,0.03385383
2019-01-16 02:50:00,0.024051785
2019-01-16 03:00:00,0.03485462
2019-01-16 03:10:00,0.02252698
2019-01-16 03:20:00,0.037819028
2019-01-16 03:30:00,0.025135785
2019-01-16 03:40:00,0.03608322
2019-01-16 03:50:00,0.022422522
2019-01-16 04:00:00,0.039864242
2019-01-16 04:10:00,0.02533099
2019-01-16 04:20:00,0.039437324
2019-01-16 04:30:00,0.0227606
2019-01-16 04:40:00,0.038378775
2019-01-16 04:50:00,0.024491578
2019-01-16 05:00:00,0.038161546
2019-01-16 05:10:00,0.020367384
2019-01-16 05:20:00,0.03936982
2019-01-16 05:30:00,0.023636699
2019-01-16 05:40:00,0.03892669
2019-01-16 05:50:00,0.021206588
2019-01-16 06:00:00,0.04251352
2019-01-16 06:10:00,0.0234344
2019-01-16 06:20:00,0.04455328
2019-01-16 06:30:00,0.023131043
2019-01-16 06:40:00,0.044687063
2019-01-16 06:50:00,0.029282302
2019-01-16 07:00:00,0.048225462
2019-01-16 07:10:00,0.02722177
2019-01-16 07:20:00,0.047231704
2019-01-16 07:30:00,0.031234205
2019-01-16 07:40:00,0.04806146
2019-01-16 07:50:00,0.023404568
2019-01-16 08:00:00,0.045533657
2019-01-16 08:10:00,0.028052866
2019-01-16 08:20:00,0.046947867
2019-01-16 08:30:00,0.017923355
2019-01-16 08:40:00,0.04605192
2019-01-16 08:50:00,0.022818863
2019-01-16 09:00:00,0.046345204
2019-01-16 09:10:00,0.017450035
2019-01-16 09:20:00,0.043194324
2019-01-16 09:30:00,0.02151516
2019-01-16 09:40:00,0.043133944
2019-01-16 09:50:00,0.017484993
2019-01-16 10:00:00,0.044276267
2019-01-16 10:10:00,0.022967577
2019-01-16 10:20:00,0.044166356
2019-01-16 10:30:00,0.01645866
2019-01-16 10:40:00,0.042273313
2019-01-16 10:50:00,0.02113077
2019-01-16 11:00:00,0.04143983
2019-01-16 11:10:00,0.01616165
2019-01-16 11:20:00,0.04112807
2019-01-16 11:30:00,0.020235837
2019-01-16 11:40:00,0.042925507
2019-01-16 11:50:00,0.015636742
2019-01-16 12:00:00,0.03805974
2019-01-16 12:10:00,0.021792471
2019-01-16 12:20:00,0.044258803
2019-01-16 12:30:00,0.020410955
2019-01-16 12:40:00,0.038131207
2019-01-16 12:50:00,0.023532152
2019-01-16 13:00:00,0.03972116
2019-01-16 13:10:00,0.019931167
2019-01-16 13:20:00,0.040181488
2019-01-16 13:30:00,0.024162114
2019-01-16 13:40:00,0.036729664
2019-01-16 13:50:00,0.019813567
2019-01-16 14:00:00,0.0334481
2019-01-16 14:10:00,0.025473803
2019-01-16 14:20:00,0.03752461
2019-01-16 14:30:00,0.019655079
2019-01-16 14:40:00,0.034769177
2019-01-16 14:50:00,0.025357306
2019-01-16 15:00:00,0.035722345
2019-01-16 15:10:00,0.019740492
2019-01-16 15:20:00,0.036264688
2019-01-16 15:30:00,0.026121885
2019-01-16 15:40:00,0.03856054
2019-01-16 15:50:00,0.020553976
2019-01-16 16:00:00,0.03863284
2019-01-16 16:10:00,0.028873652
2019-01-16 16:20:00,0.04202485
2019-01-16 16:30:00,0.023721844
2019-01-16 16:40:00,0.04023063
2019-01-16 16:50:00,0.027232528
2019-01-16 17:00:00,0.040682614
2019-01-16 17:10:00,0.021567076
2019-01-16 17:20:00,0.040228397
2019-01-16 17:30:00,0.027532548
2019-01-16 17:40:00,0.03781596
2019-01-16 17:50:00,0.019573987
2019-01-16 18:00:00,0.028916389
2019-01-16 18:10:00,0.024251431
2019-01-16 18:20:00,0.02915588
2019-01-16 18:30:00,0.017811835
2019-01-16 18:40:00,0.02621466
2019-01-16 18:50:00,0.021605104
2019-01-16 19:00:00,0.02655977
2019-01-16 19:10:00,0.015487999
2019-01-16 19:20:00,0.022226214
2019-01-16 19:30:00,0.019299746
2019-01-16 19:40:00,0.020309895
2019-01-16 19:50:00,0.012973636
2019-01-16 20:00:00,0.017625064
2019-01-16 20:10:00,0.015514851
2019-01-16 20:20:00,0.016281307
2019-01-16 20:30:00,0.011847794
2019-01-16 20:40:00,0.017025828
2019-01-16 20:50:00,0.016384512
2019-01-16 21:00:00,0.015970409
2019-01-16 21:10:00,0.012499422
2019-01-16 21:20:00,0.015210211
2019-01-16 21:30:00,0.016052067
2019-01-16 21:40:00,0.014552325
2019-01-16 21:50:00,0.011963218
2019-01-16 22:00:00,0.013594419
2019-01-16 22:10:00,0.014840007
2019-01-16 22:20:00,0.012217879
2019-01-16 22:30:00,0.009694487
2019-01-16 22:40:00,0.0118071735
2019-01-16 22:50:00,0.013572335
2019-01-16 23:00:00,0.011196077
2019-01-16 23:10:00,0.010428458
2019-01-16 23:20:00,0.011471748
2019-01-16 23:30:00,0.012806058
2019-01-16 23:40:00,0.01076594
2019-01-16 23:50:00,0.009963691
2019-01-17 00:00:00,0.010066032
2019-01-17 00:10:00,0.012249917
2019-01-17 00:20:00,0.009819329
2019-01-17 00:30:00,0.009505391
2019-01-17 00:40:00,0.00988543
2019-01-17 00:50:00,0.012059957
2019-01-17 01:00:00,0.009094834
2019-01-17 01:10:00,0.009513378
2019-01-17 01:20:00,0.008348614
2019-01-17 01:30:00,0.011732489
2019-01-17 01:40:00,0.008217335
2019-01-17 01:50:00,0.009460717
2019-01-17 02:00:00,0.008107781
2019-01-17 02:10:00,0.011202484
2019-01-17 02:20:00,0.0074786246
2019-01-17 02:30:00,0.008985668
2019-01-17 02:40:00,0.0075615346
2019-01-17 02:50:00,0.011006564
2019-01-17 03:00:00,0.0074757338
2019-01-17 03:10:00,0.008649468
2019-01-17 03:20:00,0.0073456764
2019-01-17 03:30:00,0.010293931
2019-01-17 03:40:00,0.0072321594
2019-01-17 03:50:00,0.009383708
2019-01-17 04:00:00,0.0069359243
2019-01-17 04:10:00,0.011731088
2019-01-17 04:20:00,0.006537795
2019-01-17 04:30:00,0.009169728
2019-01-17 04:40:00,0.0065885186
2019-01-17 04:50:00,0.010478467
2019-01-17 05:00:00,0.00632903
2019-01-17 05:10:00,0.008700758
2019-01-17 05:20:00,0.006431818
2019-01-17 05:30:00,0.009881705
2019-01-17 05:40:00,0.0059637427
2019-01-17 05:50:00,0.008107692
2019-01-17 06:00:00,0.0061787963
2019-01-17 06:10:00,0.00955224
2019-01-17 06:20:00,0.005702466
2019-01-17 06:30:00,0.008181274
2019-01-17 06:40:00,0.0060094893
2019-01-17 06:50:00,0.009105235
2019-01-17 07:00:00,0.005466819
2019-01-17 07:10:00,0.007418245
2019-01-17 07:20:00,0.0054376423
2019-01-17 07:30:00,0.008756131
2019-01-17 07:40:00,0.005069226
2019-01-17 07:50:00,0.007445872
2019-01-17 08:00:00,0.0054954886
2019-01-17 08:10:00,0.008782893
2019-01-17 08:20:00,0.0050964653
2019-01-17 08:30:00,0.007861018
2019-01-17 08:40:00,0.005641848
2019-01-17 08:50:00,0.0093541145
2019-01-17 09:00:00,0.0050342083
2019-01-17 09:10:00,0.007727146
2019-01-17 09:20:00,0.004842639
2019-01-17 09:30:00,0.009193897
2019-01-17 09:40:00,0.004050404
2019-01-17 09:50:00,0.0070483685
2019-01-17 10:00:00,0.00452587
2019-01-17 10:10:00,0.008060008
2019-01-17 10:20:00,0.004063964
2019-01-17 10:30:00,0.006436348
2019-01-17 10:40:00,0.004194349
2019-01-17 10:50:00,0.0071901977
2019-01-17 11:00:00,0.0038669407
2019-01-17 11:10:00,0.006293416
2019-01-17 11:20:00,0.0038440526
2019-01-17 11:30:00,0.0072812736
2019-01-17 11:40:00,0.0036426485
2019-01-17 11:50:00,0.0066176653
2019-01-17 12:00:00,0.0040052235
2019-01-17 12:10:00,0.008687466
2019-01-17 12:20:00,0.0041103363
2019-01-17 12:30:00,0.0077299476
2019-01-17 12:40:00,0.0045755208
2019-01-17 12:50:00,0.009223759
2019-01-17 13:00:00,0.0041318536
2019-01-17 13:10:00,0.008025587
2019-01-17 13:20:00,0.0045702457
2019-01-17 13:30:00,0.009230882
2019-01-17 13:40:00,0.004150778
2019-01-17 13:50:00,0.008250296
2019-01-17 14:00:00,0.004489094
2019-01-17 14:10:00,0.009193748
2019-01-17 14:20:00,0.0042551756
2019-01-17 14:30:00,0.008486778
2019-01-17 14:40:00,0.0048004687
2019-01-17 14:50:00,0.009445965
2019-01-17 15:00:00,0.0042953193
2019-01-17 15:10:00,0.0090065
2019-01-17 15:20:00,0.004624337
2019-01-17 15:30:00,0.009742022
2019-01-17 15:40:00,0.00442639
2019-01-17 15:50:00,0.009049594
2019-01-17 16:00:00,0.0050799847
2019-01-17 16:10:00,0.009311259
2019-01-17 16:20:00,0.0048482716
2019-01-17 16:30:00,0.010508031
2019-01-17 16:40:00,0.006159723
2019-01-17 16:50:00,0.011988878
2019-01-17 17:00:00,0.0056323707
2019-01-17 17:10:00,0.0108581185
2019-01-17 17:20:00,0.0063174963
2019-01-17 17:30:00,0.011441857
2019-01-17 17:40:00,0.00533852
2019-01-17 17:50:00,0.010521442
2019-01-17 18:00:00,0.006412387
2019-01-17 18:10:00,0.011945486
2019-01-17 18:20:00,0.0059015453
2019-01-17 18:30:00,0.011687517
2019-01-17 18:40:00,0.007118672
2019-01-17 18:50:00,0.012449443
2019-01-17 19:00:00,0.0063875616
2019-01-17 19:10:00,0.009689838
2019-01-17 19:20:00,0.007279277
2019-01-17 19:30:00,0.011289418
2019-01-17 19:40:00,0.0065686107
2019-01-17 19:50:00,0.009822756
2019-01-17 20:00:00,0.0074576735
2019-01-17 20:10:00,0.0109350085
2019-01-17 20:20:00,0.007046491
2019-01-17 20:30:00,0.01067248
2019-01-17 20:40:00,0.008704692
2019-01-17 20:50:00,0.010655731
2019-01-17 21:00:00,0.007563442
2019-01-17 21:10:00,0.009000719
2019-01-17 21:20:00,0.008687437
2019-01-17 21:30:00,0.009136409
2019-01-17 21:40:00,0.0083990395
2019-01-17 21:50:00,0.008643955
2019-01-17 22:00:00,0.0096003115
2019-01-17 22:10:00,0.01037702
2019-01-17 22:20:00,0.0092407465
2019-01-17 22:30:00,0.0105085075
2019-01-17 22:40:00,0.010861099
2019-01-17 22:50:00,0.01132524
2019-01-17 23:00:00,0.009794414
2019-01-17 23:10:00,0.010771602
2019-01-17 23:20:00,0.010589927
2019-01-17 23:30:00,0.01185745
2019-01-17 23:40:00,0.01008442
2019-01-17 23:50:00,0.011355251
2019-01-18 00:00:00,0.012096316
2019-01-18 00:10:00,0.012336493
2019-01-18 00:20:00,0.011504859
2019-01-18 00:30:00,0.011815995
2019-01-18 00:40:00,0.015111506
2019-01-18 00:50:00,0.013508141
2019-01-18 01:00:00,0.014969885
2019-01-18 01:10:00,0.013277352
2019-01-18 01:20:00,0.018428594
2019-01-18 01:30:00,0.014407933
2019-01-18 01:40:00,0.017474085
2019-01-18 01:50:00,0.01513499
2019-01-18 02:00:00,0.023359
2019-01-18 02:10:00,0.019434988
2019-01-18 02:20:00,0.023890346
2019-01-18 02:30:00,0.020223916
2019-01-18 02:40:00,0.03257954
2019-01-18 02:50:00,0.02363658
2019-01-18 03:00:00,0.028635591
2019-01-18 03:10:00,0.021312326
2019-01-18 03:20:00,0.032388836
2019-01-18 03:30:00,0.02254501
2019-01-18 03:40:00,0.0320611
2019-01-18 03:50:00,0.02335447
2019-01-18 04:00:00,0.0381971
2019-01-18 04:10:00,0.02599585
2019-01-18 04:20:00,0.03727603
2019-01-18 04:30:00,0.025171965
2019-01-18 04:40:00,0.04183528
2019-01-18 04:50:00,0.026332617
2019-01-18 05:00:00,0.03819689
2019-01-18 05:10:00,0.024868548
2019-01-18 05:20:00,0.040118933
2019-01-18 05:30:00,0.02799946
2019-01-18 05:40:00,0.039820045
2019-01-18 05:50:00,0.028570145
2019-01-18 06:00:00,0.045354128
2019-01-18 06:10:00,0.029648632
2019-01-18 06:20:00,0.04310721
2019-01-18 06:30:00,0.028437406
2019-01-18 06:40:00,0.04621023
2019-01-18 06:50:00,0.029129356
2019-01-18 07:00:00,0.044356823
2019-01-18 07:10:00,0.02706486
2019-01-18 07:20:00,0.044982463
2019-01-18 07:30:00,0.026946366
2019-01-18 07:40:00,0.04387611
2019-01-18 07:50:00,0.027647167
2019-01-18 08:00:00,0.049788266
2019-01-18 08:10:00,0.0297575
2019-01-18 08:20:00,0.050173312
2019-01-18 08:30:00,0.031136274
2019-01-18 08:40:00,0.053729534
2019-01-18 08:50:00,0.031318426
2019-01-18 09:00:00,0.053105235
2019-01-18 09:10:00,0.029504657
2019-01-18 09:20:00,0.057210773
2019-01-18 09:30:00,0.033212125
2019-01-18 09:40:00,0.055881202
2019-01-18 09:50:00,0.029868156
2019-01-18 10:00:00,0.051618606
2019-01-18 10:10:00,0.029785633
2019-01-18 10:20:00,0.04694894
2019-01-18 10:30:00,0.022700787
2019-01-18 10:40:00,0.03864765
2019-01-18 10:50:00,0.023392439
2019-01-18 11:00:00,0.03186956
2019-01-18 11:10:00,0.020006597
2019-01-18 11:20:00,0.029582888
2019-01-18 11:30:00,0.021311373
2019-01-18 11:40:00,0.026518852
2019-01-18 11:50:00,0.019085824
2019-01-18 12:00:00,0.028675795
2019-01-18 12:10:00,0.020846099
2019-01-18 12:20:00,0.02869317
2019-01-18 12:30:00,0.015606672
2019-01-18 12:40:00,0.027268738
2019-01-18 12:50:00,0.016428292
2019-01-18 13:00:00,0.025960088
2019-01-18 13:10:00,0.0128389
2019-01-18 13:20:00,0.026181877
2019-01-18 13:30:00,0.015393138
2019-01-18 13:40:00,0.025358379
2019-01-18 13:50:00,0.0134854615
2019-01-18 14:00:00,0.025375634
2019-01-18 14:10:00,0.013969064
2019-01-18 14:20:00,0.023985863
2019-01-18 14:30:00,0.011775076
2019-01-18 14:40:00,0.024135917
2019-01-18 14:50:00,0.011924297
2019-01-18 15:00:00,0.023530245
2019-01-18 15:10:00,0.011886179
2019-01-18 15:20:00,0.024500579
2019-01-18 15:30:00,0.013782233
2019-01-18 15:40:00,0.022863656
2019-01-18 15:50:00,0.010642976
2019-01-18 16:00:00,0.02186191
2019-01-18 16:10:00,0.01204282
2019-01-18 16:20:00,0.020462632
2019-01-18 16:30:00,0.009678751
2019-01-18 16:40:00,0.020060569
2019-01-18 16:50:00,0.010325611
2019-01-18 17:00:00,0.01899916
2019-01-18 17:10:00,0.00893566
2019-01-18 17:20:00,0.017546743
2019-01-18 17:30:00,0.008888215
2019-01-18 17:40:00,0.016742796
2019-01-18 17:50:00,0.0069224834
2019-01-18 18:00:00,0.01593554
2019-01-18 18:10:00,0.0065619648
2019-01-18 18:20:00,0.014536947
2019-01-18 18:30:00,0.0046586096
2019-01-18 18:40:00,0.013333321
2019-01-18 18:50:00,0.0050294995
2019-01-18 19:00:00,0.011742294
2019-01-18 19:10:00,0.0040684342
2019-01-18 19:20:00,0.011797845
2019-01-18 19:30:00,0.0049847364
2019-01-18 19:40:00,0.011031836
2019-01-18 19:50:00,0.003901571
2019-01-18 20:00:00,0.01143226
2019-01-18 20:10:00,0.0045408607
2019-01-18 20:20:00,0.010659903
2019-01-18 20:30:00,0.003405869
2019-01-18 20:40:00,0.009848714
2019-01-18 20:50:00,0.0040248334
2019-01-18 21:00:00,0.010109067
2019-01-18 21:10:00,0.0031211376
2019-01-18 21:20:00,0.009731829
2019-01-18 21:30:00,0.0037442446
2019-01-18 21:40:00,0.009461105
2019-01-18 21:50:00,0.0030999482
2019-01-18 22:00:00,0.008958161
2019-01-18 22:10:00,0.0036121607
2019-01-18 22:20:00,0.009238839
2019-01-18 22:30:00,0.0031496286
2019-01-18 22:40:00,0.009282738
2019-01-18 22:50:00,0.0036557913
2019-01-18 23:00:00,0.009271771
2019-01-18 23:10:00,0.0029620528
2019-01-18 23:20:00,0.008891672
2019-01-18 23:30:00,0.0033165216
2019-01-18 23:40:00,0.008557171
2019-01-18 23:50:00,0.0026275218
2019-01-19 00:00:00,0.00822106
2019-01-19 00:10:00,0.0031628609
2019-01-19 00:20:00,0.007871985
2019-01-19 00:30:00,0.002685994
2019-01-19 00:40:00,0.008030772
2019-01-19 00:50:00,0.0032530427
2019-01-19 01:00:00,0.007847279
2019-01-19 01:10:00,0.0019970536
2019-01-19 01:20:00,0.007361084
2019-01-19 01:30:00,0.0028893948
2019-01-19 01:40:00,0.00784716
2019-01-19 01:50:00,0.002515763
2019-01-19 02:00:00,0.007583499
2019-01-19 02:10:00,0.002839148
2019-01-19 02:20:00,0.007771969
2019-01-19 02:30:00,0.0025132298
2019-01-19 02:40:00,0.0077641606
2019-01-19 02:50:00,0.003058046
2019-01-19 03:00:00,0.008202672
2019-01-19 03:10:00,0.0028308928
2019-01-19 03:20:00,0.008785725
2019-01-19 03:30:00,0.0035188496
2019-01-19 03:40:00,0.008746594
2019-01-19 03:50:00,0.0030919313
2019-01-19 04:00:00,0.008182436
2019-01-19 04:10:00,0.0037189722
2019-01-19 04:20:00,0.0077567995
2019-01-19 04:30:00,0.0032227337
2019-01-19 04:40:00,0.0077599883
2019-01-19 04:50:00,0.0041157007
2019-01-19 05:00:00,0.008058399
2019-01-19 05:10:00,0.0031069815
2019-01-19 05:20:00,0.007875383
2019-01-19 05:30:00,0.00443694
2019-01-19 05:40:00,0.008287966
2019-01-19 05:50:00,0.0034720898
2019-01-19 06:00:00,0.008303374
2019-01-19 06:10:00,0.004163265
2019-01-19 06:20:00,0.008450419
2019-01-19 06:30:00,0.0036479533
2019-01-19 06:40:00,0.008170217
2019-01-19 06:50:00,0.004513651
2019-01-19 07:00:00,0.008422822
2019-01-19 07:10:00,0.0037955344
2019-01-19 07:20:00,0.008214116
2019-01-19 07:30:00,0.004174441
2019-01-19 07:40:00,0.00847289
2019-01-19 07:50:00,0.0036323369
2019-01-19 08:00:00,0.008144319
2019-01-19 08:10:00,0.0044241548
2019-01-19 08:20:00,0.00858742
2019-01-19 08:30:00,0.003759265
2019-01-19 08:40:00,0.008230299
2019-01-19 08:50:00,0.004566103
2019-01-19 09:00:00,0.008681774
2019-01-19 09:10:00,0.0039480925
2019-01-19 09:20:00,0.008729726
2019-01-19 09:30:00,0.0046256483
2019-01-19 09:40:00,0.009267569
2019-01-19 09:50:00,0.004397869
2019-01-19 10:00:00,0.009757578
2019-01-19 10:10:00,0.005209863
2019-01-19 10:20:00,0.010240674
2019-01-19 10:30:00,0.004967153
2019-01-19 10:40:00,0.010492384
2019-01-19 10:50:00,0.005481899
2019-01-19 11:00:00,0.010922343
2019-01-19 11:10:00,0.00536108
2019-01-19 11:20:00,0.011476666
2019-01-19 11:30:00,0.0063353777
2019-01-19 11:40:00,0.012140989
2019-01-19 11:50:00,0.00593549
2019-01-19 12:00:00,0.012695998
2019-01-19 12:10:00,0.0068421066
2019-01-19 12:20:00,0.012433618
2019-01-19 12:30:00,0.0067093372
2019-01-19 12:40:00,0.012812912
2019-01-19 12:50:00,0.00760141
2019-01-19 13:00:00,0.013453841
2019-01-19 13:10:00,0.0075127482
2019-01-19 13:20:00,0.0137806535
2019-01-19 13:30:00,0.008035958
2019-01-19 13:40:00,0.014172763
2019-01-19 13:50:00,0.008078694
2019-01-19 14:00:00,0.015144646
2019-01-19 14:10:00,0.00929305
2019-01-19 14:20:00,0.016020864
2019-01-19 14:30:00,0.009538293
2019-01-19 14:40:00,0.016901582
2019-01-19 14:50:00,0.010709107
2019-01-19 15:00:00,0.01758942
2019-01-19 15:10:00,0.01126492
2019-01-19 15:20:00,0.019282639
2019-01-19 15:30:00,0.011619866
2019-01-19 15:40:00,0.017942697
2019-01-19 15:50:00,0.011606604
2019-01-19 16:00:00,0.017629355
2019-01-19 16:10:00,0.011760801
2019-01-19 16:20:00,0.017032325
2019-01-19 16:30:00,0.012640387
2019-01-19 16:40:00,0.018069148
2019-01-19 16:50:00,0.013207644
2019-01-19 17:00:00,0.019303203
2019-01-19 17:10:00,0.015082657
2019-01-19 17:20:00,0.022561073
2019-01-19 17:30:00,0.01659137
2019-01-19 17:40:00,0.024933219
2019-01-19 17:50:00,0.01731193
2019-01-19 18:00:00,0.034895062
2019-01-19 18:10:00,0.025156528
2019-01-19 18:20:00,0.038289696
2019-01-19 18:30:00,0.027247906
2019-01-19 18:40:00,0.037543327
2019-01-19 18:50:00,0.027822644
2019-01-19 19:00:00,0.036743075
2019-01-19 19:10:00,0.031529546
2019-01-19 19:20:00,0.037382424
2019-01-19 19:30:00,0.02889055
2019-01-19 19:40:00,0.037370473
2019-01-19 19:50:00,0.033165097
2019-01-19 20:00:00,0.038074642
2019-01-19 20:10:00,0.031416208
2019-01-19 20:20:00,0.03888309
2019-01-19 20:30:00,0.0378097
2019-01-19 20:40:00,0.040657163
2019-01-19 20:50:00,0.034843475
2019-01-19 21:00:00,0.038997024
2019-01-19 21:10:00,0.039439946
2019-01-19 21:20:00,0.0409967
2019-01-19 21:30:00,0.0378823
2019-01-19 21:40:00,0.042112887
2019-01-19 21:50:00,0.04358214
2019-01-19 22:00:00,0.042086095
2019-01-19 22:10:00,0.04367563
2019-01-19 22:20:00,0.041727364
2019-01-19 22:30:00,0.046452373
2019-01-19 22:40:00,0.041996807
2019-01-19 22:50:00,0.04249403
2019-01-19 23:00:00,0.0432615
2019-01-19 23:10:00,0.047823668
2019-01-19 23:20:00,0.044588864
2019-01-19 23:30:00,0.044433028
2019-01-19 23:40:00,0.04172501
2019-01-19 23:50:00,0.048065424
2019-01-20 00:00:00,0.043717742
2019-01-20 00:10:00,0.04882136
2019-01-20 00:20:00,0.04721096
2019-01-20 00:30:00,0.054747343
2019-01-20 00:40:00,0.04765448
2019-01-20 00:50:00,0.053949565
2019-01-20 01:00:00,0.049574852
2019-01-20 01:10:00,0.056672096
2019-01-20 01:20:00,0.044754416
2019-01-20 01:30:00,0.04759583
2019-01-20 01:40:00,0.040954918
2019-01-20 01:50:00,0.04654181
2019-01-20 02:00:00,0.039387792
2019-01-20 02:10:00,0.04084459
2019-01-20 02:20:00,0.04189816
2019-01-20 02:30:00,0.04827842
2019-01-20 02:40:00,0.04040584
2019-01-20 02:50:00,0.039490283
2019-01-20 03:00:00,0.03493762
2019-01-20 03:10:00,0.04375425
2019-01-20 03:20:00,0.031161249
2019-01-20 03:30:00,0.03565082
2019-01-20 03:40:00,0.02758807
2019-01-20 03:50:00,0.033558786
2019-01-20 04:00:00,0.025928676
2019-01-20 04:10:00,0.025869668
2019-01-20 04:20:00,0.02440527
2019-01-20 04:30:00,0.026936442
2019-01-20 04:40:00,0.025759935
2019-01-20 04:50:00,0.023311526
2019-01-20 05:00:00,0.0260503
2019-01-20 05:10:00,0.028747886
2019-01-20 05:20:00,0.026461363
2019-01-20 05:30:00,0.024093062
2019-01-20 05:40:00,0.02657193
2019-01-20 05:50:00,0.027590245
2019-01-20 06:00:00,0.026022464
2019-01-20 06:10:00,0.022673607
2019-01-20 06:20:00,0.025121808
2019-01-20 06:30:00,0.026429445
2019-01-20 06:40:00,0.024074793
2019-01-20 06:50:00,0.021655738
2019-01-20 07:00:00,0.021848291
2019-01-20 07:10:00,0.022925526
2019-01-20 07:20:00,0.021099001
2019-01-20 07:30:00,0.017795682
2019-01-20 07:40:00,0.02008447
2019-01-20 07:50:00,0.019278616
2019-01-20 08:00:00,0.019601673
2019-01-20 08:10:00,0.015560657
2019-01-20 08:20:00,0.018443346
2019-01-20 08:30:00,0.018231302
2019-01-20 08:40:00,0.020006329
2019-01-20 08:50:00,0.014193058
2019-01-20 09:00:00,0.018838882
2019-01-20 09:10:00,0.015009642
2019-01-20 09:20:00,0.017338097
2019-01-20 09:30:00,0.011204034
2019-01-20 09:40:00,0.016984373
2019-01-20 09:50:00,0.012949109
2019-01-20 10:00:00,0.016727269
2019-01-20 10:10:00,0.010286868
2019-01-20 10:20:00,0.016118795
2019-01-20 10:30:00,0.012463123
2019-01-20 10:40:00,0.015376568
2019-01-20 10:50:00,0.009520531
2019-01-20 11:00:00,0.014921218
2019-01-20 11:10:00,0.011527061
2019-01-20 11:20:00,0.013889551
2019-01-20 11:30:00,0.008871883
2019-01-20 11:40:00,0.013379186
2019-01-20 11:50:00,0.010132402
2019-01-20 12:00:00,0.0129363835
2019-01-20 12:10:00,0.0081523955
2019-01-20 12:20:00,0.013100356
2019-01-20 12:30:00,0.00962159
2019-01-20 12:40:00,0.012775749
2019-01-20 12:50:00,0.0077338815
2019-01-20 13:00:00,0.013219237
2019-01-20 13:10:00,0.009627312
2019-01-20 13:20:00,0.012949586
2019-01-20 13:30:00,0.007697046
2019-01-20 13:40:00,0.012221366
2019-01-20 13:50:00,0.0083009
2019-01-20 14:00:00,0.011190265
2019-01-20 14:10:00,0.0067461133
2019-01-20 14:20:00,0.011556417
2019-01-20 14:30:00,0.008117408
2019-01-20 14:40:00,0.011284143
2019-01-20 14:50:00,0.0067102015
2019-01-20 15:00:00,0.011257768
2019-01-20 15:10:00,0.007946849
2019-01-20 15:20:00,0.010672748
2019-01-20 15:30:00,0.006279677
2019-01-20 15:40:00,0.010832727
2019-01-20 15:50:00,0.0073830187
2019-01-20 16:00:00,0.010651797
2019-01-20 16:10:00,0.0064925253
2019-01-20 16:20:00,0.010645211
2019-01-20 16:30:00,0.0073179603
2019-01-20 16:40:00,0.010224074
2019-01-20 16:50:00,0.005748838
2019-01-20 17:00:00,0.01002875
2019-01-20 17:10:00,0.0062654614
2019-01-20 17:20:00,0.00950706
2019-01-20 17:30:00,0.0051053762
2019-01-20 17:40:00,0.009391248
2019-01-20 17:50:00,0.00579381
2019-01-20 18:00:00,0.008696675
2019-01-20 18:10:00,0.0047137737
2019-01-20 18:20:00,0.0084120035
2019-01-20 18:30:00,0.0055220723
2019-01-20 18:40:00,0.0077746212
2019-01-20 18:50:00,0.0046661794
2019-01-20 19:00:00,0.008031487
2019-01-20 19:10:00,0.0053430498
2019-01-20 19:20:00,0.007479489
2019-01-20 19:30:00,0.004196167
2019-01-20 19:40:00,0.0075919926
2019-01-20 19:50:00,0.0048831403
2019-01-20 20:00:00,0.0070563853
2019-01-20 20:10:00,0.0041547716
2019-01-20 20:20:00,0.0071453154
2019-01-20 20:30:00,0.004913509
2019-01-20 20:40:00,0.007048905
2019-01-20 20:50:00,0.0039501786
2019-01-20 21:00:00,0.0071798265
2019-01-20 21:10:00,0.0044370294
2019-01-20 21:20:00,0.0070168674
2019-01-20 21:30:00,0.003840357
2019-01-20 21:40:00,0.007464379
2019-01-20 21:50:00,0.004971683
2019-01-20 22:00:00,0.00782913
2019-01-20 22:10:00,0.0043705106
2019-01-20 22:20:00,0.008116841
2019-01-20 22:30:00,0.005738765
2019-01-20 22:40:00,0.007874787
2019-01-20 22:50:00,0.00467965
2019-01-20 23:00:00,0.008281022
2019-01-20 23:10:00,0.0059539974
2019-01-20 23:20:00,0.008141547
2019-01-20 23:30:00,0.0045612156
2019-01-20 23:40:00,0.008408517
2019-01-20 23:50:00,0.0057677627
2019-01-21 00:00:00,0.0084472
2019-01-21 00:10:00,0.0048443973
2019-01-21 00:20:00,0.00854969
2019-01-21 00:30:00,0.0062653124
2019-01-21 00:40:00,0.008946598
2019-01-21 00:50:00,0.0053036213
2019-01-21 01:00:00,0.00860554
2019-01-21 01:10:00,0.006593734
2019-01-21 01:20:00,0.008550584
2019-01-21 01:30:00,0.0055004656
2019-01-21 01:40:00,0.008790642
2019-01-21 01:50:00,0.006500542
2019-01-21 02:00:00,0.009252936
2019-01-21 02:10:00,0.005871713
2019-01-21 02:20:00,0.009083927
2019-01-21 02:30:00,0.0070322454
2019-01-21 02:40:00,0.00917986
2019-01-21 02:50:00,0.0063101053
2019-01-21 03:00:00,0.009296894
2019-01-21 03:10:00,0.0073924065
2019-01-21 03:20:00,0.009449273
2019-01-21 03:30:00,0.0061429143
2019-01-21 03:40:00,0.009517461
2019-01-21 03:50:00,0.00762558
2019-01-21 04:00:00,0.009735405
2019-01-21 04:10:00,0.006742388
2019-01-21 04:20:00,0.009503722
2019-01-21 04:30:00,0.007923871
2019-01-21 04:40:00,0.009336621
2019-01-21 04:50:00,0.0072200894
2019-01-21 05:00:00,0.009339571
2019-01-21 05:10:00,0.00844413
2019-01-21 05:20:00,0.00956136
2019-01-21 05:30:00,0.0075463355
2019-01-21 05:40:00,0.009769201
2019-01-21 05:50:00,0.008720458
2019-01-21 06:00:00,0.009448916
2019-01-21 06:10:00,0.007938772
2019-01-21 06:20:00,0.010104448
2019-01-21 06:30:00,0.008765459
2019-01-21 06:40:00,0.009498775
2019-01-21 06:50:00,0.008483648
2019-01-21 07:00:00,0.0110426545
2019-01-21 07:10:00,0.010076821
2019-01-21 07:20:00,0.01110056
2019-01-21 07:30:00,0.009065837
2019-01-21 07:40:00,0.011230558
2019-01-21 07:50:00,0.01069814
2019-01-21 08:00:00,0.0122799575
2019-01-21 08:10:00,0.010769248
2019-01-21 08:20:00,0.013469398
2019-01-21 08:30:00,0.012117147
2019-01-21 08:40:00,0.013360411
2019-01-21 08:50:00,0.011552364
2019-01-21 09:00:00,0.014270633
2019-01-21 09:10:00,0.011388153
2019-01-21 09:20:00,0.014097095
2019-01-21 09:30:00,0.0114765465
2019-01-21 09:40:00,0.015651166
2019-01-21 09:50:00,0.012448221
2019-01-21 10:00:00,0.016319305
2019-01-21 10:10:00,0.012688786
2019-01-21 10:20:00,0.01844713
2019-01-21 10:30:00,0.014445305
2019-01-21 10:40:00,0.01913613
2019-01-21 10:50:00,0.016989648
2019-01-21 11:00:00,0.022738636
2019-01-21 11:10:00,0.018274516
2019-01-21 11:20:00,0.020839691
2019-01-21 11:30:00,0.01618424
2019-01-21 11:40:00,0.02037239
2019-01-21 11:50:00,0.015967727
2019-01-21 12:00:00,0.019069672
2019-01-21 12:10:00,0.015170902
2019-01-21 12:20:00,0.01878342
2019-01-21 12:30:00,0.015309811
2019-01-21 12:40:00,0.018187016
2019-01-21 12:50:00,0.015194267
2019-01-21 13:00:00,0.018637806
2019-01-21 13:10:00,0.01517266
2019-01-21 13:20:00,0.017634004
2019-01-21 13:30:00,0.015261143
2019-01-21 13:40:00,0.018584698
2019-01-21 13:50:00,0.014262915
2019-01-21 14:00:00,0.016499758
2019-01-21 14:10:00,0.013594776
2019-01-21 14:20:00,0.01630336
2019-01-21 14:30:00,0.012607127
2019-01-21 14:40:00,0.014688492
2019-01-21 14:50:00,0.012349993
2019-01-21 15:00:00,0.015098333
2019-01-21 15:10:00,0.011428267
2019-01-21 15:20:00,0.01341483
2019-01-21 15:30:00,0.012040287
2019-01-21 15:40:00,0.012534976
2019-01-21 15:50:00,0.011245638
2019-01-21 16:00:00,0.012325853
2019-01-21 16:10:00,0.0118970275
2019-01-21 16:20:00,0.01223138
2019-01-21 16:30:00,0.010898471
2019-01-21 16:40:00,0.011092961
2019-01-21 16:50:00,0.011040449
2019-01-21 17:00:00,0.011202425
2019-01-21 17:10:00,0.010080397
2019-01-21 17:20:00,0.010547519
2019-01-21 17:30:00,0.010320008
2019-01-21 17:40:00,0.010640949
2019-01-21 17:50:00,0.009260356
2019-01-21 18:00:00,0.010308266
2019-01-21 18:10:00,0.010180026
2019-01-21 18:20:00,0.010526717
2019-01-21 18:30:00,0.009776443
2019-01-21 18:40:00,0.010304987
2019-01-21 18:50:00,0.009658605
2019-01-21 19:00:00,0.010169059
2019-01-21 19:10:00,0.009699851
2019-01-21 19:20:00,0.010001749
2019-01-21 19:30:00,0.009441704
2019-01-21 19:40:00,0.0100618005
2019-01-21 19:50:00,0.00884074
2019-01-21 20:00:00,0.00952661
2019-01-21 20:10:00,0.009531319
2019-01-21 20:20:00,0.0108727515
2019-01-21 20:30:00,0.009978682
2019-01-21 20:40:00,0.01038143
2019-01-21 20:50:00,0.010258943
2019-01-21 21:00:00,0.011438698
2019-01-21 21:10:00,0.010541379
2019-01-21 21:20:00,0.011162102
2019-01-21 21:30:00,0.0106521845
2019-01-21 21:40:00,0.011921346
2019-01-21 21:50:00,0.010796368
2019-01-21 22:00:00,0.01145044
2019-01-21 22:10:00,0.011710376
2019-01-21 22:20:00,0.01282385
2019-01-21 22:30:00,0.011784464
2019-01-21 22:40:00,0.011994243
2019-01-21 22:50:00,0.01195702
2019-01-21 23:00:00,0.012227625
2019-01-21 23:10:00,0.012177229
2019-01-21 23:20:00,0.011660755
2019-01-21 23:30:00,0.012030572
2019-01-21 23:40:00,0.012469411
2019-01-21 23:50:00,0.012972444
2019-01-22 00:00:00,0.012195259
2019-01-22 00:10:00,0.0132312775
2019-01-22 00:20:00,0.01300469
2019-01-22 00:30:00,0.014299005
2019-01-22 00:40:00,0.013424277
2019-01-22 00:50:00,0.014753789
2019-01-22 01:00:00,0.014368564
2019-01-22 01:10:00,0.015547574
2019-01-22 01:20:00,0.014637858
2019-01-22 01:30:00,0.016711205
2019-01-22 01:40:00,0.014942586
2019-01-22 01:50:00,0.017146885
2019-01-22 02:00:00,0.014682859
2019-01-22 02:10:00,0.017587453
2019-01-22 02:20:00,0.01404801
2019-01-22 02:30:00,0.017965555
2019-01-22 02:40:00,0.015342325
2019-01-22 02:50:00,0.018930674
2019-01-22 03:00:00,0.015386403
2019-01-22 03:10:00,0.020497322
2019-01-22 03:20:00,0.015689462
2019-01-22 03:30:00,0.022216588
2019-01-22 03:40:00,0.017049283
2019-01-22 03:50:00,0.023128211
2019-01-22 04:00:00,0.01623553
2019-01-22 04:10:00,0.022606164
2019-01-22 04:20:00,0.017989516
2019-01-22 04:30:00,0.02354014
2019-01-22 04:40:00,0.018023014
2019-01-22 04:50:00,0.023447871
2019-01-22 05:00:00,0.018949121
2019-01-22 05:10:00,0.024336278
2019-01-22 05:20:00,0.01764822
2019-01-22 05:30:00,0.023888975
2019-01-22 05:40:00,0.017445266
2019-01-22 05:50:00,0.023444057
2019-01-22 06:00:00,0.016946495
2019-01-22 06:10:00,0.024140775
2019-01-22 06:20:00,0.018404663
2019-01-22 06:30:00,0.024926364
2019-01-22 06:40:00,0.01898104
2019-01-22 06:50:00,0.024633378
2019-01-22 07:00:00,0.01924488
2019-01-22 07:10:00,0.025361717
2019-01-22 07:20:00,0.01969999
2019-01-22 07:30:00,0.026298493
2019-01-22 07:40:00,0.0193699
2019-01-22 07:50:00,0.027478307
2019-01-22 08:00:00,0.019448102
2019-01-22 08:10:00,0.028288841
2019-01-22 08:20:00,0.01920718
2019-01-22 08:30:00,0.02931562
2019-01-22 08:40:00,0.019677162
2019-01-22 08:50:00,0.028089136
2019-01-22 09:00:00,0.018360406
2019-01-22 09:10:00,0.02964449
2019-01-22 09:20:00,0.018009722
2019-01-22 09:30:00,0.025656104
2019-01-22 09:40:00,0.016894698
2019-01-22 09:50:00,0.02629435
2019-01-22 10:00:00,0.016667366
2019-01-22 10:10:00,0.024720788
2019-01-22 10:20:00,0.01572007
2019-01-22 10:30:00,0.026081711
2019-01-22 10:40:00,0.01673323
2019-01-22 10:50:00,0.024774194
2019-01-22 11:00:00,0.016471148
2019-01-22 11:10:00,0.026079804
2019-01-22 11:20:00,0.016512573
2019-01-22 11:30:00,0.025449932
2019-01-22 11:40:00,0.017339408
2019-01-22 11:50:00,0.028974116
2019-01-22 12:00:00,0.018562794
2019-01-22 12:10:00,0.027742952
2019-01-22 12:20:00,0.01869294
2019-01-22 12:30:00,0.03175059
2019-01-22 12:40:00,0.019365132
2019-01-22 12:50:00,0.029255986
2019-01-22 13:00:00,0.0201433
2019-01-22 13:10:00,0.03385696
2019-01-22 13:20:00,0.02060306
2019-01-22 13:30:00,0.031230211
2019-01-22 13:40:00,0.020474851
2019-01-22 13:50:00,0.03517887
2019-01-22 14:00:00,0.021708012
2019-01-22 14:10:00,0.03389311
2019-01-22 14:20:00,0.021457285
2019-01-22 14:30:00,0.037139684
2019-01-22 14:40:00,0.023601502
2019-01-22 14:50:00,0.03610921
2019-01-22 15:00:00,0.022448748
2019-01-22 15:10:00,0.039607197
2019-01-22 15:20:00,0.020717323
2019-01-22 15:30:00,0.03547138
2019-01-22 15:40:00,0.018210083
2019-01-22 15:50:00,0.041488945
2019-01-22 16:00:00,0.018217355
2019-01-22 16:10:00,0.043186456
2019-01-22 16:20:00,0.022200435
2019-01-22 16:30:00,0.052245915
2019-01-22 16:40:00,0.021603286
2019-01-22 16:50:00,0.041147888
2019-01-22 17:00:00,0.02252537
2019-01-22 17:10:00,0.046012342
2019-01-22 17:20:00,0.021956116
2019-01-22 17:30:00,0.03707856
2019-01-22 17:40:00,0.02312857
2019-01-22 17:50:00,0.044220984
2019-01-22 18:00:00,0.023487478
2019-01-22 18:10:00,0.042524368
2019-01-22 18:20:00,0.026069999
2019-01-22 18:30:00,0.051722884
2019-01-22 18:40:00,0.026365101
2019-01-22 18:50:00,0.04622999
2019-01-22 19:00:00,0.029069692
2019-01-22 19:10:00,0.053135246
2019-01-22 19:20:00,0.025134683
2019-01-22 19:30:00,0.044075906
2019-01-22 19:40:00,0.028239936
2019-01-22 19:50:00,0.053533196
2019-01-22 20:00:00,0.025777161
2019-01-22 20:10:00,0.045000285
2019-01-22 20:20:00,0.02843073
2019-01-22 20:30:00,0.057729095
2019-01-22 20:40:00,0.028135985
2019-01-22 20:50:00,0.05062124
2019-01-22 21:00:00,0.028995901
2019-01-22 21:10:00,0.054604053
2019-01-22 21:20:00,0.026330888
2019-01-22 21:30:00,0.047837913
2019-01-22 21:40:00,0.02843684
2019-01-22 21:50:00,0.052153647
2019-01-22 22:00:00,0.026063114
2019-01-22 22:10:00,0.047126085
2019-01-22 22:20:00,0.029665947
2019-01-22 22:30:00,0.055339843
2019-01-22 22:40:00,0.027378917
2019-01-22 22:50:00,0.047923535
2019-01-22 23:00:00,0.02988109
2019-01-22 23:10:00,0.055912226
2019-01-22 23:20:00,0.028704584
2019-01-22 23:30:00,0.050196707
2019-01-22 23:40:00,0.030503899
2019-01-22 23:50:00,0.062087685
2019-01-23 00:00:00,0.031736106
2019-01-23 00:10:00,0.0555031
2019-01-23 00:20:00,0.035194814
2019-01-23 00:30:00,0.06860146
2019-01-23 00:40:00,0.03310737
2019-01-23 00:50:00,0.057106793
2019-01-23 01:00:00,0.03339702
2019-01-23 01:10:00,0.06508443
2019-01-23 01:20:00,0.030232519
2019-01-23 01:30:00,0.05686575
2019-01-23 01:40:00,0.034536928
2019-01-23 01:50:00,0.06930879
2019-01-23 02:00:00,0.03284785
2019-01-23 02:10:00,0.05967635
2019-01-23 02:20:00,0.03662905
2019-01-23 02:30:00,0.06987813
2019-01-23 02:40:00,0.03493017
2019-01-23 02:50:00,0.055492908
2019-01-23 03:00:00,0.034293205
2019-01-23 03:10:00,0.06083718
2019-01-23 03:20:00,0.030018955
2019-01-23 03:30:00,0.048383206
2019-01-23 03:40:00,0.030262977
2019-01-23 03:50:00,0.05582276
2019-01-23 04:00:00,0.028896958
2019-01-23 04:10:00,0.051771075
2019-01-23 04:20:00,0.028685093
2019-01-23 04:30:00,0.05785638
2019-01-23 04:40:00,0.026192904
2019-01-23 04:50:00,0.05172202
2019-01-23 05:00:00,0.025193095
2019-01-23 05:10:00,0.05879891
2019-01-23 05:20:00,0.022583723
2019-01-23 05:30:00,0.046884924
2019-01-23 05:40:00,0.024232239
2019-01-23 05:50:00,0.053156972
2019-01-23 06:00:00,0.023462653
2019-01-23 06:10:00,0.04645461
2019-01-23 06:20:00,0.024861932
2019-01-23 06:30:00,0.050175756
2019-01-23 06:40:00,0.024652243
2019-01-23 06:50:00,0.04570532
2019-01-23 07:00:00,0.025606543
2019-01-23 07:10:00,0.04713145
2019-01-23 07:20:00,0.025738418
2019-01-23 07:30:00,0.045889527
2019-01-23 07:40:00,0.02830422
2019-01-23 07:50:00,0.052681237
2019-01-23 08:00:00,0.028187513
2019-01-23 08:10:00,0.04583928
2019-01-23 08:20:00,0.029679507
2019-01-23 08:30:00,0.053411156
2019-01-23 08:40:00,0.031210184
2019-01-23 08:50:00,0.052609116
2019-01-23 09:00:00,0.030714482
2019-01-23 09:10:00,0.050249577
2019-01-23 09:20:00,0.03127286
2019-01-23 09:30:00,0.050716728
2019-01-23 09:40:00,0.03456211
2019-01-23 09:50:00,0.057934344
2019-01-23 10:00:00,0.036964685
2019-01-23 10:10:00,0.05753252
2019-01-23 10:20:00,0.03532681
2019-01-23 10:30:00,0.060978085
2019-01-23 10:40:00,0.03252843
2019-01-23 10:50:00,0.052797288
2019-01-23 11:00:00,0.034294903
2019-01-23 11:10:00,0.056892842
2019-01-23 11:20:00,0.032965034
2019-01-23 11:30:00,0.05405003
2019-01-23 11:40:00,0.03518814
2019-01-23 11:50:00,0.059090763
2019-01-23 12:00:00,0.036453903
2019-01-23 12:10:00,0.058873236
2019-01-23 12:20:00,0.039078087
2019-01-23 12:30:00,0.058705688
2019-01-23 12:40:00,0.036336422
2019-01-23 12:50:00,0.054770947
2019-01-23 13:00:00,0.03567481
2019-01-23 13:10:00,0.05421844
2019-01-23 13:20:00,0.03457132
2019-01-23 13:30:00,0.05497408
2019-01-23 13:40:00,0.03610754
2019-01-23 13:50:00,0.05473894
2019-01-23 14:00:00,0.033670843
2019-01-23 14:10:00,0.053966224
2019-01-23 14:20:00,0.03751588
2019-01-23 14:30:00,0.059128344
2019-01-23 14:40:00,0.036827743
2019-01-23 14:50:00,0.05745831
2019-01-23 15:00:00,0.040705025
2019-01-23 15:10:00,0.059428334
2019-01-23 15:20:00,0.03946182
2019-01-23 15:30:00,0.062002063
2019-01-23 15:40:00,0.045214057
2019-01-23 15:50:00,0.06572056
2019-01-23 16:00:00,0.044282794
2019-01-23 16:10:00,0.067901164
2019-01-23 16:20:00,0.04648465
2019-01-23 16:30:00,0.06856984
2019-01-23 16:40:00,0.047249287
2019-01-23 16:50:00,0.07331064
2019-01-23 17:00:00,0.052748322
2019-01-23 17:10:00,0.07433462
2019-01-23 17:20:00,0.047530502
2019-01-23 17:30:00,0.06969738
2019-01-23 17:40:00,0.047617435
2019-01-23 17:50:00,0.07300681
2019-01-23 18:00:00,0.04719916
2019-01-23 18:10:00,0.06464931
2019-01-23 18:20:00,0.043200403
2019-01-23 18:30:00,0.0632458
2019-01-23 18:40:00,0.042636275
2019-01-23 18:50:00,0.05953577
2019-01-23 19:00:00,0.044667453
2019-01-23 19:10:00,0.06013125
2019-01-23 19:20:00,0.0441325
2019-01-23 19:30:00,0.05595866
2019-01-23 19:40:00,0.046050847
2019-01-23 19:50:00,0.060765624
2019-01-23 20:00:00,0.045750856
2019-01-23 20:10:00,0.057525128
2019-01-23 20:20:00,0.04534164
2019-01-23 20:30:00,0.055482328
2019-01-23 20:40:00,0.04562086
2019-01-23 20:50:00,0.046831608
2019-01-23 21:00:00,0.041838735
2019-01-23 21:10:00,0.04746309
2019-01-23 21:20:00,0.039352864
2019-01-23 21:30:00,0.042913914
2019-01-23 21:40:00,0.044094384
2019-01-23 21:50:00,0.045955658
2019-01-23 22:00:00,0.045042276
2019-01-23 22:10:00,0.050213754
2019-01-23 22:20:00,0.048544914
2019-01-23 22:30:00,0.05149448
2019-01-23 22:40:00,0.045864254
2019-01-23 22:50:00,0.046378642
2019-01-23 23:00:00,0.048101455
2019-01-23 23:10:00,0.05076465
2019-01-23 23:20:00,0.05136621
2019-01-23 23:30:00,0.049240053
2019-01-23 23:40:00,0.047112137
2019-01-23 23:50:00,0.04784012
2019-01-24 00:00:00,0.047938526
2019-01-24 00:10:00,0.047424376
2019-01-24 00:20:00,0.04395342
2019-01-24 00:30:00,0.04251668
2019-01-24 00:40:00,0.046854824
2019-01-24 00:50:00,0.03905812
2019-01-24 01:00:00,0.04063052
2019-01-24 01:10:00,0.034503102
2019-01-24 01:20:00,0.04042229
2019-01-24 01:30:00,0.032284945
2019-01-24 01:40:00,0.0329054
2019-01-24 01:50:00,0.030730128
2019-01-24 02:00:00,0.034625053
2019-01-24 02:10:00,0.029177219
2019-01-24 02:20:00,0.030049324
2019-01-24 02:30:00,0.028074443
2019-01-24 02:40:00,0.03399518
2019-01-24 02:50:00,0.029331267
2019-01-24 03:00:00,0.03384149
2019-01-24 03:10:00,0.030005932
2019-01-24 03:20:00,0.037234724
2019-01-24 03:30:00,0.028443128
2019-01-24 03:40:00,0.032907456
2019-01-24 03:50:00,0.0301252
2019-01-24 04:00:00,0.0377689
2019-01-24 04:10:00,0.028110683
2019-01-24 04:20:00,0.033448964
2019-01-24 04:30:00,0.028409451
2019-01-24 04:40:00,0.034310937
2019-01-24 04:50:00,0.027287126
2019-01-24 05:00:00,0.034487158
2019-01-24 05:10:00,0.030200541
2019-01-24 05:20:00,0.035050273
2019-01-24 05:30:00,0.026585013
2019-01-24 05:40:00,0.033446223
2019-01-24 05:50:00,0.027314156
2019-01-24 06:00:00,0.03544414
2019-01-24 06:10:00,0.027667314
2019-01-24 06:20:00,0.03360471
2019-01-24 06:30:00,0.026066631
2019-01-24 06:40:00,0.032452106
2019-01-24 06:50:00,0.025969803
2019-01-24 07:00:00,0.02934751
2019-01-24 07:10:00,0.023317099
2019-01-24 07:20:00,0.026703745
2019-01-24 07:30:00,0.021740973
2019-01-24 07:40:00,0.024743289
2019-01-24 07:50:00,0.021226525
2019-01-24 08:00:00,0.026497543
2019-01-24 08:10:00,0.021759748
2019-01-24 08:20:00,0.02483052
2019-01-24 08:30:00,0.020648748
2019-01-24 08:40:00,0.024487019
2019-01-24 08:50:00,0.0179151
2019-01-24 09:00:00,0.02135405
2019-01-24 09:10:00,0.016841054
2019-01-24 09:20:00,0.02015087
2019-01-24 09:30:00,0.016349494
2019-01-24 09:40:00,0.018415421
2019-01-24 09:50:00,0.01572743
2019-01-24 10:00:00,0.017435133
2019-01-24 10:10:00,0.0149602
2019-01-24 10:20:00,0.014187425
2019-01-24 10:30:00,0.014311224
2019-01-24 10:40:00,0.014893174
2019-01-24 10:50:00,0.013823181
2019-01-24 11:00:00,0.015445799
2019-01-24 11:10:00,0.013000876
2019-01-24 11:20:00,0.014303237
2019-01-24 11:30:00,0.012500405
2019-01-24 11:40:00,0.013689756
2019-01-24 11:50:00,0.012814254
2019-01-24 12:00:00,0.011937678
2019-01-24 12:10:00,0.01198566
2019-01-24 12:20:00,0.011550665
2019-01-24 12:30:00,0.011336774
2019-01-24 12:40:00,0.010546923
2019-01-24 12:50:00,0.010079384
2019-01-24 13:00:00,0.010511547
2019-01-24 13:10:00,0.010741174
2019-01-24 13:20:00,0.010555297
2019-01-24 13:30:00,0.010416895
2019-01-24 13:40:00,0.009738147
2019-01-24 13:50:00,0.010120243
2019-01-24 14:00:00,0.009700775
2019-01-24 14:10:00,0.009843588
2019-01-24 14:20:00,0.008633643
2019-01-24 14:30:00,0.009763151
2019-01-24 14:40:00,0.008497745
2019-01-24 14:50:00,0.008980691
2019-01-24 15:00:00,0.0077953637
2019-01-24 15:10:00,0.009427339
2019-01-24 15:20:00,0.007944822
2019-01-24 15:30:00,0.008238316
2019-01-24 16:00:00,0.006883472
2019-01-24 16:10:00,0.007898927
2019-01-24 16:20:00,0.0063602924
2019-01-24 16:30:00,0.007107705
2019-01-24 16:40:00,0.005249113
2019-01-24 16:50:00,0.0074090958
2019-01-24 17:00:00,0.0046343207
2019-01-24 17:10:00,0.0027576387
2019-01-24 17:20:00,0.0044974387
2019-01-24 17:30:00,0.006435901
2019-01-24 17:40:00,0.0049387217
2019-01-24 17:50:00,0.0068446994
2019-01-24 18:00:00,0.0049079657
2019-01-24 18:10:00,0.00693509
2019-01-24 18:20:00,0.0048362613
2019-01-24 18:30:00,0.0070667863
2019-01-24 18:40:00,0.0049640536
2019-01-24 18:50:00,0.0069696307
2019-01-24 19:00:00,0.0043576956
2019-01-24 19:10:00,0.0070631504
2019-01-24 19:20:00,0.004478693
2019-01-24 19:30:00,0.006446749
2019-01-24 19:40:00,0.004261911
2019-01-24 19:50:00,0.0064490736
2019-01-24 20:00:00,0.0044646263
2019-01-24 20:10:00,0.0065274835
2019-01-24 20:20:00,0.0043985844
2019-01-24 20:30:00,0.005979061
2019-01-24 20:40:00,0.0040355325
2019-01-24 20:50:00,0.0064128637
2019-01-24 21:00:00,0.0038502514
2019-01-24 21:10:00,0.006169468
2019-01-24 21:20:00,0.0040477514
2019-01-24 21:30:00,0.006652355
2019-01-24 21:40:00,0.0037011504
2019-01-24 21:50:00,0.0064812303
2019-01-24 22:00:00,0.0037373304
2019-01-24 22:10:00,0.0061573386
2019-01-24 22:20:00,0.0033375025
2019-01-24 22:30:00,0.005666375
2019-01-24 22:40:00,0.003206998
2019-01-24 22:50:00,0.0052791536
2019-01-24 23:00:00,0.002926886
2019-01-24 23:10:00,0.0049212277
2019-01-24 23:20:00,0.0028213859
2019-01-24 23:30:00,0.0044492483
2019-01-24 23:40:00,0.0028454065
2019-01-24 23:50:00,0.0047745705
2019-01-25 00:00:00,0.002727151
2019-01-25 00:10:00,0.0047825277
2019-01-25 00:20:00,0.0026076734
2019-01-25 00:30:00,0.0049793124
2019-01-25 00:40:00,0.0025898218
2019-01-25 00:50:00,0.004656434
2019-01-25 01:00:00,0.0023720562
2019-01-25 01:10:00,0.004623294
2019-01-25 01:20:00,0.0022117198
2019-01-25 01:30:00,0.004417181
2019-01-25 01:40:00,0.0023203194
2019-01-25 01:50:00,0.0048119426
2019-01-25 02:00:00,0.002255708
2019-01-25 02:10:00,0.004669726
2019-01-25 02:20:00,0.0020602643
2019-01-25 02:30:00,0.0047893524
2019-01-25 02:40:00,0.002264768
2019-01-25 02:50:00,0.0045930147
2019-01-25 03:00:00,0.002079457
2019-01-25 03:10:00,0.0047824383
2019-01-25 03:20:00,0.0021045208
2019-01-25 03:30:00,0.0045112967
2019-01-25 03:40:00,0.0020975173
2019-01-25 03:50:00,0.004534632
2019-01-25 04:00:00,0.0021683872
2019-01-25 04:10:00,0.004261881
2019-01-25 04:20:00,0.0020599365
2019-01-25 04:30:00,0.004233271
2019-01-25 04:40:00,0.0021309257
2019-01-25 04:50:00,0.0041015446
2019-01-25 05:00:00,0.002059102
2019-01-25 05:10:00,0.00464651
2019-01-25 05:20:00,0.0022339523
2019-01-25 05:30:00,0.0043904185
2019-01-25 05:40:00,0.0022999644
2019-01-25 05:50:00,0.00507167
2019-01-25 06:00:00,0.0024562478
2019-01-25 06:10:00,0.004421741
2019-01-25 06:20:00,0.0021871626
2019-01-25 06:30:00,0.0048143864
2019-01-25 06:40:00,0.0023202598
2019-01-25 06:50:00,0.0044885576
2019-01-25 07:00:00,0.0020692647
2019-01-25 07:10:00,0.0050504208
2019-01-25 07:20:00,0.0020721555
2019-01-25 07:30:00,0.004573941
2019-01-25 07:40:00,0.0015392601
2019-01-25 07:50:00,0.0051258504
2019-01-25 08:00:00,0.0014496446
2019-01-25 08:10:00,0.00520736
2019-01-25 08:20:00,0.0011548698
2019-01-25 08:30:00,0.005559355
2019-01-25 08:40:00,0.0013897419
2019-01-25 08:50:00,0.0051729083
2019-01-25 09:00:00,0.0012440681
2019-01-25 09:10:00,0.006519407
2019-01-25 09:20:00,0.0014658868
2019-01-25 09:30:00,0.0059241652
2019-01-25 09:40:00,0.001355797
2019-01-25 09:50:00,0.006591946
2019-01-25 10:00:00,0.0015417635
2019-01-25 10:10:00,0.0058110654
2019-01-25 10:20:00,0.0013200045
2019-01-25 10:30:00,0.005934
2019-01-25 10:40:00,0.0015412569
2019-01-25 10:50:00,0.005619496
2019-01-25 11:00:00,0.0013972223
2019-01-25 11:10:00,0.0061086416
2019-01-25 11:20:00,0.0015617013
2019-01-25 11:30:00,0.0057704747
2019-01-25 11:40:00,0.0013536513
2019-01-25 11:50:00,0.0061154664
2019-01-25 12:00:00,0.0013943017
2019-01-25 12:10:00,0.0054973364
2019-01-25 12:20:00,0.0012417734
2019-01-25 12:30:00,0.005689442
2019-01-25 12:40:00,0.0012973547
2019-01-25 12:50:00,0.005050212
2019-01-25 13:00:00,0.0010442138
2019-01-25 13:10:00,0.0064665377
2019-01-25 13:20:00,0.0014924407
2019-01-25 13:30:00,0.005664915
2019-01-25 13:40:00,0.0010637641
2019-01-25 13:50:00,0.0050496757
2019-01-25 14:00:00,0.0011999607
2019-01-25 14:10:00,0.005282074
2019-01-25 14:20:00,0.00102368
2019-01-25 14:30:00,0.0056075156
2019-01-25 14:40:00,0.0012947321
2019-01-25 14:50:00,0.005047649
2019-01-25 15:00:00,0.001147896
2019-01-25 15:10:00,0.006132275
2019-01-25 15:20:00,0.0013575852
2019-01-25 15:30:00,0.0052606463
2019-01-25 15:40:00,0.0011031628
2019-01-25 15:50:00,0.005432427
2019-01-25 16:00:00,0.0011382401
2019-01-25 16:10:00,0.0052577257
2019-01-25 16:20:00,0.0008751452
2019-01-25 16:30:00,0.0056805313
2019-01-25 16:40:00,0.0009037256
2019-01-25 16:50:00,0.0055497587
2019-01-25 17:00:00,0.00072312355
2019-01-25 17:10:00,0.005735129
2019-01-25 17:20:00,0.00078997016
2019-01-25 17:30:00,0.005801946
2019-01-25 17:40:00,0.0007546246
2019-01-25 17:50:00,0.0062980354
2019-01-25 18:00:00,0.0008738935
2019-01-25 18:10:00,0.005916685
2019-01-25 18:20:00,0.0007491112
2019-01-25 18:30:00,0.006541282
2019-01-25 18:40:00,0.0008457601
2019-01-25 18:50:00,0.005844593
2019-01-25 19:00:00,0.00077831745
2019-01-25 19:10:00,0.0060872734
2019-01-25 19:20:00,0.00084358454
2019-01-25 19:30:00,0.0059973598
2019-01-25 19:40:00,0.0007881522
2019-01-25 19:50:00,0.0066535473
2019-01-25 20:00:00,0.000913769
2019-01-25 20:10:00,0.0063394904
2019-01-25 20:20:00,0.00080662966
2019-01-25 20:30:00,0.006413758
2019-01-25 20:40:00,0.0009057522
2019-01-25 20:50:00,0.006518513
2019-01-25 21:00:00,0.0008175671
2019-01-25 21:10:00,0.006732762
2019-01-25 21:20:00,0.0008084774
2019-01-25 21:30:00,0.006463766
2019-01-25 21:40:00,0.00077077746
2019-01-25 21:50:00,0.0073885024
2019-01-25 22:00:00,0.00083336234
2019-01-25 22:10:00,0.007140875
2019-01-25 22:20:00,0.00079503655
2019-01-25 22:30:00,0.007793963
2019-01-25 22:40:00,0.00082725286
2019-01-25 22:50:00,0.007760495
2019-01-25 23:00:00,0.0007675588
2019-01-25 23:10:00,0.008189023
2019-01-25 23:20:00,0.0008967519
2019-01-25 23:30:00,0.0072343647
2019-01-25 23:40:00,0.00079503655
2019-01-25 23:50:00,0.007482499
2019-01-26 00:00:00,0.0008855164
2019-01-26 00:10:00,0.0073758364
2019-01-26 00:20:00,0.00086790323
2019-01-26 00:30:00,0.008313924
2019-01-26 00:40:00,0.0009473264
2019-01-26 00:50:00,0.008394569
2019-01-26 01:00:00,0.00090545416
2019-01-26 01:10:00,0.008796006
2019-01-26 01:20:00,0.00097328424
2019-01-26 01:30:00,0.008375436
2019-01-26 01:40:00,0.00095289946
2019-01-26 01:50:00,0.008845001
2019-01-26 02:00:00,0.00092440844
2019-01-26 02:10:00,0.008651525
2019-01-26 02:20:00,0.0009691417
2019-01-26 02:30:00,0.00832361
2019-01-26 02:40:00,0.00096204877
2019-01-26 02:50:00,0.00855875
2019-01-26 03:00:00,0.0009878874
2019-01-26 03:10:00,0.009611815
2019-01-26 03:20:00,0.0010076463
2019-01-26 03:30:00,0.0100491345
2019-01-26 03:40:00,0.0010582507
2019-01-26 03:50:00,0.010501653
2019-01-26 04:00:00,0.0011268258
2019-01-26 04:10:00,0.0103645325
2019-01-26 04:20:00,0.0011145473
2019-01-26 04:30:00,0.010758579
2019-01-26 04:40:00,0.0011771619
2019-01-26 04:50:00,0.0108884275
2019-01-26 05:00:00,0.0012607276
2019-01-26 05:10:00,0.011498362
2019-01-26 05:20:00,0.0012694299
2019-01-26 05:30:00,0.0120640695
2019-01-26 05:40:00,0.0013293326
2019-01-26 05:50:00,0.012583226
2019-01-26 06:00:00,0.0013488233
2019-01-26 06:10:00,0.013202637
2019-01-26 06:20:00,0.0014003813
2019-01-26 06:30:00,0.013878822
2019-01-26 06:40:00,0.0015278459
2019-01-26 06:50:00,0.015264064
2019-01-26 07:00:00,0.0017461777
2019-01-26 07:10:00,0.0157696
2019-01-26 07:20:00,0.001647979
2019-01-26 07:30:00,0.017136872
2019-01-26 07:40:00,0.0018325746
2019-01-26 07:50:00,0.017793924
2019-01-26 08:00:00,0.001983434
2019-01-26 08:10:00,0.01913464
2019-01-26 08:20:00,0.002309531
2019-01-26 08:30:00,0.019935936
2019-01-26 08:40:00,0.0023803413
2019-01-26 08:50:00,0.020983964
2019-01-26 09:00:00,0.002699554
2019-01-26 09:10:00,0.022404432
2019-01-26 09:20:00,0.0025560856
2019-01-26 09:30:00,0.024687469
2019-01-26 09:40:00,0.0027124584
2019-01-26 09:50:00,0.025049359
2019-01-26 10:00:00,0.0025200546
2019-01-26 10:10:00,0.0226596
2019-01-26 10:20:00,0.0026052594
2019-01-26 10:30:00,0.021316499
2019-01-26 10:40:00,0.0024898052
2019-01-26 10:50:00,0.018026859
2019-01-26 11:00:00,0.003066063
2019-01-26 11:10:00,0.016982973
2019-01-26 11:20:00,0.003257066
2019-01-26 11:30:00,0.018194914
2019-01-26 11:40:00,0.0037063956
2019-01-26 11:50:00,0.017746687
2019-01-26 12:00:00,0.003717661
2019-01-26 12:10:00,0.02102995
2019-01-26 12:20:00,0.004144013
2019-01-26 12:30:00,0.020519376
2019-01-26 12:40:00,0.004329473
2019-01-26 12:50:00,0.023112684
2019-01-26 13:00:00,0.0046269
2019-01-26 13:10:00,0.02178663
2019-01-26 13:20:00,0.004598111
2019-01-26 13:30:00,0.023841739
2019-01-26 13:40:00,0.0055612624
2019-01-26 13:50:00,0.022051275
2019-01-26 14:00:00,0.0058443546
2019-01-26 14:10:00,0.023062944
2019-01-26 14:20:00,0.0076246858
2019-01-26 14:30:00,0.022303611
2019-01-26 14:40:00,0.008045822
2019-01-26 14:50:00,0.023259073
2019-01-26 15:00:00,0.009227246
2019-01-26 15:10:00,0.022238493
2019-01-26 15:20:00,0.009619504
2019-01-26 15:30:00,0.024122119
2019-01-26 15:40:00,0.010165632
2019-01-26 15:50:00,0.022860765
2019-01-26 16:00:00,0.0094105005
2019-01-26 16:10:00,0.023897648
2019-01-26 16:20:00,0.011009663
2019-01-26 16:30:00,0.019930243
2019-01-26 16:40:00,0.01029247
2019-01-26 16:50:00,0.020846456
2019-01-26 17:00:00,0.011478901
2019-01-26 17:10:00,0.018809676
2019-01-26 17:20:00,0.01058802
2019-01-26 17:30:00,0.020915717
2019-01-26 17:40:00,0.011655271
2019-01-26 17:50:00,0.019543529
2019-01-26 18:00:00,0.010435551
2019-01-26 18:10:00,0.02156049
2019-01-26 18:20:00,0.011954993
2019-01-26 18:30:00,0.020447373
2019-01-26 18:40:00,0.011978567
2019-01-26 18:50:00,0.022625625
2019-01-26 19:00:00,0.013261408
2019-01-26 19:10:00,0.019809753
2019-01-26 19:20:00,0.0125926435
2019-01-26 19:30:00,0.021490425
2019-01-26 19:40:00,0.012517691
2019-01-26 19:50:00,0.019327134
2019-01-26 20:00:00,0.012749881
2019-01-26 20:10:00,0.020748168
2019-01-26 20:20:00,0.013384759
2019-01-26 20:30:00,0.019527137
2019-01-26 20:40:00,0.011341453
2019-01-26 20:50:00,0.019862354
2019-01-26 21:00:00,0.012127519
2019-01-26 21:10:00,0.017788768
2019-01-26 21:20:00,0.01041764
2019-01-26 21:30:00,0.018162757
2019-01-26 21:40:00,0.010729015
2019-01-26 21:50:00,0.01685068
2019-01-26 22:00:00,0.010498136
2019-01-26 22:10:00,0.018063635
2019-01-26 22:20:00,0.0108373165
2019-01-26 22:30:00,0.016296118
2019-01-26 22:40:00,0.011484534
2019-01-26 22:50:00,0.01690659
2019-01-26 23:00:00,0.011351585
2019-01-26 23:10:00,0.015969127
2019-01-26 23:20:00,0.0125437975
2019-01-26 23:30:00,0.017157942
2019-01-26 23:40:00,0.0126847625
2019-01-26 23:50:00,0.016721964
2019-01-27 00:00:00,0.014415026
2019-01-27 00:10:00,0.019683212
2019-01-27 00:20:00,0.016718775
2019-01-27 00:30:00,0.017564923
2019-01-27 00:40:00,0.017128855
2019-01-27 00:50:00,0.020376235
2019-01-27 01:00:00,0.017124027
2019-01-27 01:10:00,0.019213319
2019-01-27 01:20:00,0.017788678
2019-01-27 01:30:00,0.022782952
2019-01-27 01:40:00,0.017695367
2019-01-27 01:50:00,0.020724326
2019-01-27 02:00:00,0.018324435
2019-01-27 02:10:00,0.022578746
2019-01-27 02:20:00,0.01780501
2019-01-27 02:30:00,0.021392882
2019-01-27 02:40:00,0.01833114
2019-01-27 02:50:00,0.02231574
2019-01-27 03:00:00,0.01714471
2019-01-27 03:10:00,0.020954967
2019-01-27 03:20:00,0.0183087
2019-01-27 03:30:00,0.024520338
2019-01-27 03:40:00,0.017202526
2019-01-27 03:50:00,0.02147001
2019-01-27 04:00:00,0.016429245
2019-01-27 04:10:00,0.021870792
2019-01-27 04:20:00,0.014267057
2019-01-27 04:30:00,0.0186539
2019-01-27 04:40:00,0.012838513
2019-01-27 04:50:00,0.019753397
2019-01-27 05:00:00,0.011583686
2019-01-27 05:10:00,0.017571628
2019-01-27 05:20:00,0.010141313
2019-01-27 05:30:00,0.018378228
2019-01-27 05:40:00,0.009890854
2019-01-27 05:50:00,0.015177041
2019-01-27 06:00:00,0.010296643
2019-01-27 06:10:00,0.016480953
2019-01-27 06:20:00,0.011618257
2019-01-27 06:30:00,0.01702866
2019-01-27 06:40:00,0.0116224885
2019-01-27 06:50:00,0.017018914
2019-01-27 07:00:00,0.012350053
2019-01-27 07:10:00,0.016826212
2019-01-27 07:20:00,0.012173176
2019-01-27 07:30:00,0.01741016
2019-01-27 07:40:00,0.012435108
2019-01-27 07:50:00,0.016306996
2019-01-27 08:00:00,0.011867672
2019-01-27 08:10:00,0.016680628
2019-01-27 08:20:00,0.01213479
2019-01-27 08:30:00,0.016541213
2019-01-27 08:40:00,0.01227808
2019-01-27 08:50:00,0.01681164
2019-01-27 09:00:00,0.011943042
2019-01-27 09:10:00,0.017072499
2019-01-27 09:20:00,0.01257956
2019-01-27 09:30:00,0.017189622
2019-01-27 09:40:00,0.0126867
2019-01-27 09:50:00,0.017213643
2019-01-27 10:00:00,0.011990339
2019-01-27 10:10:00,0.01704052
2019-01-27 10:20:00,0.0122567415
2019-01-27 10:30:00,0.01769188
2019-01-27 10:40:00,0.01203987
2019-01-27 10:50:00,0.017495453
2019-01-27 11:00:00,0.011824787
2019-01-27 11:10:00,0.017720938
2019-01-27 11:20:00,0.012055993
2019-01-27 11:30:00,0.018093318
2019-01-27 11:40:00,0.012016058
2019-01-27 11:50:00,0.01883918
2019-01-27 12:00:00,0.012157679
2019-01-27 12:10:00,0.0175488
2019-01-27 12:20:00,0.011319578
2019-01-27 12:30:00,0.017661601
2019-01-27 12:40:00,0.010928035
2019-01-27 12:50:00,0.015714109
2019-01-27 13:00:00,0.010186046
2019-01-27 13:10:00,0.015795648
2019-01-27 13:20:00,0.0097337365
2019-01-27 13:30:00,0.014867693
2019-01-27 13:40:00,0.009967953
2019-01-27 13:50:00,0.015711218
2019-01-27 14:00:00,0.010023296
2019-01-27 14:10:00,0.014479965
2019-01-27 14:20:00,0.010485917
2019-01-27 14:30:00,0.015144259
2019-01-27 14:40:00,0.010176241
2019-01-27 14:50:00,0.014081061
2019-01-27 15:00:00,0.0104189515
2019-01-27 15:10:00,0.014800608
2019-01-27 15:20:00,0.010465175
2019-01-27 15:30:00,0.012505531
2019-01-27 15:40:00,0.010779709
2019-01-27 15:50:00,0.01468429
2019-01-27 16:00:00,0.01007241
2019-01-27 16:10:00,0.01181972
2019-01-27 16:20:00,0.009970009
2019-01-27 16:30:00,0.013338596
2019-01-27 16:40:00,0.0096078515
2019-01-27 16:50:00,0.013725221
2019-01-27 17:00:00,0.010541409
2019-01-27 17:10:00,0.01661259
2019-01-27 17:20:00,0.011275202
2019-01-27 17:30:00,0.015756428
2019-01-27 17:40:00,0.011693478
2019-01-27 17:50:00,0.017271966
2019-01-27 18:00:00,0.011509776
2019-01-27 18:10:00,0.017291814
2019-01-27 18:20:00,0.011411697
2019-01-27 18:30:00,0.020306528
2019-01-27 18:40:00,0.011535704
2019-01-27 18:50:00,0.019082367
2019-01-27 19:00:00,0.011506528
2019-01-27 19:10:00,0.02003938
2019-01-27 19:20:00,0.010425955
2019-01-27 19:30:00,0.017246544
2019-01-27 19:40:00,0.009744436
2019-01-27 19:50:00,0.019956738
2019-01-27 20:00:00,0.010266155
2019-01-27 20:10:00,0.01842615
2019-01-27 20:20:00,0.010790944
2019-01-27 20:30:00,0.020430714
2019-01-27 20:40:00,0.011479437
2019-01-27 20:50:00,0.01912865
2019-01-27 21:00:00,0.011708319
2019-01-27 21:10:00,0.020892411
2019-01-27 21:20:00,0.011584014
2019-01-27 21:30:00,0.018681496
2019-01-27 21:40:00,0.011298418
2019-01-27 21:50:00,0.02067238
2019-01-27 22:00:00,0.010625869
2019-01-27 22:10:00,0.018014103
2019-01-27 22:20:00,0.011468917
2019-01-27 22:30:00,0.019485027
2019-01-27 22:40:00,0.0119846165
2019-01-27 22:50:00,0.017776996
2019-01-27 23:00:00,0.012385011
2019-01-27 23:10:00,0.020375252
2019-01-27 23:20:00,0.012551844
2019-01-27 23:30:00,0.01926279
2019-01-27 23:40:00,0.012897462
2019-01-27 23:50:00,0.021843076
2019-01-28 00:00:00,0.012523234
2019-01-28 00:10:00,0.019777209
2019-01-28 00:20:00,0.012973666
2019-01-28 00:30:00,0.020863354
2019-01-28 00:40:00,0.013245046
2019-01-28 00:50:00,0.019474655
2019-01-28 01:00:00,0.014611691
2019-01-28 01:10:00,0.021023363
2019-01-28 01:20:00,0.014291495
2019-01-28 01:30:00,0.019135565
2019-01-28 01:40:00,0.0143280625
2019-01-28 01:50:00,0.02092892
2019-01-28 02:00:00,0.013982564
2019-01-28 02:10:00,0.019459873
2019-01-28 02:20:00,0.0151845515
2019-01-28 02:30:00,0.022553891
2019-01-28 02:40:00,0.015800357
2019-01-28 02:50:00,0.020931244
2019-01-28 03:00:00,0.017474353
2019-01-28 03:10:00,0.023852497
2019-01-28 03:20:00,0.01939696
2019-01-28 03:30:00,0.021231472
2019-01-28 03:40:00,0.020171732
2019-01-28 03:50:00,0.022861212
2019-01-28 04:00:00,0.019820005
2019-01-28 04:10:00,0.022362292
2019-01-28 04:20:00,0.021744072
2019-01-28 04:30:00,0.025702626
2019-01-28 04:40:00,0.021944106
2019-01-28 04:50:00,0.023532718
2019-01-28 05:00:00,0.02480337
2019-01-28 05:10:00,0.02594003
2019-01-28 05:20:00,0.02467975
2019-01-28 05:30:00,0.024627745
2019-01-28 05:40:00,0.026103348
2019-01-28 05:50:00,0.025793225
2019-01-28 06:00:00,0.024780363
2019-01-28 06:10:00,0.022445112
2019-01-28 06:20:00,0.02609548
2019-01-28 06:30:00,0.028224051
2019-01-28 06:40:00,0.025547028
2019-01-28 06:50:00,0.026239723
2019-01-28 07:00:00,0.029228896
2019-01-28 07:10:00,0.028234601
2019-01-28 07:20:00,0.02476576
2019-01-28 07:30:00,0.026783973
2019-01-28 07:40:00,0.02702865
2019-01-28 07:50:00,0.028751254
2019-01-28 08:00:00,0.026179522
2019-01-28 08:10:00,0.02871418
2019-01-28 08:20:00,0.028348953
2019-01-28 08:30:00,0.030401051
2019-01-28 08:40:00,0.027644157
2019-01-28 08:50:00,0.02878967
2019-01-28 09:00:00,0.027766615
2019-01-28 09:10:00,0.030104756
2019-01-28 09:20:00,0.027263522
2019-01-28 09:30:00,0.030258387
2019-01-28 09:40:00,0.028333575
2019-01-28 09:50:00,0.02982384
2019-01-28 10:00:00,0.029047191
2019-01-28 10:10:00,0.031018436
2019-01-28 10:20:00,0.029744476
2019-01-28 10:30:00,0.0322403
2019-01-28 10:40:00,0.030397564
2019-01-28 10:50:00,0.031789303
2019-01-28 11:00:00,0.0339458
2019-01-28 11:10:00,0.03257683
2019-01-28 11:20:00,0.033119112
2019-01-28 11:30:00,0.0304932
2019-01-28 11:40:00,0.04425621
2019-01-28 11:50:00,0.03714797
2019-01-28 12:00:00,0.04166612
2019-01-28 12:10:00,0.04042557
2019-01-28 12:20:00,0.04899937
2019-01-28 12:30:00,0.042405546
2019-01-28 12:40:00,0.050902992
2019-01-28 12:50:00,0.048823774
2019-01-28 13:00:00,0.05449161
2019-01-28 13:10:00,0.047884732
2019-01-28 13:20:00,0.05221063
2019-01-28 13:30:00,0.04957813
2019-01-28 13:40:00,0.05209449
2019-01-28 13:50:00,0.04751298
2019-01-28 14:00:00,0.048943847
2019-01-28 14:10:00,0.046017647
2019-01-28 14:20:00,0.051956445
2019-01-28 14:30:00,0.04568103
2019-01-28 14:40:00,0.045457214
2019-01-28 14:50:00,0.045740366
2019-01-28 15:00:00,0.047996342
2019-01-28 15:10:00,0.042911053
2019-01-28 15:20:00,0.044411242
2019-01-28 15:30:00,0.042345554
2019-01-28 15:40:00,0.04686743
2019-01-28 15:50:00,0.042280227
2019-01-28 16:00:00,0.04553768
2019-01-28 16:10:00,0.047095656
2019-01-28 16:20:00,0.04976791
2019-01-28 16:30:00,0.041944563
2019-01-28 16:40:00,0.046327353
2019-01-28 16:50:00,0.046390384
2019-01-28 17:00:00,0.049227297
2019-01-28 17:10:00,0.043388754
2019-01-28 17:20:00,0.045142114
2019-01-28 17:30:00,0.04614106
2019-01-28 17:40:00,0.04891795
2019-01-28 17:50:00,0.042249233
2019-01-28 18:00:00,0.046651423
2019-01-28 18:10:00,0.045316428
2019-01-28 18:20:00,0.050049454
2019-01-28 18:30:00,0.040764928
2019-01-28 18:40:00,0.046902567
2019-01-28 18:50:00,0.04711494
2019-01-28 19:00:00,0.05118835
2019-01-28 19:10:00,0.041758984
2019-01-28 19:20:00,0.047270656
2019-01-28 19:30:00,0.044831455
2019-01-28 19:40:00,0.056691617
2019-01-28 19:50:00,0.043909043
2019-01-28 20:00:00,0.05120203
2019-01-28 20:10:00,0.046149313
2019-01-28 20:20:00,0.053420007
2019-01-28 20:30:00,0.041305274
2019-01-28 20:40:00,0.05065909
2019-01-28 20:50:00,0.044526726
2019-01-28 21:00:00,0.053313404
2019-01-28 21:10:00,0.039350927
2019-01-28 21:20:00,0.05065474
2019-01-28 21:30:00,0.042673796
2019-01-28 21:40:00,0.05262533
2019-01-28 21:50:00,0.03908521
2019-01-28 22:00:00,0.05109176
2019-01-28 22:10:00,0.045104027
2019-01-28 22:20:00,0.05520606
2019-01-28 22:30:00,0.040635437
2019-01-28 22:40:00,0.0525181
2019-01-28 22:50:00,0.044442385
2019-01-28 23:00:00,0.056496114
2019-01-28 23:10:00,0.041015655
2019-01-28 23:20:00,0.053597867
2019-01-28 23:30:00,0.042364687
2019-01-28 23:40:00,0.05127424
2019-01-28 23:50:00,0.03838718
2019-01-29 00:00:00,0.046340227
2019-01-29 00:10:00,0.040251553
2019-01-29 00:20:00,0.042990595
2019-01-29 00:30:00,0.03799656
2019-01-29 00:40:00,0.039599746
2019-01-29 00:50:00,0.040742576
2019-01-29 01:00:00,0.043619156
2019-01-29 01:10:00,0.037359804
2019-01-29 01:20:00,0.042966753
2019-01-29 01:30:00,0.038102806
2019-01-29 01:40:00,0.043673813
2019-01-29 01:50:00,0.03308204
2019-01-29 02:00:00,0.04243809
2019-01-29 02:10:00,0.036224753
2019-01-29 02:20:00,0.042491794
2019-01-29 02:30:00,0.03012237
2019-01-29 02:40:00,0.041584402
2019-01-29 02:50:00,0.034122407
2019-01-29 03:00:00,0.047079414
2019-01-29 03:10:00,0.0333938
2019-01-29 03:20:00,0.044009358
2019-01-29 03:30:00,0.03864947
2019-01-29 03:40:00,0.046729475
2019-01-29 03:50:00,0.03167084
2019-01-29 04:00:00,0.044359773
2019-01-29 04:10:00,0.036572903
2019-01-29 04:20:00,0.048967093
2019-01-29 04:30:00,0.030659646
2019-01-29 04:40:00,0.04668662
2019-01-29 04:50:00,0.034288287
2019-01-29 05:00:00,0.049189895
2019-01-29 05:10:00,0.030769408
2019-01-29 05:20:00,0.047498375
2019-01-29 05:30:00,0.035327256
2019-01-29 05:40:00,0.049818456
2019-01-29 05:50:00,0.032384515
2019-01-29 06:00:00,0.044583887
2019-01-29 06:10:00,0.035918444
2019-01-29 06:20:00,0.047471404
2019-01-29 06:30:00,0.031510115
2019-01-29 06:40:00,0.044527948
2019-01-29 06:50:00,0.037962288
2019-01-29 07:00:00,0.048983425
2019-01-29 07:10:00,0.03174302
2019-01-29 07:20:00,0.044845045
2019-01-29 07:30:00,0.03460273
2019-01-29 07:40:00,0.044347107
2019-01-29 07:50:00,0.031918496
2019-01-29 08:00:00,0.046070546
2019-01-29 08:10:00,0.03581947
2019-01-29 08:20:00,0.048247278
2019-01-29 08:30:00,0.031354874
2019-01-29 08:40:00,0.04370907
2019-01-29 08:50:00,0.034587294
2019-01-29 09:00:00,0.04701835
2019-01-29 09:10:00,0.030148685
2019-01-29 09:20:00,0.043370724
2019-01-29 09:30:00,0.032252908
2019-01-29 09:40:00,0.046498895
2019-01-29 09:50:00,0.02864936
2019-01-29 10:00:00,0.040895134
2019-01-29 10:10:00,0.0335581
2019-01-29 10:20:00,0.046459764
2019-01-29 10:30:00,0.029605657
2019-01-29 10:40:00,0.044152856
2019-01-29 10:50:00,0.035866022
2019-01-29 11:00:00,0.050738692
2019-01-29 11:10:00,0.03207445
2019-01-29 11:20:00,0.044985056
2019-01-29 11:30:00,0.035115004
2019-01-29 11:40:00,0.045164913
2019-01-29 11:50:00,0.028453141
2019-01-29 12:00:00,0.042000532
2019-01-29 12:10:00,0.03228748
2019-01-29 12:20:00,0.044432223
2019-01-29 12:30:00,0.028710991
2019-01-29 12:40:00,0.043053776
2019-01-29 12:50:00,0.031267017
2019-01-29 13:00:00,0.04446867
2019-01-29 13:10:00,0.028193712
2019-01-29 13:20:00,0.044511408
2019-01-29 13:30:00,0.031014532
2019-01-29 13:40:00,0.044335455
2019-01-29 13:50:00,0.02782029
2019-01-29 14:00:00,0.04363799
2019-01-29 14:10:00,0.028882653
2019-01-29 14:20:00,0.046358347
2019-01-29 14:30:00,0.024957389
2019-01-29 14:40:00,0.044542402
2019-01-29 14:50:00,0.029097587
2019-01-29 15:00:00,0.044136465
2019-01-29 15:10:00,0.023932785
2019-01-29 15:20:00,0.044765502
2019-01-29 15:30:00,0.028164595
2019-01-29 15:40:00,0.04311338
2019-01-29 15:50:00,0.024659485
2019-01-29 16:00:00,0.042191684
2019-01-29 16:10:00,0.028027833
2019-01-29 16:20:00,0.044652045
2019-01-29 16:30:00,0.02497077
2019-01-29 16:40:00,0.043370843
2019-01-29 16:50:00,0.027657777
2019-01-29 17:00:00,0.046568006
2019-01-29 17:10:00,0.025233537
2019-01-29 17:20:00,0.042571157
2019-01-29 17:30:00,0.0287081
2019-01-29 17:40:00,0.044451952
2019-01-29 17:50:00,0.025325358
2019-01-29 18:00:00,0.041608423
2019-01-29 18:10:00,0.028826654
2019-01-29 18:20:00,0.04681593
2019-01-29 18:30:00,0.026646763
2019-01-29 18:40:00,0.042382807
2019-01-29 18:50:00,0.028873503
2019-01-29 19:00:00,0.04447198
2019-01-29 19:10:00,0.026527911
2019-01-29 19:20:00,0.043858856
2019-01-29 19:30:00,0.028665394
2019-01-29 19:40:00,0.043746144
2019-01-29 19:50:00,0.024517864
2019-01-29 20:00:00,0.04049903
2019-01-29 20:10:00,0.026628286
2019-01-29 20:20:00,0.044840127
2019-01-29 20:30:00,0.023860276
2019-01-29 20:40:00,0.04388669
2019-01-29 20:50:00,0.024930447
2019-01-29 21:00:00,0.045919806
2019-01-29 21:10:00,0.023137003
2019-01-29 21:20:00,0.043460667
2019-01-29 21:30:00,0.025286376
2019-01-29 21:40:00,0.045912743
2019-01-29 21:50:00,0.021939158
2019-01-29 22:00:00,0.039089292
2019-01-29 22:10:00,0.024266273
2019-01-29 22:20:00,0.041700244
2019-01-29 22:30:00,0.021634847
2019-01-29 22:40:00,0.037682146
2019-01-29 22:50:00,0.022891462
2019-01-29 23:00:00,0.03903705
2019-01-29 23:10:00,0.019670993
2019-01-29 23:20:00,0.03699121
2019-01-29 23:30:00,0.021305025
2019-01-29 23:40:00,0.039566636
2019-01-29 23:50:00,0.017883182
2019-01-30 00:00:00,0.03708771
2019-01-30 00:10:00,0.021852344
2019-01-30 00:20:00,0.0401946
2019-01-30 00:30:00,0.019087285
2019-01-30 00:40:00,0.03903374
2019-01-30 00:50:00,0.021840304
2019-01-30 01:00:00,0.039775252
2019-01-30 01:10:00,0.018910468
2019-01-30 01:20:00,0.038390696
2019-01-30 01:30:00,0.022372544
2019-01-30 01:40:00,0.039613605
2019-01-30 01:50:00,0.019589484
2019-01-30 02:00:00,0.039659888
2019-01-30 02:10:00,0.023254454
2019-01-30 02:20:00,0.042393208
2019-01-30 02:30:00,0.020567954
2019-01-30 02:40:00,0.03929639
2019-01-30 02:50:00,0.023296356
2019-01-30 03:00:00,0.0411686
2019-01-30 03:10:00,0.019421011
2019-01-30 03:20:00,0.033271432
2019-01-30 03:30:00,0.023293704
2019-01-30 03:40:00,0.034193933
2019-01-30 03:50:00,0.021252424
2019-01-30 04:00:00,0.031206548
2019-01-30 04:10:00,0.025311738
2019-01-30 04:20:00,0.033019334
2019-01-30 04:30:00,0.021740556
2019-01-30 04:40:00,0.029503345
2019-01-30 04:50:00,0.024810731
2019-01-30 05:00:00,0.03233221
2019-01-30 05:10:00,0.021399379
2019-01-30 05:20:00,0.029522598
2019-01-30 05:30:00,0.026437283
2019-01-30 05:40:00,0.032760084
2019-01-30 05:50:00,0.02320972
2019-01-30 06:00:00,0.030399233
2019-01-30 06:10:00,0.026462555
2019-01-30 06:20:00,0.032252967
2019-01-30 06:30:00,0.023459703
2019-01-30 06:40:00,0.0295116
2019-01-30 06:50:00,0.027846336
2019-01-30 07:00:00,0.032586634
2019-01-30 07:10:00,0.024457037
2019-01-30 07:20:00,0.030412763
2019-01-30 07:30:00,0.028548598
2019-01-30 07:40:00,0.03331527
2019-01-30 07:50:00,0.025464386
2019-01-30 08:00:00,0.031008631
2019-01-30 08:10:00,0.030848414
2019-01-30 08:20:00,0.032529473
2019-01-30 08:30:00,0.025491506
2019-01-30 08:40:00,0.030282348
2019-01-30 08:50:00,0.02901122
2019-01-30 09:00:00,0.029587388
2019-01-30 09:10:00,0.024595499
2019-01-30 09:20:00,0.026345462
2019-01-30 09:30:00,0.028556198
2019-01-30 09:40:00,0.028148204
2019-01-30 09:50:00,0.024850547
2019-01-30 10:00:00,0.02731961
2019-01-30 10:10:00,0.030688018
2019-01-30 10:20:00,0.028486937
2019-01-30 10:30:00,0.026701957
2019-01-30 10:40:00,0.02692318
2019-01-30 10:50:00,0.030832767
2019-01-30 11:00:00,0.028210819
2019-01-30 11:10:00,0.027835429
2019-01-30 11:20:00,0.02903381
2019-01-30 11:30:00,0.035346657
2019-01-30 11:40:00,0.030739486
2019-01-30 11:50:00,0.030403435
2019-01-30 12:00:00,0.029341161
2019-01-30 12:10:00,0.036214948
2019-01-30 12:20:00,0.032485604
2019-01-30 12:30:00,0.032177
2019-01-30 12:40:00,0.0311158
2019-01-30 12:50:00,0.03905937
2019-01-30 13:00:00,0.034400284
2019-01-30 13:10:00,0.034268886
2019-01-30 13:20:00,0.033453196
2019-01-30 13:30:00,0.041624665
2019-01-30 13:40:00,0.03581682
2019-01-30 13:50:00,0.03547141
2019-01-30 14:00:00,0.032169133
2019-01-30 14:10:00,0.040982574
2019-01-30 14:20:00,0.03260392
2019-01-30 14:30:00,0.033150434
2019-01-30 14:40:00,0.02963376
2019-01-30 14:50:00,0.04078558
2019-01-30 15:00:00,0.031945735
2019-01-30 15:10:00,0.03494969
2019-01-30 15:20:00,0.031865776
2019-01-30 15:30:00,0.04332304
2019-01-30 15:40:00,0.033653617
2019-01-30 15:50:00,0.037154168
2019-01-30 16:00:00,0.034159005
2019-01-30 16:10:00,0.04526934
2019-01-30 16:20:00,0.03772542
2019-01-30 16:30:00,0.03862998
2019-01-30 16:40:00,0.03791195
2019-01-30 16:50:00,0.04762122
2019-01-30 17:00:00,0.04013291
2019-01-30 17:10:00,0.040872812
2019-01-30 17:20:00,0.037116885
2019-01-30 17:30:00,0.049977273
2019-01-30 17:40:00,0.03853184
2019-01-30 17:50:00,0.041881084
2019-01-30 18:00:00,0.0358935
2019-01-30 18:10:00,0.051822037
2019-01-30 18:20:00,0.03800392
2019-01-30 18:30:00,0.04414639
2019-01-30 18:40:00,0.033495963
2019-01-30 18:50:00,0.046783775
2019-01-30 19:00:00,0.034234762
2019-01-30 19:10:00,0.037706196
2019-01-30 19:20:00,0.030714214
2019-01-30 19:30:00,0.04291287
2019-01-30 19:40:00,0.033177316
2019-01-30 19:50:00,0.034201384
2019-01-30 20:00:00,0.030962467
2019-01-30 20:10:00,0.039748967
2019-01-30 20:20:00,0.032918364
2019-01-30 20:30:00,0.031974763
2019-01-30 20:40:00,0.029635549
2019-01-30 20:50:00,0.036393285
2019-01-30 21:00:00,0.030727416
2019-01-30 21:10:00,0.03419766
2019-01-30 21:20:00,0.029144347
2019-01-30 21:30:00,0.042211264
2019-01-30 21:40:00,0.0334436
2019-01-30 21:50:00,0.036838263
2019-01-30 22:00:00,0.031832516
2019-01-30 22:10:00,0.040538907
2019-01-30 22:20:00,0.033521593
2019-01-30 22:30:00,0.03567314
2019-01-30 22:40:00,0.031797796
2019-01-30 22:50:00,0.03707698
2019-01-30 23:00:00,0.033583105
2019-01-30 23:10:00,0.033401787
2019-01-30 23:20:00,0.03310579
2019-01-30 23:30:00,0.04016009
2019-01-30 23:40:00,0.033744067
2019-01-30 23:50:00,0.034138054
2019-01-31 00:00:00,0.031583548
2019-01-31 00:10:00,0.040156215
2019-01-31 00:20:00,0.03201586
2019-01-31 00:30:00,0.035537988
2019-01-31 00:40:00,0.03455749
2019-01-31 00:50:00,0.039848924
2019-01-31 01:00:00,0.034402847
2019-01-31 01:10:00,0.037129313
2019-01-31 01:20:00,0.035369337
2019-01-31 01:30:00,0.04313588
2019-01-31 01:40:00,0.038297296
2019-01-31 01:50:00,0.03853497
2019-01-31 02:00:00,0.038056165
2019-01-31 02:10:00,0.043069422
2019-01-31 02:20:00,0.039799333
2019-01-31 02:30:00,0.039864063
2019-01-31 02:40:00,0.04114327
2019-01-31 02:50:00,0.044149786
2019-01-31 03:00:00,0.042262495
2019-01-31 03:10:00,0.03741893
2019-01-31 03:20:00,0.041244864
2019-01-31 03:30:00,0.039573878
2019-01-31 03:40:00,0.04371339
2019-01-31 03:50:00,0.034906685
2019-01-31 04:00:00,0.04601285
2019-01-31 04:10:00,0.039839894
2019-01-31 04:20:00,0.049129546
2019-01-31 04:30:00,0.03583464
2019-01-31 04:40:00,0.049175024
2019-01-31 04:50:00,0.038698584
2019-01-31 05:00:00,0.052174836
2019-01-31 05:10:00,0.03813505
2019-01-31 05:20:00,0.05417505
2019-01-31 05:30:00,0.04145369
2019-01-31 05:40:00,0.053396285
2019-01-31 05:50:00,0.040460765
2019-01-31 06:00:00,0.0564155
2019-01-31 06:10:00,0.047088414
2019-01-31 06:20:00,0.06253475
2019-01-31 06:30:00,0.041246444
2019-01-31 06:40:00,0.060880303
2019-01-31 06:50:00,0.043542743
2019-01-31 07:00:00,0.06433144
2019-01-31 07:10:00,0.039616823
2019-01-31 07:20:00,0.061562657
2019-01-31 07:30:00,0.04713857
2019-01-31 07:40:00,0.069028884
2019-01-31 07:50:00,0.04264334
2019-01-31 08:00:00,0.07112327
2019-01-31 08:10:00,0.04579526
2019-01-31 08:20:00,0.07314277
2019-01-31 08:30:00,0.04161799
2019-01-31 08:40:00,0.07266256
2019-01-31 08:50:00,0.0436531
2019-01-31 09:00:00,0.074275404
2019-01-31 09:10:00,0.04194504
2019-01-31 09:20:00,0.080153644
2019-01-31 09:30:00,0.046684653
2019-01-31 09:40:00,0.083874404
2019-01-31 09:50:00,0.042447418
2019-01-31 10:00:00,0.08833325
2019-01-31 10:10:00,0.044116765
2019-01-31 10:20:00,0.08308172
2019-01-31 10:30:00,0.043172657
2019-01-31 10:40:00,0.09092364
2019-01-31 10:50:00,0.048352927
2019-01-31 11:00:00,0.09400296
2019-01-31 11:10:00,0.046477556
2019-01-31 11:20:00,0.099693745
2019-01-31 11:30:00,0.047519863
2019-01-31 11:40:00,0.098634124
2019-01-31 11:50:00,0.047767818
2019-01-31 12:00:00,0.09815863
2019-01-31 12:10:00,0.04800138
2019-01-31 12:20:00,0.09690654
2019-01-31 12:30:00,0.045731217
2019-01-31 12:40:00,0.105407745
2019-01-31 12:50:00,0.051425606
2019-01-31 13:00:00,0.10062426
2019-01-31 13:10:00,0.046568304
2019-01-31 13:20:00,0.100640684
2019-01-31 13:30:00,0.05047041
2019-01-31 13:40:00,0.100637466
2019-01-31 13:50:00,0.04749334
2019-01-31 14:00:00,0.103755355
2019-01-31 14:10:00,0.052273363
2019-01-31 14:20:00,0.100274354
2019-01-31 14:30:00,0.0512785
2019-01-31 14:40:00,0.10773018
2019-01-31 14:50:00,0.052645147
2019-01-31 15:00:00,0.10297561
2019-01-31 15:10:00,0.04940349
2019-01-31 15:20:00,0.112094164
2019-01-31 15:30:00,0.057220697
2019-01-31 15:40:00,0.10726869
2019-01-31 15:50:00,0.051060677
2019-01-31 16:00:00,0.10869044
2019-01-31 16:10:00,0.05322346
2019-01-31 16:20:00,0.1020062
2019-01-31 16:30:00,0.050414413
2019-01-31 16:40:00,0.09874794
2019-01-31 16:50:00,0.051160842
2019-01-31 17:00:00,0.09061554
2019-01-31 17:10:00,0.05090028
2019-01-31 17:20:00,0.09700176
2019-01-31 17:30:00,0.051276922
2019-01-31 17:40:00,0.09469932
2019-01-31 17:50:00,0.048261374
2019-01-31 18:00:00,0.09245595
2019-01-31 18:10:00,0.049123853
2019-01-31 18:20:00,0.085089
2019-01-31 18:30:00,0.04166895
2019-01-31 18:40:00,0.082060695
2019-01-31 18:50:00,0.043555737
2019-01-31 19:00:00,0.0782699
2019-01-31 19:10:00,0.036839247
2019-01-31 19:20:00,0.07838231
2019-01-31 19:30:00,0.035660535
2019-01-31 19:40:00,0.06393963
2019-01-31 19:50:00,0.033749342
2019-01-31 20:00:00,0.06774336
2019-01-31 20:10:00,0.035854906
2019-01-31 20:20:00,0.07107139
2019-01-31 20:30:00,0.03165531
2019-01-31 20:40:00,0.06564897
2019-01-31 20:50:00,0.031572044
2019-01-31 21:00:00,0.06410548
2019-01-31 21:10:00,0.029612571
2019-01-31 21:20:00,0.06592798
2019-01-31 21:30:00,0.031045556
2019-01-31 21:40:00,0.07009676
2019-01-31 21:50:00,0.031600296
2019-01-31 22:00:00,0.066489786
2019-01-31 22:10:00,0.029633641
2019-01-31 22:20:00,0.06567025
2019-01-31 22:30:00,0.028595924
2019-01-31 22:40:00,0.06179735
2019-01-31 22:50:00,0.03040132
2019-01-31 23:00:00,0.06315389
2019-01-31 23:10:00,0.028117329
2019-01-31 23:20:00,0.05580607
2019-01-31 23:30:00,0.027338058
2019-01-31 23:40:00,0.06126547
2019-01-31 23:50:00,0.02623409
2019-02-01 00:00:00,0.05259329
2019-02-01 00:10:00,0.025873333
2019-02-01 00:20:00,0.056089073
2019-02-01 00:30:00,0.025594741
2019-02-01 00:40:00,0.05141759
2019-02-01 00:50:00,0.025518924
2019-02-01 01:00:00,0.052126706
2019-02-01 01:10:00,0.025203615
2019-02-01 01:20:00,0.050116688
2019-02-01 01:30:00,0.02633521
2019-02-01 01:40:00,0.062328637
2019-02-01 01:50:00,0.028369814
2019-02-01 02:00:00,0.053008497
2019-02-01 02:10:00,0.029284984
2019-02-01 02:20:00,0.057950616
2019-02-01 02:30:00,0.028948754
2019-02-01 02:40:00,0.05055785
2019-02-01 02:50:00,0.03150332
2019-02-01 03:00:00,0.065057755
2019-02-01 03:10:00,0.03665462
2019-02-01 03:20:00,0.052516848
2019-02-01 03:30:00,0.026773721
2019-02-01 03:40:00,0.049514025
2019-02-01 03:50:00,0.03000909
2019-02-01 04:00:00,0.04437056
2019-02-01 04:10:00,0.024814457
2019-02-01 04:20:00,0.052868903
2019-02-01 04:30:00,0.02700743
2019-02-01 04:40:00,0.04302451
2019-02-01 04:50:00,0.029482782
2019-02-01 05:00:00,0.046186358
2019-02-01 05:10:00,0.02757895
2019-02-01 05:20:00,0.034908473
2019-02-01 05:30:00,0.026990026
2019-02-01 05:40:00,0.039179206
2019-02-01 05:50:00,0.026967466
2019-02-01 06:00:00,0.033908933
2019-02-01 06:10:00,0.026987374
2019-02-01 06:20:00,0.0396581
2019-02-01 06:30:00,0.028075427
2019-02-01 06:40:00,0.033782274
2019-02-01 06:50:00,0.024288684
2019-02-01 07:00:00,0.037221372
2019-02-01 07:10:00,0.022384018
2019-02-01 07:20:00,0.0322133
2019-02-01 07:30:00,0.020897448
2019-02-01 07:40:00,0.033984154
2019-02-01 07:50:00,0.020756185
2019-02-01 08:00:00,0.027354151
2019-02-01 08:10:00,0.020122766
2019-02-01 08:20:00,0.030595005
2019-02-01 08:30:00,0.018902272
2019-02-01 08:40:00,0.026494026
2019-02-01 08:50:00,0.017653078
2019-02-01 09:00:00,0.029897422
2019-02-01 09:10:00,0.018327624
2019-02-01 09:20:00,0.023667842
2019-02-01 09:30:00,0.017369032
2019-02-01 09:40:00,0.025539905
2019-02-01 09:50:00,0.017654538
2019-02-01 10:00:00,0.024761647
2019-02-01 10:10:00,0.020473033
2019-02-01 10:20:00,0.029039204
2019-02-01 10:30:00,0.018990934
2019-02-01 10:40:00,0.024517745
2019-02-01 10:50:00,0.01886931
2019-02-01 11:00:00,0.026610494
2019-02-01 11:10:00,0.018649578
2019-02-01 11:20:00,0.022862285
2019-02-01 11:30:00,0.01870197
2019-02-01 11:40:00,0.024986327
2019-02-01 11:50:00,0.017855227
2019-02-01 12:00:00,0.021910459
2019-02-01 12:10:00,0.01794216
2019-02-01 12:20:00,0.022214264
2019-02-01 12:30:00,0.0154001415
2019-02-01 12:40:00,0.02089268
2019-02-01 12:50:00,0.016191602
2019-02-01 13:00:00,0.019830585
2019-02-01 13:10:00,0.015228152
2019-02-01 13:20:00,0.017778099
2019-02-01 13:30:00,0.0151540935
2019-02-01 13:40:00,0.018845081
2019-02-01 13:50:00,0.014301509
2019-02-01 14:00:00,0.01708293
2019-02-01 14:10:00,0.016015053
2019-02-01 14:20:00,0.017206252
2019-02-01 14:30:00,0.0138041675
2019-02-01 14:40:00,0.018805087
2019-02-01 14:50:00,0.014048547
2019-02-01 15:00:00,0.016866297
2019-02-01 15:10:00,0.012852728
2019-02-01 15:20:00,0.01520291
2019-02-01 15:30:00,0.013068825
2019-02-01 15:40:00,0.01732102
2019-02-01 15:50:00,0.013844341
2019-02-01 16:00:00,0.014721096
2019-02-01 16:10:00,0.014756948
2019-02-01 16:20:00,0.014192849
2019-02-01 16:30:00,0.01196754
2019-02-01 16:40:00,0.012179792
2019-02-01 16:50:00,0.011930823
2019-02-01 17:00:00,0.013579398
2019-02-01 17:10:00,0.011360526
2019-02-01 17:20:00,0.011004388
2019-02-01 17:30:00,0.012125015
2019-02-01 17:40:00,0.01369229
2019-02-01 17:50:00,0.011767417
2019-02-01 18:00:00,0.012349516
2019-02-01 18:10:00,0.013546556
2019-02-01 18:20:00,0.012462199
2019-02-01 18:30:00,0.013069183
2019-02-01 18:40:00,0.010868669
2019-02-01 18:50:00,0.013174474
2019-02-01 19:00:00,0.0126083195
2019-02-01 19:10:00,0.0125878155
2019-02-01 19:20:00,0.010466993
2019-02-01 19:30:00,0.0137657225
2019-02-01 19:40:00,0.012427807
2019-02-01 19:50:00,0.012762368
2019-02-01 20:00:00,0.011117876
2019-02-01 20:10:00,0.013924807
2019-02-01 20:20:00,0.011850834
2019-02-01 20:30:00,0.011665553
2019-02-01 20:40:00,0.010287046
2019-02-01 20:50:00,0.013617635
2019-02-01 21:00:00,0.01131317
2019-02-01 21:10:00,0.011776835
2019-02-01 21:20:00,0.010371506
2019-02-01 21:30:00,0.012943864
2019-02-01 21:40:00,0.011077315
2019-02-01 21:50:00,0.0127337575
2019-02-01 22:00:00,0.010672569
2019-02-01 22:10:00,0.014855176
2019-02-01 22:20:00,0.011352837
2019-02-01 22:30:00,0.014343262
2019-02-01 22:40:00,0.011307299
2019-02-01 22:50:00,0.015435874
2019-02-01 23:00:00,0.01139763
2019-02-01 23:10:00,0.016840696
2019-02-01 23:20:00,0.011458546
2019-02-01 23:30:00,0.017601252
2019-02-01 23:40:00,0.013251185
2019-02-01 23:50:00,0.016685307
2019-02-02 00:00:00,0.011780947
2019-02-02 00:10:00,0.019069433
2019-02-02 00:20:00,0.011262536
2019-02-02 00:30:00,0.016475886
2019-02-02 00:40:00,0.010716796
2019-02-02 00:50:00,0.018127173
2019-02-02 01:00:00,0.011135548
2019-02-02 01:10:00,0.017154813
2019-02-02 01:20:00,0.011860013
2019-02-02 01:30:00,0.020955503
2019-02-02 01:40:00,0.012378484
2019-02-02 01:50:00,0.018789768
2019-02-02 02:00:00,0.011470884
2019-02-02 02:10:00,0.020479769
2019-02-02 02:20:00,0.011287391
2019-02-02 02:30:00,0.016501516
2019-02-02 02:40:00,0.01121521
2019-02-02 02:50:00,0.017798245
2019-02-02 03:00:00,0.010881633
2019-02-02 03:10:00,0.01598069
2019-02-02 03:20:00,0.010349989
2019-02-02 03:30:00,0.016866505
2019-02-02 03:40:00,0.0106987655
2019-02-02 03:50:00,0.016962588
2019-02-02 04:00:00,0.010961026
2019-02-02 04:10:00,0.01938203
2019-02-02 04:20:00,0.010539442
2019-02-02 04:30:00,0.017050564
2019-02-02 04:40:00,0.010403156
2019-02-02 04:50:00,0.019137591
2019-02-02 05:00:00,0.010213733
2019-02-02 05:10:00,0.018041342
2019-02-02 05:20:00,0.010161728
2019-02-02 05:30:00,0.018788606
2019-02-02 05:40:00,0.010647714
2019-02-02 05:50:00,0.017163426
2019-02-02 06:00:00,0.010912955
2019-02-02 06:10:00,0.018741935
2019-02-02 06:20:00,0.010371476
2019-02-02 06:30:00,0.016474485
2019-02-02 06:40:00,0.009553671
2019-02-02 06:50:00,0.01761502
2019-02-02 07:00:00,0.009436518
2019-02-02 07:10:00,0.016165465
2019-02-02 07:20:00,0.008919656
2019-02-02 07:30:00,0.017970026
2019-02-02 07:40:00,0.009063214
2019-02-02 07:50:00,0.016025007
2019-02-02 08:00:00,0.009012073
2019-02-02 08:10:00,0.017166942
2019-02-02 08:20:00,0.008279949
2019-02-02 08:30:00,0.014595121
2019-02-02 08:40:00,0.007845104
2019-02-02 08:50:00,0.014271915
2019-02-02 09:00:00,0.0073937774
2019-02-02 09:10:00,0.012044311
2019-02-02 09:20:00,0.007180929
2019-02-02 09:30:00,0.013596803
2019-02-02 09:40:00,0.0070248246
2019-02-02 09:50:00,0.011867076
2019-02-02 10:00:00,0.0070392787
2019-02-02 10:10:00,0.014616251
2019-02-02 10:20:00,0.0069158375
2019-02-02 10:30:00,0.012057692
2019-02-02 10:40:00,0.0068593025
2019-02-02 10:50:00,0.013897806
2019-02-02 11:00:00,0.006601095
2019-02-02 11:10:00,0.012633443
2019-02-02 11:20:00,0.0068808496
2019-02-02 11:30:00,0.013843656
2019-02-02 11:40:00,0.0070819855
2019-02-02 11:50:00,0.011996627
2019-02-02 12:00:00,0.0073163807
2019-02-02 12:10:00,0.013128519
2019-02-02 12:20:00,0.0068993866
2019-02-02 12:30:00,0.011154234
2019-02-02 12:40:00,0.006557435
2019-02-02 12:50:00,0.012122303
2019-02-02 13:00:00,0.0063948035
2019-02-02 13:10:00,0.010500908
2019-02-02 13:20:00,0.005633235
2019-02-02 13:30:00,0.011642337
2019-02-02 13:40:00,0.005925268
2019-02-02 13:50:00,0.009880453
2019-02-02 14:00:00,0.005841762
2019-02-02 14:10:00,0.010817677
2019-02-02 14:20:00,0.005185783
2019-02-02 14:30:00,0.009242892
2019-02-02 14:40:00,0.005140573
2019-02-02 14:50:00,0.01019901
2019-02-02 15:00:00,0.005002767
2019-02-02 15:10:00,0.008832902
2019-02-02 15:20:00,0.0045224726
2019-02-02 15:30:00,0.010192126
2019-02-02 15:40:00,0.0046575963
2019-02-02 15:50:00,0.008303672
2019-02-02 16:00:00,0.004227519
2019-02-02 16:10:00,0.010025144
2019-02-02 16:20:00,0.0040477216
2019-02-02 16:30:00,0.008194029
2019-02-02 16:40:00,0.0040282905
2019-02-02 16:50:00,0.009110928
2019-02-02 17:00:00,0.0039138794
2019-02-02 17:10:00,0.008379787
2019-02-02 17:20:00,0.0038680434
2019-02-02 17:30:00,0.00942108
2019-02-02 17:40:00,0.003764987
2019-02-02 17:50:00,0.0077500045
2019-02-02 18:00:00,0.003707081
2019-02-02 18:10:00,0.009424239
2019-02-02 18:20:00,0.0037358403
2019-02-02 18:30:00,0.008080214
2019-02-02 18:40:00,0.0037459135
2019-02-02 18:50:00,0.009416968
2019-02-02 19:00:00,0.0036701262
2019-02-02 19:10:00,0.008500069
2019-02-02 19:20:00,0.0036633313
2019-02-02 19:30:00,0.009029686
2019-02-02 19:40:00,0.0037729442
2019-02-02 19:50:00,0.008124292
2019-02-02 20:00:00,0.0037504435
2019-02-02 20:10:00,0.009215027
2019-02-02 20:20:00,0.003948629
2019-02-02 20:30:00,0.007978439
2019-02-02 20:40:00,0.0038828254
2019-02-02 20:50:00,0.0088535845
2019-02-02 21:00:00,0.0041218996
2019-02-02 21:10:00,0.008007646
2019-02-02 21:20:00,0.00396508
2019-02-02 21:30:00,0.009609103
2019-02-02 21:40:00,0.004255384
2019-02-02 21:50:00,0.007919908
2019-02-02 22:00:00,0.0038613975
2019-02-02 22:10:00,0.010334492
2019-02-02 22:20:00,0.003877014
2019-02-02 22:30:00,0.008991063
2019-02-02 22:40:00,0.003921151
2019-02-02 22:50:00,0.010043919
2019-02-02 23:00:00,0.0043549836
2019-02-02 23:10:00,0.008089244
2019-02-02 23:20:00,0.0042539835
2019-02-02 23:30:00,0.010033548
2019-02-02 23:40:00,0.00436759
2019-02-02 23:50:00,0.008595765
2019-02-03 00:00:00,0.0044841766
2019-02-03 00:10:00,0.009837598
2019-02-03 00:20:00,0.0048455596
2019-02-03 00:30:00,0.008607149
2019-02-03 00:40:00,0.004921049
2019-02-03 00:50:00,0.010111749
2019-02-03 01:00:00,0.0051383674
2019-02-03 01:10:00,0.008822054
2019-02-03 01:20:00,0.0052376986
2019-02-03 01:30:00,0.010309279
2019-02-03 01:40:00,0.0053575933
2019-02-03 01:50:00,0.009003371
2019-02-03 02:00:00,0.0050759614
2019-02-03 02:10:00,0.009418458
2019-02-03 02:20:00,0.0045264363
2019-02-03 02:30:00,0.0076740384
2019-02-03 02:40:00,0.004364699
2019-02-03 02:50:00,0.00976187
2019-02-03 03:00:00,0.0045308173
2019-02-03 03:10:00,0.008546025
2019-02-03 03:20:00,0.0050513446
2019-02-03 03:30:00,0.010531276
2019-02-03 03:40:00,0.0050275326
2019-02-03 03:50:00,0.008536071
2019-02-03 04:00:00,0.005501628
2019-02-03 04:10:00,0.0102084875
2019-02-03 04:20:00,0.0053326786
2019-02-03 04:30:00,0.00925523
2019-02-03 04:40:00,0.0050623417
2019-02-03 04:50:00,0.00959608
2019-02-03 05:00:00,0.0051552653
2019-02-03 05:10:00,0.008538157
2019-02-03 05:20:00,0.0046988726
2019-02-03 05:30:00,0.0077920556
2019-02-03 05:40:00,0.0045906007
2019-02-03 05:50:00,0.0071258247
2019-02-03 06:00:00,0.0049090683
2019-02-03 06:10:00,0.008178413
2019-02-03 06:20:00,0.004517138
2019-02-03 06:30:00,0.007289797
2019-02-03 06:40:00,0.004963547
2019-02-03 06:50:00,0.008485973
2019-02-03 07:00:00,0.0046916306
2019-02-03 07:10:00,0.0072343946
2019-02-03 07:20:00,0.0053795576
2019-02-03 07:30:00,0.008198947
2019-02-03 07:40:00,0.0047606826
2019-02-03 07:50:00,0.0075764954
2019-02-03 08:00:00,0.005575508
2019-02-03 08:10:00,0.008599967
2019-02-03 08:20:00,0.005161613
2019-02-03 08:30:00,0.007722825
2019-02-03 08:40:00,0.005677432
2019-02-03 08:50:00,0.009080231
2019-02-03 09:00:00,0.0053872764
2019-02-03 09:10:00,0.008877605
2019-02-03 09:20:00,0.0063143075
2019-02-03 09:30:00,0.010907322
2019-02-03 09:40:00,0.005761534
2019-02-03 09:50:00,0.009845972
2019-02-03 10:00:00,0.0061668158
2019-02-03 10:10:00,0.010462016
2019-02-03 10:20:00,0.0058807135
2019-02-03 10:30:00,0.010173768
2019-02-03 10:40:00,0.006409824
2019-02-03 10:50:00,0.010679275
2019-02-03 11:00:00,0.006123364
2019-02-03 11:10:00,0.009933531
2019-02-03 11:20:00,0.006891668
2019-02-03 11:30:00,0.011079788
2019-02-03 11:40:00,0.0062458217
2019-02-03 11:50:00,0.010169566
2019-02-03 12:00:00,0.0070464313
2019-02-03 12:10:00,0.010713756
2019-02-03 12:20:00,0.0065030754
2019-02-03 12:30:00,0.010520577
2019-02-03 12:40:00,0.007421285
2019-02-03 12:50:00,0.0117354095
2019-02-03 13:00:00,0.007160783
2019-02-03 13:10:00,0.011901379
2019-02-03 13:20:00,0.008182973
2019-02-03 13:30:00,0.012599379
2019-02-03 13:40:00,0.0073734224
2019-02-03 13:50:00,0.0124028325
2019-02-03 14:00:00,0.008480072
2019-02-03 14:10:00,0.012127131
2019-02-03 14:20:00,0.007812053
2019-02-03 14:30:00,0.012639374
2019-02-03 14:40:00,0.009303421
2019-02-03 14:50:00,0.014044523
2019-02-03 15:00:00,0.009097844
2019-02-03 15:10:00,0.013501614
2019-02-03 15:20:00,0.010205299
2019-02-03 15:30:00,0.014130712
2019-02-03 15:40:00,0.009550095
2019-02-03 15:50:00,0.013777643
2019-02-03 16:00:00,0.010924637
2019-02-03 16:10:00,0.015140742
2019-02-03 16:20:00,0.010296911
2019-02-03 16:30:00,0.015370131
2019-02-03 16:40:00,0.011473179
2019-02-03 16:50:00,0.015543729
2019-02-03 17:00:00,0.01015684
2019-02-03 17:10:00,0.015308052
2019-02-03 17:20:00,0.011158049
2019-02-03 17:30:00,0.015710592
2019-02-03 17:40:00,0.0100667775
2019-02-03 17:50:00,0.015779972
2019-02-03 18:00:00,0.011729449
2019-02-03 18:10:00,0.01615733
2019-02-03 18:20:00,0.010794193
2019-02-03 18:30:00,0.015431941
2019-02-03 18:40:00,0.01226455
2019-02-03 18:50:00,0.015544862
2019-02-03 19:00:00,0.010650277
2019-02-03 19:10:00,0.012678713
2019-02-03 19:20:00,0.009558022
2019-02-03 19:30:00,0.010055602
2019-02-03 19:40:00,0.006903589
2019-02-03 19:50:00,0.007776797
2019-02-03 20:00:00,0.006498039
2019-02-03 20:10:00,0.0064527094
2019-02-03 20:20:00,0.005168289
2019-02-03 20:30:00,0.006077528
2019-02-03 20:40:00,0.0048933327
2019-02-03 20:50:00,0.005409181
2019-02-03 21:00:00,0.004523933
2019-02-03 21:10:00,0.0050724745
2019-02-03 21:20:00,0.004350573
2019-02-03 21:30:00,0.004756421
2019-02-03 21:40:00,0.0043329895
2019-02-03 21:50:00,0.005020678
2019-02-03 22:00:00,0.0037549138
2019-02-03 22:10:00,0.0045342743
2019-02-03 22:20:00,0.003816247
2019-02-03 22:30:00,0.0046839416
2019-02-03 22:40:00,0.0037374794
2019-02-03 22:50:00,0.004364282
2019-02-03 23:00:00,0.0035984218
2019-02-03 23:10:00,0.004354924
2019-02-03 23:20:00,0.0035975575
2019-02-03 23:30:00,0.0038873553
2019-02-03 23:40:00,0.0034697056
2019-02-03 23:50:00,0.0041677356
2019-02-04 00:00:00,0.0032625794
2019-02-04 00:10:00,0.0025583208
2019-02-04 00:20:00,0.0030937493
2019-02-04 00:30:00,0.0026406944
2019-02-04 00:40:00,0.002880454
2019-02-04 00:50:00,0.0020872355
2019-02-04 01:00:00,0.002719313
2019-02-04 01:10:00,0.0019967556
2019-02-04 01:20:00,0.0024448037
2019-02-04 01:30:00,0.0018490851
2019-02-04 01:40:00,0.0024876595
2019-02-04 01:50:00,0.0018217862
2019-02-04 02:00:00,0.0021331012
2019-02-04 02:10:00,0.0016508698
2019-02-04 02:20:00,0.0021292567
2019-02-04 02:30:00,0.0015445948
2019-02-04 02:40:00,0.0017218888
2019-02-04 02:50:00,0.0012460649
2019-02-04 03:00:00,0.001832664
2019-02-04 03:10:00,0.0013485253
2019-02-04 03:20:00,0.0015343726
2019-02-04 03:30:00,0.0012120306
2019-02-04 03:40:00,0.0014579892
2019-02-04 03:50:00,0.0013293922
2019-02-04 04:00:00,0.0011512935
2019-02-04 04:10:00,0.0011129379
2019-02-04 04:20:00,0.0011048019
2019-02-04 04:30:00,0.001140058
2019-02-04 04:40:00,0.00094234943
2019-02-04 04:50:00,0.0010705888
2019-02-04 05:00:00,0.0008994639
2019-02-04 05:10:00,0.0010735691
2019-02-04 05:20:00,0.0007645488
2019-02-04 05:30:00,0.00098297
2019-02-04 05:40:00,0.00088098645
2019-02-04 05:50:00,0.0010822415
2019-02-04 06:00:00,0.0008198023
2019-02-04 06:10:00,0.0009956956
2019-02-04 06:20:00,0.0009191334
2019-02-04 06:30:00,0.0010693669
2019-02-04 06:40:00,0.00085929036
2019-02-04 06:50:00,0.0010602176
2019-02-04 07:00:00,0.00093239546
2019-02-04 07:10:00,0.0011613071
2019-02-04 07:20:00,0.0007815361
2019-02-04 07:30:00,0.0011143088
2019-02-04 07:40:00,0.00094494224
2019-02-04 07:50:00,0.0012740195
2019-02-04 08:00:00,0.0008161366
2019-02-04 08:10:00,0.0011588931
2019-02-04 08:20:00,0.0009152293
2019-02-04 08:30:00,0.0011228621
2019-02-04 08:40:00,0.00075373054
2019-02-04 08:50:00,0.0010307729
2019-02-04 09:00:00,0.0008634925
2019-02-04 09:10:00,0.0010574758
2019-02-04 09:20:00,0.00076022744
2019-02-04 09:30:00,0.0010232627
2019-02-04 09:40:00,0.000918746
2019-02-04 09:50:00,0.0011290908
2019-02-04 10:00:00,0.00079867244
2019-02-04 10:10:00,0.0010839105
2019-02-04 10:20:00,0.0010167956
2019-02-04 10:30:00,0.00085139275
2019-02-04 10:40:00,0.00082942843
2019-02-04 10:50:00,0.00068342686
2019-02-04 11:00:00,0.0008738041
2019-02-04 11:10:00,0.00035524368
2019-02-04 11:20:00,0.0006747544
2019-02-04 11:30:00,0.00029435754
2019-02-04 11:40:00,0.0007035136
2019-02-04 11:50:00,0.00023534894
2019-02-04 12:00:00,0.00063738227
2019-02-04 12:10:00,0.0002591014
2019-02-04 12:20:00,0.00071546435
2019-02-04 12:30:00,0.00026899576
2019-02-04 12:40:00,0.00057315826
2019-02-04 12:50:00,0.00027480721
2019-02-04 13:00:00,0.0006583929
2019-02-04 13:10:00,0.00028073788
2019-02-04 13:20:00,0.00055989623
2019-02-04 13:30:00,0.00028645992
2019-02-04 13:40:00,0.00062066317
2019-02-04 13:50:00,0.00028148293
2019-02-04 14:00:00,0.0005463958
2019-02-04 14:10:00,0.00031393766
2019-02-04 14:20:00,0.0006545782
2019-02-04 14:30:00,0.0002732277
2019-02-04 14:40:00,0.00060263276
2019-02-04 14:50:00,0.0002848804
2019-02-04 15:00:00,0.00071290135
2019-02-04 15:10:00,0.00026091933
2019-02-04 15:20:00,0.0006650686
2019-02-04 15:30:00,0.00028511882
2019-02-04 15:40:00,0.00076788664
2019-02-04 15:50:00,0.00026345253
2019-02-04 16:00:00,0.00071406364
2019-02-04 16:10:00,0.0002835989
2019-02-04 16:20:00,0.0008251667
2019-02-04 16:30:00,0.000246495
2019-02-04 16:40:00,0.000713408
2019-02-04 16:50:00,0.00025317073
2019-02-04 17:00:00,0.00078997016
2019-02-04 17:10:00,0.00021281838
2019-02-04 17:20:00,0.00066256523
2019-02-04 17:30:00,0.00022801757
2019-02-04 17:40:00,0.0007701516
2019-02-04 17:50:00,0.00021335483
2019-02-04 18:00:00,0.0007162094
2019-02-04 18:10:00,0.00024792552
2019-02-04 18:20:00,0.00087442994
2019-02-04 18:30:00,0.00023114681
2019-02-04 18:40:00,0.0007686019
2019-02-04 18:50:00,0.00024726987
2019-02-04 19:00:00,0.0009062886
2019-02-04 19:10:00,0.0002092421
2019-02-04 19:20:00,0.0007919371
2019-02-04 19:30:00,0.0002232492
2019-02-04 19:40:00,0.0009138286
2019-02-04 19:50:00,0.00020971894
2019-02-04 20:00:00,0.0008311868
2019-02-04 20:10:00,0.00024944544
2019-02-04 20:20:00,0.0010519922
2019-02-04 20:30:00,0.00022703409
2019-02-04 20:40:00,0.00097209215
2019-02-04 20:50:00,0.00026607513
2019-02-04 21:00:00,0.0011143982
2019-02-04 21:10:00,0.00023183227
2019-02-04 21:20:00,0.0010287762
2019-02-04 21:30:00,0.00026595592
2019-02-04 21:40:00,0.0012082756
2019-02-04 21:50:00,0.00023946166
2019-02-04 22:00:00,0.0011340976
2019-02-04 22:10:00,0.00027653575
2019-02-04 22:20:00,0.0013159811
2019-02-04 22:30:00,0.000246495
2019-02-04 22:40:00,0.0012260079
2019-02-04 22:50:00,0.0003093481
2019-02-04 23:00:00,0.0013681948
2019-02-04 23:10:00,0.0002799034
2019-02-04 23:20:00,0.0013904572
2019-02-04 23:30:00,0.0003657937
2019-02-04 23:40:00,0.0016081631
2019-02-04 23:50:00,0.0003196597
2019-02-05 00:00:00,0.001572907
2019-02-05 00:10:00,0.00039815903
2019-02-05 00:20:00,0.0018319786
2019-02-05 00:30:00,0.00033918023
2019-02-05 00:40:00,0.0016788542
2019-02-05 00:50:00,0.0003773272
2019-02-05 01:00:00,0.0018443167
2019-02-05 01:10:00,0.00033935905
2019-02-05 01:20:00,0.0018180013
2019-02-05 01:30:00,0.00045272708
2019-02-05 01:40:00,0.0022013485
2019-02-05 01:50:00,0.0004505813
2019-02-05 02:00:00,0.0023134947
2019-02-05 02:10:00,0.0004849732
2019-02-05 02:20:00,0.0022747815
2019-02-05 02:30:00,0.00042414665
2019-02-05 02:40:00,0.002301097
2019-02-05 02:50:00,0.00020608306
2019-02-05 03:00:00,0.003234148
2019-02-05 03:10:00,0.00018763542
2019-02-05 03:20:00,0.0038661957
2019-02-05 03:30:00,0.00020259619
2019-02-05 03:40:00,0.0046089888
2019-02-05 03:50:00,0.0001757145
2019-02-05 04:00:00,0.0050425828
2019-02-05 04:10:00,0.0002182424
2019-02-05 04:20:00,0.0046067834
2019-02-05 04:30:00,0.00016766787
2019-02-05 04:40:00,0.004394084
2019-02-05 04:50:00,0.00016960502
2019-02-05 05:00:00,0.0043341815
2019-02-05 05:10:00,0.00017276406
2019-02-05 05:20:00,0.0041832626
2019-02-05 05:30:00,0.00014603138
2019-02-05 05:40:00,0.003808558
2019-02-05 05:50:00,0.00013417006
2019-02-05 06:00:00,0.0044282675
2019-02-05 06:10:00,0.00013527274
2019-02-05 06:20:00,0.004108101
2019-02-05 06:30:00,0.00014325976
2019-02-05 06:40:00,0.0045301616
2019-02-05 06:50:00,0.00013962388
2019-02-05 07:00:00,0.0040276945
2019-02-05 07:10:00,0.00013613701
2019-02-05 07:20:00,0.0043148696
2019-02-05 07:30:00,0.00013816357
2019-02-05 07:40:00,0.0040565133
2019-02-05 07:50:00,0.00014695525
2019-02-05 08:00:00,0.0043129623
2019-02-05 08:10:00,0.00012752414
2019-02-05 08:20:00,0.0043971837
2019-02-05 08:30:00,0.00014284253
2019-02-05 08:40:00,0.004296452
2019-02-05 08:50:00,0.00010388273
2019-02-05 09:00:00,0.004687488
2019-02-05 09:10:00,0.00012981892
2019-02-05 09:20:00,0.005124092
2019-02-05 09:30:00,0.00011324774
2019-02-05 09:40:00,0.00569731
2019-02-05 09:50:00,0.00014904141
2019-02-05 10:00:00,0.0058145523
2019-02-05 10:10:00,0.00012949109
2019-02-05 10:20:00,0.0051997304
2019-02-05 10:30:00,0.00014865398
2019-02-05 10:40:00,0.0053800344
2019-02-05 10:50:00,0.00010330064
2019-02-05 11:00:00,0.0051720142
2019-02-05 11:10:00,0.00012975931
2019-02-05 11:20:00,0.006112069
2019-02-05 11:30:00,9.905019e-05
2019-02-05 11:40:00,0.007683784
2019-02-05 11:50:00,0.00016492605
2019-02-05 12:00:00,0.0081939995
2019-02-05 12:10:00,0.0001161158
2019-02-05 12:20:00,0.007727891
2019-02-05 12:30:00,0.00015646219
2019-02-05 12:40:00,0.007777065
2019-02-05 12:50:00,0.00011373338
2019-02-05 13:00:00,0.007047415
2019-02-05 13:10:00,0.0001487732
2019-02-05 13:20:00,0.00734818
2019-02-05 13:30:00,0.00010401547
2019-02-05 13:40:00,0.0071324706
2019-02-05 13:50:00,0.00016117096
2019-02-05 14:00:00,0.007708013
2019-02-05 14:10:00,0.000112774826
2019-02-05 14:20:00,0.0073916316
2019-02-05 14:30:00,0.00018414855
2019-02-05 14:40:00,0.007832199
2019-02-05 14:50:00,0.0001309216
2019-02-05 15:00:00,0.0079089105
2019-02-05 15:10:00,0.00022986531
2019-02-05 15:20:00,0.008204907
2019-02-05 15:30:00,0.00016468763
2019-02-05 15:40:00,0.0088633
2019-02-05 15:50:00,0.0002449453
2019-02-05 16:00:00,0.009519041
2019-02-05 16:10:00,0.00015687943
2019-02-05 16:20:00,0.0095977485
2019-02-05 16:30:00,0.00024271011
2019-02-05 16:40:00,0.0104729235
2019-02-05 16:50:00,0.00018790364
2019-02-05 17:00:00,0.011118501
2019-02-05 17:10:00,0.0003761649
2019-02-05 17:20:00,0.012760699
2019-02-05 17:30:00,0.0003117323
2019-02-05 17:40:00,0.01238364
2019-02-05 17:50:00,0.0006622672
2019-02-05 18:00:00,0.013705939
2019-02-05 18:10:00,0.0005326569
2019-02-05 18:20:00,0.012640446
2019-02-05 18:30:00,0.000880599
2019-02-05 18:40:00,0.014136642
2019-02-05 18:50:00,0.0006493628
2019-02-05 19:00:00,0.013729721
2019-02-05 19:10:00,0.0010814071
2019-02-05 19:20:00,0.015182823
2019-02-05 19:30:00,0.0007015765
2019-02-05 19:40:00,0.014885813
2019-02-05 19:50:00,0.0011377931
2019-02-05 20:00:00,0.018008828
2019-02-05 20:10:00,0.0007208288
2019-02-05 20:20:00,0.014926642
2019-02-05 20:30:00,0.0012442172
2019-02-05 20:40:00,0.023365676
2019-02-05 20:50:00,0.000988394
2019-02-05 21:00:00,0.02196309
2019-02-05 21:10:00,0.0015894473
2019-02-05 21:20:00,0.02405721
2019-02-05 21:30:00,0.0010937452
2019-02-05 21:40:00,0.02178359
2019-02-05 21:50:00,0.0017466545
2019-02-05 22:00:00,0.023762763
2019-02-05 22:10:00,0.0011407435
2019-02-05 22:20:00,0.021452338
2019-02-05 22:30:00,0.0017297566
2019-02-05 22:40:00,0.02301842
2019-02-05 22:50:00,0.0010314286
2019-02-05 23:00:00,0.020231396
2019-02-05 23:10:00,0.0015981793
2019-02-05 23:20:00,0.024011582
2019-02-05 23:30:00,0.0011454523
2019-02-05 23:40:00,0.019936532
2019-02-05 23:50:00,0.0017686486
2019-02-06 00:00:00,0.024569243
2019-02-06 00:10:00,0.0013093352
2019-02-06 00:20:00,0.018740445
2019-02-06 00:30:00,0.0018901825
2019-02-06 00:40:00,0.021931797
2019-02-06 00:50:00,0.0012718737
2019-02-06 01:00:00,0.018504411
2019-02-06 01:10:00,0.0018360615
2019-02-06 01:20:00,0.020172209
2019-02-06 01:30:00,0.0014230013
2019-02-06 01:40:00,0.01878947
2019-02-06 01:50:00,0.002326548
2019-02-06 02:00:00,0.02219975
2019-02-06 02:10:00,0.0017549694
2019-02-06 02:20:00,0.019117177
2019-02-06 02:30:00,0.0029117167
2019-02-06 02:40:00,0.023374975
2019-02-06 02:50:00,0.002499193
2019-02-06 03:00:00,0.020570844
2019-02-06 03:10:00,0.0036023855
2019-02-06 03:20:00,0.025655657
2019-02-06 03:30:00,0.0029277503
2019-02-06 03:40:00,0.022316843
2019-02-06 03:50:00,0.0043352544
2019-02-06 04:00:00,0.026201636
2019-02-06 04:10:00,0.0035274029
2019-02-06 04:20:00,0.020761043
2019-02-06 04:30:00,0.004310608
2019-02-06 04:40:00,0.024440587
2019-02-06 04:50:00,0.0032514036
2019-02-06 05:00:00,0.020730913
2019-02-06 05:10:00,0.0040540695
2019-02-06 05:20:00,0.024631977
2019-02-06 05:30:00,0.0033237338
2019-02-06 05:40:00,0.020541519
2019-02-06 05:50:00,0.004455447
2019-02-06 06:00:00,0.026239395
2019-02-06 06:10:00,0.004265547
2019-02-06 06:20:00,0.021585286
2019-02-06 06:30:00,0.0053657293
2019-02-06 06:40:00,0.025902808
2019-02-06 06:50:00,0.005030483
2019-02-06 07:00:00,0.022640407
2019-02-06 07:10:00,0.006041199
2019-02-06 07:20:00,0.026340514
2019-02-06 07:30:00,0.005106151
2019-02-06 07:40:00,0.024065405
2019-02-06 07:50:00,0.00621441
2019-02-06 08:00:00,0.028237343
2019-02-06 08:10:00,0.005793065
2019-02-06 08:20:00,0.024266064
2019-02-06 08:30:00,0.007069677
2019-02-06 08:40:00,0.02959305
2019-02-06 08:50:00,0.008699238
2019-02-06 09:00:00,0.025225848
2019-02-06 09:10:00,0.010105163
2019-02-06 09:20:00,0.030183673
2019-02-06 09:30:00,0.0130805075
2019-02-06 09:40:00,0.024759829
2019-02-06 09:50:00,0.015256822
2019-02-06 10:00:00,0.031759083
2019-02-06 10:10:00,0.025842965
2019-02-06 10:20:00,0.027873278
2019-02-06 10:30:00,0.025215536
2019-02-06 10:40:00,0.03611785
2019-02-06 10:50:00,0.031642377
2019-02-06 11:00:00,0.03357482
2019-02-06 11:10:00,0.02983439
2019-02-06 11:20:00,0.041817933
2019-02-06 11:30:00,0.029105425
2019-02-06 11:40:00,0.039084524
2019-02-06 11:50:00,0.032651246
2019-02-06 12:00:00,0.056435347
2019-02-06 12:10:00,0.03535384
2019-02-06 12:20:00,0.049242765
2019-02-06 12:30:00,0.033082157
2019-02-06 12:40:00,0.051802367
2019-02-06 12:50:00,0.03129685
2019-02-06 13:00:00,0.04439777
2019-02-06 13:10:00,0.028796077
2019-02-06 13:20:00,0.05256632
2019-02-06 13:30:00,0.029583007
2019-02-06 13:40:00,0.049556315
2019-02-06 13:50:00,0.028158396
2019-02-06 14:00:00,0.051296532
2019-02-06 14:10:00,0.028120726
2019-02-06 14:20:00,0.04535356
2019-02-06 14:30:00,0.027403355
2019-02-06 14:40:00,0.049262166
2019-02-06 14:50:00,0.024562627
2019-02-06 15:00:00,0.045235127
2019-02-06 15:10:00,0.02665323
2019-02-06 15:20:00,0.053461015
2019-02-06 15:30:00,0.02589783
2019-02-06 15:40:00,0.046016216
2019-02-06 15:50:00,0.025736213
2019-02-06 16:00:00,0.049440652
2019-02-06 16:10:00,0.023955613
2019-02-06 16:20:00,0.04363382
2019-02-06 16:30:00,0.024035603
2019-02-06 16:40:00,0.048920274
2019-02-06 16:50:00,0.022338212
2019-02-06 17:00:00,0.043344468
2019-02-06 17:10:00,0.022628874
2019-02-06 17:20:00,0.04704693
2019-02-06 17:30:00,0.02176416
2019-02-06 17:40:00,0.043406576
2019-02-06 17:50:00,0.021650791
2019-02-06 18:00:00,0.04637736
2019-02-06 18:10:00,0.022582382
2019-02-06 18:20:00,0.03896606
2019-02-06 18:30:00,0.021265686
2019-02-06 18:40:00,0.042987913
2019-02-06 18:50:00,0.020708144
2019-02-06 19:00:00,0.03896156
2019-02-06 19:10:00,0.020999014
2019-02-06 19:20:00,0.039599568
2019-02-06 19:30:00,0.018649042
2019-02-06 19:40:00,0.03416571
2019-02-06 19:50:00,0.018135488
2019-02-06 20:00:00,0.03282225
2019-02-06 20:10:00,0.016683072
2019-02-06 20:20:00,0.028925091
2019-02-06 20:30:00,0.015829295
2019-02-06 20:40:00,0.03170204
2019-02-06 20:50:00,0.0148901045
2019-02-06 21:00:00,0.027151734
2019-02-06 21:10:00,0.014001459
2019-02-06 21:20:00,0.028588831
2019-02-06 21:30:00,0.011892229
2019-02-06 21:40:00,0.023613065
2019-02-06 21:50:00,0.010689706
2019-02-06 22:00:00,0.026993781
2019-02-06 22:10:00,0.010343641
2019-02-06 22:20:00,0.021953762
2019-02-06 22:30:00,0.010466397
2019-02-06 22:40:00,0.025634497
2019-02-06 22:50:00,0.009480417
2019-02-06 23:00:00,0.020826995
2019-02-06 23:10:00,0.008575827
2019-02-06 23:20:00,0.023286223
2019-02-06 23:30:00,0.009252578
2019-02-06 23:40:00,0.02126962
2019-02-06 23:50:00,0.009691507
2019-02-07 00:00:00,0.021889478
2019-02-07 00:10:00,0.008991867
2019-02-07 00:20:00,0.020247817
2019-02-07 00:30:00,0.008627266
2019-02-07 00:40:00,0.02293107
2019-02-07 00:50:00,0.008094698
2019-02-07 01:00:00,0.021791011
2019-02-07 01:10:00,0.00801596
2019-02-07 01:20:00,0.02441457
2019-02-07 01:30:00,0.0081477165
2019-02-07 01:40:00,0.020985186
2019-02-07 01:50:00,0.008210421
2019-02-07 02:00:00,0.023692906
2019-02-07 02:10:00,0.008202672
2019-02-07 02:20:00,0.022305012
2019-02-07 02:30:00,0.0076515377
2019-02-07 02:40:00,0.020813793
2019-02-07 02:50:00,0.0075553656
2019-02-07 03:00:00,0.019571751
2019-02-07 03:10:00,0.0076063275
2019-02-07 03:20:00,0.016846031
2019-02-07 03:30:00,0.0074793994
2019-02-07 03:40:00,0.016080469
2019-02-07 03:50:00,0.0069595873
2019-02-07 04:00:00,0.01348868
2019-02-07 04:10:00,0.007018566
2019-02-07 04:20:00,0.01338625
2019-02-07 04:30:00,0.006498039
2019-02-07 04:40:00,0.01699683
2019-02-07 04:50:00,0.006799966
2019-02-07 05:00:00,0.014694005
2019-02-07 05:10:00,0.0065684915
2019-02-07 05:20:00,0.015486419
2019-02-07 05:30:00,0.006771922
2019-02-07 05:40:00,0.013598502
2019-02-07 05:50:00,0.0070815384
2019-02-07 06:00:00,0.014947623
2019-02-07 06:10:00,0.0071992576
2019-02-07 06:20:00,0.012179136
2019-02-07 06:30:00,0.0077108443
2019-02-07 06:40:00,0.013550043
2019-02-07 06:50:00,0.0076570213
2019-02-07 07:00:00,0.012195319
2019-02-07 07:10:00,0.008411318
2019-02-07 07:20:00,0.014962435
2019-02-07 07:30:00,0.008610547
2019-02-07 07:40:00,0.012683094
2019-02-07 07:50:00,0.009490699
2019-02-07 08:00:00,0.015835255
2019-02-07 08:10:00,0.009376198
2019-02-07 08:20:00,0.013349086
2019-02-07 08:30:00,0.0101394355
2019-02-07 08:40:00,0.015333593
2019-02-07 08:50:00,0.009683579
2019-02-07 09:00:00,0.01237613
2019-02-07 09:10:00,0.010289788
2019-02-07 09:20:00,0.01423195
2019-02-07 09:30:00,0.010570407
2019-02-07 09:40:00,0.011599988
2019-02-07 09:50:00,0.008934349
2019-02-07 10:00:00,0.013255775
2019-02-07 10:10:00,0.011272252
2019-02-07 10:20:00,0.010374516
2019-02-07 10:30:00,0.011522144
2019-02-07 10:40:00,0.0127875805
2019-02-07 10:50:00,0.011419505
2019-02-07 11:00:00,0.011502475
2019-02-07 11:10:00,0.013365328
2019-02-07 11:20:00,0.012793601
2019-02-07 11:30:00,0.012104273
2019-02-07 11:40:00,0.010493755
2019-02-07 11:50:00,0.014073551
2019-02-07 12:00:00,0.0121379495
2019-02-07 12:10:00,0.012693256
2019-02-07 12:20:00,0.009752423
2019-02-07 12:30:00,0.012250394
2019-02-07 12:40:00,0.011728257
2019-02-07 12:50:00,0.0127620995
2019-02-07 13:00:00,0.009575009
2019-02-07 13:10:00,0.014104754
2019-02-07 13:20:00,0.011528969
2019-02-07 13:30:00,0.0128798485
2019-02-07 13:40:00,0.009197682
2019-02-07 13:50:00,0.014697611
2019-02-07 14:00:00,0.011638552
2019-02-07 14:10:00,0.013512969
2019-02-07 14:20:00,0.009555191
2019-02-07 14:30:00,0.015424937
2019-02-07 14:40:00,0.011940986
2019-02-07 14:50:00,0.013800919
2019-02-07 15:00:00,0.009392709
2019-02-07 15:10:00,0.014215559
2019-02-07 15:20:00,0.011402935
2019-02-07 15:30:00,0.012372136
2019-02-07 15:40:00,0.009012997
2019-02-07 15:50:00,0.01326558
2019-02-07 16:00:00,0.01221174
2019-02-07 16:10:00,0.01287961
2019-02-07 16:20:00,0.010325044
2019-02-07 16:30:00,0.014542818
2019-02-07 16:40:00,0.01318711
2019-02-07 16:50:00,0.014035463
2019-02-07 17:00:00,0.009928256
2019-02-07 17:10:00,0.015121371
2019-02-07 17:20:00,0.012435138
2019-02-07 17:30:00,0.013264686
2019-02-07 17:40:00,0.010040611
2019-02-07 17:50:00,0.014155418
2019-02-07 18:00:00,0.013083845
2019-02-07 18:10:00,0.013771385
2019-02-07 18:20:00,0.010334939
2019-02-07 18:30:00,0.014850378
2019-02-07 18:40:00,0.012557596
2019-02-07 18:50:00,0.013265401
2019-02-07 19:00:00,0.011101007
2019-02-07 19:10:00,0.015102625
2019-02-07 19:20:00,0.013240784
2019-02-07 19:30:00,0.014105052
2019-02-07 19:40:00,0.010988563
2019-02-07 19:50:00,0.015530437
2019-02-07 20:00:00,0.01390779
2019-02-07 20:10:00,0.014205039
2019-02-07 20:20:00,0.0110426545
2019-02-07 20:30:00,0.015316546
2019-02-07 20:40:00,0.013680369
2019-02-07 20:50:00,0.013773501
2019-02-07 21:00:00,0.010892451
2019-02-07 21:10:00,0.015297651
2019-02-07 21:20:00,0.013148814
2019-02-07 21:30:00,0.015025139
2019-02-07 21:40:00,0.011762112
2019-02-07 21:50:00,0.017617643
2019-02-07 22:00:00,0.015784174
2019-02-07 22:10:00,0.017984003
2019-02-07 22:20:00,0.014695615
2019-02-07 22:30:00,0.01840362
2019-02-07 22:40:00,0.016837686
2019-02-07 22:50:00,0.016703725
2019-02-07 23:00:00,0.013932437
2019-02-07 23:10:00,0.019290894
2019-02-07 23:20:00,0.016007334
2019-02-07 23:30:00,0.016896099
2019-02-07 23:40:00,0.013794422
2019-02-07 23:50:00,0.017687052
2019-02-08 00:00:00,0.016667455
2019-02-08 00:10:00,0.017179012
2019-02-08 00:20:00,0.014019519
2019-02-08 00:30:00,0.0163804
2019-02-08 00:40:00,0.018030852
2019-02-08 00:50:00,0.01628697
2019-02-08 01:00:00,0.015980333
2019-02-08 01:10:00,0.018953383
2019-02-08 01:20:00,0.020025343
2019-02-08 01:30:00,0.018686622
2019-02-08 01:40:00,0.017324626
2019-02-08 01:50:00,0.020995557
2019-02-08 02:00:00,0.024068147
2019-02-08 02:10:00,0.021577895
2019-02-08 02:20:00,0.0200319
2019-02-08 02:30:00,0.02326715
2019-02-08 02:40:00,0.02639094
2019-02-08 02:50:00,0.02209717
2019-02-08 03:00:00,0.022104055
2019-02-08 03:10:00,0.023646027
2019-02-08 03:20:00,0.028028697
2019-02-08 03:30:00,0.022666693
2019-02-08 03:40:00,0.023607641
2019-02-08 03:50:00,0.024046332
2019-02-08 04:00:00,0.033144295
2019-02-08 04:10:00,0.02578926
2019-02-08 04:20:00,0.028231978
2019-02-08 04:30:00,0.028374165
2019-02-08 04:40:00,0.037289202
2019-02-08 04:50:00,0.02930665
2019-02-08 05:00:00,0.030857205
2019-02-08 05:10:00,0.033874243
2019-02-08 05:20:00,0.043545365
2019-02-08 05:30:00,0.037038982
2019-02-08 05:40:00,0.037978977
2019-02-08 05:50:00,0.041468352
2019-02-08 06:00:00,0.052156597
2019-02-08 06:10:00,0.040384382
2019-02-08 06:20:00,0.045360237
2019-02-08 06:30:00,0.043643773
2019-02-08 06:40:00,0.06310618
2019-02-08 06:50:00,0.047231257
2019-02-08 07:00:00,0.052254915
2019-02-08 07:10:00,0.05306509
2019-02-08 07:20:00,0.07396522
2019-02-08 07:30:00,0.052212775
2019-02-08 07:40:00,0.065369666
2019-02-08 07:50:00,0.05899021
2019-02-08 08:00:00,0.08302438
2019-02-08 08:10:00,0.058830768
2019-02-08 08:20:00,0.06935951
2019-02-08 08:30:00,0.0611611
2019-02-08 08:40:00,0.08782339
2019-02-08 08:50:00,0.059016347
2019-02-08 09:00:00,0.072066694
2019-02-08 09:10:00,0.057761192
2019-02-08 09:20:00,0.10358134
2019-02-08 09:30:00,0.060982615
2019-02-08 09:40:00,0.08522856
2019-02-08 09:50:00,0.06396127
2019-02-08 10:00:00,0.11362797
2019-02-08 10:10:00,0.06190273
2019-02-08 10:20:00,0.10745248
2019-02-08 10:30:00,0.069254875
2019-02-08 10:40:00,0.14659917
2019-02-08 10:50:00,0.06865716
2019-02-08 11:00:00,0.1355567
2019-02-08 11:10:00,0.07141617
2019-02-08 11:20:00,0.155211
2019-02-08 11:30:00,0.073779285
2019-02-08 11:40:00,0.13867652
2019-02-08 11:50:00,0.074205905
2019-02-08 12:00:00,0.15652779
2019-02-08 12:10:00,0.079659164
2019-02-08 12:20:00,0.15050393
2019-02-08 12:30:00,0.08071548
2019-02-08 12:40:00,0.1686624
2019-02-08 12:50:00,0.08032724
2019-02-08 13:00:00,0.15405616
2019-02-08 13:10:00,0.08034325
2019-02-08 13:20:00,0.17782423
2019-02-08 13:30:00,0.084356934
2019-02-08 13:40:00,0.15893853
2019-02-08 13:50:00,0.081474304
2019-02-08 14:00:00,0.1796591
2019-02-08 14:10:00,0.08202815
2019-02-08 14:20:00,0.16581309
2019-02-08 14:30:00,0.083937466
2019-02-08 14:40:00,0.17910275
2019-02-08 14:50:00,0.09363499
2019-02-08 15:00:00,0.18055132
2019-02-08 15:10:00,0.095677525
2019-02-08 15:20:00,0.19224069
2019-02-08 15:30:00,0.10365242
2019-02-08 15:40:00,0.19645351
2019-02-08 15:50:00,0.09806311
2019-02-08 16:00:00,0.2124083
2019-02-08 16:10:00,0.104032606
2019-02-08 16:20:00,0.18911237
2019-02-08 16:30:00,0.09784201
2019-02-08 16:40:00,0.19628525
2019-02-08 16:50:00,0.09721318
2019-02-08 17:00:00,0.16851583
2019-02-08 17:10:00,0.09156868
2019-02-08 17:20:00,0.1989719
2019-02-08 17:30:00,0.10816097
2019-02-08 17:40:00,0.1820851
2019-02-08 17:50:00,0.09777257
2019-02-08 18:00:00,0.18603921
2019-02-08 18:10:00,0.10014337
2019-02-08 18:20:00,0.17320171
2019-02-08 18:30:00,0.09838781
2019-02-08 18:40:00,0.1798571
2019-02-08 18:50:00,0.10511863
2019-02-08 19:00:00,0.16570488
2019-02-08 19:10:00,0.09149659
2019-02-08 19:20:00,0.16791534
2019-02-08 19:30:00,0.10055381
2019-02-08 19:40:00,0.15287393
2019-02-08 19:50:00,0.09429765
2019-02-08 20:00:00,0.16054639
2019-02-08 20:10:00,0.09977293
2019-02-08 20:20:00,0.14703152
2019-02-08 20:30:00,0.09155616
2019-02-08 20:40:00,0.13374493
2019-02-08 20:50:00,0.09471768
2019-02-08 21:00:00,0.12754127
2019-02-08 21:10:00,0.08967191
2019-02-08 21:20:00,0.12083432
2019-02-08 21:30:00,0.08910051
2019-02-08 21:40:00,0.121207446
2019-02-08 21:50:00,0.08536127
2019-02-08 22:00:00,0.114200026
2019-02-08 22:10:00,0.08585471
2019-02-08 22:20:00,0.10797143
2019-02-08 22:30:00,0.08327946
2019-02-08 22:40:00,0.10091114
2019-02-08 22:50:00,0.08041456
2019-02-08 23:00:00,0.0979116
2019-02-08 23:10:00,0.07895732
2019-02-08 23:20:00,0.09699449
2019-02-08 23:30:00,0.08314091
2019-02-08 23:40:00,0.09514049
2019-02-08 23:50:00,0.07973716
2019-02-09 00:00:00,0.08957106
2019-02-09 00:10:00,0.07773188
2019-02-09 00:20:00,0.08717695
2019-02-09 00:30:00,0.077234864
2019-02-09 00:40:00,0.0794459
2019-02-09 00:50:00,0.07727191
2019-02-09 01:00:00,0.08263916
2019-02-09 01:10:00,0.07418758
2019-02-09 01:20:00,0.07895422
2019-02-09 01:30:00,0.07599643
2019-02-09 01:40:00,0.07649875
2019-02-09 01:50:00,0.07091814
2019-02-09 02:00:00,0.06927514
2019-02-09 02:10:00,0.07328713
2019-02-09 02:20:00,0.06953454
2019-02-09 02:30:00,0.0717763
2019-02-09 02:40:00,0.06530526
2019-02-09 02:50:00,0.07423049
2019-02-09 03:00:00,0.07119176
2019-02-09 03:10:00,0.072518945
2019-02-09 03:20:00,0.06838444
2019-02-09 03:30:00,0.07400769
2019-02-09 03:40:00,0.068259776
2019-02-09 03:50:00,0.07655388
2019-02-09 04:00:00,0.06389427
2019-02-09 04:10:00,0.07836938
2019-02-09 04:20:00,0.06443247
2019-02-09 04:30:00,0.07014525
2019-02-09 04:40:00,0.061214775
2019-02-09 04:50:00,0.07085016
2019-02-09 05:00:00,0.057612687
2019-02-09 05:10:00,0.06701043
2019-02-09 05:20:00,0.053767115
2019-02-09 05:30:00,0.071089774
2019-02-09 05:40:00,0.056779385
2019-02-09 05:50:00,0.06584266
2019-02-09 06:00:00,0.048374176
2019-02-09 06:10:00,0.0690614
2019-02-09 06:20:00,0.052091092
2019-02-09 06:30:00,0.06714627
2019-02-09 06:40:00,0.046499103
2019-02-09 06:50:00,0.067414224
2019-02-09 07:00:00,0.045044124
2019-02-09 07:10:00,0.06647447
2019-02-09 07:20:00,0.040003687
2019-02-09 07:30:00,0.067212105
2019-02-09 07:40:00,0.038269013
2019-02-09 07:50:00,0.06341851
2019-02-09 08:00:00,0.030814618
2019-02-09 08:10:00,0.06685582
2019-02-09 08:20:00,0.032697618
2019-02-09 08:30:00,0.060706556
2019-02-09 08:40:00,0.027537882
2019-02-09 08:50:00,0.059505194
2019-02-09 09:00:00,0.028842032
2019-02-09 09:10:00,0.05525431
2019-02-09 09:20:00,0.026976556
2019-02-09 09:30:00,0.05455354
2019-02-09 09:40:00,0.024788141
2019-02-09 09:50:00,0.053533554
2019-02-09 10:00:00,0.022906154
2019-02-09 10:10:00,0.053712815
2019-02-09 10:20:00,0.022818357
2019-02-09 10:30:00,0.052663594
2019-02-09 10:40:00,0.019741088
2019-02-09 10:50:00,0.05175501
2019-02-09 11:00:00,0.021439433
2019-02-09 11:10:00,0.04903409
2019-02-09 11:20:00,0.019284755
2019-02-09 11:30:00,0.050961673
2019-02-09 11:40:00,0.020174205
2019-02-09 11:50:00,0.050171733
2019-02-09 12:00:00,0.018127054
2019-02-09 12:10:00,0.04937172
2019-02-09 12:20:00,0.017430454
2019-02-09 12:30:00,0.04195708
2019-02-09 12:40:00,0.015930355
2019-02-09 12:50:00,0.04005143
2019-02-09 13:00:00,0.016705483
2019-02-09 13:10:00,0.035829484
2019-02-09 13:20:00,0.01470232
2019-02-09 13:30:00,0.03385043
2019-02-09 13:40:00,0.014549583
2019-02-09 13:50:00,0.031408846
2019-02-09 14:00:00,0.012699068
2019-02-09 14:10:00,0.02915898
2019-02-09 14:20:00,0.013494909
2019-02-09 14:30:00,0.029016793
2019-02-09 14:40:00,0.011834651
2019-02-09 14:50:00,0.026240796
2019-02-09 15:00:00,0.012404203
2019-02-09 15:10:00,0.025193572
2019-02-09 15:20:00,0.011035532
2019-02-09 15:30:00,0.0255813
2019-02-09 15:40:00,0.011204809
2019-02-09 15:50:00,0.02326876
2019-02-09 16:00:00,0.010522306
2019-02-09 16:10:00,0.024353981
2019-02-09 16:20:00,0.011926621
2019-02-09 16:30:00,0.023686826
2019-02-09 16:40:00,0.011258185
2019-02-09 16:50:00,0.024116874
2019-02-09 17:00:00,0.011521637
2019-02-09 17:10:00,0.02160263
2019-02-09 17:20:00,0.010707498
2019-02-09 17:30:00,0.023595035
2019-02-09 17:40:00,0.012066364
2019-02-09 17:50:00,0.022935897
2019-02-09 18:00:00,0.011280805
2019-02-09 18:10:00,0.024262667
2019-02-09 18:20:00,0.011563003
2019-02-09 18:30:00,0.022829026
2019-02-09 18:40:00,0.010652006
2019-02-09 18:50:00,0.02216217
2019-02-09 19:00:00,0.011291772
2019-02-09 19:10:00,0.019430906
2019-02-09 19:20:00,0.010597974
2019-02-09 19:30:00,0.020165324
2019-02-09 19:40:00,0.01149562
2019-02-09 19:50:00,0.019054025
2019-02-09 20:00:00,0.010794312
2019-02-09 20:10:00,0.019822627
2019-02-09 20:20:00,0.012233466
2019-02-09 20:30:00,0.0185768
2019-02-09 20:40:00,0.011704147
2019-02-09 20:50:00,0.018966049
2019-02-09 21:00:00,0.012480438
2019-02-09 21:10:00,0.017021567
2019-02-09 21:20:00,0.012125909
2019-02-09 21:30:00,0.017735869
2019-02-09 21:40:00,0.013105452
2019-02-09 21:50:00,0.01660654
2019-02-09 22:00:00,0.012529463
2019-02-09 22:10:00,0.017214626
2019-02-09 22:20:00,0.013401538
2019-02-09 22:30:00,0.01510486
2019-02-09 22:40:00,0.0130470395
2019-02-09 22:50:00,0.017170727
2019-02-09 23:00:00,0.013599515
2019-02-09 23:10:00,0.017217696
2019-02-09 23:20:00,0.012872487
2019-02-09 23:30:00,0.016758591
2019-02-09 23:40:00,0.013752282
2019-02-09 23:50:00,0.016674459
2019-02-10 00:00:00,0.014061004
2019-02-10 00:10:00,0.017517924
2019-02-10 00:20:00,0.016034752
2019-02-10 00:30:00,0.017734975
2019-02-10 00:40:00,0.015879929
2019-02-10 00:50:00,0.017386585
2019-02-10 01:00:00,0.016838819
2019-02-10 01:10:00,0.017747432
2019-02-10 01:20:00,0.016677648
2019-02-10 01:30:00,0.019477218
2019-02-10 01:40:00,0.01906833
2019-02-10 01:50:00,0.020302057
2019-02-10 02:00:00,0.019325435
2019-02-10 02:10:00,0.019988388
2019-02-10 02:20:00,0.02066338
2019-02-10 02:30:00,0.019755125
2019-02-10 02:40:00,0.021675885
2019-02-10 02:50:00,0.020872414
2019-02-10 03:00:00,0.02360779
2019-02-10 03:10:00,0.022164762
2019-02-10 03:20:00,0.02565822
2019-02-10 03:30:00,0.02227813
2019-02-10 03:40:00,0.029138654
2019-02-10 03:50:00,0.02375567
2019-02-10 04:00:00,0.02823183
2019-02-10 04:10:00,0.022058696
2019-02-10 04:20:00,0.0303061
2019-02-10 04:30:00,0.021868825
2019-02-10 04:40:00,0.031498343
2019-02-10 04:50:00,0.021833628
2019-02-10 05:00:00,0.03665203
2019-02-10 05:10:00,0.02508679
2019-02-10 05:20:00,0.035512507
2019-02-10 05:30:00,0.020775765
2019-02-10 05:40:00,0.038714588
2019-02-10 05:50:00,0.022074312
2019-02-10 06:00:00,0.037789345
2019-02-10 06:10:00,0.021859169
2019-02-10 06:20:00,0.039574325
2019-02-10 06:30:00,0.022267818
2019-02-10 06:40:00,0.039081514
2019-02-10 06:50:00,0.022256225
2019-02-10 07:00:00,0.04012716
2019-02-10 07:10:00,0.022006333
2019-02-10 07:20:00,0.04122314
2019-02-10 07:30:00,0.021211594
2019-02-10 07:40:00,0.04100567
2019-02-10 07:50:00,0.021224737
2019-02-10 08:00:00,0.04189962
2019-02-10 08:10:00,0.018812388
2019-02-10 08:20:00,0.04182899
2019-02-10 08:30:00,0.018469453
2019-02-10 08:40:00,0.041560978
2019-02-10 08:50:00,0.014429033
2019-02-10 09:00:00,0.040535808
2019-02-10 09:10:00,0.014621645
2019-02-10 09:20:00,0.038062215
2019-02-10 09:30:00,0.013415843
2019-02-10 09:40:00,0.03983006
2019-02-10 09:50:00,0.014173001
2019-02-10 10:00:00,0.03580588
2019-02-10 10:10:00,0.012179643
2019-02-10 10:20:00,0.038175702
2019-02-10 10:30:00,0.012861997
2019-02-10 10:40:00,0.037249446
2019-02-10 10:50:00,0.010711193
2019-02-10 11:00:00,0.037818223
2019-02-10 11:10:00,0.011880606
2019-02-10 11:20:00,0.036583364
2019-02-10 11:30:00,0.010474563
2019-02-10 11:40:00,0.034453094
2019-02-10 11:50:00,0.01097244
2019-02-10 12:00:00,0.03270966
2019-02-10 12:10:00,0.009485394
2019-02-10 12:20:00,0.03130558
2019-02-10 12:30:00,0.009595573
2019-02-10 12:40:00,0.032299638
2019-02-10 12:50:00,0.008867264
2019-02-10 13:00:00,0.029939234
2019-02-10 13:10:00,0.009264648
2019-02-10 13:20:00,0.031139106
2019-02-10 13:30:00,0.008101165
2019-02-10 13:40:00,0.028137624
2019-02-10 13:50:00,0.008445501
2019-02-10 14:00:00,0.030109048
2019-02-10 14:10:00,0.0076258183
2019-02-10 14:20:00,0.0326865
2019-02-10 14:30:00,0.008421034
2019-02-10 14:40:00,0.031011015
2019-02-10 14:50:00,0.0073735714
2019-02-10 15:00:00,0.030687153
2019-02-10 15:10:00,0.008187145
2019-02-10 15:20:00,0.030759662
2019-02-10 15:30:00,0.007312
2019-02-10 15:40:00,0.030828953
2019-02-10 15:50:00,0.008195221
2019-02-10 16:00:00,0.029055774
2019-02-10 16:10:00,0.00789848
2019-02-10 16:20:00,0.031907797
2019-02-10 16:30:00,0.008238137
2019-02-10 16:40:00,0.03203547
2019-02-10 16:50:00,0.007622093
2019-02-10 17:00:00,0.031662136
2019-02-10 17:10:00,0.008133024
2019-02-10 17:20:00,0.03458172
2019-02-10 17:30:00,0.007745981
2019-02-10 17:40:00,0.034558296
2019-02-10 17:50:00,0.008973122
2019-02-10 18:00:00,0.03397712
2019-02-10 18:10:00,0.008611202
2019-02-10 18:20:00,0.035690397
2019-02-10 18:30:00,0.009725958
2019-02-10 18:40:00,0.03492543
2019-02-10 18:50:00,0.009169459
2019-02-10 19:00:00,0.036683053
2019-02-10 19:10:00,0.010287344
2019-02-10 19:20:00,0.036751926
2019-02-10 19:30:00,0.011358649
2019-02-10 19:40:00,0.038345993
2019-02-10 19:50:00,0.011847556
2019-02-10 20:00:00,0.039830208
2019-02-10 20:10:00,0.01306802
2019-02-10 20:20:00,0.03993717
2019-02-10 20:30:00,0.01406154
2019-02-10 20:40:00,0.040936023
2019-02-10 20:50:00,0.013882667
2019-02-10 21:00:00,0.041446686
2019-02-10 21:10:00,0.01666084
2019-02-10 21:20:00,0.04250735
2019-02-10 21:30:00,0.016242296
2019-02-10 21:40:00,0.04178831
2019-02-10 21:50:00,0.016998798
2019-02-10 22:00:00,0.043483168
2019-02-10 22:10:00,0.017761916
2019-02-10 22:20:00,0.04627797
2019-02-10 22:30:00,0.018611044
2019-02-10 22:40:00,0.046636492
2019-02-10 22:50:00,0.019016534
2019-02-10 23:00:00,0.047184676
2019-02-10 23:10:00,0.01986298
2019-02-10 23:20:00,0.046324164
2019-02-10 23:30:00,0.01974228
2019-02-10 23:40:00,0.045239806
2019-02-10 23:50:00,0.020352632
2019-02-11 00:00:00,0.04684645
2019-02-11 00:10:00,0.02052325
2019-02-11 00:20:00,0.04396841
2019-02-11 00:30:00,0.021332145
2019-02-11 00:40:00,0.042620867
2019-02-11 00:50:00,0.019990236
2019-02-11 01:00:00,0.038298428
2019-02-11 01:10:00,0.02006641
2019-02-11 01:20:00,0.038779944
2019-02-11 01:30:00,0.019170105
2019-02-11 01:40:00,0.03967446
2019-02-11 01:50:00,0.020608813
2019-02-11 02:00:00,0.04040152
2019-02-11 02:10:00,0.020953476
2019-02-11 02:20:00,0.041500658
2019-02-11 02:30:00,0.02267772
2019-02-11 02:40:00,0.041965306
2019-02-11 02:50:00,0.023200393
2019-02-11 03:00:00,0.034703523
2019-02-11 03:10:00,0.02170688
2019-02-11 03:20:00,0.040185183
2019-02-11 03:30:00,0.0243752
2019-02-11 03:40:00,0.04516107
2019-02-11 03:50:00,0.023664325
2019-02-11 04:00:00,0.03706649
2019-02-11 04:10:00,0.020980358
2019-02-11 04:20:00,0.03612855
2019-02-11 04:30:00,0.018713236
2019-02-11 04:40:00,0.034559786
2019-02-11 04:50:00,0.018379748
2019-02-11 05:00:00,0.032327533
2019-02-11 05:10:00,0.017161071
2019-02-11 05:20:00,0.031775713
2019-02-11 05:30:00,0.017645866
2019-02-11 05:40:00,0.02906701
2019-02-11 05:50:00,0.016264677
2019-02-11 06:00:00,0.028730273
2019-02-11 06:10:00,0.016034245
2019-02-11 06:20:00,0.030748606
2019-02-11 06:30:00,0.017455876
2019-02-11 06:40:00,0.031536877
2019-02-11 06:50:00,0.016801417
2019-02-11 07:00:00,0.030295253
2019-02-11 07:10:00,0.01664257
2019-02-11 07:20:00,0.02809894
2019-02-11 07:30:00,0.016962558
2019-02-11 07:40:00,0.028591007
2019-02-11 07:50:00,0.017985314
2019-02-11 08:00:00,0.02808553
2019-02-11 08:10:00,0.018255502
2019-02-11 08:20:00,0.028926343
2019-02-11 08:30:00,0.019175887
2019-02-11 08:40:00,0.028269947
2019-02-11 08:50:00,0.021145523
2019-02-11 09:00:00,0.028502822
2019-02-11 09:10:00,0.021622837
2019-02-11 09:20:00,0.025797576
2019-02-11 09:30:00,0.020501912
2019-02-11 09:40:00,0.023622394
2019-02-11 09:50:00,0.019215941
2019-02-11 10:00:00,0.022051811
2019-02-11 10:10:00,0.017509311
2019-02-11 10:20:00,0.021657228
2019-02-11 10:30:00,0.017472208
2019-02-11 10:40:00,0.022016764
2019-02-11 10:50:00,0.017423272
2019-02-11 11:00:00,0.022944659
2019-02-11 11:10:00,0.016905546
2019-02-11 11:20:00,0.021027863
2019-02-11 11:30:00,0.016005963
2019-02-11 11:40:00,0.023747236
2019-02-11 11:50:00,0.016003191
2019-02-11 12:00:00,0.022691756
2019-02-11 12:10:00,0.015829653
2019-02-11 12:20:00,0.022915661
2019-02-11 12:30:00,0.015735954
2019-02-11 12:40:00,0.022604108
2019-02-11 12:50:00,0.01551798
2019-02-11 13:00:00,0.022167593
2019-02-11 13:10:00,0.01600784
2019-02-11 13:20:00,0.022530854
2019-02-11 13:30:00,0.016616046
2019-02-11 13:40:00,0.02530557
2019-02-11 13:50:00,0.016893208
2019-02-11 14:00:00,0.024075866
2019-02-11 14:10:00,0.016821802
2019-02-11 14:20:00,0.025652528
2019-02-11 14:30:00,0.017038226
2019-02-11 14:40:00,0.025219053
2019-02-11 14:50:00,0.016364038
2019-02-11 15:00:00,0.026630193
2019-02-11 15:10:00,0.01696828
2019-02-11 15:20:00,0.026819408
2019-02-11 15:30:00,0.016907811
2019-02-11 15:40:00,0.026674747
2019-02-11 15:50:00,0.016983509
2019-02-11 16:00:00,0.024349779
2019-02-11 16:10:00,0.01636222
2019-02-11 16:20:00,0.02271676
2019-02-11 16:30:00,0.014863849
2019-02-11 16:40:00,0.025464922
2019-02-11 16:50:00,0.017074466
2019-02-11 17:00:00,0.026197731
2019-02-11 17:10:00,0.016165555
2019-02-11 17:20:00,0.022877604
2019-02-11 17:30:00,0.013560772
2019-02-11 17:40:00,0.021473229
2019-02-11 17:50:00,0.012121618
2019-02-11 18:00:00,0.021708548
2019-02-11 18:10:00,0.012986183
2019-02-11 18:20:00,0.024076492
2019-02-11 18:30:00,0.01474601
2019-02-11 18:40:00,0.024981052
2019-02-11 18:50:00,0.014065772
2019-02-11 19:00:00,0.027464658
2019-02-11 19:10:00,0.015355408
2019-02-11 19:20:00,0.025748044
2019-02-11 19:30:00,0.013756514
2019-02-11 19:40:00,0.028456867
2019-02-11 19:50:00,0.015178442
2019-02-11 20:00:00,0.031570405
2019-02-11 20:10:00,0.016329706
2019-02-11 20:20:00,0.032476842
2019-02-11 20:30:00,0.017986923
2019-02-11 20:40:00,0.030805826
2019-02-11 20:50:00,0.015657187
2019-02-11 21:00:00,0.032467693
2019-02-11 21:10:00,0.01774332
2019-02-11 21:20:00,0.030732542
2019-02-11 21:30:00,0.015500128
2019-02-11 21:40:00,0.032132298
2019-02-11 21:50:00,0.017654002
2019-02-11 22:00:00,0.030277342
2019-02-11 22:10:00,0.015553534
2019-02-11 22:20:00,0.0300771
2019-02-11 22:30:00,0.016301304
2019-02-11 22:40:00,0.026250511
2019-02-11 22:50:00,0.0129219
2019-02-11 23:00:00,0.025838464
2019-02-11 23:10:00,0.014903933
2019-02-11 23:20:00,0.023318708
2019-02-11 23:30:00,0.012010962
2019-02-11 23:40:00,0.023730904
2019-02-11 23:50:00,0.013550699
2019-02-12 00:00:00,0.021523237
2019-02-12 00:10:00,0.011426717
2019-02-12 00:20:00,0.023196131
2019-02-12 00:30:00,0.013925791
2019-02-12 00:40:00,0.023287028
2019-02-12 00:50:00,0.012584537
2019-02-12 01:00:00,0.0236094
2019-02-12 01:10:00,0.012555361
2019-02-12 01:20:00,0.0170317
2019-02-12 01:30:00,0.009540319
2019-02-12 01:40:00,0.018050015
2019-02-12 01:50:00,0.010684043
2019-02-12 02:00:00,0.015321374
2019-02-12 02:10:00,0.0086245835
2019-02-12 02:20:00,0.01601848
2019-02-12 02:30:00,0.010251731
2019-02-12 02:40:00,0.014493227
2019-02-12 02:50:00,0.009152442
2019-02-12 03:00:00,0.015938252
2019-02-12 03:10:00,0.010868281
2019-02-12 03:20:00,0.015391082
2019-02-12 03:30:00,0.008938968
2019-02-12 03:40:00,0.015834928
2019-02-12 03:50:00,0.010342747
2019-02-12 04:00:00,0.014755249
2019-02-12 04:10:00,0.009545565
2019-02-12 04:20:00,0.018654823
2019-02-12 04:30:00,0.011556238
2019-02-12 04:40:00,0.016559333
2019-02-12 04:50:00,0.009989083
2019-02-12 05:00:00,0.018066436
2019-02-12 05:10:00,0.011299938
2019-02-12 05:20:00,0.0155451
2019-02-12 05:30:00,0.009741157
2019-02-12 05:40:00,0.015182465
2019-02-12 05:50:00,0.010789573
2019-02-12 06:00:00,0.014459729
2019-02-12 06:10:00,0.010274231
2019-02-12 06:20:00,0.015782595
2019-02-12 06:30:00,0.012305498
2019-02-12 06:40:00,0.01542452
2019-02-12 06:50:00,0.01051414
2019-02-12 07:00:00,0.018060565
2019-02-12 07:10:00,0.011611909
2019-02-12 07:20:00,0.017626494
2019-02-12 07:30:00,0.012047946
2019-02-12 07:40:00,0.020214856
2019-02-12 07:50:00,0.013100386
2019-02-12 08:00:00,0.01799649
2019-02-12 08:10:00,0.011969626
2019-02-12 08:20:00,0.019489706
2019-02-12 08:30:00,0.013547987
2019-02-12 08:40:00,0.017509013
2019-02-12 08:50:00,0.01377666
2019-02-12 09:00:00,0.020158231
2019-02-12 09:10:00,0.014966816
2019-02-12 09:20:00,0.019168109
2019-02-12 09:30:00,0.01365602
2019-02-12 09:40:00,0.023272395
2019-02-12 09:50:00,0.017096251
2019-02-12 10:00:00,0.02082175
2019-02-12 10:10:00,0.015224785
2019-02-12 10:20:00,0.021398216
2019-02-12 10:30:00,0.015154451
2019-02-12 10:40:00,0.021425068
2019-02-12 10:50:00,0.014991969
2019-02-12 11:00:00,0.02450496
2019-02-12 11:10:00,0.01756978
2019-02-12 11:20:00,0.024346113
2019-02-12 11:30:00,0.0163818
2019-02-12 11:40:00,0.022342235
2019-02-12 11:50:00,0.019636303
2019-02-12 12:00:00,0.02189365
2019-02-12 12:10:00,0.018061757
2019-02-12 12:20:00,0.025597781
2019-02-12 12:30:00,0.02194038
2019-02-12 12:40:00,0.024367034
2019-02-12 12:50:00,0.020803243
2019-02-12 13:00:00,0.028284132
2019-02-12 13:10:00,0.021390975
2019-02-12 13:20:00,0.024228573
2019-02-12 13:30:00,0.019895703
2019-02-12 13:40:00,0.025689065
2019-02-12 13:50:00,0.021289527
2019-02-12 14:00:00,0.026128143
2019-02-12 14:10:00,0.02056241
2019-02-12 14:20:00,0.028617889
2019-02-12 14:30:00,0.021284789
2019-02-12 14:40:00,0.029126644
2019-02-12 14:50:00,0.021647394
2019-02-12 15:00:00,0.03568518
2019-02-12 15:10:00,0.020299822
2019-02-12 15:20:00,0.030150563
2019-02-12 15:30:00,0.019838154
2019-02-12 15:40:00,0.029590964
2019-02-12 15:50:00,0.021376252
2019-02-12 16:00:00,0.029514998
2019-02-12 16:10:00,0.02105093
2019-02-12 16:20:00,0.03125155
2019-02-12 16:30:00,0.020509303
2019-02-12 16:40:00,0.032442182
2019-02-12 16:50:00,0.019851834
2019-02-12 17:00:00,0.037485093
2019-02-12 17:10:00,0.02201891
2019-02-12 17:20:00,0.03872469
2019-02-12 17:30:00,0.022923559
2019-02-12 17:40:00,0.039690316
2019-02-12 17:50:00,0.025105774
2019-02-12 18:00:00,0.03848216
2019-02-12 18:10:00,0.027374864
2019-02-12 18:20:00,0.039411128
2019-02-12 18:30:00,0.027466923
2019-02-12 18:40:00,0.03763169
2019-02-12 18:50:00,0.027972221
2019-02-12 19:00:00,0.0389134
2019-02-12 19:10:00,0.028373927
2019-02-12 19:20:00,0.03635788
2019-02-12 19:30:00,0.02902168
2019-02-12 19:40:00,0.039007187
2019-02-12 19:50:00,0.029964387
2019-02-12 20:00:00,0.037886947
2019-02-12 20:10:00,0.02627623
2019-02-12 20:20:00,0.03948751
2019-02-12 20:30:00,0.023876727
2019-02-12 20:40:00,0.037267268
2019-02-12 20:50:00,0.022684813
2019-02-12 21:00:00,0.04103747
2019-02-12 21:10:00,0.02307424
2019-02-12 21:20:00,0.03811255
2019-02-12 21:30:00,0.021579623
2019-02-12 21:40:00,0.038580418
2019-02-12 21:50:00,0.020852119
2019-02-12 22:00:00,0.0370138
2019-02-12 22:10:00,0.01896581
2019-02-12 22:20:00,0.04030925
2019-02-12 22:30:00,0.018592417
2019-02-12 22:40:00,0.039692283
2019-02-12 22:50:00,0.017642498
2019-02-12 23:00:00,0.044433653
2019-02-12 23:10:00,0.019322664
2019-02-12 23:20:00,0.041851997
2019-02-12 23:30:00,0.020154595
2019-02-12 23:40:00,0.047125548
2019-02-12 23:50:00,0.01879415
2019-02-13 00:00:00,0.043891698
2019-02-13 00:10:00,0.019934624
2019-02-13 00:20:00,0.050373137
2019-02-13 00:30:00,0.02093473
2019-02-13 00:40:00,0.048826337
2019-02-13 00:50:00,0.020336568
2019-02-13 01:00:00,0.049174726
2019-02-13 01:10:00,0.01886633
2019-02-13 01:20:00,0.04304284
2019-02-13 01:30:00,0.016862392
2019-02-13 01:40:00,0.039393365
2019-02-13 01:50:00,0.014590353
2019-02-13 02:00:00,0.033887208
2019-02-13 02:10:00,0.010620713
2019-02-13 02:20:00,0.032911927
2019-02-13 02:30:00,0.009643823
2019-02-13 02:40:00,0.031176507
2019-02-13 02:50:00,0.008032113
2019-02-13 03:00:00,0.030626506
2019-02-13 03:10:00,0.007489115
2019-02-13 03:20:00,0.02722162
2019-02-13 03:30:00,0.006311983
2019-02-13 03:40:00,0.024338633
2019-02-13 03:50:00,0.006448418
2019-02-13 04:00:00,0.0268206
2019-02-13 04:10:00,0.0061725676
2019-02-13 04:20:00,0.024911046
2019-02-13 04:30:00,0.00642249
2019-02-13 04:40:00,0.026441991
2019-02-13 04:50:00,0.0058986545
2019-02-13 05:00:00,0.021171898
2019-02-13 05:10:00,0.006030798
2019-02-13 05:20:00,0.021971375
2019-02-13 05:30:00,0.0052731037
2019-02-13 05:40:00,0.019696295
2019-02-13 05:50:00,0.005579293
2019-02-13 06:00:00,0.020916253
2019-02-13 06:10:00,0.0048104227
2019-02-13 06:20:00,0.021318257
2019-02-13 06:30:00,0.0049001873
2019-02-13 06:40:00,0.022108763
2019-02-13 06:50:00,0.0038456917
2019-02-13 07:00:00,0.019232988
2019-02-13 07:10:00,0.004149437
2019-02-13 07:20:00,0.021964997
2019-02-13 07:30:00,0.003489852
2019-02-13 07:40:00,0.01796782
2019-02-13 07:50:00,0.003982544
2019-02-13 08:00:00,0.020985752
2019-02-13 08:10:00,0.0031466484
2019-02-13 08:20:00,0.018106103
2019-02-13 08:30:00,0.003228128
2019-02-13 08:40:00,0.020961314
2019-02-13 08:50:00,0.0029403865
2019-02-13 09:00:00,0.01807651
2019-02-13 09:10:00,0.0037711859
2019-02-13 09:20:00,0.021835446
2019-02-13 09:30:00,0.0030603707
2019-02-13 09:40:00,0.018899947
2019-02-13 09:50:00,0.0034227073
2019-02-13 10:00:00,0.022514462
2019-02-13 10:10:00,0.0026132762
2019-02-13 10:20:00,0.017998815
2019-02-13 10:30:00,0.0030599833
2019-02-13 10:40:00,0.020371675
2019-02-13 10:50:00,0.0024444163
2019-02-13 11:00:00,0.016413242
2019-02-13 11:10:00,0.0030620396
2019-02-13 11:20:00,0.019109696
2019-02-13 11:30:00,0.0023609698
2019-02-13 11:40:00,0.015901357
2019-02-13 11:50:00,0.003004551
2019-02-13 12:00:00,0.018658161
2019-02-13 12:10:00,0.0021669865
2019-02-13 12:20:00,0.015729636
2019-02-13 12:30:00,0.0027483106
2019-02-13 12:40:00,0.019449115
2019-02-13 12:50:00,0.0022910237
2019-02-13 13:00:00,0.015931666
2019-02-13 13:10:00,0.0030691028
2019-02-13 13:20:00,0.019593567
2019-02-13 13:30:00,0.0022486448
2019-02-13 13:40:00,0.015831232
2019-02-13 13:50:00,0.0028921664
2019-02-13 14:00:00,0.018378913
2019-02-13 14:10:00,0.0021336973
2019-02-13 14:20:00,0.014898449
2019-02-13 14:30:00,0.0029776096
2019-02-13 14:40:00,0.017706275
2019-02-13 14:50:00,0.00218606
2019-02-13 15:00:00,0.013717353
2019-02-13 15:10:00,0.0029694736
2019-02-13 15:20:00,0.01755914
2019-02-13 15:30:00,0.0022952259
2019-02-13 15:40:00,0.013944238
2019-02-13 15:50:00,0.0029651225
2019-02-13 16:00:00,0.019011378
2019-02-13 16:10:00,0.0021553934
2019-02-13 16:20:00,0.0143015385
2019-02-13 16:30:00,0.002757579
2019-02-13 16:40:00,0.015460551
2019-02-13 16:50:00,0.0019007325
2019-02-13 17:00:00,0.011410952
2019-02-13 17:10:00,0.002744615
2019-02-13 17:20:00,0.01398766
2019-02-13 17:30:00,0.0019930303
2019-02-13 17:40:00,0.0105060935
2019-02-13 17:50:00,0.0026382804
2019-02-13 18:00:00,0.012306243
2019-02-13 18:10:00,0.001806289
2019-02-13 18:20:00,0.009516805
2019-02-13 18:30:00,0.0023371577
2019-02-13 18:40:00,0.011806339
2019-02-13 18:50:00,0.0017729998
2019-02-13 19:00:00,0.009940952
2019-02-13 19:10:00,0.0026569963
2019-02-13 19:20:00,0.011988789
2019-02-13 19:30:00,0.0018522143
2019-02-13 19:40:00,0.0101372
2019-02-13 19:50:00,0.0026938617
2019-02-13 20:00:00,0.011709601
2019-02-13 20:10:00,0.0019852817
2019-02-13 20:20:00,0.009575456
2019-02-13 20:30:00,0.0027893782
2019-02-13 20:40:00,0.010479391
2019-02-13 20:50:00,0.00207299
2019-02-13 21:00:00,0.0092663765
2019-02-13 21:10:00,0.0029263198
2019-02-13 21:20:00,0.010495037
2019-02-13 21:30:00,0.002244264
2019-02-13 21:40:00,0.008460671
2019-02-13 21:50:00,0.002907008
2019-02-13 22:00:00,0.010017008
2019-02-13 22:10:00,0.00243482
2019-02-13 22:20:00,0.009039998
2019-02-13 22:30:00,0.0033317208
2019-02-13 22:40:00,0.00984019
2019-02-13 22:50:00,0.002517283
2019-02-13 23:00:00,0.008509725
2019-02-13 23:10:00,0.0033540726
2019-02-13 23:20:00,0.010088146
2019-02-13 23:30:00,0.0025987625
2019-02-13 23:40:00,0.008899689
2019-02-13 23:50:00,0.0039121807
2019-02-14 00:00:00,0.010393232
2019-02-14 00:10:00,0.0028133988
2019-02-14 00:20:00,0.008473337
2019-02-14 00:30:00,0.0039090216
2019-02-14 00:40:00,0.009765357
2019-02-14 00:50:00,0.0031821728
2019-02-14 01:00:00,0.009800315
2019-02-14 01:10:00,0.0044021904
2019-02-14 01:20:00,0.011000216
2019-02-14 01:30:00,0.0034995377
2019-02-14 01:40:00,0.010988951
2019-02-14 01:50:00,0.0049581826
2019-02-14 02:00:00,0.011727631
2019-02-14 02:10:00,0.0045052767
2019-02-14 02:20:00,0.011595577
2019-02-14 02:30:00,0.0053910613
2019-02-14 02:40:00,0.012205243
2019-02-14 02:50:00,0.0045523345
2019-02-14 03:00:00,0.0113735795
2019-02-14 03:10:00,0.0062871575
2019-02-14 03:20:00,0.011501104
2019-02-14 03:30:00,0.0052103996
2019-02-14 03:40:00,0.010858715
2019-02-14 03:50:00,0.0067359507
2019-02-14 04:00:00,0.010395795
2019-02-14 04:10:00,0.006012559
2019-02-14 04:20:00,0.01039803
2019-02-14 04:30:00,0.008577228
2019-02-14 04:40:00,0.011861056
2019-02-14 04:50:00,0.007631153
2019-02-14 05:00:00,0.012180269
2019-02-14 05:10:00,0.01077202
2019-02-14 05:20:00,0.01238665
2019-02-14 05:30:00,0.00981614
2019-02-14 05:40:00,0.012503892
2019-02-14 05:50:00,0.0115689635
2019-02-14 06:00:00,0.013194591
2019-02-14 06:10:00,0.009523511
2019-02-14 06:20:00,0.012675792
2019-02-14 06:30:00,0.012095451
2019-02-14 06:40:00,0.013169974
2019-02-14 06:50:00,0.011106223
2019-02-14 07:00:00,0.013638467
2019-02-14 07:10:00,0.013473302
2019-02-14 07:20:00,0.0139273405
2019-02-14 07:30:00,0.011267662
2019-02-14 07:40:00,0.013978481
2019-02-14 07:50:00,0.013504416
2019-02-14 08:00:00,0.0134615
2019-02-14 08:10:00,0.012383521
2019-02-14 08:20:00,0.01467222
2019-02-14 08:30:00,0.0153923035
2019-02-14 08:40:00,0.014733106
2019-02-14 08:50:00,0.014473051
2019-02-14 09:00:00,0.016058207
2019-02-14 09:10:00,0.017650008
2019-02-14 09:20:00,0.01640749
2019-02-14 09:30:00,0.016810268
2019-02-14 09:40:00,0.0177356
2019-02-14 09:50:00,0.019413292
2019-02-14 10:00:00,0.018334687
2019-02-14 10:10:00,0.020967185
2019-02-14 10:20:00,0.018505275
2019-02-14 10:30:00,0.022039473
2019-02-14 10:40:00,0.015466869
2019-02-14 10:50:00,0.020226568
2019-02-14 11:00:00,0.019137472
2019-02-14 11:10:00,0.019751668
2019-02-14 11:20:00,0.015829206
2019-02-14 11:30:00,0.017980456
2019-02-14 11:40:00,0.01887542
2019-02-14 11:50:00,0.019087017
2019-02-14 12:00:00,0.016346335
2019-02-14 12:10:00,0.017638296
2019-02-14 12:20:00,0.018365145
2019-02-14 12:30:00,0.0180749
2019-02-14 12:40:00,0.016716242
2019-02-14 12:50:00,0.017102003
2019-02-14 13:00:00,0.020419478
2019-02-14 13:10:00,0.017125726
2019-02-14 13:20:00,0.018021941
2019-02-14 13:30:00,0.017359555
2019-02-14 13:40:00,0.02102387
2019-02-14 13:50:00,0.019700974
2019-02-14 14:00:00,0.016161919
2019-02-14 14:10:00,0.020038486
2019-02-14 14:20:00,0.02129516
2019-02-14 14:30:00,0.0222947
2019-02-14 14:40:00,0.015401989
2019-02-14 14:50:00,0.020679414
2019-02-14 15:00:00,0.020991415
2019-02-14 15:10:00,0.023208797
2019-02-14 15:20:00,0.016046315
2019-02-14 15:30:00,0.022306383
2019-02-14 15:40:00,0.01939705
2019-02-14 15:50:00,0.021877527
2019-02-14 16:00:00,0.013871372
2019-02-14 16:10:00,0.021223336
2019-02-14 16:20:00,0.017840445
2019-02-14 16:30:00,0.020424664
2019-02-14 16:40:00,0.014984548
2019-02-14 16:50:00,0.0206213
2019-02-14 17:00:00,0.017527074
2019-02-14 17:10:00,0.02197653
2019-02-14 17:20:00,0.014552653
2019-02-14 17:30:00,0.021525562
2019-02-14 17:40:00,0.018692821
2019-02-14 17:50:00,0.02234584
2019-02-14 18:00:00,0.0148870945
2019-02-14 18:10:00,0.022301465
2019-02-14 18:20:00,0.018796623
2019-02-14 18:30:00,0.02207014
2019-02-14 18:40:00,0.014403105
2019-02-14 18:50:00,0.0207555
2019-02-14 19:00:00,0.01636374
2019-02-14 19:10:00,0.018369168
2019-02-14 19:20:00,0.011990517
2019-02-14 19:30:00,0.017248899
2019-02-14 19:40:00,0.014418691
2019-02-14 19:50:00,0.01863718
2019-02-14 20:00:00,0.012470663
2019-02-14 20:10:00,0.018215358
2019-02-14 20:20:00,0.013982832
2019-02-14 20:30:00,0.018384993
2019-02-14 20:40:00,0.0118943155
2019-02-14 20:50:00,0.017659843
2019-02-14 21:00:00,0.013577759
2019-02-14 21:10:00,0.017464042
2019-02-14 21:20:00,0.011394739
2019-02-14 21:30:00,0.017393738
2019-02-14 21:40:00,0.01381883
2019-02-14 21:50:00,0.017735422
2019-02-14 22:00:00,0.012155056
2019-02-14 22:10:00,0.01696518
2019-02-14 22:20:00,0.01280129
2019-02-14 22:30:00,0.017828941
2019-02-14 22:40:00,0.011155903
2019-02-14 22:50:00,0.017682344
2019-02-14 23:00:00,0.012285918
2019-02-14 23:10:00,0.01794076
2019-02-14 23:20:00,0.011355311
2019-02-14 23:30:00,0.017830402
2019-02-14 23:40:00,0.012443244
2019-02-14 23:50:00,0.018554658
2019-02-15 00:00:00,0.01173988
2019-02-15 00:10:00,0.017702132
2019-02-15 00:20:00,0.011767685
2019-02-15 00:30:00,0.017129898
2019-02-15 00:40:00,0.011620939
2019-02-15 00:50:00,0.014705926
2019-02-15 01:00:00,0.010536909
2019-02-15 01:10:00,0.015069246
2019-02-15 01:20:00,0.009613544
2019-02-15 01:30:00,0.013068885
2019-02-15 01:40:00,0.0089711845
2019-02-15 01:50:00,0.014444113
2019-02-15 02:00:00,0.008564144
2019-02-15 02:10:00,0.012586176
2019-02-15 02:20:00,0.008598238
2019-02-15 02:30:00,0.013192564
2019-02-15 02:40:00,0.008355439
2019-02-15 02:50:00,0.013192028
2019-02-15 03:00:00,0.008069277
2019-02-15 03:10:00,0.013262153
2019-02-15 03:20:00,0.008816481
2019-02-15 03:30:00,0.0120123625
2019-02-15 03:40:00,0.008620948
2019-02-15 03:50:00,0.012559861
2019-02-15 04:00:00,0.0093925
2019-02-15 04:10:00,0.012486368
2019-02-15 04:20:00,0.0089533925
2019-02-15 04:30:00,0.012827307
2019-02-15 04:40:00,0.008915454
2019-02-15 04:50:00,0.013745606
2019-02-15 05:00:00,0.009784937
2019-02-15 05:10:00,0.012735963
2019-02-15 05:20:00,0.009653121
2019-02-15 05:30:00,0.013208479
2019-02-15 05:40:00,0.009371012
2019-02-15 05:50:00,0.013129085
2019-02-15 06:00:00,0.009497702
2019-02-15 06:10:00,0.012522966
2019-02-15 06:20:00,0.009047002
2019-02-15 06:30:00,0.012209386
2019-02-15 06:40:00,0.009883195
2019-02-15 06:50:00,0.011922866
2019-02-15 07:00:00,0.008558303
2019-02-15 07:10:00,0.011409014
2019-02-15 07:20:00,0.009293109
2019-02-15 07:30:00,0.01131472
2019-02-15 07:40:00,0.0085579455
2019-02-15 07:50:00,0.011749536
2019-02-15 08:00:00,0.009303391
2019-02-15 08:10:00,0.012140542
2019-02-15 08:20:00,0.008286059
2019-02-15 08:30:00,0.0115964115
2019-02-15 08:40:00,0.008852899
2019-02-15 08:50:00,0.01158011
2019-02-15 09:00:00,0.008045554
2019-02-15 09:10:00,0.011117995
2019-02-15 09:20:00,0.009187639
2019-02-15 09:30:00,0.011617124
2019-02-15 09:40:00,0.008058041
2019-02-15 09:50:00,0.0119641125
2019-02-15 10:00:00,0.010259002
2019-02-15 10:10:00,0.012075573
2019-02-15 10:20:00,0.008917421
2019-02-15 10:30:00,0.01208353
2019-02-15 10:40:00,0.010349095
2019-02-15 10:50:00,0.012270689
2019-02-15 11:00:00,0.009810686
2019-02-15 11:10:00,0.013402939
2019-02-15 11:20:00,0.012033999
2019-02-15 11:30:00,0.013447106
2019-02-15 11:40:00,0.010715902
2019-02-15 11:50:00,0.013170332
2019-02-15 12:00:00,0.011386037
2019-02-15 12:10:00,0.012113392
2019-02-15 12:20:00,0.009756386
2019-02-15 12:30:00,0.011636287
2019-02-15 12:40:00,0.010063708
2019-02-15 12:50:00,0.0110476315
2019-02-15 13:00:00,0.009176761
2019-02-15 13:10:00,0.011094272
2019-02-15 13:20:00,0.010489404
2019-02-15 13:30:00,0.01201576
2019-02-15 13:40:00,0.009339511
2019-02-15 13:50:00,0.0114914775
2019-02-15 14:00:00,0.010704786
2019-02-15 14:10:00,0.0120232105
2019-02-15 14:20:00,0.009373516
2019-02-15 14:30:00,0.011075258
2019-02-15 14:40:00,0.010125488
2019-02-15 14:50:00,0.011457741
2019-02-15 15:00:00,0.009391844
2019-02-15 15:10:00,0.0107550025
2019-02-15 15:20:00,0.010734707
2019-02-15 15:30:00,0.010945052
2019-02-15 15:40:00,0.009262383
2019-02-15 15:50:00,0.010379761
2019-02-15 16:00:00,0.010545015
2019-02-15 16:10:00,0.010623395
2019-02-15 16:20:00,0.009504408
2019-02-15 16:30:00,0.011228979
2019-02-15 16:40:00,0.011014402
2019-02-15 16:50:00,0.0126285255
2019-02-15 17:00:00,0.009875298
2019-02-15 17:10:00,0.01181674
2019-02-15 17:20:00,0.011460483
2019-02-15 17:30:00,0.01252839
2019-02-15 17:40:00,0.010003805
2019-02-15 17:50:00,0.011756122
2019-02-15 18:00:00,0.011347979
2019-02-15 18:10:00,0.01211217
2019-02-15 18:20:00,0.009596974
2019-02-15 18:30:00,0.011506349
2019-02-15 18:40:00,0.011470377
2019-02-15 18:50:00,0.012054443
2019-02-15 19:00:00,0.009823829
2019-02-15 19:10:00,0.01206851
2019-02-15 19:20:00,0.0109761655
2019-02-15 19:30:00,0.0110993385
2019-02-15 19:40:00,0.011309266
2019-02-15 19:50:00,0.012228221
2019-02-15 20:00:00,0.012414366
2019-02-15 20:10:00,0.013221353
2019-02-15 20:20:00,0.011035085
2019-02-15 20:30:00,0.011877149
2019-02-15 20:40:00,0.012709677
2019-02-15 20:50:00,0.012150168
2019-02-15 21:00:00,0.011034459
2019-02-15 21:10:00,0.0110684335
2019-02-15 21:20:00,0.012884259
2019-02-15 21:30:00,0.011257738
2019-02-15 21:40:00,0.010721713
2019-02-15 21:50:00,0.010806918
2019-02-15 22:00:00,0.012350708
2019-02-15 22:10:00,0.012113541
2019-02-15 22:20:00,0.012362033
2019-02-15 22:30:00,0.011980653
2019-02-15 22:40:00,0.0148867965
2019-02-15 22:50:00,0.012797624
2019-02-15 23:00:00,0.015206307
2019-02-15 23:10:00,0.012443483
2019-02-15 23:20:00,0.016346425
2019-02-15 23:30:00,0.01305449
2019-02-15 23:40:00,0.014377207
2019-02-15 23:50:00,0.01230827
2019-02-16 00:00:00,0.015780956
2019-02-16 00:10:00,0.01218009
2019-02-16 00:20:00,0.01379472
2019-02-16 00:30:00,0.012109637
2019-02-16 00:40:00,0.015452385
2019-02-16 00:50:00,0.011052042
2019-02-16 01:00:00,0.012360096
2019-02-16 01:10:00,0.009979159
2019-02-16 01:20:00,0.013749331
2019-02-16 01:30:00,0.011152267
2019-02-16 01:40:00,0.014007956
2019-02-16 01:50:00,0.013660103
2019-02-16 02:00:00,0.016705036
2019-02-16 02:10:00,0.014671385
2019-02-16 02:20:00,0.015622079
2019-02-16 02:30:00,0.0137993395
2019-02-16 02:40:00,0.017225802
2019-02-16 02:50:00,0.0141043365
2019-02-16 03:00:00,0.015802652
2019-02-16 03:10:00,0.013178021
2019-02-16 03:20:00,0.016930252
2019-02-16 03:30:00,0.013702333
2019-02-16 03:40:00,0.016014874
2019-02-16 03:50:00,0.0142071545
2019-02-16 04:00:00,0.018229872
2019-02-16 04:10:00,0.016010016
2019-02-16 04:20:00,0.017652959
2019-02-16 04:30:00,0.015941352
2019-02-16 04:40:00,0.019278973
2019-02-16 04:50:00,0.016957372
2019-02-16 05:00:00,0.018562436
2019-02-16 05:10:00,0.015832096
2019-02-16 05:20:00,0.01966086
2019-02-16 05:30:00,0.015795052
2019-02-16 05:40:00,0.019394547
2019-02-16 05:50:00,0.0146871805
2019-02-16 06:00:00,0.01996407
2019-02-16 06:10:00,0.016932428
2019-02-16 06:20:00,0.021866709
2019-02-16 06:30:00,0.0177598
2019-02-16 06:40:00,0.02355221
2019-02-16 06:50:00,0.018242061
2019-02-16 07:00:00,0.023266792
2019-02-16 07:10:00,0.017972589
2019-02-16 07:20:00,0.024241507
2019-02-16 07:30:00,0.020203859
2019-02-16 07:40:00,0.025061667
2019-02-16 07:50:00,0.019657522
2019-02-16 08:00:00,0.025765538
2019-02-16 08:10:00,0.021926701
2019-02-16 08:20:00,0.025868833
2019-02-16 08:30:00,0.020157218
2019-02-16 08:40:00,0.026687622
2019-02-16 08:50:00,0.024351716
2019-02-16 09:00:00,0.029429585
2019-02-16 09:10:00,0.022062212
2019-02-16 09:20:00,0.02786398
2019-02-16 09:30:00,0.0234645
2019-02-16 09:40:00,0.026875168
2019-02-16 09:50:00,0.022266984
2019-02-16 10:00:00,0.026565313
2019-02-16 10:10:00,0.023737937
2019-02-16 10:20:00,0.024323821
2019-02-16 10:30:00,0.021942198
2019-02-16 10:40:00,0.024181217
2019-02-16 10:50:00,0.022625834
2019-02-16 11:00:00,0.019926578
2019-02-16 11:10:00,0.020453423
2019-02-16 11:20:00,0.02282241
2019-02-16 11:30:00,0.021186411
2019-02-16 11:40:00,0.020801336
2019-02-16 11:50:00,0.020520747
2019-02-16 12:00:00,0.022949904
2019-02-16 12:10:00,0.020858288
2019-02-16 12:20:00,0.021771729
2019-02-16 12:30:00,0.019193172
2019-02-16 12:40:00,0.02232942
2019-02-16 12:50:00,0.021151364
2019-02-16 13:00:00,0.020109326
2019-02-16 13:10:00,0.019718617
2019-02-16 13:20:00,0.020483583
2019-02-16 13:30:00,0.022712886
2019-02-16 13:40:00,0.021076947
2019-02-16 13:50:00,0.021622747
2019-02-16 14:00:00,0.022580445
2019-02-16 14:10:00,0.025089622
2019-02-16 14:20:00,0.021588683
2019-02-16 14:30:00,0.022817314
2019-02-16 14:40:00,0.021543145
2019-02-16 14:50:00,0.023607165
2019-02-16 15:00:00,0.019138396
2019-02-16 15:10:00,0.019960701
2019-02-16 15:20:00,0.019445688
2019-02-16 15:30:00,0.022933275
2019-02-16 15:40:00,0.018977702
2019-02-16 15:50:00,0.020228416
2019-02-16 16:00:00,0.020016283
2019-02-16 16:10:00,0.023121685
2019-02-16 16:20:00,0.017904252
2019-02-16 16:30:00,0.021234393
2019-02-16 16:40:00,0.019454569
2019-02-16 16:50:00,0.023774803
2019-02-16 17:00:00,0.019247025
2019-02-16 17:10:00,0.022238344
2019-02-16 17:20:00,0.020442605
2019-02-16 17:30:00,0.025108904
2019-02-16 17:40:00,0.01904744
2019-02-16 17:50:00,0.022686392
2019-02-16 18:00:00,0.021019548
2019-02-16 18:10:00,0.025660574
2019-02-16 18:20:00,0.018814385
2019-02-16 18:30:00,0.022200465
2019-02-16 18:40:00,0.019938052
2019-02-16 18:50:00,0.025906295
2019-02-16 19:00:00,0.021848917
2019-02-16 19:10:00,0.02562502
2019-02-16 19:20:00,0.02251181
2019-02-16 19:30:00,0.028190017
2019-02-16 19:40:00,0.020475566
2019-02-16 19:50:00,0.026063353
2019-02-16 20:00:00,0.022053838
2019-02-16 20:10:00,0.028658986
2019-02-16 20:20:00,0.020493507
2019-02-16 20:30:00,0.025122255
2019-02-16 20:40:00,0.021428764
2019-02-16 20:50:00,0.026719958
2019-02-16 21:00:00,0.020652682
2019-02-16 21:10:00,0.025644273
2019-02-16 21:20:00,0.02221331
2019-02-16 21:30:00,0.027379096
2019-02-16 21:40:00,0.021248192
2019-02-16 21:50:00,0.02468267
2019-02-16 22:00:00,0.022468984
2019-02-16 22:10:00,0.026215732
2019-02-16 22:20:00,0.020735323
2019-02-16 22:30:00,0.024902582
2019-02-16 22:40:00,0.021977544
2019-02-16 22:50:00,0.02717197
2019-02-16 23:00:00,0.019283801
2019-02-16 23:10:00,0.024000973
2019-02-16 23:20:00,0.020092905
2019-02-16 23:30:00,0.026081145
2019-02-16 23:40:00,0.018736333
2019-02-16 23:50:00,0.023129374
2019-02-17 00:00:00,0.019569576
2019-02-17 00:10:00,0.024568915
2019-02-17 00:20:00,0.019208342
2019-02-17 00:30:00,0.021893233
2019-02-17 00:40:00,0.020486921
2019-02-17 00:50:00,0.024275213
2019-02-17 01:00:00,0.02056843
2019-02-17 01:10:00,0.02105537
2019-02-17 01:20:00,0.020056307
2019-02-17 01:30:00,0.021417022
2019-02-17 01:40:00,0.017717034
2019-02-17 01:50:00,0.018780798
2019-02-17 02:00:00,0.018307328
2019-02-17 02:10:00,0.02064836
2019-02-17 02:20:00,0.016421854
2019-02-17 02:30:00,0.01932627
2019-02-17 02:40:00,0.01650858
2019-02-17 02:50:00,0.020496607
2019-02-17 03:00:00,0.0160442
2019-02-17 03:10:00,0.018119544
2019-02-17 03:20:00,0.01629886
2019-02-17 03:30:00,0.02102089
2019-02-17 03:40:00,0.01690954
2019-02-17 03:50:00,0.021378636
2019-02-17 04:00:00,0.019259632
2019-02-17 04:10:00,0.023996353
2019-02-17 04:20:00,0.018441498
2019-02-17 04:30:00,0.021913797
2019-02-17 04:40:00,0.019759595
2019-02-17 04:50:00,0.023311466
2019-02-17 05:00:00,0.017175496
2019-02-17 05:10:00,0.02023679
2019-02-17 05:20:00,0.016813397
2019-02-17 05:30:00,0.020949095
2019-02-17 05:40:00,0.015684664
2019-02-17 05:50:00,0.019196153
2019-02-17 06:00:00,0.017021596
2019-02-17 06:10:00,0.0220398
2019-02-17 06:20:00,0.015075892
2019-02-17 06:30:00,0.019083232
2019-02-17 06:40:00,0.0159733
2019-02-17 06:50:00,0.022463053
2019-02-17 07:00:00,0.016185641
2019-02-17 07:10:00,0.023009717
2019-02-17 07:20:00,0.016206473
2019-02-17 07:30:00,0.024971724
2019-02-17 07:40:00,0.01661697
2019-02-17 07:50:00,0.023024023
2019-02-17 08:00:00,0.016031444
2019-02-17 08:10:00,0.02421102
2019-02-17 08:20:00,0.016774386
2019-02-17 08:30:00,0.022497088
2019-02-17 08:40:00,0.017119646
2019-02-17 08:50:00,0.023870945
2019-02-17 09:00:00,0.016905278
2019-02-17 09:10:00,0.023446888
2019-02-17 09:20:00,0.016505688
2019-02-17 09:30:00,0.02637282
2019-02-17 09:40:00,0.015634507
2019-02-17 09:50:00,0.023191959
2019-02-17 10:00:00,0.01637727
2019-02-17 10:10:00,0.025068551
2019-02-17 10:20:00,0.016120613
2019-02-17 10:30:00,0.023724288
2019-02-17 10:40:00,0.017205566
2019-02-17 10:50:00,0.026602179
2019-02-17 11:00:00,0.01598671
2019-02-17 11:10:00,0.0246405
2019-02-17 11:20:00,0.016620606
2019-02-17 11:30:00,0.026842892
2019-02-17 11:40:00,0.01529628
2019-02-17 11:50:00,0.025069058
2019-02-17 12:00:00,0.01578644
2019-02-17 12:10:00,0.02632913
2019-02-17 12:20:00,0.014412552
2019-02-17 12:30:00,0.022281587
2019-02-17 12:40:00,0.015995502
2019-02-17 12:50:00,0.024712652
2019-02-17 13:00:00,0.013989091
2019-02-17 13:10:00,0.021427214
2019-02-17 13:20:00,0.015462309
2019-02-17 13:30:00,0.025310636
2019-02-17 13:40:00,0.013976127
2019-02-17 13:50:00,0.023513943
2019-02-17 14:00:00,0.014789462
2019-02-17 14:10:00,0.025926381
2019-02-17 14:20:00,0.014567703
2019-02-17 14:30:00,0.023311794
2019-02-17 14:40:00,0.0153084695
2019-02-17 14:50:00,0.025403947
2019-02-17 15:00:00,0.014883697
2019-02-17 15:10:00,0.022136748
2019-02-17 15:20:00,0.01673904
2019-02-17 15:30:00,0.023932964
2019-02-17 15:40:00,0.014895737
2019-02-17 15:50:00,0.021989644
2019-02-17 16:00:00,0.017145157
2019-02-17 16:10:00,0.02568984
2019-02-17 16:20:00,0.016482204
2019-02-17 16:30:00,0.02189058
2019-02-17 16:40:00,0.016882688
2019-02-17 16:50:00,0.026993483
2019-02-17 17:00:00,0.017000914
2019-02-17 17:10:00,0.025141478
2019-02-17 17:20:00,0.020720571
2019-02-17 17:30:00,0.02902785
2019-02-17 17:40:00,0.018881798
2019-02-17 17:50:00,0.02695936
2019-02-17 18:00:00,0.021681488
2019-02-17 18:10:00,0.030661702
2019-02-17 18:20:00,0.019034356
2019-02-17 18:30:00,0.02765587
2019-02-17 18:40:00,0.02167046
2019-02-17 18:50:00,0.03239584
2019-02-17 19:00:00,0.021394849
2019-02-17 19:10:00,0.027331054
2019-02-17 19:20:00,0.020118892
2019-02-17 19:30:00,0.027423352
2019-02-17 19:40:00,0.018716753
2019-02-17 19:50:00,0.023554385
2019-02-17 20:00:00,0.019499421
2019-02-17 20:10:00,0.023004591
2019-02-17 20:20:00,0.018029898
2019-02-17 20:30:00,0.023102164
2019-02-17 20:40:00,0.019928277
2019-02-17 20:50:00,0.023612797
2019-02-17 21:00:00,0.020270348
2019-02-17 21:10:00,0.02207473
2019-02-17 21:20:00,0.020641893
2019-02-17 21:30:00,0.022795677
2019-02-17 21:40:00,0.02050522
2019-02-17 21:50:00,0.021516055
2019-02-17 22:00:00,0.022535741
2019-02-17 22:10:00,0.021436006
2019-02-17 22:20:00,0.021979272
2019-02-17 22:30:00,0.020391762
2019-02-17 22:40:00,0.020947069
2019-02-17 22:50:00,0.022435695
2019-02-17 23:00:00,0.023531377
2019-02-17 23:10:00,0.022358388
2019-02-17 23:20:00,0.022004575
2019-02-17 23:30:00,0.022622496
2019-02-17 23:40:00,0.021633595
2019-02-17 23:50:00,0.020200104
2019-02-18 00:00:00,0.020353526
2019-02-18 00:10:00,0.021855623
2019-02-18 00:20:00,0.021647334
2019-02-18 00:30:00,0.020057589
2019-02-18 00:40:00,0.020465583
2019-02-18 00:50:00,0.020741284
2019-02-18 01:00:00,0.020334035
2019-02-18 01:10:00,0.018432707
2019-02-18 01:20:00,0.019546479
2019-02-18 01:30:00,0.01925695
2019-02-18 01:40:00,0.020420998
2019-02-18 01:50:00,0.01936841
2019-02-18 02:00:00,0.020746112
2019-02-18 02:10:00,0.020716876
2019-02-18 02:20:00,0.021832377
2019-02-18 02:30:00,0.020886809
2019-02-18 02:40:00,0.022114962
2019-02-18 02:50:00,0.021795124
2019-02-18 03:00:00,0.024325192
2019-02-18 03:10:00,0.021597981
2019-02-18 03:20:00,0.023199469
2019-02-18 03:30:00,0.022179008
2019-02-18 03:40:00,0.02395919
2019-02-18 03:50:00,0.019472659
2019-02-18 04:00:00,0.023119152
2019-02-18 04:10:00,0.020813227
2019-02-18 04:20:00,0.023160547
2019-02-18 04:30:00,0.019076288
2019-02-18 04:40:00,0.021274775
2019-02-18 04:50:00,0.022499323
2019-02-18 05:00:00,0.024099141
2019-02-18 05:10:00,0.02115509
2019-02-18 05:20:00,0.024007797
2019-02-18 05:30:00,0.022037804
2019-02-18 05:40:00,0.027392834
2019-02-18 05:50:00,0.022624195
2019-02-18 06:00:00,0.024457216
2019-02-18 06:10:00,0.022792757
2019-02-18 06:20:00,0.028044969
2019-02-18 06:30:00,0.022156537
2019-02-18 06:40:00,0.027080059
2019-02-18 06:50:00,0.022848457
2019-02-18 07:00:00,0.028105348
2019-02-18 07:10:00,0.022228122
2019-02-18 07:20:00,0.026498199
2019-02-18 07:30:00,0.022712082
2019-02-18 07:40:00,0.028842658
2019-02-18 07:50:00,0.022545993
2019-02-18 08:00:00,0.027796865
2019-02-18 08:10:00,0.022605062
2019-02-18 08:20:00,0.029342413
2019-02-18 08:30:00,0.023479909
2019-02-18 08:40:00,0.03251779
2019-02-18 08:50:00,0.026429951
2019-02-18 09:00:00,0.034067154
2019-02-18 09:10:00,0.02531746
2019-02-18 09:20:00,0.02985239
2019-02-18 09:30:00,0.024667442
2019-02-18 09:40:00,0.031118214
2019-02-18 09:50:00,0.023854703
2019-02-18 10:00:00,0.030735493
2019-02-18 10:10:00,0.025184065
2019-02-18 10:20:00,0.032766074
2019-02-18 10:30:00,0.022928804
2019-02-18 10:40:00,0.030840963
2019-02-18 10:50:00,0.022752166
2019-02-18 11:00:00,0.032209724
2019-02-18 11:10:00,0.02237627
2019-02-18 11:20:00,0.03103149
2019-02-18 11:30:00,0.023317039
2019-02-18 11:40:00,0.032249153
2019-02-18 11:50:00,0.02225265
2019-02-18 12:00:00,0.03149429
2019-02-18 12:10:00,0.020892799
2019-02-18 12:20:00,0.02844128
2019-02-18 12:30:00,0.019605994
2019-02-18 12:40:00,0.026824743
2019-02-18 12:50:00,0.019429564
2019-02-18 13:00:00,0.027778268
2019-02-18 13:10:00,0.019136578
2019-02-18 13:20:00,0.026973903
2019-02-18 13:30:00,0.016585499
2019-02-18 13:40:00,0.024165869
2019-02-18 13:50:00,0.015076816
2019-02-18 14:00:00,0.020400703
2019-02-18 14:10:00,0.013074249
2019-02-18 14:20:00,0.020645887
2019-02-18 14:30:00,0.013274074
2019-02-18 14:40:00,0.021407187
2019-02-18 14:50:00,0.013034761
2019-02-18 15:00:00,0.021626025
2019-02-18 15:10:00,0.013427019
2019-02-18 15:20:00,0.022129744
2019-02-18 15:30:00,0.01211825
2019-02-18 15:40:00,0.020645142
2019-02-18 15:50:00,0.013296992
2019-02-18 16:00:00,0.022111118
2019-02-18 16:10:00,0.01344642
2019-02-18 16:20:00,0.022853106
2019-02-18 16:30:00,0.0141352415
2019-02-18 16:40:00,0.02212596
2019-02-18 16:50:00,0.012291908
2019-02-18 17:00:00,0.021874756
2019-02-18 17:10:00,0.012274265
2019-02-18 17:20:00,0.020476967
2019-02-18 17:30:00,0.011692643
2019-02-18 17:40:00,0.01790753
2019-02-18 17:50:00,0.011407405
2019-02-18 18:00:00,0.01763159
2019-02-18 18:10:00,0.010256082
2019-02-18 18:20:00,0.018070668
2019-02-18 18:30:00,0.010974675
2019-02-18 18:40:00,0.018669784
2019-02-18 18:50:00,0.010550857
2019-02-18 19:00:00,0.01580131
2019-02-18 19:10:00,0.010615051
2019-02-18 19:20:00,0.017222166
2019-02-18 19:30:00,0.0109626055
2019-02-18 19:40:00,0.016716927
2019-02-18 19:50:00,0.011483222
2019-02-18 20:00:00,0.018299878
2019-02-18 20:10:00,0.01222375
2019-02-18 20:20:00,0.017944187
2019-02-18 20:30:00,0.011290491
2019-02-18 20:40:00,0.018835038
2019-02-18 20:50:00,0.009504437
2019-02-18 21:00:00,0.016600579
2019-02-18 21:10:00,0.009165436
2019-02-18 21:20:00,0.017188638
2019-02-18 21:30:00,0.008753955
2019-02-18 21:40:00,0.01331073
2019-02-18 21:50:00,0.007546574
2019-02-18 22:00:00,0.012399554
2019-02-18 22:10:00,0.0067709982
2019-02-18 22:20:00,0.0105321705
2019-02-18 22:30:00,0.0063966215
2019-02-18 22:40:00,0.012007475
2019-02-18 22:50:00,0.0063283443
2019-02-18 23:00:00,0.010129809
2019-02-18 23:10:00,0.006378472
2019-02-18 23:20:00,0.012181759
2019-02-18 23:30:00,0.0068547726
2019-02-18 23:40:00,0.010283083
2019-02-18 23:50:00,0.0061684847
2019-02-19 00:00:00,0.011510521
2019-02-19 00:10:00,0.006030768
2019-02-19 00:20:00,0.010689408
2019-02-19 00:30:00,0.0056684017
2019-02-19 00:40:00,0.011391103
2019-02-19 00:50:00,0.005699843
2019-02-19 01:00:00,0.00960803
2019-02-19 01:10:00,0.004887283
2019-02-19 01:20:00,0.01036194
2019-02-19 01:30:00,0.004850775
2019-02-19 01:40:00,0.008870572
2019-02-19 01:50:00,0.0037915409
2019-02-19 02:00:00,0.009551764
2019-02-19 02:10:00,0.003742218
2019-02-19 02:20:00,0.008339286
2019-02-19 02:30:00,0.0033471584
2019-02-19 02:40:00,0.0094457865
2019-02-19 02:50:00,0.0038490295
2019-02-19 03:00:00,0.008541554
2019-02-19 03:10:00,0.0036188662
2019-02-19 03:20:00,0.0098281205
2019-02-19 03:30:00,0.003702581
2019-02-19 03:40:00,0.007914454
2019-02-19 03:50:00,0.0034744143
2019-02-19 04:00:00,0.009073943
2019-02-19 04:10:00,0.0037504733
2019-02-19 04:20:00,0.008320004
2019-02-19 04:30:00,0.0033373535
2019-02-19 04:40:00,0.009057522
2019-02-19 04:50:00,0.003576547
2019-02-19 05:00:00,0.00798884
2019-02-19 05:10:00,0.0032227337
2019-02-19 05:20:00,0.008589208
2019-02-19 05:30:00,0.0034280121
2019-02-19 05:40:00,0.0072468817
2019-02-19 05:50:00,0.0027969778
2019-02-19 06:00:00,0.008346677
2019-02-19 06:10:00,0.0030930638
2019-02-19 06:20:00,0.007175833
2019-02-19 06:30:00,0.0024677515
2019-02-19 06:40:00,0.007141143
2019-02-19 06:50:00,0.0027180612
2019-02-19 07:00:00,0.0064553022
2019-02-19 07:10:00,0.002181232
2019-02-19 07:20:00,0.0070468485
2019-02-19 07:30:00,0.0024460554
2019-02-19 07:40:00,0.0065390766
2019-02-19 07:50:00,0.0021915138
2019-02-19 08:00:00,0.007893115
2019-02-19 08:10:00,0.002586186
2019-02-19 08:20:00,0.0064861476
2019-02-19 08:30:00,0.0021538734
2019-02-19 08:40:00,0.007404804
2019-02-19 08:50:00,0.002516687
2019-02-19 09:00:00,0.006634176
2019-02-19 09:10:00,0.002020061
2019-02-19 09:20:00,0.0069004
2019-02-19 09:30:00,0.0023224056
2019-02-19 09:40:00,0.006084174
2019-02-19 09:50:00,0.0018554926
2019-02-19 10:00:00,0.0065498054
2019-02-19 10:10:00,0.002173245
2019-02-19 10:20:00,0.006076604
2019-02-19 10:30:00,0.0017988384
2019-02-19 10:40:00,0.006626934
2019-02-19 10:50:00,0.0021220446
2019-02-19 11:00:00,0.0058161616
2019-02-19 11:10:00,0.0018263459
2019-02-19 11:20:00,0.0064294636
2019-02-19 11:30:00,0.0021625757
2019-02-19 11:40:00,0.0058362186
2019-02-19 11:50:00,0.0019305348
2019-02-19 12:00:00,0.0065036416
2019-02-19 12:10:00,0.0022613108
2019-02-19 12:20:00,0.00619483
2019-02-19 12:30:00,0.0019589365
2019-02-19 12:40:00,0.006903708
2019-02-19 12:50:00,0.0023727417
2019-02-19 13:00:00,0.006734282
2019-02-19 13:10:00,0.0019742846
2019-02-19 13:20:00,0.007788837
2019-02-19 13:30:00,0.002238065
2019-02-19 13:40:00,0.007591009
2019-02-19 13:50:00,0.0019819736
2019-02-19 14:00:00,0.007868558
2019-02-19 14:10:00,0.0025667548
2019-02-19 14:20:00,0.008139849
2019-02-19 14:30:00,0.002274245
2019-02-19 14:40:00,0.008269548
2019-02-19 14:50:00,0.0028080046
2019-02-19 15:00:00,0.007944614
2019-02-19 15:10:00,0.0022525787
2019-02-19 15:20:00,0.00807476
2019-02-19 15:30:00,0.0026075244
2019-02-19 15:40:00,0.008125812
2019-02-19 15:50:00,0.0022961795
2019-02-19 16:00:00,0.008601546
2019-02-19 16:10:00,0.002785623
2019-02-19 16:20:00,0.008896381
2019-02-19 16:30:00,0.0023453236
2019-02-19 16:40:00,0.0090664625
2019-02-19 16:50:00,0.002783984
2019-02-19 17:00:00,0.008891016
2019-02-19 17:10:00,0.0024811625
2019-02-19 17:20:00,0.008810908
2019-02-19 17:30:00,0.0028975904
2019-02-19 17:40:00,0.008623958
2019-02-19 17:50:00,0.0023836493
2019-02-19 18:00:00,0.008574903
2019-02-19 18:10:00,0.0028172731
2019-02-19 18:20:00,0.00889197
2019-02-19 18:30:00,0.0023807883
2019-02-19 18:40:00,0.009045899
2019-02-19 18:50:00,0.0031036139
2019-02-19 19:00:00,0.009867758
2019-02-19 19:10:00,0.0026114285
2019-02-19 19:20:00,0.00979507
2019-02-19 19:30:00,0.0032700598
2019-02-19 19:40:00,0.0100590885
2019-02-19 19:50:00,0.0027750134
2019-02-19 20:00:00,0.009413928
2019-02-19 20:10:00,0.0039456785
2019-02-19 20:20:00,0.012119204
2019-02-19 20:30:00,0.0037268996
2019-02-19 20:40:00,0.012283564
2019-02-19 20:50:00,0.0044077933
2019-02-19 21:00:00,0.013353705
2019-02-19 21:10:00,0.0035153031
2019-02-19 21:20:00,0.01227805
2019-02-19 21:30:00,0.0043390393
2019-02-19 21:40:00,0.013472915
2019-02-19 21:50:00,0.0037166476
2019-02-19 22:00:00,0.0125404
2019-02-19 22:10:00,0.004604906
2019-02-19 22:20:00,0.013944238
2019-02-19 22:30:00,0.0040555894
2019-02-19 22:40:00,0.012877315
2019-02-19 22:50:00,0.004746765
2019-02-19 23:00:00,0.012623578
2019-02-19 23:10:00,0.0035437346
2019-02-19 23:20:00,0.011510581
2019-02-19 23:30:00,0.00411129
2019-02-19 23:40:00,0.011786222
2019-02-19 23:50:00,0.0034009516
2019-02-20 00:00:00,0.010753989
2019-02-20 00:10:00,0.0043046474
2019-02-20 00:20:00,0.011749387
2019-02-20 00:30:00,0.003379345
2019-02-20 00:40:00,0.011236966
2019-02-20 00:50:00,0.0038901567
2019-02-20 01:00:00,0.01206845
2019-02-20 01:10:00,0.0033424795
2019-02-20 01:20:00,0.011941761
2019-02-20 01:30:00,0.003889352
2019-02-20 01:40:00,0.01288873
2019-02-20 01:50:00,0.0041980147
2019-02-20 02:00:00,0.01402396
2019-02-20 02:10:00,0.0051686466
2019-02-20 02:20:00,0.014252216
2019-02-20 02:30:00,0.0042630434
2019-02-20 02:40:00,0.0131751895
2019-02-20 02:50:00,0.0047827065
2019-02-20 03:00:00,0.013547629
2019-02-20 03:10:00,0.004417002
2019-02-20 03:20:00,0.012504101
2019-02-20 03:30:00,0.0051674545
2019-02-20 03:40:00,0.012934536
2019-02-20 03:50:00,0.004723221
2019-02-20 04:00:00,0.012155116
2019-02-20 04:10:00,0.005830258
2019-02-20 04:20:00,0.013084143
2019-02-20 04:30:00,0.005524069
2019-02-20 04:40:00,0.012807816
2019-02-20 04:50:00,0.0067890584
2019-02-20 05:00:00,0.01276505
2019-02-20 05:10:00,0.0066685677
2019-02-20 05:20:00,0.013323277
2019-02-20 05:30:00,0.008292139
2019-02-20 05:40:00,0.015281618
2019-02-20 05:50:00,0.007791579
2019-02-20 06:00:00,0.014063895
2019-02-20 06:10:00,0.00957644
2019-02-20 06:20:00,0.017178297
2019-02-20 06:30:00,0.008784026
2019-02-20 06:40:00,0.016211808
2019-02-20 06:50:00,0.009623975
2019-02-20 07:00:00,0.017148256
2019-02-20 07:10:00,0.008390367
2019-02-20 07:20:00,0.016564101
2019-02-20 07:30:00,0.009509236
2019-02-20 07:40:00,0.016467184
2019-02-20 07:50:00,0.008972019
2019-02-20 08:00:00,0.015600055
2019-02-20 08:10:00,0.010268629
2019-02-20 08:20:00,0.0150069
2019-02-20 08:30:00,0.010848761
2019-02-20 08:40:00,0.0151510835
2019-02-20 08:50:00,0.012598634
2019-02-20 09:00:00,0.013536125
2019-02-20 09:10:00,0.012320071
2019-02-20 09:20:00,0.013854355
2019-02-20 09:30:00,0.013143778
2019-02-20 09:40:00,0.011810243
2019-02-20 09:50:00,0.01209873
2019-02-20 10:00:00,0.011795431
2019-02-20 10:10:00,0.012211233
2019-02-20 10:20:00,0.011364311
2019-02-20 10:30:00,0.011969835
2019-02-20 10:40:00,0.011629373
2019-02-20 10:50:00,0.011785656
2019-02-20 11:00:00,0.0114996135
2019-02-20 11:10:00,0.011793107
2019-02-20 11:20:00,0.011291176
2019-02-20 11:30:00,0.013909221
2019-02-20 11:40:00,0.010726094
2019-02-20 11:50:00,0.01179567
2019-02-20 12:00:00,0.010011852
2019-02-20 12:10:00,0.012747705
2019-02-20 12:20:00,0.009161741
2019-02-20 12:30:00,0.010716081
2019-02-20 12:40:00,0.008696288
2019-02-20 12:50:00,0.010561913
2019-02-20 13:00:00,0.008000463
2019-02-20 13:10:00,0.01054275
2019-02-20 13:20:00,0.008487821
2019-02-20 13:30:00,0.01190573
2019-02-20 13:40:00,0.008243293
2019-02-20 13:50:00,0.010489196
2019-02-20 14:00:00,0.008769542
2019-02-20 14:10:00,0.011446565
2019-02-20 14:20:00,0.008365214
2019-02-20 14:30:00,0.011316061
2019-02-20 14:40:00,0.009295553
2019-02-20 14:50:00,0.013603926
2019-02-20 15:00:00,0.008913279
2019-02-20 15:10:00,0.0128338635
2019-02-20 15:20:00,0.0097543895
2019-02-20 15:30:00,0.0146149695
2019-02-20 15:40:00,0.009406626
2019-02-20 15:50:00,0.013455898
2019-02-20 16:00:00,0.010143042
2019-02-20 16:10:00,0.014802903
2019-02-20 16:20:00,0.009360254
2019-02-20 16:30:00,0.013870269
2019-02-20 16:40:00,0.0094643235
2019-02-20 16:50:00,0.014444709
2019-02-20 17:00:00,0.008787543
2019-02-20 17:10:00,0.014402837
2019-02-20 17:20:00,0.009248197
2019-02-20 17:30:00,0.014919937
2019-02-20 17:40:00,0.008297175
2019-02-20 17:50:00,0.013854802
2019-02-20 18:00:00,0.008919597
2019-02-20 18:10:00,0.014392704
2019-02-20 18:20:00,0.0084019005
2019-02-20 18:30:00,0.014388233
2019-02-20 18:40:00,0.009509146
2019-02-20 18:50:00,0.015491128
2019-02-20 19:00:00,0.008750111
2019-02-20 19:10:00,0.01485157
2019-02-20 19:20:00,0.008612663
2019-02-20 19:30:00,0.015705705
2019-02-20 19:40:00,0.007746905
2019-02-20 19:50:00,0.015443534
2019-02-20 20:00:00,0.00862819
2019-02-20 20:10:00,0.015909046
2019-02-20 20:20:00,0.007666439
2019-02-20 20:30:00,0.016079009
2019-02-20 20:40:00,0.008813918
2019-02-20 20:50:00,0.017352462
2019-02-20 21:00:00,0.007994115
2019-02-20 21:10:00,0.016095817
2019-02-20 21:20:00,0.008386999
2019-02-20 21:30:00,0.017112702
2019-02-20 21:40:00,0.0075649023
2019-02-20 21:50:00,0.015798122
2019-02-20 22:00:00,0.00815171
2019-02-20 22:10:00,0.015648246
2019-02-20 22:20:00,0.0075895786
2019-02-20 22:30:00,0.016233146
2019-02-20 22:40:00,0.008364052
2019-02-20 22:50:00,0.01694864
2019-02-20 23:00:00,0.008340359
2019-02-20 23:10:00,0.018345296
2019-02-20 23:20:00,0.009385556
2019-02-20 23:30:00,0.019260317
2019-02-20 23:50:00,0.00892356
2019-02-21 00:00:00,0.020583779
2019-02-21 00:10:00,0.009775817
2019-02-21 00:20:00,0.02176404
2019-02-21 00:30:00,0.009219676
2019-02-21 00:40:00,0.02308482
2019-02-21 00:50:00,0.01045087
2019-02-21 01:00:00,0.023648858
2019-02-21 01:10:00,0.010368139
2019-02-21 01:20:00,0.023283899
2019-02-21 01:30:00,0.010964096
2019-02-21 01:40:00,0.023710042
2019-02-21 01:50:00,0.010204941
2019-02-21 02:00:00,0.0225406
2019-02-21 02:10:00,0.011196375
2019-02-21 02:20:00,0.02234593
2019-02-21 02:30:00,0.010237575
2019-02-21 02:40:00,0.022105098
2019-02-21 02:50:00,0.011303097
2019-02-21 03:00:00,0.02266872
2019-02-21 03:10:00,0.011082798
2019-02-21 03:20:00,0.024912208
2019-02-21 03:30:00,0.012489259
2019-02-21 03:40:00,0.025603056
2019-02-21 03:50:00,0.012065113
2019-02-21 04:00:00,0.027956992
2019-02-21 04:10:00,0.013296187
2019-02-21 04:20:00,0.027068228
2019-02-21 04:30:00,0.012517214
2019-02-21 04:40:00,0.029720336
2019-02-21 04:50:00,0.012961596
2019-02-21 05:00:00,0.028466731
2019-02-21 05:10:00,0.012197912
2019-02-21 05:20:00,0.02853313
2019-02-21 05:30:00,0.01311177
2019-02-21 05:40:00,0.025865108
2019-02-21 05:50:00,0.01277414
2019-02-21 06:00:00,0.02795136
2019-02-21 06:10:00,0.013380736
2019-02-21 06:20:00,0.02898696
2019-02-21 06:30:00,0.012684852
2019-02-21 06:40:00,0.030388415
2019-02-21 06:50:00,0.0129906535
2019-02-21 07:00:00,0.031386107
2019-02-21 07:10:00,0.012881666
2019-02-21 07:20:00,0.03531295
2019-02-21 07:30:00,0.014558852
2019-02-21 07:40:00,0.036563486
2019-02-21 07:50:00,0.014327526
2019-02-21 08:00:00,0.039715707
2019-02-21 08:10:00,0.016067326
2019-02-21 08:20:00,0.04162559
2019-02-21 08:30:00,0.016844928
2019-02-21 08:40:00,0.04333383
2019-02-21 08:50:00,0.0165101
2019-02-21 09:00:00,0.04237041
2019-02-21 09:10:00,0.017027587
2019-02-21 09:20:00,0.043070436
2019-02-21 09:30:00,0.016753882
2019-02-21 09:40:00,0.04063037
2019-02-21 09:50:00,0.016361743
2019-02-21 10:00:00,0.042010516
2019-02-21 10:10:00,0.01662469
2019-02-21 10:20:00,0.041058213
2019-02-21 10:30:00,0.015873402
2019-02-21 10:40:00,0.04433307
2019-02-21 10:50:00,0.016859412
2019-02-21 11:00:00,0.04607445
2019-02-21 11:10:00,0.016434103
2019-02-21 11:20:00,0.04721591
2019-02-21 11:30:00,0.01591608
2019-02-21 11:40:00,0.04590836
2019-02-21 11:50:00,0.01819411
2019-02-21 12:00:00,0.050860494
2019-02-21 12:10:00,0.017602682
2019-02-21 12:20:00,0.04726833
2019-02-21 12:30:00,0.020370632
2019-02-21 12:40:00,0.050762177
2019-02-21 12:50:00,0.018330127
2019-02-21 13:00:00,0.04883942
2019-02-21 13:10:00,0.019160658
2019-02-21 13:20:00,0.04907787
2019-02-21 13:30:00,0.018050969
2019-02-21 13:40:00,0.046889722
2019-02-21 13:50:00,0.01966688
2019-02-21 14:00:00,0.056190282
2019-02-21 14:10:00,0.01781544
2019-02-21 14:20:00,0.052016467
2019-02-21 14:30:00,0.01895994
2019-02-21 14:40:00,0.055147618
2019-02-21 14:50:00,0.017148107
2019-02-21 15:00:00,0.053381473
2019-02-21 15:10:00,0.020491421
2019-02-21 15:20:00,0.057561725
2019-02-21 15:30:00,0.019156039
2019-02-21 15:40:00,0.051298976
2019-02-21 15:50:00,0.021162301
2019-02-21 16:00:00,0.059633166
2019-02-21 16:10:00,0.023764104
2019-02-21 16:20:00,0.0578475
2019-02-21 16:30:00,0.024624705
2019-02-21 16:40:00,0.05707103
2019-02-21 16:50:00,0.02302295
2019-02-21 17:00:00,0.05633667
2019-02-21 17:10:00,0.025840163
2019-02-21 17:20:00,0.05877471
2019-02-21 17:30:00,0.02358368
2019-02-21 17:40:00,0.055487216
2019-02-21 17:50:00,0.028217316
2019-02-21 18:00:00,0.0625653
2019-02-21 18:10:00,0.0266307
2019-02-21 18:20:00,0.059321254
2019-02-21 18:30:00,0.030109584
2019-02-21 18:40:00,0.06622091
2019-02-21 18:50:00,0.026101649
2019-02-21 19:00:00,0.058918417
2019-02-21 19:10:00,0.029699445
2019-02-21 19:20:00,0.062246263
2019-02-21 19:30:00,0.02670598
2019-02-21 19:40:00,0.0549815
2019-02-21 19:50:00,0.029453099
2019-02-21 20:00:00,0.06311661
2019-02-21 20:10:00,0.025989681
2019-02-21 20:20:00,0.056702346
2019-02-21 20:30:00,0.031838566
2019-02-21 20:40:00,0.066866934
2019-02-21 20:50:00,0.028762668
2019-02-21 21:00:00,0.06684053
2019-02-21 21:10:00,0.03296718
2019-02-21 21:20:00,0.06745997
2019-02-21 21:30:00,0.028960496
2019-02-21 21:40:00,0.061882585
2019-02-21 21:50:00,0.030905753
2019-02-21 22:00:00,0.061837852
2019-02-21 22:10:00,0.027386546
2019-02-21 22:20:00,0.056651264
2019-02-21 22:30:00,0.030454934
2019-02-21 22:40:00,0.054152817
2019-02-21 22:50:00,0.02626136
2019-02-21 23:00:00,0.05558309
2019-02-21 23:10:00,0.031096041
2019-02-21 23:20:00,0.05639437
2019-02-21 23:30:00,0.024128467
2019-02-21 23:40:00,0.05073589
2019-02-21 23:50:00,0.027639687
2019-02-22 00:00:00,0.053365648
2019-02-22 00:10:00,0.025374502
2019-02-22 00:20:00,0.052729845
2019-02-22 00:30:00,0.028542995
2019-02-22 00:40:00,0.05547473
2019-02-22 00:50:00,0.026659667
2019-02-22 01:00:00,0.051182628
2019-02-22 01:10:00,0.029475302
2019-02-22 01:20:00,0.055383235
2019-02-22 01:30:00,0.028377116
2019-02-22 01:40:00,0.05255869
2019-02-22 01:50:00,0.03300771
2019-02-22 02:00:00,0.05478832
2019-02-22 02:10:00,0.027976304
2019-02-22 02:20:00,0.050667256
2019-02-22 02:30:00,0.032658696
2019-02-22 02:40:00,0.050971627
2019-02-22 02:50:00,0.028882265
2019-02-22 03:00:00,0.05184573
2019-02-22 03:10:00,0.031779587
2019-02-22 03:20:00,0.04944074
2019-02-22 03:30:00,0.029717505
2019-02-22 03:40:00,0.047409713
2019-02-22 03:50:00,0.03361529
2019-02-22 04:00:00,0.05171922
2019-02-22 04:10:00,0.030440003
2019-02-22 04:20:00,0.051624447
2019-02-22 04:30:00,0.033891052
2019-02-22 04:40:00,0.051695973
2019-02-22 04:50:00,0.032607496
2019-02-22 05:00:00,0.05228281
2019-02-22 05:10:00,0.035782248
2019-02-22 05:20:00,0.055490345
2019-02-22 05:30:00,0.03409016
2019-02-22 05:40:00,0.05459687
2019-02-22 05:50:00,0.03625223
2019-02-22 06:00:00,0.056897968
2019-02-22 06:10:00,0.034945846
2019-02-22 06:20:00,0.0535205
2019-02-22 06:50:00,0.036865532
2019-02-22 07:00:00,0.057283938
2019-02-22 07:10:00,0.03497097
2019-02-22 07:20:00,0.05338949
2019-02-22 07:30:00,0.038469434
2019-02-22 07:40:00,0.05648443
2019-02-22 07:50:00,0.032941133
2019-02-22 08:00:00,0.051144898
2019-02-22 08:10:00,0.033528954
2019-02-22 08:20:00,0.055457056
2019-02-22 08:30:00,0.030759037
2019-02-22 08:40:00,0.051153153
2019-02-22 08:50:00,0.033497214
2019-02-22 09:00:00,0.057191372
2019-02-22 09:10:00,0.031163603
2019-02-22 09:20:00,0.056916714
2019-02-22 09:30:00,0.03417757
2019-02-22 09:40:00,0.05977297
2019-02-22 09:50:00,0.032031983
2019-02-22 10:00:00,0.057875395
2019-02-22 10:10:00,0.033450156
2019-02-22 10:20:00,0.061124206
2019-02-22 10:30:00,0.031938523
2019-02-22 10:40:00,0.057807058
2019-02-22 10:50:00,0.033610463
2019-02-22 11:00:00,0.059705883
2019-02-22 11:10:00,0.031847566
2019-02-22 11:20:00,0.05689457
2019-02-22 11:30:00,0.034077525
2019-02-22 11:40:00,0.060209364
2019-02-22 11:50:00,0.033150494
2019-02-22 12:00:00,0.05715692
2019-02-22 12:10:00,0.03430572
2019-02-22 12:20:00,0.058350086
2019-02-22 12:30:00,0.03322673
2019-02-22 12:40:00,0.057763338
2019-02-22 12:50:00,0.033678472
2019-02-22 13:00:00,0.061882436
2019-02-22 13:10:00,0.033800572
2019-02-22 13:20:00,0.054681093
2019-02-22 13:30:00,0.032214463
2019-02-22 13:40:00,0.042388946
2019-02-22 13:50:00,0.030896813
2019-02-22 14:00:00,0.055975944
2019-02-22 14:10:00,0.03239566
2019-02-22 14:20:00,0.058864027
2019-02-22 14:30:00,0.03393197
2019-02-22 14:40:00,0.056126922
2019-02-22 14:50:00,0.033224016
2019-02-22 15:00:00,0.056950748
2019-02-22 15:10:00,0.03195536
2019-02-22 15:20:00,0.052232325
2019-02-22 15:30:00,0.031052351
2019-02-22 15:40:00,0.054621518
2019-02-22 15:50:00,0.031163573
2019-02-22 16:00:00,0.0506545
2019-02-22 16:10:00,0.028657943
2019-02-22 16:20:00,0.055132806
2019-02-22 16:30:00,0.02981466
2019-02-22 16:40:00,0.05041063
2019-02-22 16:50:00,0.030017853
2019-02-22 17:00:00,0.0542776
2019-02-22 17:10:00,0.029972285
2019-02-22 17:20:00,0.0492557
2019-02-22 17:30:00,0.029793978
2019-02-22 17:40:00,0.05078897
2019-02-22 17:50:00,0.029316962
2019-02-22 18:00:00,0.04777208
2019-02-22 18:10:00,0.030376941
2019-02-22 18:20:00,0.048461646
2019-02-22 18:30:00,0.030103475
2019-02-22 18:40:00,0.04690039
2019-02-22 18:50:00,0.031742513
2019-02-22 19:00:00,0.048814833
2019-02-22 19:10:00,0.032878935
2019-02-22 19:20:00,0.047835857
2019-02-22 19:30:00,0.03165567
2019-02-22 19:40:00,0.049976975
2019-02-22 19:50:00,0.03342098
2019-02-22 20:00:00,0.04659134
2019-02-22 20:10:00,0.03217694
2019-02-22 20:20:00,0.04943347
2019-02-22 20:30:00,0.03296557
2019-02-22 20:40:00,0.047792554
2019-02-22 20:50:00,0.031346977
2019-02-22 21:00:00,0.05137062
2019-02-22 21:10:00,0.03234029
2019-02-22 21:20:00,0.046878397
2019-02-22 21:30:00,0.0308986
2019-02-22 21:40:00,0.043744445
2019-02-22 21:50:00,0.03118214
2019-02-22 22:00:00,0.041918278
2019-02-22 22:10:00,0.029902458
2019-02-22 22:20:00,0.043782055
2019-02-22 22:30:00,0.03351122
2019-02-22 22:40:00,0.044019163
2019-02-22 22:50:00,0.030012488
2019-02-22 23:00:00,0.042780727
2019-02-22 23:10:00,0.031424403
2019-02-22 23:20:00,0.03959793
2019-02-22 23:30:00,0.031246156
2019-02-22 23:40:00,0.04197979
2019-02-22 23:50:00,0.031416625
2019-02-23 00:00:00,0.0449588
2019-02-23 00:10:00,0.030957997
2019-02-23 00:20:00,0.04351616
2019-02-23 00:30:00,0.031569898
2019-02-23 00:40:00,0.04339537
2019-02-23 00:50:00,0.032769263
2019-02-23 01:00:00,0.043385714
2019-02-23 01:10:00,0.03262481
2019-02-23 01:20:00,0.040751994
2019-02-23 01:30:00,0.027416676
2019-02-23 01:40:00,0.045154005
2019-02-23 01:50:00,0.03086701
2019-02-23 02:00:00,0.04498732
2019-02-23 02:10:00,0.03085798
2019-02-23 02:20:00,0.0439384
2019-02-23 02:30:00,0.032430112
2019-02-23 02:40:00,0.045093745
2019-02-23 02:50:00,0.031888604
2019-02-23 03:00:00,0.043621182
2019-02-23 03:10:00,0.03040427
2019-02-23 03:20:00,0.045709193
2019-02-23 03:30:00,0.030803174
2019-02-23 03:40:00,0.043822497
2019-02-23 03:50:00,0.032633007
2019-02-23 04:00:00,0.04621625
2019-02-23 04:10:00,0.031135231
2019-02-23 04:20:00,0.042558014
2019-02-23 04:30:00,0.031758487
2019-02-23 04:40:00,0.045976818
2019-02-23 04:50:00,0.031471312
2019-02-23 05:00:00,0.043114573
2019-02-23 05:10:00,0.029758692
2019-02-23 05:20:00,0.0426324
2019-02-23 05:30:00,0.029391319
2019-02-23 05:40:00,0.039784253
2019-02-23 05:50:00,0.029797345
2019-02-23 06:00:00,0.042620987
2019-02-23 06:10:00,0.030342996
2019-02-23 06:20:00,0.039316714
2019-02-23 06:30:00,0.030113876
2019-02-23 06:40:00,0.040548474
2019-02-23 06:50:00,0.029964238
2019-02-23 07:00:00,0.039918244
2019-02-23 07:10:00,0.03193596
2019-02-23 07:20:00,0.043171942
2019-02-23 07:30:00,0.031008601
2019-02-23 07:40:00,0.039860994
2019-02-23 07:50:00,0.028534055
2019-02-23 08:00:00,0.04309076
2019-02-23 08:10:00,0.027210534
2019-02-23 08:20:00,0.040899843
2019-02-23 08:30:00,0.025840312
2019-02-23 08:40:00,0.045945406
2019-02-23 08:50:00,0.026081532
2019-02-23 09:00:00,0.04485196
2019-02-23 09:10:00,0.02856636
2019-02-23 09:20:00,0.049701333
2019-02-23 09:30:00,0.029105484
2019-02-23 09:40:00,0.04468122
2019-02-23 09:50:00,0.028226674
2019-02-23 10:00:00,0.049119443
2019-02-23 10:10:00,0.028274864
2019-02-23 10:20:00,0.04359445
2019-02-23 10:30:00,0.028859347
2019-02-23 10:40:00,0.053392917
2019-02-23 10:50:00,0.030518144
2019-02-23 11:00:00,0.04892248
2019-02-23 11:10:00,0.029583067
2019-02-23 11:20:00,0.052174687
2019-02-23 11:30:00,0.028651744
2019-02-23 11:40:00,0.047560066
2019-02-23 11:50:00,0.029650718
2019-02-23 12:00:00,0.05488506
2019-02-23 12:10:00,0.029134184
2019-02-23 12:20:00,0.04946977
2019-02-23 12:30:00,0.029404819
2019-02-23 12:40:00,0.05323711
2019-02-23 12:50:00,0.028562725
2019-02-23 13:00:00,0.046842277
2019-02-23 13:10:00,0.028673738
2019-02-23 13:20:00,0.04618275
2019-02-23 13:30:00,0.02885878
2019-02-23 13:40:00,0.041904718
2019-02-23 13:50:00,0.028256178
2019-02-23 14:00:00,0.043132693
2019-02-23 14:10:00,0.026699722
2019-02-23 14:20:00,0.036842972
2019-02-23 14:30:00,0.02809897
2019-02-23 14:40:00,0.04372397
2019-02-23 14:50:00,0.030863702
2019-02-23 15:00:00,0.038419485
2019-02-23 15:10:00,0.03125021
2019-02-23 15:20:00,0.044629723
2019-02-23 15:30:00,0.032193094
2019-02-23 15:40:00,0.04054016
2019-02-23 15:50:00,0.032398194
2019-02-23 16:00:00,0.04545924
2019-02-23 16:10:00,0.032491893
2019-02-23 16:20:00,0.040643066
2019-02-23 16:30:00,0.032733023
2019-02-23 16:40:00,0.046737194
2019-02-23 16:50:00,0.03368655
2019-02-23 17:00:00,0.041313738
2019-02-23 17:10:00,0.033762038
2019-02-23 17:20:00,0.04332596
2019-02-23 17:30:00,0.03186947
2019-02-23 17:40:00,0.038663805
2019-02-23 17:50:00,0.033463836
2019-02-23 18:00:00,0.043925792
2019-02-23 18:10:00,0.035191745
2019-02-23 18:20:00,0.03805816
2019-02-23 18:30:00,0.03367302
2019-02-23 18:40:00,0.0424003
2019-02-23 18:50:00,0.033558756
2019-02-23 19:00:00,0.035567224
2019-02-23 19:10:00,0.03543976
2019-02-23 19:20:00,0.039132982
2019-02-23 19:30:00,0.03578317
2019-02-23 19:40:00,0.03513801
2019-02-23 19:50:00,0.034282267
2019-02-23 20:00:00,0.035876095
2019-02-23 20:10:00,0.034172386
2019-02-23 20:20:00,0.030139536
2019-02-23 20:30:00,0.03203574
2019-02-23 20:40:00,0.031755924
2019-02-23 20:50:00,0.035160452
2019-02-23 21:00:00,0.030526102
2019-02-23 21:10:00,0.0373725
2019-02-23 21:20:00,0.03390655
2019-02-23 21:30:00,0.037876397
2019-02-23 21:40:00,0.029050857
2019-02-23 21:50:00,0.03835246
2019-02-23 22:00:00,0.03214836
2019-02-23 22:10:00,0.040697753
2019-02-23 22:20:00,0.021680832
2019-02-23 22:30:00,0.031420976
2019-02-23 22:40:00,0.019235581
2019-02-23 22:50:00,0.03222546
2019-02-23 23:00:00,0.013600588
2019-02-23 23:10:00,0.02534926
2019-02-23 23:20:00,0.011725515
2019-02-23 23:30:00,0.023275167
2019-02-23 23:40:00,0.01247412
2019-02-23 23:50:00,0.02262333
2019-02-24 00:00:00,0.013755828
2019-02-24 00:10:00,0.025176078
2019-02-24 00:20:00,0.013018072
2019-02-24 00:30:00,0.025199652
2019-02-24 00:40:00,0.013905287
2019-02-24 00:50:00,0.027173609
2019-02-24 01:00:00,0.012720913
2019-02-24 01:10:00,0.024852008
2019-02-24 01:20:00,0.013489872
2019-02-24 01:30:00,0.02626279
2019-02-24 01:40:00,0.012188137
2019-02-24 01:50:00,0.02319035
2019-02-24 02:00:00,0.012067199
2019-02-24 02:10:00,0.024925709
2019-02-24 02:20:00,0.010751277
2019-02-24 02:30:00,0.022622377
2019-02-24 02:40:00,0.010535181
2019-02-24 02:50:00,0.023598284
2019-02-24 03:00:00,0.009624898
2019-02-24 03:10:00,0.021228015
2019-02-24 03:20:00,0.009707391
2019-02-24 03:30:00,0.02273798
2019-02-24 03:40:00,0.008802444
2019-02-24 03:50:00,0.020858735
2019-02-24 04:00:00,0.008953035
2019-02-24 04:10:00,0.022008657
2019-02-24 04:20:00,0.0081290305
2019-02-24 04:30:00,0.019598693
2019-02-24 04:40:00,0.007651329
2019-02-24 04:50:00,0.020257771
2019-02-24 05:00:00,0.0071445704
2019-02-24 05:10:00,0.018761903
2019-02-24 05:20:00,0.007044941
2019-02-24 05:30:00,0.019554555
2019-02-24 05:40:00,0.007229686
2019-02-24 05:50:00,0.018407881
2019-02-24 06:00:00,0.007399589
2019-02-24 06:10:00,0.020606726
2019-02-24 06:20:00,0.0067854226
2019-02-24 06:30:00,0.018014133
2019-02-24 06:40:00,0.006092429
2019-02-24 06:50:00,0.018538564
2019-02-24 07:00:00,0.0054332614
2019-02-24 07:10:00,0.016305536
2019-02-24 07:20:00,0.0050094128
2019-02-24 07:30:00,0.015945822
2019-02-24 07:40:00,0.004613012
2019-02-24 07:50:00,0.015355855
2019-02-24 08:00:00,0.0044207573
2019-02-24 08:10:00,0.01615268
2019-02-24 08:20:00,0.004633963
2019-02-24 08:30:00,0.016053528
2019-02-24 08:40:00,0.004280001
2019-02-24 08:50:00,0.016809314
2019-02-24 09:00:00,0.004124224
2019-02-24 09:10:00,0.015515834
2019-02-24 09:20:00,0.003777951
2019-02-24 09:30:00,0.015207499
2019-02-24 09:40:00,0.0035905242
2019-02-24 09:50:00,0.014175683
2019-02-24 10:00:00,0.0033143759
2019-02-24 10:10:00,0.015181392
2019-02-24 10:20:00,0.003575325
2019-02-24 10:30:00,0.014962912
2019-02-24 10:40:00,0.0033324957
2019-02-24 10:50:00,0.014854252
2019-02-24 11:00:00,0.0033521652
2019-02-24 11:10:00,0.01448676
2019-02-24 11:20:00,0.002962321
2019-02-24 11:30:00,0.014267176
2019-02-24 11:40:00,0.0028713644
2019-02-24 11:50:00,0.013228208
2019-02-24 12:00:00,0.0024632514
2019-02-24 12:10:00,0.013307452
2019-02-24 12:20:00,0.0024107099
2019-02-24 12:30:00,0.013361722
2019-02-24 12:40:00,0.00230214
2019-02-24 12:50:00,0.012622923
2019-02-24 13:00:00,0.0024547875
2019-02-24 13:10:00,0.012598783
2019-02-24 13:20:00,0.0019356012
2019-02-24 13:30:00,0.009561896
2019-02-24 13:40:00,0.0021408796
2019-02-24 13:50:00,0.009503812
2019-02-24 14:00:00,0.0017505884
2019-02-24 14:10:00,0.007258266
2019-02-24 14:20:00,0.0016282499
2019-02-24 14:30:00,0.008001417
2019-02-24 14:40:00,0.0013711154
2019-02-24 14:50:00,0.0072472394
2019-02-24 15:00:00,0.001432687
2019-02-24 15:10:00,0.0064978004
2019-02-24 15:20:00,0.0012409091
2019-02-24 15:30:00,0.0054924786
2019-02-24 15:40:00,0.0012588501
2019-02-24 15:50:00,0.0047747493
2019-02-24 16:00:00,0.00091317296
2019-02-24 16:10:00,0.004002273
2019-02-24 16:20:00,0.0009923577
2019-02-24 16:30:00,0.0035729408
2019-02-24 16:40:00,0.0008793771
2019-02-24 16:50:00,0.003071487
2019-02-24 17:00:00,0.000903219
2019-02-24 17:10:00,0.0026085973
2019-02-24 17:20:00,0.0008465946
2019-02-24 17:30:00,0.0024635196
2019-02-24 17:40:00,0.00083321333
2019-02-24 17:50:00,0.0024122894
2019-02-24 18:00:00,0.0007542968
2019-02-24 18:10:00,0.0023595095
2019-02-24 18:20:00,0.00079372525
2019-02-24 18:30:00,0.0022031069
2019-02-24 18:40:00,0.00070634484
2019-02-24 18:50:00,0.0019994676
2019-02-24 19:00:00,0.0007620156
2019-02-24 19:10:00,0.0018694103
2019-02-24 19:20:00,0.0006854534
2019-02-24 19:30:00,0.0017487705
2019-02-24 19:40:00,0.0007558167
2019-02-24 19:50:00,0.0015974045
2019-02-24 20:00:00,0.0007214844
2019-02-24 20:10:00,0.0014772713
2019-02-24 20:20:00,0.0007376075
2019-02-24 20:30:00,0.0013792813
2019-02-24 20:40:00,0.00077310205
2019-02-24 20:50:00,0.0014168322
2019-02-24 21:00:00,0.0008352399
2019-02-24 21:10:00,0.0013443232
2019-02-24 21:20:00,0.00075671077
2019-02-24 21:30:00,0.0012793541
2019-02-24 21:40:00,0.0008561313
2019-02-24 21:50:00,0.0011700988
2019-02-24 22:00:00,0.0007842481
2019-02-24 22:10:00,0.0011118054
2019-02-24 22:20:00,0.0008522868
2019-02-24 22:30:00,0.0010445416
2019-02-24 22:40:00,0.0008878112
2019-02-24 22:50:00,0.0010969937
2019-02-24 23:00:00,0.0010005534
2019-02-24 23:10:00,0.0009863675
2019-02-24 23:20:00,0.0009917319
2019-02-24 23:30:00,0.001016736
2019-02-24 23:40:00,0.00097599626
2019-02-24 23:50:00,0.0009071529
2019-02-25 00:00:00,0.0010194778
2019-02-25 00:10:00,0.00091290474
2019-02-25 00:20:00,0.0010243654
2019-02-25 00:30:00,0.00081819296
2019-02-25 00:40:00,0.0011264682
2019-02-25 00:50:00,0.0008893907
2019-02-25 01:00:00,0.0010594428
2019-02-25 01:10:00,0.0007403791
2019-02-25 01:20:00,0.0011121333
2019-02-25 01:30:00,0.000805676
2019-02-25 01:40:00,0.0011820495
2019-02-25 01:50:00,0.0007407963
2019-02-25 02:00:00,0.0014047623
2019-02-25 02:10:00,0.00075629354
2019-02-25 02:20:00,0.0016030371
2019-02-25 02:30:00,0.00078204274
2019-02-25 02:40:00,0.0018533468
2019-02-25 02:50:00,0.0008595884
2019-02-25 03:00:00,0.0017330348
2019-02-25 03:10:00,0.0007559359
2019-02-25 03:20:00,0.0018242598
2019-02-25 03:30:00,0.00082316995
2019-02-25 03:40:00,0.0018831491
2019-02-25 03:50:00,0.0007580519
2019-02-25 04:00:00,0.0020917952
2019-02-25 04:10:00,0.0008651316
2019-02-25 04:20:00,0.0021784902
2019-02-25 04:30:00,0.0007610321
2019-02-25 04:40:00,0.0027573109
2019-02-25 04:50:00,0.0008517802
2019-02-25 05:00:00,0.0028495193
2019-02-25 05:10:00,0.0007317066
2019-02-25 05:20:00,0.00421831
2019-02-25 05:30:00,0.0008173883
2019-02-25 05:40:00,0.003815949
2019-02-25 05:50:00,0.00073322654
2019-02-25 06:00:00,0.004934579
2019-02-25 06:10:00,0.0008136034
2019-02-25 06:20:00,0.004630208
2019-02-25 06:30:00,0.00082039833
2019-02-25 06:40:00,0.0055113733
2019-02-25 06:50:00,0.0008377731
2019-02-25 07:00:00,0.004738003
2019-02-25 07:10:00,0.00078487396
2019-02-25 07:20:00,0.005434066
2019-02-25 07:30:00,0.00088220835
2019-02-25 07:40:00,0.004905343
2019-02-25 07:50:00,0.00082820654
2019-02-25 08:00:00,0.006013125
2019-02-25 08:10:00,0.0009073317
2019-02-25 08:20:00,0.0052554905
2019-02-25 08:30:00,0.000826776
2019-02-25 08:40:00,0.006298512
2019-02-25 08:50:00,0.0009268522
2019-02-25 09:00:00,0.0054292083
2019-02-25 09:10:00,0.00084766746
2019-02-25 09:20:00,0.0063907206
2019-02-25 09:30:00,0.00092580914
2019-02-25 09:40:00,0.0054293275
2019-02-25 09:50:00,0.0008818209
2019-02-25 10:00:00,0.006438762
2019-02-25 10:10:00,0.0010273159
2019-02-25 10:20:00,0.0057319403
2019-02-25 10:30:00,0.0009763241
2019-02-25 10:40:00,0.007091254
2019-02-25 10:50:00,0.0011506081
2019-02-25 11:00:00,0.006049931
2019-02-25 11:10:00,0.0010469556
2019-02-25 11:20:00,0.0074510872
2019-02-25 11:30:00,0.0011247694
2019-02-25 11:40:00,0.006342292
2019-02-25 11:50:00,0.0011056662
2019-02-25 12:00:00,0.0076950192
2019-02-25 12:10:00,0.001216948
2019-02-25 12:20:00,0.006683439
2019-02-25 12:30:00,0.0011606514
2019-02-25 12:40:00,0.008185178
2019-02-25 12:50:00,0.0013228655
2019-02-25 13:00:00,0.0071166456
2019-02-25 13:10:00,0.0012340844
2019-02-25 13:20:00,0.007995278
2019-02-25 13:30:00,0.0013357699
2019-02-25 13:40:00,0.0070130825
2019-02-25 13:50:00,0.0012689829
2019-02-25 14:00:00,0.0076173544
2019-02-25 14:10:00,0.0012665093
2019-02-25 14:20:00,0.006180972
2019-02-25 14:30:00,0.0011538565
2019-02-25 14:40:00,0.0066792667
2019-02-25 14:50:00,0.0011752248
2019-02-25 15:00:00,0.005551249
2019-02-25 15:10:00,0.0012543797
2019-02-25 15:20:00,0.0064593256
2019-02-25 15:30:00,0.0014020801
2019-02-25 15:40:00,0.0058173835
2019-02-25 15:50:00,0.0014443398
2019-02-25 16:00:00,0.0064816773
2019-02-25 16:10:00,0.0014353395
2019-02-25 16:20:00,0.005746007
2019-02-25 16:30:00,0.0015647411
2019-02-25 16:40:00,0.006737262
2019-02-25 16:50:00,0.0017933547
2019-02-25 17:00:00,0.0061071515
2019-02-25 17:10:00,0.0019415617
2019-02-25 17:20:00,0.0069356263
2019-02-25 17:30:00,0.0020501316
2019-02-25 17:40:00,0.0063889325
2019-02-25 17:50:00,0.0021342933
2019-02-25 18:00:00,0.0074076056
2019-02-25 18:10:00,0.002357334
2019-02-25 18:20:00,0.006554723
2019-02-25 18:30:00,0.0025228858
2019-02-25 18:40:00,0.007430464
2019-02-25 18:50:00,0.0023718178
2019-02-25 19:00:00,0.0069419444
2019-02-25 19:10:00,0.002511561
2019-02-25 19:20:00,0.0077002645
2019-02-25 19:30:00,0.0024315715
2019-02-25 19:40:00,0.006628573
2019-02-25 19:50:00,0.0028817356
2019-02-25 20:00:00,0.008526325
2019-02-25 20:10:00,0.0032109916
2019-02-25 20:20:00,0.0077441335
2019-02-25 20:30:00,0.003993213
2019-02-25 20:40:00,0.009575963
2019-02-25 20:50:00,0.0039150417
2019-02-25 21:00:00,0.007964581
2019-02-25 21:10:00,0.0045303702
2019-02-25 21:20:00,0.009847701
2019-02-25 21:30:00,0.004838109
2019-02-25 21:40:00,0.008744895
2019-02-25 21:50:00,0.0053617954
2019-02-25 22:00:00,0.009491563
2019-02-25 22:10:00,0.0050349236
2019-02-25 22:20:00,0.008313626
2019-02-25 22:30:00,0.005731851
2019-02-25 22:40:00,0.009185791
2019-02-25 22:50:00,0.0048422813
2019-02-25 23:00:00,0.009520292
2019-02-25 23:10:00,0.005272031
2019-02-25 23:20:00,0.008971125
2019-02-25 23:30:00,0.0046191216
2019-02-25 23:40:00,0.009034902
2019-02-25 23:50:00,0.0049072206
2019-02-26 00:00:00,0.008719742
2019-02-26 00:10:00,0.003857553
2019-02-26 00:20:00,0.008439153
2019-02-26 00:30:00,0.0054482818
2019-02-26 00:40:00,0.0077201724
2019-02-26 00:50:00,0.004480928
2019-02-26 01:00:00,0.00759694
2019-02-26 01:10:00,0.0047400296
2019-02-26 01:20:00,0.008026183
2019-02-26 01:30:00,0.0047101974
2019-02-26 01:40:00,0.007508874
2019-02-26 01:50:00,0.004940748
2019-02-26 02:00:00,0.007107377
2019-02-26 02:10:00,0.004265696
2019-02-26 02:20:00,0.0069721937
2019-02-26 02:30:00,0.004799813
2019-02-26 02:40:00,0.006809294
2019-02-26 02:50:00,0.0040479302
2019-02-26 03:00:00,0.006521791
2019-02-26 03:10:00,0.00441736
2019-02-26 03:20:00,0.006700188
2019-02-26 03:30:00,0.0036041737
2019-02-26 03:40:00,0.0061568916
2019-02-26 03:50:00,0.0039827824
2019-02-26 04:00:00,0.0066028535
2019-02-26 04:10:00,0.0036767423
2019-02-26 04:20:00,0.0063946843
2019-02-26 04:30:00,0.004180461
2019-02-26 04:40:00,0.006373644
2019-02-26 04:50:00,0.0032998025
2019-02-26 05:00:00,0.0056501925
2019-02-26 05:10:00,0.0035776198
2019-02-26 05:20:00,0.0052964985
2019-02-26 05:30:00,0.0028491616
2019-02-26 05:40:00,0.004616946
2019-02-26 05:50:00,0.0031406581
2019-02-26 06:00:00,0.0047089756
2019-02-26 06:10:00,0.0028432608
2019-02-26 06:20:00,0.00434646
2019-02-26 06:30:00,0.0035615265
2019-02-26 06:40:00,0.005091101
2019-02-26 06:50:00,0.0030688941
2019-02-26 07:00:00,0.004658371
2019-02-26 07:10:00,0.0034922361
2019-02-26 07:20:00,0.0048080385
2019-02-26 07:30:00,0.0025793612
2019-02-26 07:40:00,0.0040964484
2019-02-26 07:50:00,0.0029693246
2019-02-26 08:00:00,0.0042367876
2019-02-26 08:10:00,0.0023560822
2019-02-26 08:20:00,0.003745973
2019-02-26 08:30:00,0.0027112663
2019-02-26 08:40:00,0.0041241944
2019-02-26 08:50:00,0.0023595989
2019-02-26 09:00:00,0.0035631657
2019-02-26 09:10:00,0.0026587844
2019-02-26 09:20:00,0.0036273599
2019-02-26 09:30:00,0.0022606552
2019-02-26 09:40:00,0.0032115877
2019-02-26 09:50:00,0.0025969744
2019-02-26 10:00:00,0.0035766363
2019-02-26 10:10:00,0.0022464097
2019-02-26 10:20:00,0.003348589
2019-02-26 10:30:00,0.0025759935
2019-02-26 10:40:00,0.0037235618
2019-02-26 10:50:00,0.0020279586
2019-02-26 11:00:00,0.0031386912
2019-02-26 11:10:00,0.0023039281
2019-02-26 11:20:00,0.0033705235
2019-02-26 11:30:00,0.0018022656
2019-02-26 11:40:00,0.0032618046
2019-02-26 11:50:00,0.0022822618
2019-02-26 12:00:00,0.0037275255
2019-02-26 12:10:00,0.0018810332
2019-02-26 12:20:00,0.0033341348
2019-02-26 12:30:00,0.0024149716
2019-02-26 12:40:00,0.0038310587
2019-02-26 12:50:00,0.002079159
2019-02-26 13:00:00,0.003612578
2019-02-26 13:10:00,0.0023624897
2019-02-26 13:20:00,0.003930241
2019-02-26 13:30:00,0.00204283
2019-02-26 13:40:00,0.0034312904
2019-02-26 13:50:00,0.0023192465
2019-02-26 14:00:00,0.004026592
2019-02-26 14:10:00,0.0022630095
2019-02-26 14:20:00,0.0037884414
2019-02-26 14:30:00,0.0025862455
2019-02-26 14:40:00,0.0040967166
2019-02-26 14:50:00,0.002176255
2019-02-26 15:00:00,0.003971368
2019-02-26 15:10:00,0.0024399757
2019-02-26 15:20:00,0.004625678
2019-02-26 15:30:00,0.0021457374
2019-02-26 15:40:00,0.0044665635
2019-02-26 15:50:00,0.002616793
2019-02-26 16:00:00,0.0056571662
2019-02-26 16:10:00,0.002200961
2019-02-26 16:20:00,0.005094707
2019-02-26 16:30:00,0.0021716654
2019-02-26 16:40:00,0.0063868165
2019-02-26 16:50:00,0.0020137727
2019-02-26 17:00:00,0.005900115
2019-02-26 17:10:00,0.0023707151
2019-02-26 17:20:00,0.0063751936
2019-02-26 17:30:00,0.00216797
2019-02-26 17:40:00,0.005579293
2019-02-26 17:50:00,0.0024262667
2019-02-26 18:00:00,0.0061838925
2019-02-26 18:10:00,0.0021127164
2019-02-26 18:20:00,0.0054803193
2019-02-26 18:30:00,0.0023885071
2019-02-26 18:40:00,0.006714314
2019-02-26 18:50:00,0.0023235679
2019-02-26 19:00:00,0.0064827204
2019-02-26 19:10:00,0.0024922192
2019-02-26 19:20:00,0.007023096
2019-02-26 19:30:00,0.0024437606
2019-02-26 19:40:00,0.0072984397
2019-02-26 19:50:00,0.0029562116
2019-02-26 20:00:00,0.0085018575
2019-02-26 20:10:00,0.0029724836
2019-02-26 20:20:00,0.008536369
2019-02-26 20:30:00,0.0036328733
2019-02-26 20:40:00,0.010438591
2019-02-26 20:50:00,0.0036441088
2019-02-26 21:00:00,0.011056006
2019-02-26 21:10:00,0.0041727424
2019-02-26 21:20:00,0.013266027
2019-02-26 21:30:00,0.004261613
2019-02-26 21:40:00,0.012820035
2019-02-26 21:50:00,0.004479915
2019-02-26 22:00:00,0.015185952
2019-02-26 22:10:00,0.004821837
2019-02-26 22:20:00,0.014889985
2019-02-26 22:30:00,0.0052839816
2019-02-26 22:40:00,0.017291576
2019-02-26 22:50:00,0.005335748
2019-02-26 23:00:00,0.016053498
2019-02-26 23:10:00,0.0060409307
2019-02-26 23:20:00,0.01813832
2019-02-26 23:30:00,0.0058975816
2019-02-26 23:40:00,0.016547889
2019-02-26 23:50:00,0.006883234
2019-02-27 00:00:00,0.017957151
2019-02-27 00:10:00,0.0063002706
2019-02-27 00:20:00,0.016042173
2019-02-27 00:30:00,0.006583035
2019-02-27 00:40:00,0.017707258
2019-02-27 00:50:00,0.005500257
2019-02-27 01:00:00,0.015801817
2019-02-27 01:10:00,0.005470395
2019-02-27 01:20:00,0.017551333
2019-02-27 01:30:00,0.005043775
2019-02-27 01:40:00,0.016143024
2019-02-27 01:50:00,0.0056384206
2019-02-27 02:00:00,0.018623412
2019-02-27 02:10:00,0.0054486394
2019-02-27 02:20:00,0.016602755
2019-02-27 02:30:00,0.0068382323
2019-02-27 02:40:00,0.02065885
2019-02-27 02:50:00,0.006729603
2019-02-27 03:00:00,0.018883467
2019-02-27 03:10:00,0.007547438
2019-02-27 03:20:00,0.021467179
2019-02-27 03:30:00,0.006798476
2019-02-27 03:40:00,0.018067986
2019-02-27 03:50:00,0.007510036
2019-02-27 04:00:00,0.021275938
2019-02-27 04:10:00,0.0068853796
2019-02-27 04:20:00,0.018453628
2019-02-27 04:30:00,0.0074671805
2019-02-27 04:40:00,0.021279693
2019-02-27 04:50:00,0.0072601438
2019-02-27 05:00:00,0.020292401
2019-02-27 05:10:00,0.009307057
2019-02-27 05:20:00,0.024752408
2019-02-27 05:30:00,0.00884226
2019-02-27 05:40:00,0.02149716
2019-02-27 05:50:00,0.012460172
2019-02-27 06:00:00,0.02647826
2019-02-27 06:10:00,0.012204796
2019-02-27 06:20:00,0.026659459
2019-02-27 06:30:00,0.014967382
2019-02-27 06:40:00,0.03078878
2019-02-27 06:50:00,0.013486177
2019-02-27 07:00:00,0.028084874
2019-02-27 07:10:00,0.016592532
2019-02-27 07:20:00,0.033016205
2019-02-27 07:30:00,0.015984774
2019-02-27 07:40:00,0.030236363
2019-02-27 07:50:00,0.0163441
2019-02-27 08:00:00,0.032610685
2019-02-27 08:10:00,0.014124453
2019-02-27 08:20:00,0.031080991
2019-02-27 08:30:00,0.01839903
2019-02-27 08:40:00,0.032535344
2019-02-27 08:50:00,0.017421246
2019-02-27 09:00:00,0.031075507
2019-02-27 09:10:00,0.019017726
2019-02-27 09:20:00,0.031205535
2019-02-27 09:30:00,0.018365502
2019-02-27 09:40:00,0.028574973
2019-02-27 09:50:00,0.019528389
2019-02-27 10:00:00,0.028124243
2019-02-27 10:10:00,0.01989901
2019-02-27 10:20:00,0.02758947
2019-02-27 10:30:00,0.023912847
2019-02-27 10:40:00,0.03069356
2019-02-27 10:50:00,0.022185594
2019-02-27 11:00:00,0.030089915
2019-02-27 11:10:00,0.026916385
2019-02-27 11:20:00,0.034101844
2019-02-27 11:30:00,0.026545107
2019-02-27 11:40:00,0.034858912
2019-02-27 11:50:00,0.031346112
2019-02-27 12:00:00,0.039633393
2019-02-27 12:10:00,0.032080323
2019-02-27 12:20:00,0.03988695
2019-02-27 12:30:00,0.029076338
2019-02-27 12:40:00,0.038710058
2019-02-27 12:50:00,0.030511707
2019-02-27 13:00:00,0.04089737
2019-02-27 13:10:00,0.030949414
2019-02-27 13:20:00,0.039697617
2019-02-27 13:30:00,0.028068364
2019-02-27 13:40:00,0.038851857
2019-02-27 13:50:00,0.028301
2019-02-27 14:00:00,0.04009503
2019-02-27 14:10:00,0.030310154
2019-02-27 14:20:00,0.039884716
2019-02-27 14:30:00,0.030173033
2019-02-27 14:40:00,0.041816056
2019-02-27 14:50:00,0.03226179
2019-02-27 15:00:00,0.04416102
2019-02-27 15:10:00,0.02947691
2019-02-27 15:20:00,0.042591304
2019-02-27 15:30:00,0.03108117
2019-02-27 15:40:00,0.04256496
2019-02-27 15:50:00,0.029433072
2019-02-27 16:00:00,0.041276395
2019-02-27 16:10:00,0.028529704
2019-02-27 16:20:00,0.045909494
2019-02-27 16:30:00,0.028755665
2019-02-27 16:40:00,0.042541742
2019-02-27 16:50:00,0.028160423
2019-02-27 17:00:00,0.042794704
2019-02-27 17:10:00,0.026090413
2019-02-27 17:20:00,0.0385499
2019-02-27 17:30:00,0.022926062
2019-02-27 17:40:00,0.039935946
2019-02-27 17:50:00,0.019365788
2019-02-27 18:00:00,0.040985286
2019-02-27 18:10:00,0.019779712
2019-02-27 18:20:00,0.044316888
2019-02-27 18:30:00,0.017303586
2019-02-27 18:40:00,0.0388349
2019-02-27 18:50:00,0.020374596
2019-02-27 19:00:00,0.038458973
2019-02-27 19:10:00,0.017330557
2019-02-27 19:20:00,0.036274582
2019-02-27 19:30:00,0.01931876
2019-02-27 19:40:00,0.035363495
2019-02-27 19:50:00,0.017418355
2019-02-27 20:00:00,0.034144223
2019-02-27 20:10:00,0.0194982
2019-02-27 20:20:00,0.035405725
2019-02-27 20:30:00,0.016845614
2019-02-27 20:40:00,0.03319636
2019-02-27 20:50:00,0.017355531
2019-02-27 21:00:00,0.035099328
2019-02-27 21:10:00,0.014641851
2019-02-27 21:20:00,0.032743305
2019-02-27 21:30:00,0.015448064
2019-02-27 21:40:00,0.034490794
2019-02-27 21:50:00,0.014487565
2019-02-27 22:00:00,0.03263125
2019-02-27 22:10:00,0.016112387
2019-02-27 22:20:00,0.033697516
2019-02-27 22:30:00,0.014880031
2019-02-27 22:40:00,0.032386005
2019-02-27 22:50:00,0.015818775
2019-02-27 23:00:00,0.03322068
2019-02-27 23:10:00,0.014834762
2019-02-27 23:20:00,0.031071067
2019-02-27 23:30:00,0.015994817
2019-02-27 23:40:00,0.034195125
2019-02-27 23:50:00,0.014204204
2019-02-28 00:00:00,0.032957673
2019-02-28 00:10:00,0.016628832
2019-02-28 00:20:00,0.036346763
2019-02-28 00:30:00,0.01287958
2019-02-28 00:40:00,0.03590074
2019-02-28 00:50:00,0.015236676
2019-02-28 01:00:00,0.03813228
2019-02-28 01:10:00,0.013391525
2019-02-28 01:20:00,0.040300667
2019-02-28 01:30:00,0.016476303
2019-02-28 01:40:00,0.039905965
2019-02-28 01:50:00,0.013905585
2019-02-28 02:00:00,0.037849337
2019-02-28 02:10:00,0.015703678
2019-02-28 02:20:00,0.0372501
2019-02-28 02:30:00,0.0123851895
2019-02-28 02:40:00,0.033397615
2019-02-28 02:50:00,0.014878958
2019-02-28 03:00:00,0.036037266
2019-02-28 03:10:00,0.012404829
2019-02-28 03:20:00,0.035930097
2019-02-28 03:30:00,0.014760345
2019-02-28 03:40:00,0.03700456
2019-02-28 03:50:00,0.012659878
2019-02-28 04:00:00,0.03569883
2019-02-28 04:10:00,0.0148175955
2019-02-28 04:20:00,0.03537321
2019-02-28 04:30:00,0.0136811435
2019-02-28 04:40:00,0.036488116
2019-02-28 04:50:00,0.016608506
2019-02-28 05:00:00,0.03294605
2019-02-28 05:10:00,0.014591038
2019-02-28 05:20:00,0.032808542
2019-02-28 05:30:00,0.017075628
2019-02-28 05:40:00,0.034033775
2019-02-28 05:50:00,0.015316039
2019-02-28 06:00:00,0.0363248
2019-02-28 06:10:00,0.019468725
2019-02-28 06:20:00,0.034838825
2019-02-28 06:30:00,0.01327917
2019-02-28 06:40:00,0.0389798
2019-02-28 06:50:00,0.018606424
2019-02-28 07:00:00,0.038607538
2019-02-28 07:10:00,0.015231788
2019-02-28 07:20:00,0.037249833
2019-02-28 07:30:00,0.020757675
2019-02-28 07:40:00,0.042201757
2019-02-28 07:50:00,0.017998576
2019-02-28 08:00:00,0.04208204
2019-02-28 08:10:00,0.019215703
2019-02-28 08:20:00,0.042645752
2019-02-28 08:30:00,0.01702261
2019-02-28 08:40:00,0.04393843
2019-02-28 08:50:00,0.018744767
2019-02-28 09:00:00,0.040008664
2019-02-28 09:10:00,0.014206618
2019-02-28 09:20:00,0.036078393
2019-02-28 09:30:00,0.015363514
2019-02-28 09:40:00,0.03632039
2019-02-28 09:50:00,0.012656271
2019-02-28 10:00:00,0.035493523
2019-02-28 10:10:00,0.013671726
2019-02-28 10:20:00,0.03339088
2019-02-28 10:30:00,0.010586053
2019-02-28 10:40:00,0.033673286
2019-02-28 10:50:00,0.012385368
2019-02-28 11:00:00,0.032781452
2019-02-28 11:10:00,0.009952188
2019-02-28 11:20:00,0.031519055
2019-02-28 11:30:00,0.011976719
2019-02-28 11:40:00,0.03283298
2019-02-28 11:50:00,0.0086492
2019-02-28 12:00:00,0.02959913
2019-02-28 12:10:00,0.011361778
2019-02-28 12:20:00,0.026568264
2019-02-28 12:30:00,0.008143336
2019-02-28 12:40:00,0.02746275
2019-02-28 12:50:00,0.009412527
2019-02-28 13:00:00,0.024450988
2019-02-28 13:10:00,0.00792855
2019-02-28 13:20:00,0.023897141
2019-02-28 13:30:00,0.008838177
2019-02-28 13:40:00,0.022884458
2019-02-28 13:50:00,0.007083565
2019-02-28 14:00:00,0.021241218
2019-02-28 14:10:00,0.007808119
2019-02-28 14:20:00,0.020927161
2019-02-28 14:30:00,0.005851209
2019-02-28 14:40:00,0.019041806
2019-02-28 14:50:00,0.0069111586
2019-02-28 15:00:00,0.01774013
2019-02-28 15:10:00,0.006240785
2019-02-28 15:20:00,0.019744128
2019-02-28 15:30:00,0.007421285
2019-02-28 15:40:00,0.01822579
2019-02-28 15:50:00,0.00609228
2019-02-28 16:00:00,0.020395696
2019-02-28 16:10:00,0.0073311925
2019-02-28 16:20:00,0.019044787
2019-02-28 16:30:00,0.0060458183
2019-02-28 16:40:00,0.020216793
2019-02-28 16:50:00,0.007707238
2019-02-28 17:00:00,0.018869787
2019-02-28 17:10:00,0.006545335
2019-02-28 17:20:00,0.020234466
2019-02-28 17:30:00,0.0073908865
2019-02-28 17:40:00,0.01794383
2019-02-28 17:50:00,0.0066642165
2019-02-28 18:00:00,0.017280787
2019-02-28 18:10:00,0.0070978403
2019-02-28 18:20:00,0.009555966
2019-02-28 18:30:00,0.004900545
2019-02-28 18:40:00,0.012360096
2019-02-28 18:50:00,0.0064585805
2019-02-28 19:00:00,0.011089534
2019-02-28 19:10:00,0.006531447
2019-02-28 19:20:00,0.012060702
2019-02-28 19:30:00,0.00705415
2019-02-28 19:40:00,0.0109106
2019-02-28 19:50:00,0.006860763
2019-02-28 20:00:00,0.012403101
2019-02-28 20:10:00,0.007602334
2019-02-28 20:20:00,0.011476427
2019-02-28 20:30:00,0.0074514747
2019-02-28 20:40:00,0.013331801
2019-02-28 20:50:00,0.008522898
2019-02-28 21:00:00,0.0122460425
2019-02-28 21:10:00,0.008771002
2019-02-28 21:20:00,0.013338417
2019-02-28 21:30:00,0.009727508
2019-02-28 21:40:00,0.011200041
2019-02-28 21:50:00,0.009742916
2019-02-28 22:00:00,0.012825161
2019-02-28 22:10:00,0.010842711
2019-02-28 22:20:00,0.010927975
2019-02-28 22:30:00,0.0109604
2019-02-28 22:40:00,0.013636172
2019-02-28 22:50:00,0.012592971
2019-02-28 23:00:00,0.013020635
2019-02-28 23:10:00,0.012493938
2019-02-28 23:20:00,0.013572991
2019-02-28 23:30:00,0.014332622
2019-02-28 23:40:00,0.01252389
2019-02-28 23:50:00,0.01273489
2019-03-01 00:00:00,0.013476133
2019-03-01 00:10:00,0.016433507
2019-03-01 00:20:00,0.011778325
2019-03-01 00:30:00,0.0154598355
2019-03-01 00:40:00,0.013352931
2019-03-01 00:50:00,0.019074231
2019-03-01 01:00:00,0.013545871
2019-03-01 01:10:00,0.017932832
2019-03-01 01:20:00,0.014373004
2019-03-01 01:30:00,0.018829793
2019-03-01 01:40:00,0.013064921
2019-03-01 01:50:00,0.016941518
2019-03-01 02:00:00,0.013792157
2019-03-01 02:10:00,0.017129183
2019-03-01 02:20:00,0.01406163
2019-03-01 02:30:00,0.017647505
2019-03-01 02:40:00,0.014824599
2019-03-01 02:50:00,0.017891884
2019-03-01 03:00:00,0.012666076
2019-03-01 03:10:00,0.01549536
2019-03-01 03:20:00,0.01279974
2019-03-01 03:30:00,0.016294599
2019-03-01 03:40:00,0.011421502
2019-03-01 03:50:00,0.014400274
2019-03-01 04:00:00,0.012211025
2019-03-01 04:10:00,0.014470965
2019-03-01 04:20:00,0.011553854
2019-03-01 04:30:00,0.013050348
2019-03-01 04:40:00,0.012072504
2019-03-01 04:50:00,0.012724668
2019-03-01 05:00:00,0.010748357
2019-03-01 05:10:00,0.0118739605
2019-03-01 05:20:00,0.011562496
2019-03-01 05:30:00,0.011491984
2019-03-01 05:40:00,0.009572208
2019-03-01 05:50:00,0.009730816
2019-03-01 06:20:00,0.009777576
2019-03-01 06:30:00,0.009261966
2019-03-01 06:40:00,0.008644819
2019-03-01 06:50:00,0.008663654
2019-03-01 07:00:00,0.008181721
2019-03-01 07:10:00,0.008825719
2019-03-01 07:20:00,0.0077096224
2019-03-01 07:30:00,0.007979304
2019-03-01 07:40:00,0.00781548
2019-03-01 07:50:00,0.008298606
2019-03-01 08:00:00,0.006437719
2019-03-01 08:10:00,0.0075769126
2019-03-01 08:20:00,0.0071035028
2019-03-01 08:30:00,0.0076116025
2019-03-01 08:40:00,0.005618423
2019-03-01 08:50:00,0.007207632
2019-03-01 09:00:00,0.006168753
2019-03-01 09:10:00,0.008482337
2019-03-01 09:20:00,0.0056374967
2019-03-01 09:30:00,0.0077793
2019-03-01 09:40:00,0.0057103336
2019-03-01 09:50:00,0.008646429
2019-03-01 10:00:00,0.0047332644
2019-03-01 10:10:00,0.007473916
2019-03-01 10:20:00,0.005353749
2019-03-01 10:30:00,0.007907838
2019-03-01 10:40:00,0.0047673583
2019-03-01 10:50:00,0.0072364807
2019-03-01 11:00:00,0.005226642
2019-03-01 11:10:00,0.007743329
2019-03-01 11:20:00,0.004940748
2019-03-01 11:30:00,0.007005006
2019-03-01 11:40:00,0.0052448213
2019-03-01 11:50:00,0.007963896
2019-03-01 12:00:00,0.0046780407
2019-03-01 12:10:00,0.007086158
2019-03-01 12:20:00,0.0054044127
2019-03-01 12:30:00,0.008524984
2019-03-01 12:40:00,0.0051087737
2019-03-01 12:50:00,0.0075858235
2019-03-01 13:00:00,0.005205512
2019-03-01 13:10:00,0.008124024
2019-03-01 13:20:00,0.0049880445
2019-03-01 13:30:00,0.0074358284
2019-03-01 13:40:00,0.0052363575
2019-03-01 13:50:00,0.008101016
2019-03-01 14:00:00,0.00489977
2019-03-01 14:10:00,0.0071480274
2019-03-01 14:30:00,0.0052122176
2019-03-01 14:40:00,0.0079031885
2019-03-01 14:50:00,0.004872203
2019-03-01 15:00:00,0.0077925324
2019-03-01 15:10:00,0.0055040717
2019-03-01 15:20:00,0.008828431
2019-03-01 15:30:00,0.0051399767
2019-03-01 15:40:00,0.008169681
2019-03-01 15:50:00,0.0053203106
2019-03-01 16:00:00,0.0093642175
2019-03-01 16:10:00,0.0051867664
2019-03-01 16:20:00,0.0085816085
2019-03-01 16:30:00,0.005509585
2019-03-01 16:40:00,0.009655863
2019-03-01 16:50:00,0.005422324
2019-03-01 17:00:00,0.009177268
2019-03-01 17:10:00,0.005143374
2019-03-01 17:20:00,0.009546131
2019-03-01 17:30:00,0.00566113
2019-03-01 17:40:00,0.008456111
2019-03-01 17:50:00,0.0057920516
2019-03-01 18:00:00,0.009663701
2019-03-01 18:10:00,0.0054288507
2019-03-01 18:20:00,0.008331269
2019-03-01 18:30:00,0.0056633055
2019-03-01 18:40:00,0.009252906
2019-03-01 18:50:00,0.0056816936
2019-03-01 19:00:00,0.008649617
2019-03-01 19:10:00,0.005706519
2019-03-01 19:20:00,0.00970605
2019-03-01 19:30:00,0.005812973
2019-03-01 19:40:00,0.009027749
2019-03-01 19:50:00,0.0059599876
2019-03-01 20:00:00,0.009497583
2019-03-01 20:10:00,0.0062125623
2019-03-01 20:20:00,0.009213805
2019-03-01 20:30:00,0.0068223774
2019-03-01 20:40:00,0.009965688
2019-03-01 20:50:00,0.00615713
2019-03-01 21:00:00,0.008027792
2019-03-01 21:10:00,0.0074519217
2019-03-01 21:20:00,0.009554088
2019-03-01 21:30:00,0.006940007
2019-03-01 21:40:00,0.009492785
2019-03-01 21:50:00,0.008558154
2019-03-01 22:00:00,0.010559887
2019-03-01 22:10:00,0.008782715
2019-03-01 22:20:00,0.009068459
2019-03-01 22:30:00,0.009162307
2019-03-01 22:40:00,0.009924799
2019-03-01 22:50:00,0.009851158
2019-03-01 23:00:00,0.010074228
2019-03-01 23:10:00,0.010534257
2019-03-01 23:20:00,0.010768592
2019-03-01 23:30:00,0.009801626
2019-03-01 23:40:00,0.010095507
2019-03-01 23:50:00,0.011010617
2019-03-02 00:00:00,0.010436326
2019-03-02 00:10:00,0.010114759
2019-03-02 00:20:00,0.009317964
2019-03-02 00:30:00,0.011009306
2019-03-02 00:40:00,0.010335594
2019-03-02 00:50:00,0.010315567
2019-03-02 01:00:00,0.008707434
2019-03-02 01:10:00,0.011730909
2019-03-02 01:20:00,0.009122789
2019-03-02 01:30:00,0.009380996
2019-03-02 01:40:00,0.007247478
2019-03-02 01:50:00,0.010170609
2019-03-02 02:00:00,0.007798761
2019-03-02 02:10:00,0.009645343
2019-03-02 02:20:00,0.007148236
2019-03-02 02:30:00,0.010417908
2019-03-02 02:40:00,0.007267326
2019-03-02 02:50:00,0.009252697
2019-03-02 03:00:00,0.0070310235
2019-03-02 03:10:00,0.009799778
2019-03-02 03:20:00,0.0072359443
2019-03-02 03:30:00,0.0063276887
2019-03-02 03:40:00,0.0061175823
2019-03-02 03:50:00,0.0066263974
2019-03-02 04:00:00,0.005227953
2019-03-02 04:10:00,0.0040848553
2019-03-02 04:20:00,0.0040351152
2019-03-02 04:30:00,0.004319221
2019-03-02 04:40:00,0.003924638
2019-03-02 04:50:00,0.0030377805
2019-03-02 05:00:00,0.0030848086
2019-03-02 05:10:00,0.003665477
2019-03-02 05:20:00,0.0034781992
2019-03-02 05:30:00,0.0034403503
2019-03-02 05:40:00,0.003460586
2019-03-02 05:50:00,0.0032380521
2019-03-02 06:00:00,0.0034024417
2019-03-02 06:10:00,0.002539426
2019-03-02 06:20:00,0.003181994
2019-03-02 06:30:00,0.0023078024
2019-03-02 06:40:00,0.0032639802
2019-03-02 06:50:00,0.0017803311
2019-03-02 07:00:00,0.0030034184
2019-03-02 07:10:00,0.001965791
2019-03-02 07:20:00,0.0030814111
2019-03-02 07:30:00,0.0017384291
2019-03-02 07:40:00,0.0027435124
2019-03-02 07:50:00,0.0017780662
2019-03-02 08:00:00,0.0028721392
2019-03-02 08:10:00,0.0015230477
2019-03-02 08:20:00,0.0023386478
2019-03-02 08:30:00,0.0015082359
2019-03-02 08:40:00,0.0023983717
2019-03-02 08:50:00,0.0012456179
2019-03-02 09:00:00,0.002100706
2019-03-02 09:10:00,0.0012652278
2019-03-02 09:20:00,0.002192825
2019-03-02 09:30:00,0.0011388361
2019-03-02 09:40:00,0.0019386113
2019-03-02 09:50:00,0.0010790229
2019-03-02 10:00:00,0.0019566417
2019-03-02 10:10:00,0.0009954274
2019-03-02 10:20:00,0.0017792583
2019-03-02 10:30:00,0.0010195673
2019-03-02 10:40:00,0.0019304156
2019-03-02 10:50:00,0.001036644
2019-03-02 11:00:00,0.0021306276
2019-03-02 11:10:00,0.0011558831
2019-03-02 11:20:00,0.002360493
2019-03-02 11:30:00,0.0010607541
2019-03-02 11:40:00,0.0023476183
2019-03-02 11:50:00,0.0010592341
2019-03-02 12:00:00,0.0024110973
2019-03-02 12:10:00,0.0009673536
2019-03-02 12:20:00,0.0022515357
2019-03-02 12:30:00,0.000978291
2019-03-02 12:40:00,0.0021311045
2019-03-02 12:50:00,0.00090423226
2019-03-02 13:00:00,0.0022896528
2019-03-02 13:10:00,0.0009976625
2019-03-02 13:20:00,0.0020969212
2019-03-02 13:30:00,0.0008941591
2019-03-02 13:40:00,0.0020420551
2019-03-02 13:50:00,0.00097060204
2019-03-02 14:00:00,0.0021648705
2019-03-02 14:10:00,0.00094372034
2019-03-02 14:20:00,0.0021493137
2019-03-02 14:30:00,0.00099653
2019-03-02 14:40:00,0.0020036697
2019-03-02 14:50:00,0.0008825958
2019-03-02 15:00:00,0.0019396544
2019-03-02 15:10:00,0.0009018779
2019-03-02 15:20:00,0.001950711
2019-03-02 15:30:00,0.0008853078
2019-03-02 15:40:00,0.001886189
2019-03-02 15:50:00,0.0009944439
2019-03-02 16:00:00,0.0018180907
2019-03-02 16:10:00,0.0009222925
2019-03-02 16:20:00,0.0018175542
2019-03-02 16:30:00,0.0009547472
2019-03-02 16:40:00,0.0017648637
2019-03-02 16:50:00,0.00083070993
2019-03-02 17:00:00,0.0017732382
2019-03-02 17:10:00,0.0010072291
2019-03-02 17:20:00,0.0018187463
2019-03-02 17:30:00,0.00088852644
2019-03-02 17:40:00,0.0016134083
2019-03-02 17:50:00,0.0009486675
2019-03-02 18:00:00,0.001577735
2019-03-02 18:10:00,0.0008313656
2019-03-02 18:20:00,0.0014846921
2019-03-02 18:30:00,0.00090545416
2019-03-02 18:40:00,0.001517117
2019-03-02 18:50:00,0.00076660514
2019-03-02 19:00:00,0.0015001893
2019-03-02 19:10:00,0.0009393394
2019-03-02 19:20:00,0.0014742911
2019-03-02 19:30:00,0.0008132458
2019-03-02 19:40:00,0.001434952
2019-03-02 19:50:00,0.0008583963
2019-03-02 20:00:00,0.0014347136
2019-03-02 20:10:00,0.0006926358
2019-03-02 20:20:00,0.0014182031
2019-03-02 20:30:00,0.00082704425
2019-03-02 20:40:00,0.0014754236
2019-03-02 20:50:00,0.0006919503
2019-03-02 21:00:00,0.0014217198
2019-03-02 21:10:00,0.0007329881
2019-03-02 21:20:00,0.0014726818
2019-03-02 21:30:00,0.00062692165
2019-03-02 21:40:00,0.0014249384
2019-03-02 21:50:00,0.00067588687
2019-03-02 22:00:00,0.001368016
2019-03-02 22:10:00,0.0006324947
2019-03-02 22:20:00,0.0014825761
2019-03-02 22:30:00,0.0006918609
2019-03-02 22:40:00,0.0014177859
2019-03-02 22:50:00,0.0006940067
2019-03-02 23:00:00,0.0015332103
2019-03-02 23:10:00,0.0006751716
2019-03-02 23:20:00,0.0013957322
2019-03-02 23:30:00,0.000580281
2019-03-02 23:40:00,0.0013453662
2019-03-02 23:50:00,0.00064846873
2019-03-03 00:00:00,0.0013062656
2019-03-03 00:10:00,0.0006019175
2019-03-03 00:20:00,0.0013645887
2019-03-03 00:30:00,0.0006465316
2019-03-03 00:40:00,0.0014146566
2019-03-03 00:50:00,0.0006790757
2019-03-03 01:00:00,0.0015175939
2019-03-03 01:10:00,0.000741601
2019-03-03 01:20:00,0.001521945
2019-03-03 01:30:00,0.0007792711
2019-03-03 01:40:00,0.001691252
2019-03-03 01:50:00,0.0007619858
2019-03-03 02:00:00,0.0016925633
2019-03-03 02:10:00,0.0007710457
2019-03-03 02:20:00,0.00169456
2019-03-03 02:30:00,0.00075531006
2019-03-03 02:40:00,0.0015577078
2019-03-03 02:50:00,0.0007444322
2019-03-03 03:00:00,0.0017039776
2019-03-03 03:10:00,0.00068315864
2019-03-03 03:20:00,0.0016500652
2019-03-03 03:30:00,0.0009952784
2019-03-03 03:40:00,0.0018472075
2019-03-03 03:50:00,0.00091183186
2019-03-03 04:00:00,0.0014950633
2019-03-03 04:10:00,0.0008572042
2019-03-03 04:20:00,0.0016991794
2019-03-03 04:30:00,0.0009454489
2019-03-03 04:40:00,0.0017941892
2019-03-03 04:50:00,0.001083374
2019-03-03 05:00:00,0.0019904375
2019-03-03 05:10:00,0.0010544658
2019-03-03 05:20:00,0.0018854737
2019-03-03 05:30:00,0.0011283159
2019-03-03 05:40:00,0.0018923283
2019-03-03 05:50:00,0.0009847283
2019-03-03 06:00:00,0.001930356
2019-03-03 06:10:00,0.0011948943
2019-03-03 06:20:00,0.0018857718
2019-03-03 06:30:00,0.001178354
2019-03-03 06:40:00,0.001959145
2019-03-03 06:50:00,0.0013754368
2019-03-03 07:00:00,0.0021372437
2019-03-03 07:10:00,0.0012801886
2019-03-03 07:20:00,0.002156049
2019-03-03 07:30:00,0.0018090606
2019-03-03 07:40:00,0.002673775
2019-03-03 07:50:00,0.0016591549
2019-03-03 08:00:00,0.002766937
2019-03-03 08:10:00,0.0024346113
2019-03-03 08:20:00,0.003464967
2019-03-03 08:30:00,0.0024636388
2019-03-03 08:40:00,0.0033749938
2019-03-03 08:50:00,0.003026098
2019-03-03 09:00:00,0.0040207207
2019-03-03 09:10:00,0.003104329
2019-03-03 09:20:00,0.0036463141
2019-03-03 09:30:00,0.0040729344
2019-03-03 09:40:00,0.004021406
2019-03-03 09:50:00,0.0043666065
2019-03-03 10:00:00,0.0037681758
2019-03-03 10:10:00,0.006135404
2019-03-03 10:20:00,0.0046191216
2019-03-03 10:30:00,0.0062170625
2019-03-03 10:40:00,0.0043503046
2019-03-03 10:50:00,0.009040087
2019-03-03 11:00:00,0.0056135356
2019-03-03 11:10:00,0.007946193
2019-03-03 11:20:00,0.0066802204
2019-03-03 11:30:00,0.01054576
2019-03-03 11:40:00,0.0071341693
2019-03-03 11:50:00,0.010851592
2019-03-03 12:00:00,0.0061199367
2019-03-03 12:10:00,0.011229366
2019-03-03 12:20:00,0.006521076
2019-03-03 12:30:00,0.010716915
2019-03-03 12:40:00,0.00569281
2019-03-03 12:50:00,0.012046218
2019-03-03 13:00:00,0.005962789
2019-03-03 13:10:00,0.011176586
2019-03-03 13:20:00,0.0058481395
2019-03-03 13:30:00,0.016403884
2019-03-03 13:40:00,0.006728053
2019-03-03 13:50:00,0.017113656
2019-03-03 14:00:00,0.0063689947
2019-03-03 14:10:00,0.01775968
2019-03-03 14:20:00,0.0074902177
2019-03-03 14:30:00,0.017746776
2019-03-03 14:40:00,0.0068742633
2019-03-03 14:50:00,0.018480599
2019-03-03 15:00:00,0.0072428286
2019-03-03 15:10:00,0.018451452
2019-03-03 15:20:00,0.0071132183
2019-03-03 15:30:00,0.020304501
2019-03-03 15:40:00,0.007746607
2019-03-03 15:50:00,0.02007848
2019-03-03 16:00:00,0.008650005
2019-03-03 16:10:00,0.022485733
2019-03-03 16:20:00,0.009493351
2019-03-03 16:30:00,0.022014916
2019-03-03 16:40:00,0.009309173
2019-03-03 16:50:00,0.02396363
2019-03-03 17:00:00,0.009824514
2019-03-03 17:10:00,0.01572147
2019-03-03 17:20:00,0.008566469
2019-03-03 17:30:00,0.020111412
2019-03-03 17:40:00,0.008235037
2019-03-03 17:50:00,0.0150253475
2019-03-03 18:00:00,0.007226616
2019-03-03 18:10:00,0.016248643
2019-03-03 18:20:00,0.0072827637
2019-03-03 18:30:00,0.016524017
2019-03-03 18:40:00,0.006878972
2019-03-03 18:50:00,0.017341733
2019-03-03 19:00:00,0.0071001053
2019-03-03 19:10:00,0.016376823
2019-03-03 19:20:00,0.00660035
2019-03-03 19:30:00,0.017610818
2019-03-03 19:40:00,0.0074280202
2019-03-03 19:50:00,0.016875327
2019-03-03 20:00:00,0.007122338
2019-03-03 20:10:00,0.01880619
2019-03-03 20:20:00,0.007527977
2019-03-03 20:30:00,0.01877892
2019-03-03 20:40:00,0.0075896084
2019-03-03 20:50:00,0.018551826
2019-03-03 21:00:00,0.007588595
2019-03-03 21:10:00,0.019907445
2019-03-03 21:20:00,0.00838545
2019-03-03 21:30:00,0.021613568
2019-03-03 21:40:00,0.008997202
2019-03-03 21:50:00,0.021864772
2019-03-03 22:00:00,0.008315116
2019-03-03 22:10:00,0.022924244
2019-03-03 22:20:00,0.00949651
2019-03-03 22:30:00,0.021915495
2019-03-03 22:40:00,0.008886397
2019-03-03 22:50:00,0.023270369
2019-03-03 23:00:00,0.009690672
2019-03-03 23:10:00,0.022712529
2019-03-03 23:20:00,0.0100513995
2019-03-03 23:30:00,0.024514496
2019-03-03 23:40:00,0.010820627
2019-03-03 23:50:00,0.02556932
2019-03-04 00:00:00,0.011000961
2019-03-04 00:10:00,0.028835028
2019-03-04 00:20:00,0.012058675
2019-03-04 00:30:00,0.030000329
2019-03-04 00:40:00,0.011731207
2019-03-04 00:50:00,0.030880094
2019-03-04 01:00:00,0.012816817
2019-03-04 01:10:00,0.030600786
2019-03-04 01:20:00,0.013251454
2019-03-04 01:30:00,0.03152886
2019-03-04 01:40:00,0.013464898
2019-03-04 01:50:00,0.031304568
2019-03-04 02:00:00,0.013394415
2019-03-04 02:10:00,0.034218162
2019-03-04 02:20:00,0.014155477
2019-03-04 02:30:00,0.035155892
2019-03-04 02:40:00,0.015414804
2019-03-04 02:50:00,0.037297457
2019-03-04 03:00:00,0.016872466
2019-03-04 03:10:00,0.037501633
2019-03-04 03:20:00,0.016019583
2019-03-04 03:30:00,0.038721025
2019-03-04 03:40:00,0.017466366
2019-03-04 03:50:00,0.040836424
2019-03-04 04:00:00,0.017061591
2019-03-04 04:10:00,0.042968094
2019-03-04 04:20:00,0.01731193
2019-03-04 04:30:00,0.04496607
2019-03-04 04:40:00,0.01688695
2019-03-04 04:50:00,0.04555747
2019-03-04 05:00:00,0.016080916
2019-03-04 05:10:00,0.042874455
2019-03-04 05:20:00,0.015330434
2019-03-04 05:30:00,0.047752112
2019-03-04 05:40:00,0.016593695
2019-03-04 05:50:00,0.04879731
2019-03-04 06:00:00,0.01619786
2019-03-04 06:10:00,0.04994899
2019-03-04 06:20:00,0.018649042
2019-03-04 06:30:00,0.052333027
2019-03-04 06:40:00,0.017783463
2019-03-04 06:50:00,0.049704164
2019-03-04 07:00:00,0.0189372
2019-03-04 07:10:00,0.049839288
2019-03-04 07:20:00,0.018553078
2019-03-04 07:30:00,0.049726307
2019-03-04 07:40:00,0.02012059
2019-03-04 07:50:00,0.051377505
2019-03-04 08:00:00,0.018132567
2019-03-04 08:10:00,0.05484274
2019-03-04 08:20:00,0.021160573
2019-03-04 08:30:00,0.05731374
2019-03-04 08:40:00,0.020303369
2019-03-04 08:50:00,0.053399652
2019-03-04 09:00:00,0.021766484
2019-03-04 09:10:00,0.058349907
2019-03-04 09:20:00,0.023641378
2019-03-04 09:30:00,0.056057096
2019-03-04 09:40:00,0.026569128
2019-03-04 09:50:00,0.064214915
2019-03-04 10:00:00,0.026014656
2019-03-04 10:10:00,0.05819297
2019-03-04 10:20:00,0.027203918
2019-03-04 10:30:00,0.056642205
2019-03-04 10:40:00,0.028178543
2019-03-04 10:50:00,0.055434316
2019-03-04 11:00:00,0.027486295
2019-03-04 11:10:00,0.05968356
2019-03-04 11:20:00,0.029050142
2019-03-04 11:30:00,0.05865875
2019-03-04 11:40:00,0.029807478
2019-03-04 11:50:00,0.06257084
2019-03-04 12:00:00,0.028213024
2019-03-04 12:10:00,0.058299333
2019-03-04 12:20:00,0.029441625
2019-03-04 12:30:00,0.062202603
2019-03-04 12:40:00,0.030447423
2019-03-04 12:50:00,0.054364234
2019-03-04 13:00:00,0.029908806
2019-03-04 13:10:00,0.057211936
2019-03-04 13:20:00,0.030020714
2019-03-04 13:30:00,0.052921683
2019-03-04 13:40:00,0.029362738
2019-03-04 13:50:00,0.060004443
2019-03-04 14:00:00,0.028758615
2019-03-04 14:10:00,0.049062043
2019-03-04 14:20:00,0.027837127
2019-03-04 14:30:00,0.054710448
2019-03-04 14:40:00,0.028541595
2019-03-04 14:50:00,0.049799412
2019-03-04 15:00:00,0.027264386
2019-03-04 15:10:00,0.052636236
2019-03-04 15:20:00,0.028433949
2019-03-04 15:30:00,0.043194562
2019-03-04 15:40:00,0.028633177
2019-03-04 15:50:00,0.049797893
2019-03-04 16:00:00,0.030853838
2019-03-04 16:10:00,0.042004764
2019-03-04 16:20:00,0.027773976
2019-03-04 16:30:00,0.0475792
2019-03-04 16:40:00,0.0284985
2019-03-04 16:50:00,0.04211375
2019-03-04 17:00:00,0.02487278
2019-03-04 17:10:00,0.045183152
2019-03-04 17:20:00,0.028770387
2019-03-04 17:30:00,0.0406439
2019-03-04 17:40:00,0.028197289
2019-03-04 17:50:00,0.051030695
2019-03-04 18:00:00,0.029283226
2019-03-04 18:10:00,0.044010907
2019-03-04 18:20:00,0.028293163
2019-03-04 18:30:00,0.049482495
2019-03-04 18:40:00,0.03071469
2019-03-04 18:50:00,0.042595476
2019-03-04 19:00:00,0.034680337
2019-03-04 19:10:00,0.053658783
2019-03-04 19:20:00,0.036250085
2019-03-04 19:30:00,0.045831233
2019-03-04 19:40:00,0.032740623
2019-03-04 19:50:00,0.05784726
2019-03-04 20:00:00,0.03289643
2019-03-04 20:10:00,0.05014029
2019-03-04 20:20:00,0.031381845
2019-03-04 20:30:00,0.056357533
2019-03-04 20:40:00,0.03389123
2019-03-04 20:50:00,0.05141458
2019-03-04 21:00:00,0.030254751
2019-03-04 21:10:00,0.05523172
2019-03-04 21:20:00,0.03381467
2019-03-04 21:30:00,0.050388426
2019-03-04 21:40:00,0.032169312
2019-03-04 21:50:00,0.054810047
2019-03-04 22:00:00,0.033643812
2019-03-04 22:10:00,0.048473924
2019-03-04 22:20:00,0.03083852
2019-03-04 22:30:00,0.051897407
2019-03-04 22:40:00,0.0336743
2019-03-04 22:50:00,0.048740447
2019-03-04 23:00:00,0.031256884
2019-03-04 23:10:00,0.05451876
2019-03-04 23:20:00,0.033414394
2019-03-04 23:30:00,0.04962915
2019-03-04 23:40:00,0.03029275
2019-03-04 23:50:00,0.058038354
2019-03-05 00:00:00,0.034158498
2019-03-05 00:10:00,0.058846056
2019-03-05 00:20:00,0.033665955
2019-03-05 00:30:00,0.06945121
2019-03-05 00:40:00,0.03998825
2019-03-05 00:50:00,0.063521326
2019-03-05 01:00:00,0.03600937
2019-03-05 01:10:00,0.06556848
2019-03-05 01:20:00,0.039938927
2019-03-05 01:30:00,0.054446757
2019-03-05 01:40:00,0.035981
2019-03-05 01:50:00,0.056978464
2019-03-05 02:00:00,0.038773865
2019-03-05 02:10:00,0.04800889
2019-03-05 02:20:00,0.036699116
2019-03-05 02:30:00,0.050620437
2019-03-05 02:40:00,0.04364279
2019-03-05 02:50:00,0.048515946
2019-03-05 03:00:00,0.037580043
2019-03-05 03:10:00,0.051094055
2019-03-05 03:20:00,0.025719106
2019-03-05 03:30:00,0.046105295
2019-03-05 03:40:00,0.023237467
2019-03-05 03:50:00,0.04679206
2019-03-05 04:00:00,0.017287731
2019-03-05 04:10:00,0.03372115
2019-03-05 04:20:00,0.01614219
2019-03-05 04:30:00,0.035809577
2019-03-05 04:40:00,0.017451674
2019-03-05 04:50:00,0.029141039
2019-03-05 05:00:00,0.017018497
2019-03-05 05:10:00,0.031758845
2019-03-05 05:20:00,0.017587274
2019-03-05 05:30:00,0.030554414
2019-03-05 05:40:00,0.018248439
2019-03-05 05:50:00,0.032301158
2019-03-05 06:00:00,0.017701149
2019-03-05 06:10:00,0.028572798
2019-03-05 06:20:00,0.016533434
2019-03-05 06:30:00,0.02958715
2019-03-05 06:40:00,0.016174108
2019-03-05 06:50:00,0.02640438
2019-03-05 07:00:00,0.014196336
2019-03-05 07:10:00,0.026492685
2019-03-05 07:20:00,0.013278991
2019-03-05 07:30:00,0.025595427
2019-03-05 07:40:00,0.013224512
2019-03-05 07:50:00,0.025404751
2019-03-05 08:00:00,0.012993693
2019-03-05 08:10:00,0.024545252
2019-03-05 08:20:00,0.0125876665
2019-03-05 08:30:00,0.025714278
2019-03-05 08:40:00,0.012444735
2019-03-05 08:50:00,0.02503851
2019-03-05 09:00:00,0.012826115
2019-03-05 09:10:00,0.026180625
2019-03-05 09:20:00,0.012042344
2019-03-05 09:30:00,0.02563718
2019-03-05 09:40:00,0.011489153
2019-03-05 09:50:00,0.026397854
2019-03-05 10:00:00,0.011868477
2019-03-05 10:10:00,0.024903834
2019-03-05 10:20:00,0.011005104
2019-03-05 10:30:00,0.024911493
2019-03-05 10:40:00,0.011000961
2019-03-05 10:50:00,0.022436738
2019-03-05 11:00:00,0.010785967
2019-03-05 11:10:00,0.023117125
2019-03-05 11:20:00,0.010991991
2019-03-05 11:30:00,0.024089485
2019-03-05 11:40:00,0.010808945
2019-03-05 11:50:00,0.023870915
2019-03-05 12:00:00,0.010127276
2019-03-05 12:10:00,0.022207588
2019-03-05 12:20:00,0.009449333
2019-03-05 12:30:00,0.02225259
2019-03-05 12:40:00,0.009809047
2019-03-05 12:50:00,0.020040512
2019-03-05 13:00:00,0.009196967
2019-03-05 13:10:00,0.021309167
2019-03-05 13:20:00,0.010011286
2019-03-05 13:30:00,0.02111876
2019-03-05 13:40:00,0.009596527
2019-03-05 13:50:00,0.020777702
2019-03-05 14:00:00,0.010390967
2019-03-05 14:10:00,0.023158878
2019-03-05 14:20:00,0.009692222
2019-03-05 14:30:00,0.022645324
2019-03-05 14:40:00,0.011374086
2019-03-05 14:50:00,0.024506956
2019-03-05 15:00:00,0.011014223
2019-03-05 15:10:00,0.02460283
2019-03-05 15:20:00,0.01191169
2019-03-05 15:30:00,0.025274605
2019-03-05 15:40:00,0.010760218
2019-03-05 15:50:00,0.025678128
2019-03-05 16:00:00,0.012765646
2019-03-05 16:10:00,0.027769625
2019-03-05 16:20:00,0.012443483
2019-03-05 16:30:00,0.026337892
2019-03-05 16:40:00,0.013695806
2019-03-05 16:50:00,0.031284213
2019-03-05 17:00:00,0.013246179
2019-03-05 17:10:00,0.031429023
2019-03-05 17:20:00,0.014899582
2019-03-05 17:30:00,0.034680665
2019-03-05 17:40:00,0.014232367
2019-03-05 17:50:00,0.03410861
2019-03-05 18:00:00,0.016778618
2019-03-05 18:10:00,0.036919057
2019-03-05 18:20:00,0.01562193
2019-03-05 18:30:00,0.035561293
2019-03-05 18:40:00,0.016990006
2019-03-05 18:50:00,0.038014054
2019-03-05 19:00:00,0.015653312
2019-03-05 19:10:00,0.037372798
2019-03-05 19:20:00,0.01779288
2019-03-05 19:30:00,0.039138347
2019-03-05 19:40:00,0.01619929
2019-03-05 19:50:00,0.037036896
2019-03-05 20:00:00,0.018820763
2019-03-05 20:10:00,0.042769402
2019-03-05 20:20:00,0.016716897
2019-03-05 20:30:00,0.03901297
2019-03-05 20:40:00,0.020446807
2019-03-05 20:50:00,0.045930743
2019-03-05 21:00:00,0.019419432
2019-03-05 21:10:00,0.04428816
2019-03-05 21:20:00,0.024257362
2019-03-05 21:30:00,0.04851541
2019-03-05 21:40:00,0.02124849
2019-03-05 21:50:00,0.046925545
2019-03-05 22:00:00,0.027952164
2019-03-05 22:10:00,0.053211898
2019-03-05 22:20:00,0.025206596
2019-03-05 22:30:00,0.052044213
2019-03-05 22:40:00,0.030441016
2019-03-05 22:50:00,0.05614999
2019-03-05 23:00:00,0.026042163
2019-03-05 23:10:00,0.052625567
2019-03-05 23:20:00,0.032532096
2019-03-05 23:30:00,0.05597496
2019-03-05 23:40:00,0.027851015
2019-03-05 23:50:00,0.052833676
2019-03-06 00:00:00,0.0357112
2019-03-06 00:10:00,0.055412322
2019-03-06 00:20:00,0.030304074
2019-03-06 00:30:00,0.054286838
2019-03-06 00:40:00,0.038098484
2019-03-06 00:50:00,0.056563556
2019-03-06 01:00:00,0.032421917
2019-03-06 01:10:00,0.053412825
2019-03-06 01:20:00,0.0384461
2019-03-06 01:30:00,0.057183802
2019-03-06 01:40:00,0.033585668
2019-03-06 01:50:00,0.055464268
2019-03-06 02:00:00,0.044183582
2019-03-06 02:10:00,0.06540313
2019-03-06 02:20:00,0.03291264
2019-03-06 02:30:00,0.060515612
2019-03-06 02:40:00,0.04378262
2019-03-06 02:50:00,0.068288654
2019-03-06 03:00:00,0.03711742
2019-03-06 03:10:00,0.06655282
2019-03-06 03:20:00,0.048284024
2019-03-06 03:30:00,0.070049256
2019-03-06 03:40:00,0.040492684
2019-03-06 03:50:00,0.06552461
2019-03-06 04:00:00,0.054825783
2019-03-06 04:10:00,0.07225895
2019-03-06 04:20:00,0.045589924
2019-03-06 04:30:00,0.072209
2019-03-06 04:40:00,0.060866266
2019-03-06 04:50:00,0.0835267
2019-03-06 05:00:00,0.049692243
2019-03-06 05:10:00,0.077643186
2019-03-06 05:20:00,0.05999157
2019-03-06 05:30:00,0.08498067
2019-03-06 05:40:00,0.053244323
2019-03-06 05:50:00,0.08468744
2019-03-06 06:00:00,0.062010586
2019-03-06 06:10:00,0.091052085
2019-03-06 06:20:00,0.05158487
2019-03-06 06:30:00,0.08273384
2019-03-06 06:40:00,0.06870723
2019-03-06 06:50:00,0.09142497
2019-03-06 07:00:00,0.056865454
2019-03-06 07:10:00,0.085172534
2019-03-06 07:20:00,0.07435572
2019-03-06 07:30:00,0.095069826
2019-03-06 07:40:00,0.06256929
2019-03-06 07:50:00,0.0922465
2019-03-06 08:00:00,0.07859865
2019-03-06 08:10:00,0.109188944
2019-03-06 08:20:00,0.06566161
2019-03-06 08:30:00,0.103377014
2019-03-06 08:40:00,0.07821679
2019-03-06 08:50:00,0.11288726
2019-03-06 09:00:00,0.06552544
2019-03-06 09:10:00,0.104489654
2019-03-06 09:20:00,0.08497569
2019-03-06 09:30:00,0.11944413
2019-03-06 09:40:00,0.07144281
2019-03-06 09:50:00,0.11681807
2019-03-06 10:00:00,0.105772465
2019-03-06 10:10:00,0.13101035
2019-03-06 10:20:00,0.094517976
2019-03-06 10:30:00,0.12247497
2019-03-06 10:40:00,0.12977839
2019-03-06 10:50:00,0.14200148
2019-03-06 11:00:00,0.11172831
2019-03-06 11:10:00,0.121774614
2019-03-06 11:20:00,0.1408492
2019-03-06 11:30:00,0.14946952
2019-03-06 11:40:00,0.11629796
2019-03-06 11:50:00,0.13870054
2019-03-06 12:00:00,0.14640737
2019-03-06 12:10:00,0.14909306
2019-03-06 12:20:00,0.11766115
2019-03-06 12:30:00,0.1252527
2019-03-06 12:40:00,0.13104597
2019-03-06 12:50:00,0.12960094
2019-03-06 13:00:00,0.11076978
2019-03-06 13:10:00,0.11980453
2019-03-06 13:20:00,0.13015324
2019-03-06 13:30:00,0.13532257
2019-03-06 13:40:00,0.10718933
2019-03-06 13:50:00,0.12801182
2019-03-06 14:00:00,0.12499589
2019-03-06 14:10:00,0.14146388
2019-03-06 14:20:00,0.10699284
2019-03-06 14:30:00,0.12887341
2019-03-06 14:40:00,0.11972883
2019-03-06 14:50:00,0.1431984
2019-03-06 15:00:00,0.10777876
2019-03-06 15:10:00,0.11297873
2019-03-06 15:20:00,0.12465358
2019-03-06 15:30:00,0.122032225
2019-03-06 15:40:00,0.10028541
2019-03-06 15:50:00,0.10512707
2019-03-06 16:00:00,0.119196326
2019-03-06 16:10:00,0.10729593
2019-03-06 16:20:00,0.10458946
2019-03-06 16:30:00,0.09757465
2019-03-06 16:40:00,0.12042755
2019-03-06 16:50:00,0.10942465
2019-03-06 17:00:00,0.10849869
2019-03-06 17:10:00,0.10112977
2019-03-06 17:20:00,0.12826043
2019-03-06 17:30:00,0.11460248
2019-03-06 17:40:00,0.115333915
2019-03-06 17:50:00,0.10514143
2019-03-06 18:00:00,0.13171992
2019-03-06 18:10:00,0.11620781
2019-03-06 18:20:00,0.12094271
2019-03-06 18:30:00,0.11096966
2019-03-06 18:40:00,0.13893348
2019-03-06 18:50:00,0.1282615
2019-03-06 19:00:00,0.13728821
2019-03-06 19:10:00,0.11787951
2019-03-06 19:20:00,0.14944607
2019-03-06 19:30:00,0.13142237
2019-03-06 19:40:00,0.1418863
2019-03-06 19:50:00,0.114124745
2019-03-06 20:00:00,0.14688075
2019-03-06 20:10:00,0.123907834
2019-03-06 20:20:00,0.13653567
2019-03-06 20:30:00,0.113286376
2019-03-06 20:40:00,0.14613444
2019-03-06 20:50:00,0.104177594
2019-03-06 21:00:00,0.119371176
2019-03-06 21:10:00,0.07336736
2019-03-06 21:20:00,0.124393344
2019-03-06 21:30:00,0.06934175
2019-03-06 21:40:00,0.096619755
2019-03-06 21:50:00,0.04895386
2019-03-06 22:00:00,0.09225285
2019-03-06 22:10:00,0.048000246
2019-03-06 22:20:00,0.06282815
2019-03-06 22:30:00,0.0386481
2019-03-06 22:40:00,0.07140896
2019-03-06 22:50:00,0.039870173
2019-03-06 23:00:00,0.05421096
2019-03-06 23:10:00,0.038783997
2019-03-06 23:20:00,0.054795057
2019-03-06 23:30:00,0.040484875
2019-03-06 23:40:00,0.055030465
2019-03-06 23:50:00,0.03205219
2019-03-07 00:00:00,0.047890514
2019-03-07 00:10:00,0.02971965
2019-03-07 00:20:00,0.043857306
2019-03-07 00:30:00,0.024729729
2019-03-07 00:40:00,0.043798506
2019-03-07 00:50:00,0.025391042
2019-03-07 01:00:00,0.039500713
2019-03-07 01:10:00,0.022846699
2019-03-07 01:20:00,0.038771123
2019-03-07 01:30:00,0.024131715
2019-03-07 01:40:00,0.0369744
2019-03-07 01:50:00,0.023054361
2019-03-07 02:00:00,0.03810191
2019-03-07 02:10:00,0.022937745
2019-03-07 02:20:00,0.03507963
2019-03-07 02:30:00,0.020705074
2019-03-07 02:40:00,0.034466
2019-03-07 02:50:00,0.01976806
2019-03-07 03:00:00,0.031342924
2019-03-07 03:10:00,0.017083973
2019-03-07 03:20:00,0.030995458
2019-03-07 03:30:00,0.017346144
2019-03-07 03:40:00,0.027723879
2019-03-07 03:50:00,0.014598399
2019-03-07 04:00:00,0.0259929
2019-03-07 04:10:00,0.014198989
2019-03-07 04:20:00,0.024165928
2019-03-07 04:30:00,0.013668895
2019-03-07 04:40:00,0.022583455
2019-03-07 04:50:00,0.013296187
2019-03-07 05:00:00,0.0213812
2019-03-07 05:10:00,0.013041526
2019-03-07 05:20:00,0.018441439
2019-03-07 05:30:00,0.012506664
2019-03-07 05:40:00,0.017854005
2019-03-07 05:50:00,0.011039913
2019-03-07 06:00:00,0.016153067
2019-03-07 06:10:00,0.01047954
2019-03-07 06:20:00,0.014098465
2019-03-07 06:30:00,0.010163814
2019-03-07 06:40:00,0.013974726
2019-03-07 06:50:00,0.009859204
2019-03-07 07:00:00,0.013124019
2019-03-07 07:10:00,0.010916352
2019-03-07 07:20:00,0.013268948
2019-03-07 07:30:00,0.010457218
2019-03-07 07:40:00,0.013788193
2019-03-07 07:50:00,0.010866195
2019-03-07 08:00:00,0.012723327
2019-03-07 08:10:00,0.009938449
2019-03-07 08:20:00,0.012747437
2019-03-07 08:30:00,0.009749174
2019-03-07 08:40:00,0.011865139
2019-03-07 08:50:00,0.0090768635
2019-03-07 09:00:00,0.0115765035
2019-03-07 09:10:00,0.008983195
2019-03-07 09:20:00,0.010786802
2019-03-07 09:30:00,0.008470237
2019-03-07 09:40:00,0.01110208
2019-03-07 09:50:00,0.008433014
2019-03-07 10:00:00,0.010602176
2019-03-07 10:10:00,0.0077067316
2019-03-07 10:20:00,0.011634409
2019-03-07 10:30:00,0.008385003
2019-03-07 10:40:00,0.011167109
2019-03-07 10:50:00,0.007899076
2019-03-07 11:00:00,0.011586219
2019-03-07 11:10:00,0.008509606
2019-03-07 11:20:00,0.010583878
2019-03-07 11:30:00,0.0072579384
2019-03-07 11:40:00,0.01138258
2019-03-07 11:50:00,0.008083105
2019-03-07 12:00:00,0.01053682
2019-03-07 12:10:00,0.007450998
2019-03-07 12:20:00,0.011000425
2019-03-07 12:30:00,0.007766366
2019-03-07 12:40:00,0.010028362
2019-03-07 12:50:00,0.007245928
2019-03-07 13:00:00,0.0112755
2019-03-07 13:10:00,0.008094668
2019-03-07 13:20:00,0.010349244
2019-03-07 13:30:00,0.0073506236
2019-03-07 13:40:00,0.010727823
2019-03-07 13:50:00,0.0070230067
2019-03-07 14:00:00,0.0100002885
2019-03-07 14:10:00,0.0061074197
2019-03-07 14:20:00,0.009956598
2019-03-07 14:30:00,0.006663263
2019-03-07 14:40:00,0.0088633
2019-03-07 14:50:00,0.0061451495
2019-03-07 15:00:00,0.009785682
2019-03-07 15:10:00,0.0069588423
2019-03-07 15:20:00,0.008662224
2019-03-07 15:30:00,0.006596118
2019-03-07 15:40:00,0.009856731
2019-03-07 15:50:00,0.007306218
2019-03-07 16:00:00,0.009976327
2019-03-07 16:10:00,0.00686419
2019-03-07 16:20:00,0.010725558
2019-03-07 16:30:00,0.007629603
2019-03-07 16:40:00,0.009097964
2019-03-07 16:50:00,0.0067597926
2019-03-07 17:00:00,0.010035396
2019-03-07 17:10:00,0.0068627596
2019-03-07 17:20:00,0.0090325475
2019-03-07 17:30:00,0.0065231025
2019-03-07 17:40:00,0.009930104
2019-03-07 17:50:00,0.006902665
2019-03-07 18:00:00,0.008654088
2019-03-07 18:10:00,0.006298661
2019-03-07 18:20:00,0.009865344
2019-03-07 18:30:00,0.006816596
2019-03-07 18:40:00,0.008746803
2019-03-07 18:50:00,0.006836444
2019-03-07 19:00:00,0.009985864
2019-03-07 19:10:00,0.007067561
2019-03-07 19:20:00,0.009462118
2019-03-07 19:30:00,0.0069417357
2019-03-07 19:40:00,0.00965026
2019-03-07 19:50:00,0.0069798827
2019-03-07 20:00:00,0.008616328
2019-03-07 20:10:00,0.0075249076
2019-03-07 20:20:00,0.010538161
2019-03-07 20:30:00,0.007703334
2019-03-07 20:40:00,0.009104371
2019-03-07 20:50:00,0.0076466203
2019-03-07 21:00:00,0.010445058
2019-03-07 21:10:00,0.008386344
2019-03-07 21:20:00,0.009105325
2019-03-07 21:30:00,0.00877735
2019-03-07 21:40:00,0.011445433
2019-03-07 21:50:00,0.009976238
2019-03-07 22:00:00,0.0098949075
2019-03-07 22:10:00,0.010613084
2019-03-07 22:20:00,0.011967689
2019-03-07 22:30:00,0.012439787
2019-03-07 22:40:00,0.010463119
2019-03-07 22:50:00,0.013069093
2019-03-07 23:00:00,0.012469798
2019-03-07 23:10:00,0.011471003
2019-03-07 23:20:00,0.010013938
2019-03-07 23:30:00,0.011685222
2019-03-07 23:40:00,0.011461437
2019-03-07 23:50:00,0.010976285
2019-03-08 00:00:00,0.010024667
2019-03-08 00:10:00,0.011167437
2019-03-08 00:20:00,0.011104614
2019-03-08 00:30:00,0.011384308
2019-03-08 00:40:00,0.009662807
2019-03-08 00:50:00,0.011600912
2019-03-08 01:00:00,0.011103004
2019-03-08 01:10:00,0.011993051
2019-03-08 01:20:00,0.009800553
2019-03-08 01:30:00,0.012283623
2019-03-08 01:40:00,0.011526495
2019-03-08 01:50:00,0.012163192
2019-03-08 02:00:00,0.009973317
2019-03-08 02:10:00,0.012373984
2019-03-08 02:20:00,0.011777341
2019-03-08 02:30:00,0.011733592
2019-03-08 02:40:00,0.010340184
2019-03-08 02:50:00,0.012800425
2019-03-08 03:00:00,0.012251407
2019-03-08 03:10:00,0.013110191
2019-03-08 03:20:00,0.011319011
2019-03-08 03:30:00,0.014328659
2019-03-08 03:40:00,0.013608694
2019-03-08 03:50:00,0.016277552
2019-03-08 04:00:00,0.01273793
2019-03-08 04:10:00,0.017683774
2019-03-08 04:20:00,0.016290843
2019-03-08 04:30:00,0.019948363
2019-03-08 04:40:00,0.015336752
2019-03-08 04:50:00,0.023208678
2019-03-08 05:00:00,0.024192631
2019-03-08 05:10:00,0.025398135
2019-03-08 05:20:00,0.021834552
2019-03-08 05:30:00,0.031444877
2019-03-08 05:40:00,0.028208494
2019-03-08 05:50:00,0.02823636
2019-03-08 06:00:00,0.026709616
2019-03-08 06:10:00,0.030891627
2019-03-08 06:20:00,0.028746545
2019-03-08 06:30:00,0.029007941
2019-03-08 06:40:00,0.02744031
2019-03-08 06:50:00,0.031583935
2019-03-08 07:00:00,0.030304223
2019-03-08 07:10:00,0.02878663
2019-03-08 07:20:00,0.028905958
2019-03-08 07:30:00,0.032323986
2019-03-08 07:40:00,0.031542033
2019-03-08 07:50:00,0.029499352
2019-03-08 08:00:00,0.029054493
2019-03-08 08:10:00,0.031600475
2019-03-08 08:20:00,0.031288505
2019-03-08 08:30:00,0.030611724
2019-03-08 08:40:00,0.0280613
2019-03-08 08:50:00,0.034853637
2019-03-08 09:00:00,0.029930979
2019-03-08 09:10:00,0.031523883
2019-03-08 09:20:00,0.028067201
2019-03-08 09:30:00,0.035741836
2019-03-08 09:40:00,0.031502128
2019-03-08 09:50:00,0.03228125
2019-03-08 10:00:00,0.030482084
2019-03-08 10:10:00,0.035687566
2019-03-08 10:20:00,0.03298834
2019-03-08 10:30:00,0.033278316
2019-03-08 10:40:00,0.029125392
2019-03-08 10:50:00,0.034870505
2019-03-08 11:00:00,0.034622878
2019-03-08 11:10:00,0.03327751
2019-03-08 11:20:00,0.031040728
2019-03-08 11:30:00,0.03277579
2019-03-08 11:40:00,0.035032034
2019-03-08 11:50:00,0.030641705
2019-03-08 12:00:00,0.03556952
2019-03-08 12:10:00,0.0322828
2019-03-08 12:20:00,0.036866903
2019-03-08 12:30:00,0.028533816
2019-03-08 12:40:00,0.03638041
2019-03-08 12:50:00,0.028928429
2019-03-08 13:00:00,0.033324778
2019-03-08 13:10:00,0.026759058
2019-03-08 13:20:00,0.03210175
2019-03-08 13:30:00,0.027070284
2019-03-08 13:40:00,0.02945602
2019-03-08 13:50:00,0.02293834
2019-03-08 14:00:00,0.029116005
2019-03-08 14:10:00,0.023881316
2019-03-08 14:20:00,0.027682602
2019-03-08 14:30:00,0.022440135
2019-03-08 14:40:00,0.028767765
2019-03-08 14:50:00,0.024990767
2019-03-08 15:00:00,0.026917726
2019-03-08 15:10:00,0.024155647
2019-03-08 15:20:00,0.032029063
2019-03-08 15:30:00,0.027258337
2019-03-08 15:40:00,0.02965787
2019-03-08 15:50:00,0.025018096
2019-03-08 16:00:00,0.031135201
2019-03-08 16:10:00,0.026160479
2019-03-08 16:20:00,0.028508723
2019-03-08 16:30:00,0.025909454
2019-03-08 16:40:00,0.029240578
2019-03-08 16:50:00,0.025057912
2019-03-08 17:00:00,0.022943676
2019-03-08 17:10:00,0.021585822
2019-03-08 17:20:00,0.024034739
2019-03-08 17:30:00,0.02102989
2019-03-08 17:40:00,0.020145416
2019-03-08 17:50:00,0.020164788
2019-03-08 18:00:00,0.021089017
2019-03-08 18:10:00,0.020985663
2019-03-08 18:20:00,0.019227147
2019-03-08 18:30:00,0.020582616
2019-03-08 18:40:00,0.0205082
2019-03-08 18:50:00,0.020197093
2019-03-08 19:00:00,0.018242627
2019-03-08 19:10:00,0.020174474
2019-03-08 19:20:00,0.019373775
2019-03-08 19:30:00,0.019537807
2019-03-08 19:40:00,0.018302321
2019-03-08 19:50:00,0.020178258
2019-03-08 20:00:00,0.018606275
2019-03-08 20:10:00,0.018449038
2019-03-08 20:20:00,0.016613185
2019-03-08 20:30:00,0.018987358
2019-03-08 20:40:00,0.016791016
2019-03-08 20:50:00,0.017981052
2019-03-08 21:00:00,0.015550405
2019-03-08 21:10:00,0.019390494
2019-03-08 21:20:00,0.01714158
2019-03-08 21:30:00,0.018518329
2019-03-08 21:40:00,0.016010582
2019-03-08 21:50:00,0.020002812
2019-03-08 22:00:00,0.0165582
2019-03-08 22:10:00,0.017019778
2019-03-08 22:20:00,0.015599757
2019-03-08 22:30:00,0.017855316
2019-03-08 22:40:00,0.016579986
2019-03-08 22:50:00,0.016769737
2019-03-08 23:00:00,0.013552994
2019-03-08 23:10:00,0.016126722
2019-03-08 23:20:00,0.014657497
2019-03-08 23:30:00,0.014036387
2019-03-08 23:40:00,0.01256153
2019-03-08 23:50:00,0.014540464
2019-03-09 00:00:00,0.014278114
2019-03-09 00:10:00,0.012956411
2019-03-09 00:20:00,0.011822194
2019-03-09 00:30:00,0.014121801
2019-03-09 00:40:00,0.01351738
2019-03-09 00:50:00,0.012652814
2019-03-09 01:00:00,0.012108922
2019-03-09 01:10:00,0.014961809
2019-03-09 01:20:00,0.013598055
2019-03-09 01:30:00,0.013179868
2019-03-09 01:40:00,0.011836767
2019-03-09 01:50:00,0.014135778
2019-03-09 02:00:00,0.013164312
2019-03-09 02:10:00,0.0124438405
2019-03-09 02:20:00,0.011143237
2019-03-09 02:30:00,0.01314348
2019-03-09 02:40:00,0.012120038
2019-03-09 02:50:00,0.012260407
2019-03-09 03:00:00,0.010213405
2019-03-09 03:10:00,0.012771517
2019-03-09 03:20:00,0.011141896
2019-03-09 03:30:00,0.011585951
2019-03-09 03:40:00,0.009941697
2019-03-09 03:50:00,0.013228595
2019-03-09 04:00:00,0.0115041435
2019-03-09 04:10:00,0.012043953
2019-03-09 04:20:00,0.01039812
2019-03-09 04:30:00,0.013373762
2019-03-09 04:40:00,0.011387289
2019-03-09 04:50:00,0.011941761
2019-03-09 05:00:00,0.009950936
2019-03-09 05:10:00,0.012788624
2019-03-09 05:20:00,0.011526287
2019-03-09 05:30:00,0.011764884
2019-03-09 05:40:00,0.010031849
2019-03-09 05:50:00,0.012912393
2019-03-09 06:00:00,0.011357218
2019-03-09 06:10:00,0.011537164
2019-03-09 06:20:00,0.010063916
2019-03-09 06:30:00,0.013337582
2019-03-09 06:40:00,0.012008488
2019-03-09 06:50:00,0.011983365
2019-03-09 07:00:00,0.010550827
2019-03-09 07:10:00,0.013011694
2019-03-09 07:20:00,0.01200062
2019-03-09 07:30:00,0.011924326
2019-03-09 07:40:00,0.008872807
2019-03-09 07:50:00,0.012817442
2019-03-09 08:00:00,0.009620756
2019-03-09 08:10:00,0.011701196
2019-03-09 08:20:00,0.007406354
2019-03-09 08:30:00,0.012779504
2019-03-09 08:40:00,0.008564532
2019-03-09 08:50:00,0.01183635
2019-03-09 09:00:00,0.007745713
2019-03-09 09:10:00,0.0119274855
2019-03-09 09:20:00,0.007585287
2019-03-09 09:30:00,0.010803014
2019-03-09 09:40:00,0.006830573
2019-03-09 09:50:00,0.011080533
2019-03-09 10:00:00,0.0071160495
2019-03-09 10:10:00,0.010271251
2019-03-09 10:20:00,0.0065425336
2019-03-09 10:30:00,0.011335045
2019-03-09 10:40:00,0.0069176257
2019-03-09 10:50:00,0.01039809
2019-03-09 11:00:00,0.006299436
2019-03-09 11:10:00,0.010956913
2019-03-09 11:20:00,0.006779045
2019-03-09 11:30:00,0.010523409
2019-03-09 11:40:00,0.006290078
2019-03-09 11:50:00,0.010983527
2019-03-09 12:00:00,0.0063133836
2019-03-09 12:10:00,0.009753019
2019-03-09 12:20:00,0.005660385
2019-03-09 12:30:00,0.010314733
2019-03-09 12:40:00,0.0059060752
2019-03-09 12:50:00,0.0092642605
2019-03-09 13:00:00,0.00571388
2019-03-09 13:10:00,0.009917557
2019-03-09 13:20:00,0.006098449
2019-03-09 13:30:00,0.010009944
2019-03-09 13:40:00,0.005933702
2019-03-09 13:50:00,0.010415763
2019-03-09 14:00:00,0.006013483
2019-03-09 14:10:00,0.01006794
2019-03-09 14:20:00,0.005700439
2019-03-09 14:30:00,0.010004133
2019-03-09 14:40:00,0.0059122145
2019-03-09 14:50:00,0.01067248
2019-03-09 15:00:00,0.006485343
2019-03-09 15:10:00,0.010951638
2019-03-09 15:20:00,0.006566286
2019-03-09 15:30:00,0.0106238425
2019-03-09 15:40:00,0.006249666
2019-03-09 15:50:00,0.010524452
2019-03-09 16:00:00,0.006229073
2019-03-09 16:10:00,0.009453744
2019-03-09 16:20:00,0.006192893
2019-03-09 16:30:00,0.008836061
2019-03-09 16:40:00,0.0062968433
2019-03-09 16:50:00,0.008874148
2019-03-09 17:00:00,0.006618291
2019-03-09 17:10:00,0.009037405
2019-03-09 17:20:00,0.006537527
2019-03-09 17:30:00,0.009077519
2019-03-09 17:40:00,0.0065056086
2019-03-09 17:50:00,0.010259569
2019-03-09 18:00:00,0.006664455
2019-03-09 18:10:00,0.009571791
2019-03-09 18:20:00,0.006794125
2019-03-09 18:30:00,0.01000914
2019-03-09 18:40:00,0.0066939294
2019-03-09 18:50:00,0.01109457
2019-03-09 19:00:00,0.007675469
2019-03-09 19:10:00,0.012291819
2019-03-09 19:20:00,0.007914156
2019-03-09 19:30:00,0.012377024
2019-03-09 19:40:00,0.007907331
2019-03-09 19:50:00,0.011864185
2019-03-09 20:00:00,0.007963538
2019-03-09 20:10:00,0.012392372
2019-03-09 20:20:00,0.008916199
2019-03-09 20:30:00,0.01295498
2019-03-09 20:40:00,0.0095002055
2019-03-09 20:50:00,0.014564186
2019-03-09 21:00:00,0.011195004
2019-03-09 21:10:00,0.014628351
2019-03-09 21:20:00,0.010337979
2019-03-09 21:30:00,0.014692426
2019-03-09 21:40:00,0.010986149
2019-03-09 21:50:00,0.014011502
2019-03-09 22:00:00,0.010335267
2019-03-09 22:10:00,0.014625639
2019-03-09 22:20:00,0.010884225
2019-03-09 22:30:00,0.013800561
2019-03-09 22:40:00,0.010591865
2019-03-09 22:50:00,0.01434204
2019-03-09 23:00:00,0.010990769
2019-03-09 23:10:00,0.013080716
2019-03-09 23:20:00,0.010855854
2019-03-09 23:30:00,0.014432967
2019-03-09 23:40:00,0.012309521
2019-03-09 23:50:00,0.015126079
2019-03-10 00:00:00,0.012816668
2019-03-10 00:10:00,0.016370863
2019-03-10 00:20:00,0.014383614
2019-03-10 00:30:00,0.017761737
2019-03-10 00:40:00,0.014934987
2019-03-10 00:50:00,0.0178971
2019-03-10 01:00:00,0.01618579
2019-03-10 01:10:00,0.01912719
2019-03-10 01:20:00,0.016929895
2019-03-10 01:30:00,0.01993534
2019-03-10 01:40:00,0.017493933
2019-03-10 01:50:00,0.019476056
2019-03-10 02:00:00,0.016645998
2019-03-10 02:10:00,0.019561231
2019-03-10 02:20:00,0.018645972
2019-03-10 02:30:00,0.01933217
2019-03-10 02:40:00,0.018286914
2019-03-10 02:50:00,0.021102726
2019-03-10 03:00:00,0.021419048
2019-03-10 03:10:00,0.021085352
2019-03-10 03:20:00,0.02161476
2019-03-10 03:30:00,0.021981567
2019-03-10 03:40:00,0.021949738
2019-03-10 03:50:00,0.020952344
2019-03-10 04:00:00,0.02040708
2019-03-10 04:10:00,0.02173248
2019-03-10 04:20:00,0.024529964
2019-03-10 04:30:00,0.023244083
2019-03-10 04:40:00,0.022036552
2019-03-10 04:50:00,0.023294568
2019-03-10 05:00:00,0.024283022
2019-03-10 05:10:00,0.023017019
2019-03-10 05:20:00,0.022431225
2019-03-10 05:30:00,0.025336057
2019-03-10 05:40:00,0.0257155
2019-03-10 05:50:00,0.027391523
2019-03-10 06:00:00,0.023866981
2019-03-10 06:10:00,0.027402878
2019-03-10 06:20:00,0.02756539
2019-03-10 06:30:00,0.029788345
2019-03-10 06:40:00,0.028446287
2019-03-10 06:50:00,0.030847222
2019-03-10 07:00:00,0.031336635
2019-03-10 07:10:00,0.028370649
2019-03-10 07:20:00,0.028969407
2019-03-10 07:30:00,0.029099166
2019-03-10 07:40:00,0.032163978
2019-03-10 07:50:00,0.025084734
2019-03-10 08:00:00,0.02838412
2019-03-10 08:10:00,0.025725156
2019-03-10 08:20:00,0.03077373
2019-03-10 08:30:00,0.023389816
2019-03-10 08:40:00,0.028560996
2019-03-10 08:50:00,0.025479347
2019-03-10 09:00:00,0.035612255
2019-03-10 09:10:00,0.027294338
2019-03-10 09:20:00,0.032511324
2019-03-10 09:30:00,0.027619213
2019-03-10 09:40:00,0.042192996
2019-03-10 09:50:00,0.028587282
2019-03-10 10:00:00,0.04012108
2019-03-10 10:10:00,0.03240013
2019-03-10 10:20:00,0.04631877
2019-03-10 10:30:00,0.03128445
2019-03-10 10:40:00,0.041794598
2019-03-10 10:50:00,0.03426671
2019-03-10 11:00:00,0.050400823
2019-03-10 11:10:00,0.032789618
2019-03-10 11:20:00,0.04680428
2019-03-10 11:30:00,0.035809755
2019-03-10 11:40:00,0.053417295
2019-03-10 11:50:00,0.033421904
2019-03-10 12:00:00,0.048452258
2019-03-10 12:10:00,0.037411302
2019-03-10 12:20:00,0.058471948
2019-03-10 12:30:00,0.037047476
2019-03-10 12:40:00,0.055799127
2019-03-10 12:50:00,0.042276174
2019-03-10 13:00:00,0.065258265
2019-03-10 13:10:00,0.039996237
2019-03-10 13:20:00,0.062179863
2019-03-10 13:30:00,0.04259166
2019-03-10 13:40:00,0.07103804
2019-03-10 13:50:00,0.041360676
2019-03-10 14:00:00,0.06705558
2019-03-10 14:10:00,0.046960264
2019-03-10 14:20:00,0.09006038
2019-03-10 14:30:00,0.04859695
2019-03-10 14:40:00,0.086694956
2019-03-10 14:50:00,0.05163324
2019-03-10 15:00:00,0.10647455
2019-03-10 15:10:00,0.051060945
2019-03-10 15:20:00,0.0985536
2019-03-10 15:30:00,0.05873251
2019-03-10 15:40:00,0.12378991
2019-03-10 15:50:00,0.05461639
2019-03-10 16:00:00,0.11422527
2019-03-10 16:10:00,0.06118998
2019-03-10 16:20:00,0.13912609
2019-03-10 16:30:00,0.055819362
2019-03-10 16:40:00,0.13645199
2019-03-10 16:50:00,0.062745094
2019-03-10 17:00:00,0.15413126
2019-03-10 17:10:00,0.060280472
2019-03-10 17:20:00,0.14735019
2019-03-10 17:30:00,0.07437903
2019-03-10 17:40:00,0.1669192
2019-03-10 17:50:00,0.070789725
2019-03-10 18:00:00,0.13904893
2019-03-10 18:10:00,0.07898292
2019-03-10 18:20:00,0.140441
2019-03-10 18:30:00,0.071255565
2019-03-10 18:40:00,0.118635714
2019-03-10 18:50:00,0.0782544
2019-03-10 19:00:00,0.11991531
2019-03-10 19:10:00,0.0780482
2019-03-10 19:20:00,0.11418569
2019-03-10 19:30:00,0.08823034
2019-03-10 19:40:00,0.111368
2019-03-10 19:50:00,0.08453518
2019-03-10 20:00:00,0.10119757
2019-03-10 20:10:00,0.0902437
2019-03-10 20:20:00,0.12166333
2019-03-10 20:30:00,0.08387628
2019-03-10 20:40:00,0.105683744
2019-03-10 20:50:00,0.09479588
2019-03-10 21:00:00,0.120390296
2019-03-10 21:10:00,0.08623493
2019-03-10 21:20:00,0.103683054
2019-03-10 21:30:00,0.09657326
2019-03-10 21:40:00,0.119485736
2019-03-10 21:50:00,0.090840936
2019-03-10 22:00:00,0.09770048
2019-03-10 22:10:00,0.098456115
2019-03-10 22:20:00,0.109075904
2019-03-10 22:30:00,0.091890424
2019-03-10 22:40:00,0.091991544
2019-03-10 22:50:00,0.10446778
2019-03-10 23:00:00,0.10798249
2019-03-10 23:10:00,0.10590872
2019-03-10 23:20:00,0.090506405
2019-03-10 23:30:00,0.12387341
2019-03-10 23:40:00,0.108314544
2019-03-10 23:50:00,0.116191715
2019-03-11 00:00:00,0.08462608
2019-03-11 00:10:00,0.12490189
2019-03-11 00:20:00,0.10122949
2019-03-11 00:30:00,0.10775104
2019-03-11 00:40:00,0.082077324
2019-03-11 00:50:00,0.120699316
2019-03-11 01:00:00,0.094858855
2019-03-11 01:10:00,0.112846375
2019-03-11 01:20:00,0.07541168
2019-03-11 01:30:00,0.123022586
2019-03-11 01:40:00,0.09461877
2019-03-11 01:50:00,0.11548081
2019-03-11 02:00:00,0.07432413
2019-03-11 02:10:00,0.12925741
2019-03-11 02:20:00,0.0979529
2019-03-11 02:30:00,0.12232736
2019-03-11 02:40:00,0.07493317
2019-03-11 02:50:00,0.13539955
2019-03-11 03:00:00,0.09403837
2019-03-11 03:10:00,0.121843904
2019-03-11 03:20:00,0.068361044
2019-03-11 03:30:00,0.1417251
2019-03-11 03:40:00,0.08692172
2019-03-11 03:50:00,0.12365967
2019-03-11 04:00:00,0.06879595
2019-03-11 04:10:00,0.13665664
2019-03-11 04:20:00,0.08769077
2019-03-11 04:30:00,0.12515268
2019-03-11 04:40:00,0.06778541
2019-03-11 04:50:00,0.13882342
2019-03-11 05:00:00,0.08663514
2019-03-11 05:10:00,0.12889722
2019-03-11 05:20:00,0.06976676
2019-03-11 05:30:00,0.14685819
2019-03-11 05:40:00,0.09020454
2019-03-11 05:50:00,0.13174826
2019-03-11 06:00:00,0.06837425
2019-03-11 06:10:00,0.14865997
2019-03-11 06:20:00,0.0872201
2019-03-11 06:30:00,0.133968
2019-03-11 06:40:00,0.06558287
2019-03-11 06:50:00,0.1469107
2019-03-11 07:00:00,0.08478153
2019-03-11 07:10:00,0.13536882
2019-03-11 07:20:00,0.07062739
2019-03-11 07:30:00,0.14972377
2019-03-11 07:40:00,0.0936881
2019-03-11 07:50:00,0.14181313
2019-03-11 08:00:00,0.07098687
2019-03-11 08:10:00,0.16485634
2019-03-11 08:20:00,0.0925684
2019-03-11 08:30:00,0.15194592
2019-03-11 08:40:00,0.0762026
2019-03-11 08:50:00,0.17325765
2019-03-11 09:00:00,0.09756592
2019-03-11 09:10:00,0.16536054
2019-03-11 09:20:00,0.08323082
2019-03-11 09:30:00,0.1810638
2019-03-11 09:40:00,0.10209641
2019-03-11 09:50:00,0.15805343
2019-03-11 10:00:00,0.08078423
2019-03-11 10:10:00,0.16635168
2019-03-11 10:20:00,0.10327962
2019-03-11 10:30:00,0.15685433
2019-03-11 10:40:00,0.07652798
2019-03-11 10:50:00,0.1732598
2019-03-11 11:00:00,0.099482566
2019-03-11 11:10:00,0.16222331
2019-03-11 11:20:00,0.07653648
2019-03-11 11:30:00,0.179566
2019-03-11 11:40:00,0.09873
2019-03-11 11:50:00,0.17062968
2019-03-11 12:00:00,0.07781556
2019-03-11 12:10:00,0.18338308
2019-03-11 12:20:00,0.09496328
2019-03-11 12:30:00,0.16376778
2019-03-11 12:40:00,0.072048575
2019-03-11 12:50:00,0.15873277
2019-03-11 13:00:00,0.080747426
2019-03-11 13:10:00,0.14114487
2019-03-11 13:20:00,0.060352623
2019-03-11 13:30:00,0.14170665
2019-03-11 13:40:00,0.07589969
2019-03-11 13:50:00,0.14364523
2019-03-11 14:00:00,0.060165226
2019-03-11 14:10:00,0.15414077
2019-03-11 14:20:00,0.069559425
2019-03-11 14:30:00,0.1478056
2019-03-11 14:40:00,0.04870063
2019-03-11 14:50:00,0.14149225
2019-03-11 15:00:00,0.056978732
2019-03-11 15:10:00,0.14362597
2019-03-11 15:20:00,0.04487917
2019-03-11 15:30:00,0.13910091
2019-03-11 15:40:00,0.06297651
2019-03-11 15:50:00,0.1521588
2019-03-11 16:00:00,0.04881224
2019-03-11 16:10:00,0.13089424
2019-03-11 16:20:00,0.054861635
2019-03-11 16:30:00,0.13001275
2019-03-11 16:40:00,0.036120057
2019-03-11 16:50:00,0.103625774
2019-03-11 17:00:00,0.046785027
2019-03-11 17:10:00,0.11939511
2019-03-11 17:20:00,0.035216033
2019-03-11 17:30:00,0.13439086
2019-03-11 17:40:00,0.050817788
2019-03-11 17:50:00,0.12124455
2019-03-11 18:00:00,0.037460268
2019-03-11 18:10:00,0.11617556
2019-03-11 18:20:00,0.039773256
2019-03-11 18:30:00,0.100812286
2019-03-11 18:40:00,0.030132324
2019-03-11 18:50:00,0.1050244
2019-03-11 19:00:00,0.03687772
2019-03-11 19:10:00,0.10024202
2019-03-11 19:20:00,0.028970838
2019-03-11 19:30:00,0.09299755
2019-03-11 19:40:00,0.030291945
2019-03-11 19:50:00,0.08494222
2019-03-11 20:00:00,0.021563858
2019-03-11 20:10:00,0.08051351
2019-03-11 20:20:00,0.028253436
2019-03-11 20:30:00,0.08199546
2019-03-11 20:40:00,0.020810843
2019-03-11 20:50:00,0.08517712
2019-03-11 21:00:00,0.025040925
2019-03-11 21:10:00,0.087812096
2019-03-11 21:20:00,0.022584975
2019-03-11 21:30:00,0.09329134
2019-03-11 21:40:00,0.02564156
2019-03-11 21:50:00,0.08793455
2019-03-11 22:00:00,0.021837085
2019-03-11 22:10:00,0.09144747
2019-03-11 22:20:00,0.023716748
2019-03-11 22:30:00,0.080040544
2019-03-11 22:40:00,0.021119654
2019-03-11 22:50:00,0.082561046
2019-03-11 23:00:00,0.02238974
2019-03-11 23:10:00,0.07472518
2019-03-11 23:20:00,0.02007389
2019-03-11 23:30:00,0.07877633
2019-03-11 23:40:00,0.022143453
2019-03-11 23:50:00,0.07272786
2019-03-12 00:00:00,0.018816024
2019-03-12 00:10:00,0.073860794
2019-03-12 00:20:00,0.020180136
2019-03-12 00:30:00,0.072239935
2019-03-12 00:40:00,0.017956585
2019-03-12 00:50:00,0.07249799
2019-03-12 01:00:00,0.021838605
2019-03-12 01:10:00,0.07412073
2019-03-12 01:20:00,0.0199686
2019-03-12 01:30:00,0.07620025
2019-03-12 01:40:00,0.02378565
2019-03-12 01:50:00,0.06635043
2019-03-12 02:00:00,0.023421645
2019-03-12 02:10:00,0.073010355
2019-03-12 02:20:00,0.023829997
2019-03-12 02:30:00,0.06637439
2019-03-12 02:40:00,0.026486069
2019-03-12 02:50:00,0.07765737
2019-03-12 03:00:00,0.0269835
2019-03-12 03:10:00,0.070602834
2019-03-12 03:20:00,0.026795477
2019-03-12 03:30:00,0.07689491
2019-03-12 03:40:00,0.027988344
2019-03-12 03:50:00,0.06983605
2019-03-12 04:00:00,0.024213672
2019-03-12 04:10:00,0.068372875
2019-03-12 04:20:00,0.02328375
2019-03-12 04:30:00,0.06544286
2019-03-12 04:40:00,0.019023806
2019-03-12 04:50:00,0.06808537
2019-03-12 05:00:00,0.018719912
2019-03-12 05:10:00,0.06313667
2019-03-12 05:20:00,0.019232452
2019-03-12 05:30:00,0.066822976
2019-03-12 05:40:00,0.021073967
2019-03-12 05:50:00,0.059973657
2019-03-12 06:00:00,0.020522982
2019-03-12 06:10:00,0.0627957
2019-03-12 06:20:00,0.019230217
2019-03-12 06:30:00,0.059595853
2019-03-12 06:40:00,0.019824028
2019-03-12 06:50:00,0.06038654
2019-03-12 07:00:00,0.018575639
2019-03-12 07:10:00,0.058086008
2019-03-12 07:20:00,0.018087119
2019-03-12 07:30:00,0.05135569
2019-03-12 07:40:00,0.018249094
2019-03-12 07:50:00,0.05443299
2019-03-12 08:00:00,0.01842928
2019-03-12 08:10:00,0.055345207
2019-03-12 08:20:00,0.015773565
2019-03-12 08:30:00,0.05111617
2019-03-12 08:40:00,0.016635746
2019-03-12 08:50:00,0.053928643
2019-03-12 09:00:00,0.0151926875
2019-03-12 09:10:00,0.05013123
2019-03-12 09:20:00,0.015274793
2019-03-12 09:30:00,0.050744146
2019-03-12 09:40:00,0.0135469735
2019-03-12 09:50:00,0.047523856
2019-03-12 10:00:00,0.01363036
2019-03-12 10:10:00,0.049872667
2019-03-12 10:20:00,0.012302101
2019-03-12 10:30:00,0.04909268
2019-03-12 10:40:00,0.013324171
2019-03-12 10:50:00,0.052686363
2019-03-12 11:00:00,0.012699872
2019-03-12 11:10:00,0.050682306
2019-03-12 11:20:00,0.014188141
2019-03-12 11:30:00,0.052553594
2019-03-12 11:40:00,0.012715459
2019-03-12 11:50:00,0.048860013
2019-03-12 12:00:00,0.013823152
2019-03-12 12:10:00,0.04898268
2019-03-12 12:20:00,0.012444019
2019-03-12 12:30:00,0.048742026
2019-03-12 12:40:00,0.013942301
2019-03-12 12:50:00,0.051947355
2019-03-12 13:00:00,0.013216943
2019-03-12 13:10:00,0.049749136
2019-03-12 13:20:00,0.013891697
2019-03-12 13:30:00,0.05295697
2019-03-12 13:40:00,0.012585461
2019-03-12 13:50:00,0.04829502
2019-03-12 14:00:00,0.013358414
2019-03-12 14:10:00,0.0498074
2019-03-12 14:20:00,0.012090266
2019-03-12 14:30:00,0.045149714
2019-03-12 14:40:00,0.01305756
2019-03-12 14:50:00,0.046910137
2019-03-12 15:00:00,0.010833055
2019-03-12 15:10:00,0.04553908
2019-03-12 15:20:00,0.011721462
2019-03-12 15:30:00,0.04521963
2019-03-12 15:40:00,0.009929538
2019-03-12 15:50:00,0.042261362
2019-03-12 16:00:00,0.010335326
2019-03-12 16:10:00,0.040729523
2019-03-12 16:20:00,0.009047836
2019-03-12 16:30:00,0.03712663
2019-03-12 16:40:00,0.010836303
2019-03-12 16:50:00,0.041292697
2019-03-12 17:00:00,0.00935328
2019-03-12 17:10:00,0.03639236
2019-03-12 17:20:00,0.011112481
2019-03-12 17:30:00,0.037989616
2019-03-12 17:40:00,0.009772658
2019-03-12 17:50:00,0.035469174
2019-03-12 18:00:00,0.011338949
2019-03-12 18:10:00,0.03540474
2019-03-12 18:20:00,0.010665745
2019-03-12 18:30:00,0.033927143
2019-03-12 18:40:00,0.012261808
2019-03-12 18:50:00,0.036821216
2019-03-12 19:00:00,0.010967851
2019-03-12 19:10:00,0.03280288
2019-03-12 19:20:00,0.013035327
2019-03-12 19:30:00,0.033600897
2019-03-12 19:40:00,0.0122181475
2019-03-12 19:50:00,0.032435864
2019-03-12 20:00:00,0.014937133
2019-03-12 20:10:00,0.037044436
2019-03-12 20:20:00,0.012797236
2019-03-12 20:30:00,0.03257212
2019-03-12 20:40:00,0.015853643
2019-03-12 20:50:00,0.034866393
2019-03-12 21:00:00,0.012670457
2019-03-12 21:10:00,0.031289846
2019-03-12 21:20:00,0.0155074
2019-03-12 21:30:00,0.035308957
2019-03-12 21:40:00,0.012919784
2019-03-12 21:50:00,0.03217891
2019-03-12 22:00:00,0.017230034
2019-03-12 22:10:00,0.03509
2019-03-12 22:20:00,0.013671666
2019-03-12 22:30:00,0.030529946
2019-03-12 22:40:00,0.014488995
2019-03-12 22:50:00,0.03063503
2019-03-12 23:00:00,0.013243109
2019-03-12 23:10:00,0.02943331
2019-03-12 23:20:00,0.0161224
2019-03-12 23:30:00,0.031364202
2019-03-12 23:40:00,0.013062298
2019-03-12 23:50:00,0.026872367
2019-03-13 00:00:00,0.014576793
2019-03-13 00:10:00,0.02912429
2019-03-13 00:20:00,0.012931824
2019-03-13 00:30:00,0.026491165
2019-03-13 00:40:00,0.015902966
2019-03-13 00:50:00,0.028711945
2019-03-13 01:00:00,0.013589382
2019-03-13 01:10:00,0.028086662
2019-03-13 01:20:00,0.018410474
2019-03-13 01:30:00,0.031043887
2019-03-13 01:40:00,0.016838372
2019-03-13 01:50:00,0.029219091
2019-03-13 02:00:00,0.020503223
2019-03-13 02:10:00,0.029899001
2019-03-13 02:20:00,0.017730802
2019-03-13 02:30:00,0.02898556
2019-03-13 02:40:00,0.022107393
2019-03-13 02:50:00,0.03289637
2019-03-13 03:00:00,0.019310325
2019-03-13 03:10:00,0.031206816
2019-03-13 03:20:00,0.022539288
2019-03-13 03:30:00,0.031380773
2019-03-13 03:40:00,0.019659579
2019-03-13 03:50:00,0.03060177
2019-03-13 04:00:00,0.022436291
2019-03-13 04:10:00,0.030715883
2019-03-13 04:20:00,0.01954189
2019-03-13 04:30:00,0.030410051
2019-03-13 04:40:00,0.02349621
2019-03-13 04:50:00,0.030739427
2019-03-13 05:00:00,0.019831866
2019-03-13 05:10:00,0.028275877
2019-03-13 05:20:00,0.022207022
2019-03-13 05:30:00,0.029309213
2019-03-13 05:40:00,0.019819409
2019-03-13 05:50:00,0.028297365
2019-03-13 06:00:00,0.023631811
2019-03-13 06:10:00,0.030217677
2019-03-13 06:20:00,0.021715492
2019-03-13 06:30:00,0.031063855
2019-03-13 06:40:00,0.026684284
2019-03-13 06:50:00,0.032635957
2019-03-13 07:00:00,0.02381602
2019-03-13 07:10:00,0.032771975
2019-03-13 07:20:00,0.029551506
2019-03-13 07:30:00,0.037287444
2019-03-13 07:40:00,0.024281502
2019-03-13 07:50:00,0.03568566
2019-03-13 08:00:00,0.030217499
2019-03-13 08:10:00,0.037881732
2019-03-13 08:20:00,0.027537584
2019-03-13 08:30:00,0.036825657
2019-03-13 08:40:00,0.030036509
2019-03-13 08:50:00,0.035317063
2019-03-13 09:00:00,0.02454397
2019-03-13 09:10:00,0.032815248
2019-03-13 09:20:00,0.025298268
2019-03-13 09:30:00,0.030278832
2019-03-13 09:40:00,0.020959705
2019-03-13 09:50:00,0.028442055
2019-03-13 10:00:00,0.02311942
2019-03-13 10:10:00,0.029095948
2019-03-13 10:20:00,0.019856751
2019-03-13 10:30:00,0.02851367
2019-03-13 10:40:00,0.022736609
2019-03-13 10:50:00,0.029977947
2019-03-13 11:00:00,0.026558846
2019-03-13 11:10:00,0.034978747
2019-03-13 11:20:00,0.028419107
2019-03-13 11:30:00,0.032475412
2019-03-13 11:40:00,0.024132341
2019-03-13 11:50:00,0.030711561
2019-03-13 12:00:00,0.025797725
2019-03-13 12:10:00,0.028360605
2019-03-13 12:20:00,0.023022503
2019-03-13 12:30:00,0.020674735
2019-03-13 12:40:00,0.025074214
2019-03-13 12:50:00,0.018201739
2019-03-13 13:00:00,0.022094697
2019-03-13 13:10:00,0.01274997
2019-03-13 13:20:00,0.022973776
2019-03-13 13:30:00,0.011588633
2019-03-13 13:40:00,0.01990375
2019-03-13 13:50:00,0.011027753
2019-03-13 14:00:00,0.0230892
2019-03-13 14:10:00,0.012616694
2019-03-13 14:20:00,0.022473425
2019-03-13 14:30:00,0.012822777
2019-03-13 14:40:00,0.024867207
2019-03-13 14:50:00,0.013204455
2019-03-13 15:00:00,0.023587406
2019-03-13 15:10:00,0.0130262375
2019-03-13 15:20:00,0.025969267
2019-03-13 15:30:00,0.013284117
2019-03-13 15:40:00,0.023238987
2019-03-13 15:50:00,0.011565894
2019-03-13 16:00:00,0.024273038
2019-03-13 16:10:00,0.012007654
2019-03-13 16:20:00,0.02238065
2019-03-13 16:30:00,0.009853661
2019-03-13 16:40:00,0.02401036
2019-03-13 16:50:00,0.009960353
2019-03-13 17:00:00,0.022113115
2019-03-13 17:10:00,0.0086352825
2019-03-13 17:20:00,0.022441924
2019-03-13 17:30:00,0.008631527
2019-03-13 17:40:00,0.021434844
2019-03-13 17:50:00,0.0075351894
2019-03-13 18:00:00,0.02094099
2019-03-13 18:10:00,0.008267283
2019-03-13 18:20:00,0.019229949
2019-03-13 18:30:00,0.006831765
2019-03-13 18:40:00,0.01925546
2019-03-13 18:50:00,0.007250637
2019-03-13 19:00:00,0.020780236
2019-03-13 19:10:00,0.0071306825
2019-03-13 19:20:00,0.021389872
2019-03-13 19:30:00,0.0077873766
2019-03-13 19:40:00,0.0211958
2019-03-13 19:50:00,0.007318914
2019-03-13 20:00:00,0.022258043
2019-03-13 20:10:00,0.008003324
2019-03-13 20:20:00,0.021956652
2019-03-13 20:30:00,0.006736994
2019-03-13 20:40:00,0.022054493
2019-03-13 20:50:00,0.007502228
2019-03-13 21:00:00,0.02185455
2019-03-13 21:10:00,0.006118059
2019-03-13 21:20:00,0.02286464
2019-03-13 21:30:00,0.0069743395
2019-03-13 21:40:00,0.023927063
2019-03-13 21:50:00,0.0057443976
2019-03-13 22:00:00,0.022206575
2019-03-13 22:10:00,0.0064714253
2019-03-13 22:20:00,0.022115767
2019-03-13 22:30:00,0.005727172
2019-03-13 22:40:00,0.025071621
2019-03-13 22:50:00,0.006708026
2019-03-13 23:00:00,0.025401294
2019-03-13 23:10:00,0.006020397
2019-03-13 23:20:00,0.024514794
2019-03-13 23:30:00,0.0068078637
2019-03-13 23:40:00,0.026393354
2019-03-13 23:50:00,0.0061754286
2019-03-14 00:00:00,0.025311798
2019-03-14 00:10:00,0.0071640313
2019-03-14 00:20:00,0.026058763
2019-03-14 00:30:00,0.00616771
2019-03-14 00:40:00,0.02521351
2019-03-14 00:50:00,0.0067428946
2019-03-14 01:00:00,0.026234984
2019-03-14 01:10:00,0.0065533817
2019-03-14 01:20:00,0.02499634
2019-03-14 01:30:00,0.0073646307
2019-03-14 01:40:00,0.025671631
2019-03-14 01:50:00,0.006156683
2019-03-14 02:00:00,0.023831159
2019-03-14 02:10:00,0.0073406696
2019-03-14 02:20:00,0.027112007
2019-03-14 02:30:00,0.006375581
2019-03-14 02:40:00,0.025977463
2019-03-14 02:50:00,0.007199973
2019-03-14 03:00:00,0.028297067
2019-03-14 03:10:00,0.00662899
2019-03-14 03:20:00,0.02744037
2019-03-14 03:30:00,0.008187979
2019-03-14 03:40:00,0.03178671
2019-03-14 03:50:00,0.007866174
2019-03-14 04:00:00,0.03170404
2019-03-14 04:10:00,0.009349674
2019-03-14 04:20:00,0.03549069
2019-03-14 04:30:00,0.008395314
2019-03-14 04:40:00,0.032802343
2019-03-14 04:50:00,0.009842008
2019-03-14 05:00:00,0.035318345
2019-03-14 05:10:00,0.008334726
2019-03-14 05:20:00,0.033957154
2019-03-14 05:30:00,0.009881139
2019-03-14 05:40:00,0.03981486
2019-03-14 05:50:00,0.008681148
2019-03-14 06:00:00,0.03653696
2019-03-14 06:10:00,0.010219872
2019-03-14 06:20:00,0.039920628
2019-03-14 06:30:00,0.008815318
2019-03-14 06:40:00,0.037183583
2019-03-14 06:50:00,0.011417896
2019-03-14 07:00:00,0.041834593
2019-03-14 07:10:00,0.010281771
2019-03-14 07:20:00,0.040762067
2019-03-14 07:30:00,0.012553215
2019-03-14 07:40:00,0.046319872
2019-03-14 07:50:00,0.011192083
2019-03-14 08:00:00,0.044275165
2019-03-14 08:10:00,0.0134238005
2019-03-14 08:20:00,0.049896955
2019-03-14 08:30:00,0.011488855
2019-03-14 08:40:00,0.041533828
2019-03-14 08:50:00,0.012698889
2019-03-14 09:00:00,0.04368785
2019-03-14 09:10:00,0.01069361
2019-03-14 09:20:00,0.035435796
2019-03-14 09:30:00,0.011501759
2019-03-14 09:40:00,0.04018101
2019-03-14 09:50:00,0.008967757
2019-03-14 10:00:00,0.034409046
2019-03-14 10:10:00,0.009522736
2019-03-14 10:20:00,0.036159158
2019-03-14 10:30:00,0.007828265
2019-03-14 10:40:00,0.02870056
2019-03-14 10:50:00,0.008396447
2019-03-14 11:00:00,0.03371066
2019-03-14 11:10:00,0.007433623
2019-03-14 11:20:00,0.029096723
2019-03-14 11:30:00,0.008666009
2019-03-14 11:40:00,0.033967108
2019-03-14 11:50:00,0.0077092648
2019-03-14 12:00:00,0.031266272
2019-03-14 12:10:00,0.009121299
2019-03-14 12:20:00,0.035798013
2019-03-14 12:30:00,0.008902788
2019-03-14 12:40:00,0.030783355
2019-03-14 12:50:00,0.010017097
2019-03-14 13:00:00,0.036265075
2019-03-14 13:10:00,0.010935903
2019-03-14 13:20:00,0.032066435
2019-03-14 13:30:00,0.012349308
2019-03-14 13:40:00,0.037839144
2019-03-14 13:50:00,0.011487186
2019-03-14 14:00:00,0.029825002
2019-03-14 14:10:00,0.0114578605
2019-03-14 14:20:00,0.03760785
2019-03-14 14:30:00,0.011854261
2019-03-14 14:40:00,0.03146839
2019-03-14 14:50:00,0.012196273
2019-03-14 15:00:00,0.039425254
2019-03-14 15:10:00,0.012504965
2019-03-14 15:20:00,0.03481376
2019-03-14 15:30:00,0.0135496855
2019-03-14 15:40:00,0.0447554
2019-03-14 15:50:00,0.014267564
2019-03-14 16:00:00,0.038971215
2019-03-14 16:10:00,0.015858859
2019-03-14 16:20:00,0.051035345
2019-03-14 16:30:00,0.018164545
2019-03-14 16:40:00,0.038583666
2019-03-14 16:50:00,0.019974291
2019-03-14 17:00:00,0.05712977
2019-03-14 17:10:00,0.019845605
2019-03-14 17:20:00,0.044642925
2019-03-14 17:30:00,0.020253062
2019-03-14 17:40:00,0.05334729
2019-03-14 17:50:00,0.018439233
2019-03-14 18:00:00,0.042495668
2019-03-14 18:10:00,0.018449932
2019-03-14 18:20:00,0.050367504
2019-03-14 18:30:00,0.018802345
2019-03-14 18:40:00,0.04123214
2019-03-14 18:50:00,0.020689756
2019-03-14 19:00:00,0.05559483
2019-03-14 19:10:00,0.02300343
2019-03-14 19:20:00,0.04269299
2019-03-14 19:30:00,0.025508583
2019-03-14 19:40:00,0.054735065
2019-03-14 19:50:00,0.024008423
2019-03-14 20:00:00,0.043595195
2019-03-14 20:10:00,0.042515576
2019-03-14 20:20:00,0.0638583
2019-03-14 20:30:00,0.045155585
2019-03-14 20:40:00,0.047608525
2019-03-14 20:50:00,0.040169716
2019-03-14 21:00:00,0.05962044
2019-03-14 21:10:00,0.03980413
2019-03-14 21:20:00,0.042886466
2019-03-14 21:30:00,0.035871238
2019-03-14 21:40:00,0.054438114
2019-03-14 21:50:00,0.036935925
2019-03-14 22:00:00,0.0419479
2019-03-14 22:10:00,0.034861416
2019-03-14 22:20:00,0.05553657
2019-03-14 22:30:00,0.037082374
2019-03-14 22:40:00,0.044713378
2019-03-14 22:50:00,0.03435588
2019-03-14 23:00:00,0.058143646
2019-03-14 23:10:00,0.03673914
2019-03-14 23:20:00,0.04890734
2019-03-14 23:30:00,0.03618148
2019-03-14 23:40:00,0.063634425
2019-03-14 23:50:00,0.03924632
2019-03-15 00:00:00,0.049741387
2019-03-15 00:10:00,0.03913024
2019-03-15 00:20:00,0.0625456
2019-03-15 00:30:00,0.040601492
2019-03-15 00:40:00,0.04836142
2019-03-15 00:50:00,0.040112495
2019-03-15 01:00:00,0.0655587
2019-03-15 01:10:00,0.039892107
2019-03-15 01:20:00,0.058169663
2019-03-15 01:30:00,0.039552003
2019-03-15 01:40:00,0.07125729
2019-03-15 01:50:00,0.040025413
2019-03-15 02:00:00,0.054428577
2019-03-15 02:10:00,0.03559342
2019-03-15 02:20:00,0.06720185
2019-03-15 02:30:00,0.039271623
2019-03-15 02:40:00,0.055171013
2019-03-15 02:50:00,0.038615525
2019-03-15 03:00:00,0.06902823
2019-03-15 03:10:00,0.042663425
2019-03-15 03:20:00,0.060128868
2019-03-15 03:30:00,0.04062262
2019-03-15 03:40:00,0.06917471
2019-03-15 03:50:00,0.04660231
2019-03-15 04:00:00,0.059510976
2019-03-15 04:10:00,0.044231683
2019-03-15 04:20:00,0.069092184
2019-03-15 04:30:00,0.044953972
2019-03-15 04:40:00,0.05695474
2019-03-15 04:50:00,0.043617427
2019-03-15 05:00:00,0.06801224
2019-03-15 05:10:00,0.04718083
2019-03-15 05:20:00,0.062305212
2019-03-15 05:30:00,0.044347316
2019-03-15 05:40:00,0.06894803
2019-03-15 05:50:00,0.04668209
2019-03-15 06:00:00,0.057373196
2019-03-15 06:10:00,0.045533806
2019-03-15 06:20:00,0.06574276
2019-03-15 06:30:00,0.045136213
2019-03-15 06:40:00,0.05454433
2019-03-15 06:50:00,0.042212546
2019-03-15 07:00:00,0.061158955
2019-03-15 07:10:00,0.04182765
2019-03-15 07:20:00,0.053854883
2019-03-15 07:30:00,0.039625853
2019-03-15 07:40:00,0.059646696
2019-03-15 07:50:00,0.039756864
2019-03-15 08:00:00,0.05030483
2019-03-15 08:10:00,0.036935657
2019-03-15 08:20:00,0.056591272
2019-03-15 08:30:00,0.03803575
2019-03-15 08:40:00,0.05361548
2019-03-15 08:50:00,0.037416488
2019-03-15 09:00:00,0.059763312
2019-03-15 09:10:00,0.04011339
2019-03-15 09:20:00,0.05215937
2019-03-15 09:30:00,0.038637727
2019-03-15 09:40:00,0.058385074
2019-03-15 09:50:00,0.039973736
2019-03-15 10:00:00,0.04957515
2019-03-15 10:10:00,0.038269877
2019-03-15 10:20:00,0.05393502
2019-03-15 10:30:00,0.039470017
2019-03-15 10:40:00,0.0464316
2019-03-15 10:50:00,0.03731537
2019-03-15 11:00:00,0.051169634
2019-03-15 11:10:00,0.040794462
2019-03-15 11:20:00,0.047709554
2019-03-15 11:30:00,0.03536874
2019-03-15 11:40:00,0.052961826
2019-03-15 11:50:00,0.041790783
2019-03-15 12:00:00,0.048486233
2019-03-15 12:10:00,0.038726002
2019-03-15 12:20:00,0.04841897
2019-03-15 12:30:00,0.04315439
2019-03-15 12:40:00,0.047647566
2019-03-15 12:50:00,0.04120806
2019-03-15 13:00:00,0.051023513
2019-03-15 13:10:00,0.04694721
2019-03-15 13:20:00,0.04859495
2019-03-15 13:30:00,0.043523878
2019-03-15 13:40:00,0.051751137
2019-03-15 13:50:00,0.049013793
2019-03-15 14:00:00,0.05109054
2019-03-15 14:10:00,0.04583919
2019-03-15 14:20:00,0.05461204
2019-03-15 14:30:00,0.0501799
2019-03-15 14:40:00,0.05323714
2019-03-15 14:50:00,0.046288848
2019-03-15 15:00:00,0.051594466
2019-03-15 15:10:00,0.05020231
2019-03-15 15:20:00,0.049913526
2019-03-15 15:30:00,0.04557523
2019-03-15 15:40:00,0.05174887
2019-03-15 15:50:00,0.05278474
2019-03-15 16:00:00,0.055867493
2019-03-15 16:10:00,0.053809613
2019-03-15 16:20:00,0.054885387
2019-03-15 16:30:00,0.062158436
2019-03-15 16:40:00,0.0633837
2019-03-15 16:50:00,0.058686078
2019-03-15 17:00:00,0.060041845
2019-03-15 17:10:00,0.063461006
2019-03-15 17:20:00,0.059946567
2019-03-15 17:30:00,0.059576154
2019-03-15 17:40:00,0.05590579
2019-03-15 17:50:00,0.056479216
2019-03-15 18:00:00,0.063500464
2019-03-15 18:10:00,0.05142188
2019-03-15 18:20:00,0.058715254
2019-03-15 18:30:00,0.05303994
2019-03-15 18:40:00,0.061356127
2019-03-15 18:50:00,0.04461223
2019-03-15 19:00:00,0.057025343
2019-03-15 19:10:00,0.037199825
2019-03-15 19:20:00,0.05133754
2019-03-15 19:30:00,0.0329521
2019-03-15 19:40:00,0.05133906
2019-03-15 19:50:00,0.033084452
2019-03-15 20:00:00,0.0534333
2019-03-15 20:10:00,0.0320518
2019-03-15 20:20:00,0.04023817
2019-03-15 20:30:00,0.032755345
2019-03-15 20:40:00,0.05065617
2019-03-15 20:50:00,0.02943647
2019-03-15 21:00:00,0.04010862
2019-03-15 21:10:00,0.028244078
2019-03-15 21:20:00,0.046909332
2019-03-15 21:30:00,0.02779764
2019-03-15 21:40:00,0.040481836
2019-03-15 21:50:00,0.02612412
2019-03-15 22:00:00,0.04264328
2019-03-15 22:10:00,0.024753392
2019-03-15 22:20:00,0.036089897
2019-03-15 22:30:00,0.022176266
2019-03-15 22:40:00,0.036331207
2019-03-15 22:50:00,0.02118501
2019-03-15 23:00:00,0.029691845
2019-03-15 23:10:00,0.02093792
2019-03-15 23:20:00,0.033927828
2019-03-15 23:30:00,0.020988792
2019-03-15 23:40:00,0.02828756
2019-03-15 23:50:00,0.019988984
2019-03-16 00:00:00,0.033741236
2019-03-16 00:10:00,0.020873845
2019-03-16 00:20:00,0.032274127
2019-03-16 00:30:00,0.0210478
2019-03-16 00:40:00,0.03533721
2019-03-16 00:50:00,0.020336807
2019-03-16 01:00:00,0.032379776
2019-03-16 01:10:00,0.020672172
2019-03-16 01:20:00,0.039337903
2019-03-16 01:30:00,0.021775484
2019-03-16 01:40:00,0.034482926
2019-03-16 01:50:00,0.022463411
2019-03-16 02:00:00,0.039930344
2019-03-16 02:10:00,0.023090959
2019-03-16 02:20:00,0.03689891
2019-03-16 02:30:00,0.023865104
2019-03-16 02:40:00,0.041424006
2019-03-16 02:50:00,0.024282873
2019-03-16 03:00:00,0.035998136
2019-03-16 03:10:00,0.02355674
2019-03-16 03:20:00,0.04187891
2019-03-16 03:30:00,0.02362895
2019-03-16 03:40:00,0.031683475
2019-03-16 03:50:00,0.02208051
2019-03-16 04:00:00,0.038339317
2019-03-16 04:10:00,0.02277568
2019-03-16 04:20:00,0.030867487
2019-03-16 04:30:00,0.02233857
2019-03-16 04:40:00,0.037944973
2019-03-16 04:50:00,0.023327798
2019-03-16 05:00:00,0.034469306
2019-03-16 05:10:00,0.023343652
2019-03-16 05:20:00,0.03975308
2019-03-16 05:30:00,0.024616987
2019-03-16 05:40:00,0.031754345
2019-03-16 05:50:00,0.022469759
2019-03-16 06:00:00,0.03685406
2019-03-16 06:10:00,0.022754818
2019-03-16 06:20:00,0.032077193
2019-03-16 06:30:00,0.022281766
2019-03-16 06:40:00,0.035523564
2019-03-16 06:50:00,0.022209346
2019-03-16 07:00:00,0.030974746
2019-03-16 07:10:00,0.022498995
2019-03-16 07:20:00,0.03747174
2019-03-16 07:30:00,0.026177436
2019-03-16 07:40:00,0.035128057
2019-03-16 07:50:00,0.025603265
2019-03-16 08:00:00,0.042079
2019-03-16 08:10:00,0.02665791
2019-03-16 08:20:00,0.03766206
2019-03-16 08:30:00,0.026882559
2019-03-16 08:40:00,0.043529928
2019-03-16 08:50:00,0.02962175
2019-03-16 09:00:00,0.04076931
2019-03-16 09:10:00,0.030408114
2019-03-16 09:20:00,0.048363864
2019-03-16 09:30:00,0.030259818
2019-03-16 09:40:00,0.043881506
2019-03-16 09:50:00,0.031112075
2019-03-16 10:00:00,0.05003932
2019-03-16 10:10:00,0.032669157
2019-03-16 10:20:00,0.046679348
2019-03-16 10:30:00,0.033338398
2019-03-16 10:40:00,0.053759128
2019-03-16 10:50:00,0.03521788
2019-03-16 11:00:00,0.051640987
2019-03-16 11:10:00,0.036302924
2019-03-16 11:20:00,0.062562436
2019-03-16 11:30:00,0.038189054
2019-03-16 11:40:00,0.056097984
2019-03-16 11:50:00,0.038677573
2019-03-16 12:00:00,0.06789902
2019-03-16 12:10:00,0.041857213
2019-03-16 12:20:00,0.064596325
2019-03-16 12:30:00,0.043637425
2019-03-16 12:40:00,0.07593244
2019-03-16 12:50:00,0.048349082
2019-03-16 13:00:00,0.07291213
2019-03-16 13:10:00,0.04935229
2019-03-16 13:20:00,0.072698146
2019-03-16 13:30:00,0.052933067
2019-03-16 13:40:00,0.07077485
2019-03-16 13:50:00,0.052856505
2019-03-16 14:00:00,0.0694893
2019-03-16 14:10:00,0.057488948
2019-03-16 14:20:00,0.06912482
2019-03-16 14:30:00,0.05377102
2019-03-16 14:40:00,0.065710604
2019-03-16 14:50:00,0.05815333
2019-03-16 15:00:00,0.064002246
2019-03-16 15:10:00,0.054259807
2019-03-16 15:20:00,0.06326303
2019-03-16 15:30:00,0.058863223
2019-03-16 15:40:00,0.06844184
2019-03-16 15:50:00,0.0631963
2019-03-16 16:00:00,0.07271823
2019-03-16 16:10:00,0.070319
2019-03-16 16:20:00,0.07745832
2019-03-16 16:30:00,0.07212615
2019-03-16 16:40:00,0.07742298
2019-03-16 16:50:00,0.07604605
2019-03-16 17:00:00,0.08174312
2019-03-16 17:10:00,0.07608035
2019-03-16 17:20:00,0.08334729
2019-03-16 17:30:00,0.08261809
2019-03-16 17:40:00,0.08988878
2019-03-16 17:50:00,0.08201519
2019-03-16 18:00:00,0.08365232
2019-03-16 18:10:00,0.0876382
2019-03-16 18:20:00,0.08780238
2019-03-16 18:30:00,0.08877635
2019-03-16 18:40:00,0.0841935
2019-03-16 18:50:00,0.09463021
2019-03-16 19:00:00,0.09649351
2019-03-16 19:10:00,0.1016393
2019-03-16 19:20:00,0.09489781
2019-03-16 19:30:00,0.11745113
2019-03-16 19:40:00,0.10466844
2019-03-16 19:50:00,0.11605722
2019-03-16 20:00:00,0.08863431
2019-03-16 20:10:00,0.11892113
2019-03-16 20:20:00,0.1071105
2019-03-16 20:30:00,0.12584081
2019-03-16 20:40:00,0.10140273
2019-03-16 20:50:00,0.13131237
2019-03-16 21:00:00,0.116410315
2019-03-16 21:10:00,0.13803712
2019-03-16 21:20:00,0.115283996
2019-03-16 21:30:00,0.14835036
2019-03-16 21:40:00,0.12974522
2019-03-16 21:50:00,0.16146693
2019-03-16 22:00:00,0.12602827
2019-03-16 22:10:00,0.17245662
2019-03-16 22:20:00,0.14694461
2019-03-16 22:30:00,0.18448281
2019-03-16 22:40:00,0.1433987
2019-03-16 22:50:00,0.1994031
2019-03-16 23:00:00,0.16567677
2019-03-16 23:10:00,0.21830183
2019-03-16 23:20:00,0.15412974
2019-03-16 23:30:00,0.23437908
2019-03-16 23:40:00,0.18928757
2019-03-16 23:50:00,0.24547449
2019-03-17 00:00:00,0.18803024
2019-03-17 00:10:00,0.2663327
2019-03-17 00:20:00,0.2059052
2019-03-17 00:30:00,0.28365684
2019-03-17 00:40:00,0.199749
2019-03-17 00:50:00,0.29575193
2019-03-17 01:00:00,0.2514928
2019-03-17 01:10:00,0.35361487
2019-03-17 01:20:00,0.23148003
2019-03-17 01:30:00,0.37266216
2019-03-17 01:40:00,0.2657013
2019-03-17 01:50:00,0.40284222
2019-03-17 02:00:00,0.24542964
2019-03-17 02:10:00,0.4070344
2019-03-17 02:20:00,0.2907365
2019-03-17 02:30:00,0.45193702
2019-03-17 02:40:00,0.27185822
2019-03-17 02:50:00,0.44748116
2019-03-17 03:00:00,0.30343038
2019-03-17 03:10:00,0.48830873
2019-03-17 03:20:00,0.2806187
2019-03-17 03:30:00,0.5005265
2019-03-17 03:40:00,0.33624125
2019-03-17 03:50:00,0.5207623
2019-03-17 04:00:00,0.31676567
2019-03-17 04:10:00,0.5228545
2019-03-17 04:20:00,0.3379626
2019-03-17 04:30:00,0.53544325
2019-03-17 04:40:00,0.33928204
2019-03-17 04:50:00,0.5584199
2019-03-17 05:00:00,0.37589216
2019-03-17 05:10:00,0.5748352
2019-03-17 05:20:00,0.35248584
2019-03-17 05:30:00,0.5510064
2019-03-17 05:40:00,0.41048494
2019-03-17 05:50:00,0.57213664
2019-03-17 06:00:00,0.36428446
2019-03-17 06:10:00,0.56090766
2019-03-17 06:20:00,0.378658
2019-03-17 06:30:00,0.54795736
2019-03-17 06:40:00,0.32663512
2019-03-17 06:50:00,0.5222581
2019-03-17 07:00:00,0.349414
2019-03-17 07:10:00,0.51310104
2019-03-17 07:20:00,0.30043632
2019-03-17 07:30:00,0.47627473
2019-03-17 07:40:00,0.31254733
2019-03-17 07:50:00,0.47508428
2019-03-17 08:00:00,0.27910188
2019-03-17 08:10:00,0.45570117
2019-03-17 08:20:00,0.29736537
2019-03-17 08:30:00,0.449731
2019-03-17 08:40:00,0.24161547
2019-03-17 08:50:00,0.36350667
2019-03-17 09:00:00,0.17176533
2019-03-17 09:10:00,0.28531396
2019-03-17 09:20:00,0.07888639
2019-03-17 09:30:00,0.1158016
2019-03-17 09:40:00,0.056384325
2019-03-17 09:50:00,0.0874677
2019-03-17 10:00:00,0.031565428
2019-03-17 10:10:00,0.042808086
2019-03-17 10:20:00,0.0286026
2019-03-17 10:30:00,0.036714435
2019-03-17 10:40:00,0.029521048
2019-03-17 10:50:00,0.032088906
2019-03-17 11:00:00,0.025963634
2019-03-17 11:10:00,0.02861324
2019-03-17 11:20:00,0.031401306
2019-03-17 11:30:00,0.03480208
2019-03-17 11:40:00,0.027161777
2019-03-17 11:50:00,0.029092759
2019-03-17 12:00:00,0.028861105
2019-03-17 12:10:00,0.02808854
2019-03-17 12:20:00,0.022185057
2019-03-17 12:30:00,0.022613108
2019-03-17 12:40:00,0.021198422
2019-03-17 12:50:00,0.021210164
2019-03-17 13:00:00,0.016590208
2019-03-17 13:10:00,0.017235845
2019-03-17 13:20:00,0.017222196
2019-03-17 13:30:00,0.015684068
2019-03-17 13:40:00,0.013131946
2019-03-17 13:50:00,0.011533588
2019-03-17 14:00:00,0.013949156
2019-03-17 14:10:00,0.010470003
2019-03-17 14:20:00,0.009424865
2019-03-17 14:30:00,0.008137792
2019-03-17 14:40:00,0.010277331
2019-03-17 14:50:00,0.0067314208
2019-03-17 15:00:00,0.006305009
2019-03-17 15:10:00,0.0043960214
2019-03-17 15:20:00,0.005988896
2019-03-17 15:30:00,0.0032899976
2019-03-17 15:40:00,0.0038811266
2019-03-17 15:50:00,0.0022232533
2019-03-17 16:00:00,0.004342824
2019-03-17 16:10:00,0.0022586584
2019-03-17 16:20:00,0.0027805567
2019-03-17 16:30:00,0.0016318858
2019-03-17 16:40:00,0.0036396086
2019-03-17 16:50:00,0.0018261969
2019-03-17 17:00:00,0.0020942986
2019-03-17 17:10:00,0.001153022
2019-03-17 17:20:00,0.0023841858
2019-03-17 17:30:00,0.0010825694
2019-03-17 17:40:00,0.0012842119
2019-03-17 17:50:00,0.00066384673
2019-03-17 18:00:00,0.001484096
2019-03-17 18:10:00,0.00062021613
2019-03-17 18:20:00,0.00088739395
2019-03-17 18:30:00,0.00045999885
2019-03-17 18:40:00,0.0011335611
2019-03-17 18:50:00,0.00043952465
2019-03-17 19:00:00,0.000657022
2019-03-17 19:10:00,0.0003324747
2019-03-17 19:20:00,0.0010271072
2019-03-17 19:30:00,0.0003681779
2019-03-17 19:40:00,0.0005734265
2019-03-17 19:50:00,0.00026872754
2019-03-17 20:00:00,0.000921607
2019-03-17 20:10:00,0.0003043115
2019-03-17 20:20:00,0.0005161464
2019-03-17 20:30:00,0.00021871924
2019-03-17 20:40:00,0.0008688569
2019-03-17 20:50:00,0.0002513528
2019-03-17 21:00:00,0.0004914105
2019-03-17 21:10:00,0.00019827485
2019-03-17 21:20:00,0.0008095205
2019-03-17 21:30:00,0.00024920702
2019-03-17 21:40:00,0.00050866604
2019-03-17 21:50:00,0.00019288063
2019-03-17 22:00:00,0.0009887218
2019-03-17 22:10:00,0.00024136901
2019-03-17 22:20:00,0.00046110153
2019-03-17 22:30:00,0.00016149879
2019-03-17 22:40:00,0.00076311827
2019-03-17 22:50:00,0.00018462539
2019-03-17 23:00:00,0.00036370754
2019-03-17 23:10:00,0.00012484193
2019-03-17 23:20:00,0.00063955784
2019-03-17 23:30:00,0.00014984608
2019-03-17 23:40:00,0.00032767653
2019-03-17 23:50:00,0.00010882913
2019-03-18 00:00:00,0.0006109476
2019-03-18 00:10:00,0.00013798475
2019-03-18 00:20:00,0.00029480457
2019-03-18 00:30:00,9.3501636e-05
2019-03-18 00:40:00,0.0005584359
2019-03-18 00:50:00,0.00011118227
2019-03-18 01:00:00,0.0002514124
2019-03-18 01:10:00,7.588041e-05
2019-03-18 01:20:00,0.00044631958
2019-03-18 01:30:00,8.455978e-05
2019-03-18 01:40:00,0.0002065599
2019-03-18 01:50:00,5.9818907e-05
2019-03-18 02:00:00,0.0003592074
2019-03-18 02:10:00,6.890349e-05
2019-03-18 02:20:00,0.00020235777
2019-03-18 02:30:00,5.8408965e-05
2019-03-18 02:40:00,0.00039070845
2019-03-18 02:50:00,6.283776e-05
2019-03-18 03:00:00,0.00020942092
2019-03-18 03:10:00,4.9084676e-05
2019-03-18 03:20:00,0.0004490316
2019-03-18 03:30:00,7.318926e-05
2019-03-18 03:40:00,0.00022557378
2019-03-18 03:50:00,6.146572e-05
2019-03-18 04:00:00,0.00045403838
2019-03-18 04:10:00,7.436848e-05
2019-03-18 04:20:00,0.00021851063
2019-03-18 04:30:00,5.6685112e-05
2019-03-18 04:40:00,0.0003899634
2019-03-18 04:50:00,6.3180756e-05
2019-03-18 05:00:00,0.00020894408
2019-03-18 05:10:00,5.3673968e-05
2019-03-18 05:20:00,0.0003658235
2019-03-18 05:30:00,5.6602246e-05
2019-03-18 05:40:00,0.00020241737
2019-03-18 05:50:00,4.9235216e-05
2019-03-18 06:00:00,0.00039222836
2019-03-18 06:10:00,6.171505e-05
2019-03-18 06:20:00,0.00021928549
2019-03-18 06:30:00,5.0445306e-05
2019-03-18 06:40:00,0.00039818883
2019-03-18 06:50:00,6.246332e-05
2019-03-18 07:00:00,0.00020065904
2019-03-18 07:10:00,5.0119655e-05
2019-03-18 07:20:00,0.0003516376
2019-03-18 07:30:00,5.601467e-05
2019-03-18 07:40:00,0.00020477176
2019-03-18 07:50:00,4.7356312e-05
2019-03-18 08:00:00,0.00038072467
2019-03-18 08:10:00,5.775811e-05
2019-03-18 08:20:00,0.00023555756
2019-03-18 08:30:00,5.4133692e-05
2019-03-18 08:40:00,0.00044947863
2019-03-18 08:50:00,7.1165e-05
2019-03-18 09:00:00,0.0003042519
2019-03-18 09:10:00,6.546786e-05
2019-03-18 09:20:00,0.00064727664
2019-03-18 09:30:00,0.00010864134
2019-03-18 09:40:00,0.00044089556
2019-03-18 09:50:00,0.000112783964
2019-03-18 10:00:00,0.00091698766
2019-03-18 10:10:00,0.00016877055
2019-03-18 10:20:00,0.0006374717
2019-03-18 10:30:00,0.00016087294
2019-03-18 10:40:00,0.0011175871
2019-03-18 10:50:00,0.00021392107
2019-03-18 11:00:00,0.0008047223
2019-03-18 11:10:00,0.00020352006
2019-03-18 11:20:00,0.0012237132
2019-03-18 11:30:00,0.00023117661
2019-03-18 11:40:00,0.0008326769
2019-03-18 11:50:00,0.00022011995
2019-03-18 12:00:00,0.0013188422
2019-03-18 12:10:00,0.00027638674
2019-03-18 12:20:00,0.0010616779
2019-03-18 12:30:00,0.00027248263
2019-03-18 12:40:00,0.0018848777
2019-03-18 12:50:00,0.00038850307
2019-03-18 13:00:00,0.0015977323
2019-03-18 13:10:00,0.00043526292
2019-03-18 13:20:00,0.0029028952
2019-03-18 13:30:00,0.00060740113
2019-03-18 13:40:00,0.0023230612
2019-03-18 13:50:00,0.00066652894
2019-03-18 14:00:00,0.0037727952
2019-03-18 14:10:00,0.00085648894
2019-03-18 14:20:00,0.003038019
2019-03-18 14:30:00,0.0009809732
2019-03-18 14:40:00,0.0040319264
2019-03-18 14:50:00,0.0010180175
2019-03-18 15:00:00,0.0038821697
2019-03-18 15:10:00,0.0011487007
2019-03-18 15:20:00,0.0064819455
2019-03-18 15:30:00,0.0018022656
2019-03-18 15:40:00,0.0072944164
2019-03-18 15:50:00,0.0023283958
2019-03-18 16:00:00,0.014917314
2019-03-18 16:10:00,0.0047356486
2019-03-18 16:20:00,0.017149031
2019-03-18 16:30:00,0.0063091516
2019-03-18 16:40:00,0.032372355
2019-03-18 16:50:00,0.012189597
2019-03-18 17:00:00,0.035957932
2019-03-18 17:10:00,0.01903218
2019-03-18 17:20:00,0.04059282
2019-03-18 17:30:00,0.020037234
2019-03-18 17:40:00,0.04606715
2019-03-18 17:50:00,0.02365157
2019-03-18 18:00:00,0.048011124
2019-03-18 18:10:00,0.020140827
2019-03-18 18:20:00,0.050875515
2019-03-18 18:30:00,0.021960825
2019-03-18 18:40:00,0.053830594
2019-03-18 18:50:00,0.022545993
2019-03-18 19:00:00,0.05583784
2019-03-18 19:10:00,0.026971549
2019-03-18 19:20:00,0.05771458
2019-03-18 19:30:00,0.025419801
2019-03-18 19:40:00,0.05585158
2019-03-18 19:50:00,0.026618332
2019-03-18 20:00:00,0.05649203
2019-03-18 20:10:00,0.024384826
2019-03-18 20:20:00,0.057686508
2019-03-18 20:30:00,0.028766185
2019-03-18 20:40:00,0.060200036
2019-03-18 20:50:00,0.027915597
2019-03-18 21:00:00,0.06068161
2019-03-18 21:10:00,0.03194818
2019-03-18 21:20:00,0.062060356
2019-03-18 21:30:00,0.031732142
2019-03-18 21:40:00,0.062468737
2019-03-18 21:50:00,0.03590074
2019-03-18 22:00:00,0.06997287
2019-03-18 22:10:00,0.037054718
2019-03-18 22:20:00,0.07224935
2019-03-18 22:30:00,0.04134226
2019-03-18 22:40:00,0.0841535
2019-03-18 22:50:00,0.04366833
2019-03-18 23:00:00,0.06649849
2019-03-18 23:10:00,0.048130363
2019-03-18 23:20:00,0.08731744
2019-03-18 23:30:00,0.05366531
2019-03-18 23:40:00,0.088921905
2019-03-18 23:50:00,0.059885055
2019-03-19 00:00:00,0.09882417
2019-03-19 00:10:00,0.05940613
2019-03-19 00:20:00,0.09653124
2019-03-19 00:30:00,0.06377205
2019-03-19 00:40:00,0.09932035
2019-03-19 00:50:00,0.05959454
2019-03-19 01:00:00,0.10006198
2019-03-19 01:10:00,0.06085202
2019-03-19 01:20:00,0.0977329
2019-03-19 01:30:00,0.071523786
2019-03-19 01:40:00,0.100978106
2019-03-19 01:50:00,0.06899643
2019-03-19 02:00:00,0.09382114
2019-03-19 02:10:00,0.07104826
2019-03-19 02:20:00,0.09770203
2019-03-19 02:30:00,0.073200405
2019-03-19 02:40:00,0.091407984
2019-03-19 02:50:00,0.07053423
2019-03-19 03:00:00,0.08993703
2019-03-19 03:10:00,0.07248941
2019-03-19 03:20:00,0.09022927
2019-03-19 03:30:00,0.066379935
2019-03-19 03:40:00,0.087614626
2019-03-19 03:50:00,0.06776637
2019-03-19 04:00:00,0.084413975
2019-03-19 04:10:00,0.07043186
2019-03-19 04:20:00,0.08658171
2019-03-19 04:30:00,0.06793013
2019-03-19 04:40:00,0.0849264
2019-03-19 04:50:00,0.07058129
2019-03-19 05:00:00,0.08355129
2019-03-19 05:10:00,0.069696724
2019-03-19 05:20:00,0.0796946
2019-03-19 05:30:00,0.067302525
2019-03-19 05:40:00,0.07380167
2019-03-19 05:50:00,0.06764412
2019-03-19 06:00:00,0.07192129
2019-03-19 06:10:00,0.066916704
2019-03-19 06:20:00,0.07132465
2019-03-19 06:30:00,0.0701676
2019-03-19 06:40:00,0.06950131
2019-03-19 06:50:00,0.0736427
2019-03-19 07:00:00,0.06692034
2019-03-19 07:10:00,0.07320407
2019-03-19 07:20:00,0.0660831
2019-03-19 07:30:00,0.07625586
2019-03-19 07:40:00,0.066212
2019-03-19 07:50:00,0.075244695
2019-03-19 08:00:00,0.06403303
2019-03-19 08:10:00,0.08446473
2019-03-19 08:20:00,0.06428069
2019-03-19 08:30:00,0.08532262
2019-03-19 08:40:00,0.06525332
2019-03-19 08:50:00,0.08937496
2019-03-19 09:00:00,0.060712874
2019-03-19 09:10:00,0.08794314
2019-03-19 09:20:00,0.060380578
2019-03-19 09:30:00,0.090058
2019-03-19 09:40:00,0.059306502
2019-03-19 09:50:00,0.087598145
2019-03-19 10:00:00,0.059072763
2019-03-19 10:10:00,0.09316936
2019-03-19 10:20:00,0.059501648
2019-03-19 10:30:00,0.08979383
2019-03-19 10:40:00,0.055196553
2019-03-19 10:50:00,0.09257117
2019-03-19 11:00:00,0.054096162
2019-03-19 11:10:00,0.08571881
2019-03-19 11:20:00,0.05544156
2019-03-19 11:30:00,0.096021295
2019-03-19 11:40:00,0.055889666
2019-03-19 11:50:00,0.092347145
2019-03-19 12:00:00,0.056424946
2019-03-19 12:10:00,0.10220134
2019-03-19 12:20:00,0.05932638
2019-03-19 12:30:00,0.097109795
2019-03-19 12:40:00,0.059088558
2019-03-19 12:50:00,0.10415131
2019-03-19 13:00:00,0.059592694
2019-03-19 13:10:00,0.09479621
2019-03-19 13:20:00,0.058356285
2019-03-19 13:30:00,0.09737733
2019-03-19 13:40:00,0.059298784
2019-03-19 13:50:00,0.09289962
2019-03-19 14:00:00,0.058961898
2019-03-19 14:10:00,0.101234645
2019-03-19 14:20:00,0.05981019
2019-03-19 14:30:00,0.10229012
2019-03-19 14:40:00,0.056801558
2019-03-19 14:50:00,0.108314365
2019-03-19 15:00:00,0.05764529
2019-03-19 15:10:00,0.102553815
2019-03-19 15:20:00,0.056784928
2019-03-19 15:30:00,0.11029598
2019-03-19 15:40:00,0.05807197
2019-03-19 15:50:00,0.1031903
2019-03-19 16:00:00,0.055728078
2019-03-19 16:10:00,0.10350734
2019-03-19 16:20:00,0.055699646
2019-03-19 16:30:00,0.09800893
2019-03-19 16:40:00,0.054213583
2019-03-19 16:50:00,0.10255292
2019-03-19 17:00:00,0.055809468
2019-03-19 17:10:00,0.09692645
2019-03-19 17:20:00,0.053769797
2019-03-19 17:30:00,0.102618724
2019-03-19 17:40:00,0.054835707
2019-03-19 17:50:00,0.096168905
2019-03-19 18:00:00,0.053058803
2019-03-19 18:10:00,0.10458669
2019-03-19 18:20:00,0.055716902
2019-03-19 18:30:00,0.10095948
2019-03-19 18:40:00,0.05325508
2019-03-19 18:50:00,0.10193792
2019-03-19 19:00:00,0.052730322
2019-03-19 19:10:00,0.0951134
2019-03-19 19:20:00,0.0500845
2019-03-19 19:30:00,0.09168926
2019-03-19 19:40:00,0.05006796
2019-03-19 19:50:00,0.07773721
2019-03-19 20:00:00,0.04764831
2019-03-19 20:10:00,0.089472234
2019-03-19 20:20:00,0.045768827
2019-03-19 20:30:00,0.0759556
2019-03-19 20:40:00,0.044551253
2019-03-19 20:50:00,0.08486068
2019-03-19 21:00:00,0.04615906
2019-03-19 21:10:00,0.07417965
2019-03-19 21:20:00,0.042624176
2019-03-19 21:30:00,0.075781226
2019-03-19 21:40:00,0.042353243
2019-03-19 21:50:00,0.076407135
2019-03-19 22:00:00,0.042437732
2019-03-19 22:10:00,0.09087953
2019-03-19 22:20:00,0.046731263
2019-03-19 22:30:00,0.084938765
2019-03-19 22:40:00,0.04536727
2019-03-19 22:50:00,0.08342719
2019-03-19 23:00:00,0.044281125
2019-03-19 23:10:00,0.08316031
2019-03-19 23:20:00,0.043170154
2019-03-19 23:30:00,0.084373534
2019-03-19 23:40:00,0.043137014
2019-03-19 23:50:00,0.084159404
2019-03-20 00:00:00,0.044815123
2019-03-20 00:10:00,0.08766869
2019-03-20 00:20:00,0.048355907
2019-03-20 00:30:00,0.08359766
2019-03-20 00:40:00,0.044290602
2019-03-20 00:50:00,0.08280331
2019-03-20 01:00:00,0.047181726
2019-03-20 01:10:00,0.07671979
2019-03-20 01:20:00,0.04440373
2019-03-20 01:30:00,0.07572746
2019-03-20 01:40:00,0.04562226
2019-03-20 01:50:00,0.07015315
2019-03-20 02:00:00,0.043264598
2019-03-20 02:10:00,0.07081795
2019-03-20 02:20:00,0.046797365
2019-03-20 02:30:00,0.06804466
2019-03-20 02:40:00,0.042204708
2019-03-20 02:50:00,0.069783
2019-03-20 03:00:00,0.044908404
2019-03-20 03:10:00,0.06383026
2019-03-20 03:20:00,0.042355806
2019-03-20 03:30:00,0.065271884
2019-03-20 03:40:00,0.043933123
2019-03-20 03:50:00,0.059131563
2019-03-20 04:00:00,0.04102862
2019-03-20 04:10:00,0.061544448
2019-03-20 04:20:00,0.042040408
2019-03-20 04:30:00,0.050587565
2019-03-20 04:40:00,0.03469062
2019-03-20 04:50:00,0.04904914
2019-03-20 05:00:00,0.035793602
2019-03-20 05:10:00,0.04327777
2019-03-20 05:20:00,0.029306412
2019-03-20 05:30:00,0.045824528
2019-03-20 05:40:00,0.029680401
2019-03-20 05:50:00,0.040082693
2019-03-20 06:00:00,0.025605053
2019-03-20 06:10:00,0.040947616
2019-03-20 06:20:00,0.025763512
2019-03-20 06:30:00,0.03546539
2019-03-20 06:40:00,0.022976756
2019-03-20 06:50:00,0.0380235
2019-03-20 07:00:00,0.02734992
2019-03-20 07:10:00,0.03442481
2019-03-20 07:20:00,0.024461865
2019-03-20 07:30:00,0.038416862
2019-03-20 07:40:00,0.026405156
2019-03-20 07:50:00,0.03366816
2019-03-20 08:00:00,0.022372395
2019-03-20 08:10:00,0.0357053
2019-03-20 08:20:00,0.025286585
2019-03-20 08:30:00,0.03218788
2019-03-20 08:40:00,0.024105519
2019-03-20 08:50:00,0.036438614
2019-03-20 09:00:00,0.026800215
2019-03-20 09:10:00,0.03143114
2019-03-20 09:20:00,0.025170356
2019-03-20 09:30:00,0.034662127
2019-03-20 09:40:00,0.02802062
2019-03-20 09:50:00,0.03155902
2019-03-20 10:00:00,0.02499184
2019-03-20 10:10:00,0.035374194
2019-03-20 10:20:00,0.030922472
2019-03-20 10:30:00,0.031412035
2019-03-20 10:40:00,0.025840431
2019-03-20 10:50:00,0.03660077
2019-03-20 11:00:00,0.028849691
2019-03-20 11:10:00,0.03238356
2019-03-20 11:20:00,0.025697201
2019-03-20 11:30:00,0.033783495
2019-03-20 11:40:00,0.029730469
2019-03-20 11:50:00,0.031076968
2019-03-20 12:00:00,0.025844544
2019-03-20 12:10:00,0.033507794
2019-03-20 12:20:00,0.030854583
2019-03-20 12:30:00,0.030083388
2019-03-20 12:40:00,0.024911016
2019-03-20 12:50:00,0.03589216
2019-03-20 13:00:00,0.031998098
2019-03-20 13:10:00,0.0316495
2019-03-20 13:20:00,0.026310384
2019-03-20 13:30:00,0.03251335
2019-03-20 13:40:00,0.029236436
2019-03-20 13:50:00,0.028730571
2019-03-20 14:00:00,0.025479168
2019-03-20 14:10:00,0.029634118
2019-03-20 14:20:00,0.029351443
2019-03-20 14:30:00,0.027647793
2019-03-20 14:40:00,0.025464356
2019-03-20 14:50:00,0.02955532
2019-03-20 15:00:00,0.029557973
2019-03-20 15:10:00,0.027298182
2019-03-20 15:20:00,0.025609553
2019-03-20 15:30:00,0.028232217
2019-03-20 15:40:00,0.030131936
2019-03-20 15:50:00,0.026842892
2019-03-20 16:00:00,0.02477488
2019-03-20 16:10:00,0.028333277
2019-03-20 16:20:00,0.029238373
2019-03-20 16:30:00,0.026278824
2019-03-20 16:40:00,0.024355292
2019-03-20 16:50:00,0.027366191
2019-03-20 17:00:00,0.028008044
2019-03-20 17:10:00,0.02695474
2019-03-20 17:20:00,0.024371505
2019-03-20 17:30:00,0.029345453
2019-03-20 17:40:00,0.028205931
2019-03-20 17:50:00,0.028738767
2019-03-20 18:00:00,0.023468792
2019-03-20 18:10:00,0.029836863
2019-03-20 18:20:00,0.027597487
2019-03-20 18:30:00,0.029045135
2019-03-20 18:40:00,0.022273153
2019-03-20 18:50:00,0.031073421
2019-03-20 19:00:00,0.026539534
2019-03-20 19:10:00,0.029418021
2019-03-20 19:20:00,0.021775454
2019-03-20 19:30:00,0.031332076
2019-03-20 19:40:00,0.026575327
2019-03-20 19:50:00,0.031058282
2019-03-20 20:00:00,0.021737427
2019-03-20 20:10:00,0.030153245
2019-03-20 20:20:00,0.025030881
2019-03-20 20:30:00,0.029964387
2019-03-20 20:40:00,0.021814555
2019-03-20 20:50:00,0.031258047
2019-03-20 21:00:00,0.025812477
2019-03-20 21:10:00,0.030711204
2019-03-20 21:20:00,0.021899492
2019-03-20 21:30:00,0.029573292
2019-03-20 21:40:00,0.025742471
2019-03-20 21:50:00,0.03007868
2019-03-20 22:00:00,0.022013575
2019-03-20 22:10:00,0.030703127
2019-03-20 22:20:00,0.026404887
2019-03-20 22:30:00,0.029243678
2019-03-20 22:40:00,0.022966176
2019-03-20 22:50:00,0.02971971
2019-03-20 23:00:00,0.026490211
2019-03-20 23:10:00,0.029673308
2019-03-20 23:20:00,0.023816675
2019-03-20 23:30:00,0.02965346
2019-03-20 23:40:00,0.026568681
2019-03-20 23:50:00,0.029126763
2019-03-21 00:00:00,0.022202313
2019-03-21 00:10:00,0.028864712
2019-03-21 00:20:00,0.02568531
2019-03-21 00:30:00,0.030680448
2019-03-21 00:40:00,0.022634506
2019-03-21 00:50:00,0.029833138
2019-03-21 01:00:00,0.026043326
2019-03-21 01:10:00,0.029557794
2019-03-21 01:20:00,0.021663636
2019-03-21 01:30:00,0.028793871
2019-03-21 01:40:00,0.024933666
2019-03-21 01:50:00,0.02983445
2019-03-21 02:00:00,0.021095663
2019-03-21 02:10:00,0.029017597
2019-03-21 02:20:00,0.025657296
2019-03-21 02:30:00,0.032242745
2019-03-21 02:40:00,0.02205035
2019-03-21 02:50:00,0.030764818
2019-03-21 03:00:00,0.025183678
2019-03-21 03:10:00,0.031058997
2019-03-21 03:20:00,0.02116397
2019-03-21 03:30:00,0.030659378
2019-03-21 03:40:00,0.024116904
2019-03-21 03:50:00,0.029716045
2019-03-21 04:00:00,0.01923722
2019-03-21 04:10:00,0.02967748
2019-03-21 04:20:00,0.024508119
2019-03-21 04:30:00,0.030975014
2019-03-21 04:40:00,0.020148516
2019-03-21 04:50:00,0.029800057
2019-03-21 05:00:00,0.022606194
2019-03-21 05:10:00,0.030424148
2019-03-21 05:20:00,0.018121898
2019-03-21 05:30:00,0.028110802
2019-03-21 05:40:00,0.020889133
2019-03-21 05:50:00,0.02900967
2019-03-21 06:00:00,0.015824556
2019-03-21 06:10:00,0.025945693
2019-03-21 06:20:00,0.01847282
2019-03-21 06:30:00,0.02696687
2019-03-21 06:40:00,0.016138375
2019-03-21 06:50:00,0.025051057
2019-03-21 07:00:00,0.017898172
2019-03-21 07:10:00,0.028167337
2019-03-21 07:20:00,0.01677379
2019-03-21 07:30:00,0.027025908
2019-03-21 07:40:00,0.01812917
2019-03-21 07:50:00,0.030406892
2019-03-21 08:00:00,0.016986698
2019-03-21 08:10:00,0.030257404
2019-03-21 08:20:00,0.017975539
2019-03-21 08:30:00,0.03232318
2019-03-21 08:40:00,0.015933692
2019-03-21 08:50:00,0.033298284
2019-03-21 09:00:00,0.018076986
2019-03-21 09:10:00,0.034424692
2019-03-21 09:20:00,0.014766812
2019-03-21 09:30:00,0.031630665
2019-03-21 09:40:00,0.017467082
2019-03-21 09:50:00,0.03452149
2019-03-21 10:00:00,0.015276521
2019-03-21 10:10:00,0.032760948
2019-03-21 10:20:00,0.018219203
2019-03-21 10:30:00,0.037236094
2019-03-21 10:40:00,0.015981019
2019-03-21 10:50:00,0.034318358
2019-03-21 11:00:00,0.019136578
2019-03-21 11:10:00,0.038136423
2019-03-21 11:20:00,0.013811201
2019-03-21 11:30:00,0.030972838
2019-03-21 11:40:00,0.01669553
2019-03-21 11:50:00,0.03543651
2019-03-21 12:00:00,0.015476882
2019-03-21 12:10:00,0.033424944
2019-03-21 12:20:00,0.018399984
2019-03-21 12:30:00,0.04016775
2019-03-21 12:40:00,0.016322553
2019-03-21 12:50:00,0.03292033
2019-03-21 13:00:00,0.017832518
2019-03-21 13:10:00,0.03644365
2019-03-21 13:20:00,0.014890224
2019-03-21 13:30:00,0.029838294
2019-03-21 13:40:00,0.0136111975
2019-03-21 13:50:00,0.030739129
2019-03-21 14:00:00,0.011490613
2019-03-21 14:10:00,0.027958214
2019-03-21 14:20:00,0.01310572
2019-03-21 14:30:00,0.031593263
2019-03-21 14:40:00,0.01146248
2019-03-21 14:50:00,0.026920468
2019-03-21 15:00:00,0.011764079
2019-03-21 15:10:00,0.030757934
2019-03-21 15:20:00,0.010090679
2019-03-21 15:30:00,0.0265733
2019-03-21 15:40:00,0.011177719
2019-03-21 15:50:00,0.029480696
2019-03-21 16:00:00,0.009905785
2019-03-21 16:10:00,0.025965422
2019-03-21 16:20:00,0.010582596
2019-03-21 16:30:00,0.027081698
2019-03-21 16:40:00,0.008840084
2019-03-21 16:50:00,0.023271143
2019-03-21 17:00:00,0.009965152
2019-03-21 17:10:00,0.028585583
2019-03-21 17:20:00,0.0087758005
2019-03-21 17:30:00,0.025199175
2019-03-21 17:40:00,0.009839386
2019-03-21 17:50:00,0.026902258
2019-03-21 18:00:00,0.007938981
2019-03-21 18:10:00,0.022908032
2019-03-21 18:20:00,0.007825226
2019-03-21 18:30:00,0.024634391
2019-03-21 18:40:00,0.007960051
2019-03-21 18:50:00,0.023130417
2019-03-21 19:00:00,0.008591592
2019-03-21 19:10:00,0.025588125
2019-03-21 19:20:00,0.008087993
2019-03-21 19:30:00,0.0238415
2019-03-21 19:40:00,0.009171575
2019-03-21 19:50:00,0.026105672
2019-03-21 20:00:00,0.00828737
2019-03-21 20:10:00,0.02481103
2019-03-21 20:20:00,0.008856773
2019-03-21 20:30:00,0.026730329
2019-03-21 20:40:00,0.0074754655
2019-03-21 20:50:00,0.025960922
2019-03-21 21:00:00,0.008197159
2019-03-21 21:10:00,0.026602775
2019-03-21 21:20:00,0.0074353516
2019-03-21 21:30:00,0.025523514
2019-03-21 21:40:00,0.0082039535
2019-03-21 21:50:00,0.02662006
2019-03-21 22:00:00,0.007388085
2019-03-21 22:10:00,0.025307477
2019-03-21 22:20:00,0.007995725
2019-03-21 22:30:00,0.025952905
2019-03-21 22:40:00,0.0072399676
2019-03-21 22:50:00,0.024628103
2019-03-21 23:00:00,0.007615775
2019-03-21 23:10:00,0.02554524
2019-03-21 23:20:00,0.006534606
2019-03-21 23:30:00,0.024153829
2019-03-21 23:40:00,0.0067130327
2019-03-21 23:50:00,0.025618106
2019-03-22 00:00:00,0.006198108
2019-03-22 00:10:00,0.024668604
2019-03-22 00:20:00,0.0069393814
2019-03-22 00:30:00,0.024838299
2019-03-22 00:40:00,0.00653705
2019-03-22 00:50:00,0.02310878
2019-03-22 01:00:00,0.0069287717
2019-03-22 01:10:00,0.023632586
2019-03-22 01:20:00,0.007114768
2019-03-22 01:30:00,0.02255693
2019-03-22 01:40:00,0.0074589252
2019-03-22 01:50:00,0.023323476
2019-03-22 02:00:00,0.0068983436
2019-03-22 02:10:00,0.02251345
2019-03-22 02:20:00,0.007120192
2019-03-22 02:30:00,0.023563743
2019-03-22 02:40:00,0.0067648888
2019-03-22 02:50:00,0.022721976
2019-03-22 03:00:00,0.0069198012
2019-03-22 03:10:00,0.023102194
2019-03-22 03:20:00,0.0065248907
2019-03-22 03:30:00,0.023296237
2019-03-22 03:40:00,0.0074020326
2019-03-22 03:50:00,0.02227509
2019-03-22 04:00:00,0.0069316924
2019-03-22 04:10:00,0.021995366
2019-03-22 04:20:00,0.0070290267
2019-03-22 04:30:00,0.021608979
2019-03-22 04:40:00,0.0065060854
2019-03-22 04:50:00,0.022679359
2019-03-22 05:00:00,0.0065919757
2019-03-22 05:10:00,0.022185057
2019-03-22 05:20:00,0.006213039
2019-03-22 05:30:00,0.022392362
2019-03-22 05:40:00,0.006669551
2019-03-22 05:50:00,0.022958368
2019-03-22 06:00:00,0.0062116683
2019-03-22 06:10:00,0.021892905
2019-03-22 06:20:00,0.006484002
2019-03-22 06:30:00,0.022250324
2019-03-22 06:40:00,0.0068328977
2019-03-22 06:50:00,0.021970093
2019-03-22 07:00:00,0.0067786872
2019-03-22 07:10:00,0.02219072
2019-03-22 07:20:00,0.0070852935
2019-03-22 07:30:00,0.023440868
2019-03-22 07:40:00,0.0074024796
2019-03-22 07:50:00,0.02307275
2019-03-22 08:00:00,0.00701651
2019-03-22 08:10:00,0.023603052
2019-03-22 08:20:00,0.006910652
2019-03-22 08:30:00,0.023012817
2019-03-22 08:40:00,0.007100433
2019-03-22 08:50:00,0.023157805
2019-03-22 09:00:00,0.0073625147
2019-03-22 09:10:00,0.02270034
2019-03-22 09:20:00,0.0077934265
2019-03-22 09:30:00,0.023900151
2019-03-22 09:40:00,0.008224368
2019-03-22 09:50:00,0.02391553
2019-03-22 10:00:00,0.008329928
2019-03-22 10:10:00,0.02426824
2019-03-22 10:20:00,0.0086655915
2019-03-22 10:30:00,0.02455455
2019-03-22 10:40:00,0.008662909
2019-03-22 10:50:00,0.024682075
2019-03-22 11:00:00,0.009117782
2019-03-22 11:10:00,0.02448824
2019-03-22 11:20:00,0.008980125
2019-03-22 11:30:00,0.026484609
2019-03-22 11:40:00,0.009613067
2019-03-22 11:50:00,0.024505347
2019-03-22 12:00:00,0.009909183
2019-03-22 12:10:00,0.024116755
2019-03-22 12:20:00,0.010447502
2019-03-22 12:30:00,0.02234736
2019-03-22 12:40:00,0.011765331
2019-03-22 12:50:00,0.022462755
2019-03-22 13:00:00,0.011879742
2019-03-22 13:10:00,0.024532497
2019-03-22 13:20:00,0.013358504
2019-03-22 13:30:00,0.024863094
2019-03-22 13:40:00,0.012784541
2019-03-22 13:50:00,0.022756428
2019-03-22 14:00:00,0.013001829
2019-03-22 14:10:00,0.023987561
2019-03-22 14:20:00,0.012836516
2019-03-22 14:30:00,0.021881074
2019-03-22 14:40:00,0.012906671
2019-03-22 14:50:00,0.023614645
2019-03-22 15:00:00,0.01388222
2019-03-22 15:10:00,0.021198392
2019-03-22 15:20:00,0.013179451
2019-03-22 15:30:00,0.02225995
2019-03-22 15:40:00,0.013842225
2019-03-22 15:50:00,0.021710604
2019-03-22 16:00:00,0.014710814
2019-03-22 16:10:00,0.022954315
2019-03-22 16:20:00,0.014976263
2019-03-22 16:30:00,0.022481233
2019-03-22 16:40:00,0.015940934
2019-03-22 16:50:00,0.02381295
2019-03-22 17:00:00,0.015823126
2019-03-22 17:10:00,0.022803664
2019-03-22 17:20:00,0.015473396
2019-03-22 17:30:00,0.023133874
2019-03-22 17:40:00,0.015727311
2019-03-22 17:50:00,0.02174303
2019-03-22 18:00:00,0.015489191
2019-03-22 18:10:00,0.02292335
2019-03-22 18:20:00,0.015810788
2019-03-22 18:30:00,0.02115482
2019-03-22 18:40:00,0.0172669
2019-03-22 18:50:00,0.023286045
2019-03-22 19:00:00,0.017248005
2019-03-22 19:10:00,0.022443563
2019-03-22 19:20:00,0.018411756
2019-03-22 19:30:00,0.025165886
2019-03-22 19:40:00,0.019300401
2019-03-22 19:50:00,0.024611026
2019-03-22 20:00:00,0.020869195
2019-03-22 20:10:00,0.026655555
2019-03-22 20:20:00,0.022889405
2019-03-22 20:30:00,0.026095718
2019-03-22 20:40:00,0.024249464
2019-03-22 20:50:00,0.028147757
2019-03-22 21:00:00,0.025458872
2019-03-22 21:10:00,0.027884632
2019-03-22 21:20:00,0.026124805
2019-03-22 21:30:00,0.02738899
2019-03-22 21:40:00,0.0278804
2019-03-22 21:50:00,0.029949337
2019-03-22 22:00:00,0.028706074
2019-03-22 22:10:00,0.033182085
2019-03-22 22:20:00,0.029173017
2019-03-22 22:30:00,0.03143412
2019-03-22 22:40:00,0.02847001
2019-03-22 22:50:00,0.033780575
2019-03-22 23:00:00,0.02939725
2019-03-22 23:10:00,0.034423172
2019-03-22 23:20:00,0.031224877
2019-03-22 23:30:00,0.03823945
2019-03-22 23:40:00,0.033647448
2019-03-22 23:50:00,0.03928125
2019-03-23 00:00:00,0.03298235
2019-03-23 00:10:00,0.04179141
2019-03-23 00:20:00,0.034390837
2019-03-23 00:30:00,0.041001648
2019-03-23 00:40:00,0.03508678
2019-03-23 00:50:00,0.043571502
2019-03-23 01:00:00,0.03572005
2019-03-23 01:10:00,0.04237798
2019-03-23 01:20:00,0.035272717
2019-03-23 01:30:00,0.044309884
2019-03-23 01:40:00,0.033014476
2019-03-23 01:50:00,0.041882098
2019-03-23 02:00:00,0.03341058
2019-03-23 02:10:00,0.045459032
2019-03-23 02:20:00,0.033197284
2019-03-23 02:30:00,0.04586923
2019-03-23 02:40:00,0.035883397
2019-03-23 02:50:00,0.047038138
2019-03-23 03:00:00,0.037433475
2019-03-23 03:10:00,0.049638093
2019-03-23 03:20:00,0.037685424
2019-03-23 03:30:00,0.048727095
2019-03-23 03:40:00,0.03996691
2019-03-23 03:50:00,0.04948473
2019-03-23 04:00:00,0.041252077
2019-03-23 04:10:00,0.051730454
2019-03-23 04:20:00,0.040197313
2019-03-23 04:30:00,0.053060234
2019-03-23 04:40:00,0.039309263
2019-03-23 04:50:00,0.052551717
2019-03-23 05:00:00,0.03956583
2019-03-23 05:10:00,0.052970707
2019-03-23 05:20:00,0.038232267
2019-03-23 05:30:00,0.0500679
2019-03-23 05:40:00,0.04095328
2019-03-23 05:50:00,0.05085063
2019-03-23 06:00:00,0.039889634
2019-03-23 06:10:00,0.05006057
2019-03-23 06:20:00,0.04003951
2019-03-23 06:30:00,0.051248968
2019-03-23 06:40:00,0.038817465
2019-03-23 06:50:00,0.049565583
2019-03-23 07:00:00,0.038995653
2019-03-23 07:10:00,0.051773995
2019-03-23 07:20:00,0.038908303
2019-03-23 07:30:00,0.048933566
2019-03-23 07:40:00,0.03942436
2019-03-23 07:50:00,0.051289797
2019-03-23 08:00:00,0.039581448
2019-03-23 08:10:00,0.049065918
2019-03-23 08:20:00,0.042324543
2019-03-23 08:30:00,0.053481698
2019-03-23 08:40:00,0.04021606
2019-03-23 08:50:00,0.04933083
2019-03-23 09:00:00,0.039551497
2019-03-23 09:10:00,0.052821904
2019-03-23 09:20:00,0.038710654
2019-03-23 09:30:00,0.049473554
2019-03-23 09:40:00,0.040863216
2019-03-23 09:50:00,0.053327918
2019-03-23 10:00:00,0.0383164
2019-03-23 10:10:00,0.04787579
2019-03-23 10:20:00,0.039106905
2019-03-23 10:30:00,0.055069298
2019-03-23 10:40:00,0.037849903
2019-03-23 10:50:00,0.049485505
2019-03-23 11:00:00,0.038919926
2019-03-23 11:10:00,0.05249995
2019-03-23 11:20:00,0.039488137
2019-03-23 11:30:00,0.048036277
2019-03-23 11:40:00,0.039887846
2019-03-23 11:50:00,0.054451168
2019-03-23 12:00:00,0.039773375
2019-03-23 12:10:00,0.0498749
2019-03-23 12:20:00,0.039949387
2019-03-23 12:30:00,0.05545354
2019-03-23 12:40:00,0.03819135
2019-03-23 12:50:00,0.050431013
2019-03-23 13:00:00,0.04000449
2019-03-23 13:10:00,0.056375712
2019-03-23 13:20:00,0.040153116
2019-03-23 13:30:00,0.05094552
2019-03-23 13:40:00,0.04111442
2019-03-23 13:50:00,0.0562357
2019-03-23 14:00:00,0.039402008
2019-03-23 14:10:00,0.048977077
2019-03-23 14:20:00,0.04395649
2019-03-23 14:30:00,0.056190252
2019-03-23 14:40:00,0.041301906
2019-03-23 14:50:00,0.05171424
2019-03-23 15:00:00,0.047799677
2019-03-23 15:10:00,0.05694905
2019-03-23 15:20:00,0.04625091
2019-03-23 15:30:00,0.05276367
2019-03-23 15:40:00,0.04575959
2019-03-23 15:50:00,0.05491659
2019-03-23 16:00:00,0.044538587
2019-03-23 16:10:00,0.05293098
2019-03-23 16:20:00,0.045822024
2019-03-23 16:30:00,0.05808693
2019-03-23 16:40:00,0.04407543
2019-03-23 16:50:00,0.05142191
2019-03-23 17:00:00,0.044759274
2019-03-23 17:10:00,0.057897866
2019-03-23 17:20:00,0.043691397
2019-03-23 17:30:00,0.05218166
2019-03-23 17:40:00,0.045792013
2019-03-23 17:50:00,0.0577015
2019-03-23 18:00:00,0.043557227
2019-03-23 18:10:00,0.053155154
2019-03-23 18:20:00,0.050971627
2019-03-23 18:30:00,0.06478208
2019-03-23 18:40:00,0.04684201
2019-03-23 18:50:00,0.058978915
2019-03-23 19:00:00,0.047589183
2019-03-23 19:10:00,0.06713274
2019-03-23 19:20:00,0.047959358
2019-03-23 19:30:00,0.05976653
2019-03-23 19:40:00,0.049869955
2019-03-23 19:50:00,0.06717977
2019-03-23 20:00:00,0.04720062
2019-03-23 20:10:00,0.059586078
2019-03-23 20:20:00,0.04757309
2019-03-23 20:30:00,0.065200984
2019-03-23 20:40:00,0.045560718
2019-03-23 20:50:00,0.057762623
2019-03-23 21:00:00,0.044005126
2019-03-23 21:10:00,0.06175852
2019-03-23 21:20:00,0.04685682
2019-03-23 21:30:00,0.0557414
2019-03-23 21:40:00,0.046514004
2019-03-23 21:50:00,0.06038773
2019-03-23 22:00:00,0.04717639
2019-03-23 22:10:00,0.05631101
2019-03-23 22:20:00,0.047168225
2019-03-23 22:30:00,0.058440864
2019-03-23 22:40:00,0.04515466
2019-03-23 22:50:00,0.055265427
2019-03-23 23:00:00,0.048704624
2019-03-23 23:10:00,0.057424486
2019-03-23 23:20:00,0.044165492
2019-03-23 23:30:00,0.05074182
2019-03-23 23:40:00,0.044677854
2019-03-23 23:50:00,0.05208552
2019-03-24 00:00:00,0.044549048
2019-03-24 00:10:00,0.048086047
2019-03-24 00:20:00,0.044896364
2019-03-24 00:30:00,0.05388862
2019-03-24 00:40:00,0.043782264
2019-03-24 00:50:00,0.052054703
2019-03-24 01:00:00,0.043178618
2019-03-24 01:10:00,0.050793022
2019-03-24 01:20:00,0.043095022
2019-03-24 01:30:00,0.046796322
2019-03-24 01:40:00,0.043527514
2019-03-24 01:50:00,0.049663246
2019-03-24 02:00:00,0.04240933
2019-03-24 02:10:00,0.045807093
2019-03-24 02:20:00,0.042894304
2019-03-24 02:30:00,0.04680863
2019-03-24 02:40:00,0.038930923
2019-03-24 02:50:00,0.04033479
2019-03-24 03:00:00,0.040882558
2019-03-24 03:10:00,0.04609549
2019-03-24 03:20:00,0.042675376
2019-03-24 03:30:00,0.04403016
2019-03-24 03:40:00,0.042933613
2019-03-24 03:50:00,0.042754292
2019-03-24 04:00:00,0.040245324
2019-03-24 04:10:00,0.037959933
2019-03-24 04:20:00,0.039060116
2019-03-24 04:30:00,0.03923422
2019-03-24 04:40:00,0.03784123
2019-03-24 04:50:00,0.034927696
2019-03-24 05:00:00,0.042775452
2019-03-24 05:10:00,0.041416645
2019-03-24 05:20:00,0.044647157
2019-03-24 05:30:00,0.037599027
2019-03-24 05:40:00,0.044983327
2019-03-24 05:50:00,0.041204363
2019-03-24 06:00:00,0.04537505
2019-03-24 06:10:00,0.037926406
2019-03-24 06:20:00,0.04623851
2019-03-24 06:30:00,0.03947121
2019-03-24 06:40:00,0.046022266
2019-03-24 06:50:00,0.038192898
2019-03-24 07:00:00,0.051233947
2019-03-24 07:10:00,0.039258927
2019-03-24 07:20:00,0.04949513
2019-03-24 07:30:00,0.03618604
2019-03-24 07:40:00,0.052315354
2019-03-24 07:50:00,0.038998038
2019-03-24 08:00:00,0.050346285
2019-03-24 08:10:00,0.03523445
2019-03-24 08:20:00,0.049605817
2019-03-24 08:30:00,0.033928692
2019-03-24 08:40:00,0.052628785
2019-03-24 08:50:00,0.032658428
2019-03-24 09:00:00,0.055836737
2019-03-24 09:10:00,0.034042984
2019-03-24 09:20:00,0.0540016
2019-03-24 09:30:00,0.036678344
2019-03-24 09:40:00,0.05541867
2019-03-24 09:50:00,0.03613025
2019-03-24 10:00:00,0.054977417
2019-03-24 10:10:00,0.040268302
2019-03-24 10:20:00,0.056325167
2019-03-24 10:30:00,0.03730288
2019-03-24 10:40:00,0.052963555
2019-03-24 10:50:00,0.039083064
2019-03-24 11:00:00,0.058833838
2019-03-24 11:10:00,0.0393793
2019-03-24 11:20:00,0.059562087
2019-03-24 11:30:00,0.042370975
2019-03-24 11:40:00,0.06492001
2019-03-24 11:50:00,0.042025924
2019-03-24 12:00:00,0.06347352
2019-03-24 12:10:00,0.045791328
2019-03-24 12:20:00,0.06732568
2019-03-24 12:30:00,0.045481324
2019-03-24 12:40:00,0.066206634
2019-03-24 12:50:00,0.0516555
2019-03-24 13:00:00,0.076266676
2019-03-24 13:10:00,0.051455498
2019-03-24 13:20:00,0.07571432
2019-03-24 13:30:00,0.05716625
2019-03-24 13:40:00,0.08069861
2019-03-24 13:50:00,0.056345135
2019-03-24 14:00:00,0.07806271
2019-03-24 14:10:00,0.06276965
2019-03-24 14:20:00,0.08703482
2019-03-24 14:30:00,0.061289757
2019-03-24 14:40:00,0.08615881
2019-03-24 14:50:00,0.064725935
2019-03-24 15:00:00,0.09234187
2019-03-24 15:10:00,0.059490353
2019-03-24 15:20:00,0.09038371
2019-03-24 15:30:00,0.06422418
2019-03-24 15:40:00,0.093156576
2019-03-24 15:50:00,0.05882573
2019-03-24 16:00:00,0.093945086
2019-03-24 16:10:00,0.07036838
2019-03-24 16:20:00,0.10325295
2019-03-24 16:30:00,0.06528175
2019-03-24 16:40:00,0.0974229
2019-03-24 16:50:00,0.06706813
2019-03-24 17:00:00,0.10214108
2019-03-24 17:10:00,0.05847788
2019-03-24 17:20:00,0.08934468
2019-03-24 17:30:00,0.063779026
2019-03-24 17:40:00,0.09381524
2019-03-24 17:50:00,0.056745023
2019-03-24 18:00:00,0.083711326
2019-03-24 18:10:00,0.059750885
2019-03-24 18:20:00,0.08729884
2019-03-24 18:30:00,0.052810997
2019-03-24 18:40:00,0.08363262
2019-03-24 18:50:00,0.055825412
2019-03-24 19:00:00,0.09259525
2019-03-24 19:10:00,0.05205971
2019-03-24 19:20:00,0.08972359
2019-03-24 19:30:00,0.063774586
2019-03-24 19:40:00,0.0972766
2019-03-24 19:50:00,0.057124257
2019-03-24 20:00:00,0.08877176
2019-03-24 20:10:00,0.06607431
2019-03-24 20:20:00,0.09242025
2019-03-24 20:30:00,0.05796787
2019-03-24 20:40:00,0.08844933
2019-03-24 20:50:00,0.0678018
2019-03-24 21:00:00,0.09533423
2019-03-24 21:10:00,0.06303683
2019-03-24 21:20:00,0.08300817
2019-03-24 21:30:00,0.070432216
2019-03-24 21:40:00,0.08869046
2019-03-24 21:50:00,0.06533
2019-03-24 22:00:00,0.08365959
2019-03-24 22:10:00,0.071231514
2019-03-24 22:20:00,0.08846733
2019-03-24 22:30:00,0.059874922
2019-03-24 22:40:00,0.08167744
2019-03-24 22:50:00,0.06429389
2019-03-24 23:00:00,0.0862084
2019-03-24 23:10:00,0.05500236
2019-03-24 23:20:00,0.075033516
2019-03-24 23:30:00,0.065092236
2019-03-24 23:40:00,0.08406529
2019-03-24 23:50:00,0.05474928
2019-03-25 00:00:00,0.077695906
2019-03-25 00:10:00,0.061285943
2019-03-25 00:20:00,0.087174505
2019-03-25 00:30:00,0.055838466
2019-03-25 00:40:00,0.081250876
2019-03-25 00:50:00,0.06268239
2019-03-25 01:00:00,0.089124024
2019-03-25 01:10:00,0.055509597
2019-03-25 01:20:00,0.08293432
2019-03-25 01:30:00,0.06180036
2019-03-25 01:40:00,0.089665204
2019-03-25 01:50:00,0.052735776
2019-03-25 02:00:00,0.08314568
2019-03-25 02:10:00,0.05897972
2019-03-25 02:20:00,0.09164864
2019-03-25 02:30:00,0.053147048
2019-03-25 02:40:00,0.083999634
2019-03-25 02:50:00,0.06054327
2019-03-25 03:00:00,0.0909237
2019-03-25 03:10:00,0.05279985
2019-03-25 03:20:00,0.08054379
2019-03-25 03:30:00,0.058959574
2019-03-25 03:40:00,0.08944264
2019-03-25 03:50:00,0.052336454
2019-03-25 04:00:00,0.0801388
2019-03-25 04:10:00,0.061322182
2019-03-25 04:20:00,0.08902377
2019-03-25 04:30:00,0.052630186
2019-03-25 04:40:00,0.080032915
2019-03-25 04:50:00,0.05774498
2019-03-25 05:00:00,0.08882412
2019-03-25 05:10:00,0.0507949
2019-03-25 05:20:00,0.07857165
2019-03-25 05:30:00,0.059172034
2019-03-25 05:40:00,0.09410876
2019-03-25 05:50:00,0.056005597
2019-03-25 06:00:00,0.08439267
2019-03-25 06:10:00,0.06343365
2019-03-25 06:20:00,0.09895295
2019-03-25 06:30:00,0.057865888
2019-03-25 06:40:00,0.08455849
2019-03-25 06:50:00,0.06577292
2019-03-25 07:00:00,0.101130515
2019-03-25 07:10:00,0.062402964
2019-03-25 07:20:00,0.090524584
2019-03-25 07:30:00,0.076117784
2019-03-25 07:40:00,0.11467451
2019-03-25 07:50:00,0.066698045
2019-03-25 08:00:00,0.09159604
2019-03-25 08:10:00,0.07021871
2019-03-25 08:20:00,0.10721499
2019-03-25 08:30:00,0.067887366
2019-03-25 08:40:00,0.093595594
2019-03-25 08:50:00,0.074053705
2019-03-25 09:00:00,0.10702762
2019-03-25 09:10:00,0.071279764
2019-03-25 09:20:00,0.09052494
2019-03-25 09:30:00,0.0745877
2019-03-25 09:40:00,0.103208065
2019-03-25 09:50:00,0.070834965
2019-03-25 10:00:00,0.090856016
2019-03-25 10:10:00,0.071303725
2019-03-25 10:20:00,0.09822282
2019-03-25 10:30:00,0.065982014
2019-03-25 10:40:00,0.0763337
2019-03-25 10:50:00,0.06527412
2019-03-25 11:00:00,0.08472219
2019-03-25 11:10:00,0.05994007
2019-03-25 11:20:00,0.062565595
2019-03-25 11:30:00,0.057661533
2019-03-25 11:40:00,0.06843868
2019-03-25 11:50:00,0.05080387
2019-03-25 12:00:00,0.047149837
2019-03-25 12:10:00,0.051348776
2019-03-25 12:20:00,0.04950881
2019-03-25 12:30:00,0.044734508
2019-03-25 12:40:00,0.04013282
2019-03-25 12:50:00,0.045122325
2019-03-25 13:00:00,0.050303847
2019-03-25 13:10:00,0.047883123
2019-03-25 13:20:00,0.039729983
2019-03-25 13:30:00,0.047468603
2019-03-25 13:40:00,0.04757905
2019-03-25 13:50:00,0.04725924
2019-03-25 14:00:00,0.037405282
2019-03-25 14:10:00,0.046753466
2019-03-25 14:20:00,0.045156747
2019-03-25 14:30:00,0.043827534
2019-03-25 14:40:00,0.031963795
2019-03-25 14:50:00,0.048715055
2019-03-25 15:00:00,0.03989175
2019-03-25 15:10:00,0.050522596
2019-03-25 15:20:00,0.0313794
2019-03-25 15:30:00,0.044170976
2019-03-25 15:40:00,0.035970688
2019-03-25 15:50:00,0.046979874
2019-03-25 16:00:00,0.032767236
2019-03-25 16:10:00,0.04394242
2019-03-25 16:20:00,0.037094593
2019-03-25 16:30:00,0.04446858
2019-03-25 16:40:00,0.027102262
2019-03-25 16:50:00,0.03784758
2019-03-25 17:00:00,0.030435503
2019-03-25 17:10:00,0.04181966
2019-03-25 17:20:00,0.023590267
2019-03-25 17:30:00,0.037050456
2019-03-25 17:40:00,0.02974388
2019-03-25 17:50:00,0.038807184
2019-03-25 18:00:00,0.023321122
2019-03-25 18:10:00,0.03585267
2019-03-25 18:20:00,0.027733654
2019-03-25 18:30:00,0.03664553
2019-03-25 18:40:00,0.021403968
2019-03-25 18:50:00,0.035832763
2019-03-25 19:00:00,0.028129697
2019-03-25 19:10:00,0.0365009
2019-03-25 19:20:00,0.020169914
2019-03-25 19:30:00,0.032356948
2019-03-25 19:40:00,0.025802672
2019-03-25 19:50:00,0.036093116
2019-03-25 20:00:00,0.019586504
2019-03-25 20:10:00,0.033688277
2019-03-25 20:20:00,0.024546802
2019-03-25 20:30:00,0.035008132
2019-03-25 20:40:00,0.018268108
2019-03-25 20:50:00,0.032802284
2019-03-25 21:00:00,0.023374885
2019-03-25 21:10:00,0.03611636
2019-03-25 21:20:00,0.018089443
2019-03-25 21:30:00,0.033085674
2019-03-25 21:40:00,0.024216235
2019-03-25 21:50:00,0.03698936
2019-03-25 22:00:00,0.01779595
2019-03-25 22:10:00,0.034995437
2019-03-25 22:20:00,0.020029306
2019-03-25 22:30:00,0.034995228
2019-03-25 22:40:00,0.014850527
2019-03-25 22:50:00,0.035531968
2019-03-25 23:00:00,0.02015987
2019-03-25 23:10:00,0.04009354
2019-03-25 23:20:00,0.01568368
2019-03-25 23:30:00,0.035922676
2019-03-25 23:40:00,0.021797806
2019-03-25 23:50:00,0.040932834
2019-03-26 00:00:00,0.016697496
2019-03-26 00:10:00,0.035183907
2019-03-26 00:20:00,0.020735174
2019-03-26 00:30:00,0.032109886
2019-03-26 00:40:00,0.015843451
2019-03-26 00:50:00,0.028798044
2019-03-26 01:00:00,0.019706607
2019-03-26 01:10:00,0.033168614
2019-03-26 01:20:00,0.015901178
2019-03-26 01:30:00,0.030089676
2019-03-26 01:40:00,0.01830861
2019-03-26 01:50:00,0.029661894
2019-03-26 02:00:00,0.012014806
2019-03-26 02:10:00,0.02457133
2019-03-26 02:20:00,0.013694197
2019-03-26 02:30:00,0.023419112
2019-03-26 02:40:00,0.009550542
2019-03-26 02:50:00,0.023724586
2019-03-26 03:00:00,0.013064384
2019-03-26 03:10:00,0.023762286
2019-03-26 03:20:00,0.009669632
2019-03-26 03:30:00,0.021755189
2019-03-26 03:40:00,0.012695253
2019-03-26 03:50:00,0.020645738
2019-03-26 04:00:00,0.008850127
2019-03-26 04:10:00,0.019136012
2019-03-26 04:20:00,0.013210595
2019-03-26 04:30:00,0.020724595
2019-03-26 04:40:00,0.0099563
2019-03-26 04:50:00,0.020011872
2019-03-26 05:00:00,0.0123027265
2019-03-26 05:10:00,0.01947382
2019-03-26 05:20:00,0.009570181
2019-03-26 05:30:00,0.018278122
2019-03-26 05:40:00,0.01180163
2019-03-26 05:50:00,0.017945707
2019-03-26 06:00:00,0.008811504
2019-03-26 06:10:00,0.017166287
2019-03-26 06:20:00,0.011983186
2019-03-26 06:30:00,0.016243368
2019-03-26 06:40:00,0.008516878
2019-03-26 06:50:00,0.015640587
2019-03-26 07:00:00,0.011138111
2019-03-26 07:10:00,0.015369087
2019-03-26 07:20:00,0.008510768
2019-03-26 07:30:00,0.01513347
2019-03-26 07:40:00,0.010703623
2019-03-26 07:50:00,0.01493445
2019-03-26 08:00:00,0.0070860386
2019-03-26 08:10:00,0.015832812
2019-03-26 08:20:00,0.008863479
2019-03-26 08:30:00,0.013687909
2019-03-26 08:40:00,0.006962359
2019-03-26 08:50:00,0.013385594
2019-03-26 09:00:00,0.0088867545
2019-03-26 09:10:00,0.0112758875
2019-03-26 09:20:00,0.006843567
2019-03-26 09:30:00,0.011324286
2019-03-26 09:40:00,0.008858383
2019-03-26 09:50:00,0.009657353
2019-03-26 10:00:00,0.006145507
2019-03-26 10:10:00,0.009583622
2019-03-26 10:20:00,0.00791955
2019-03-26 10:30:00,0.0074872077
2019-03-26 10:40:00,0.006198764
2019-03-26 10:50:00,0.0077469945
2019-03-26 11:00:00,0.008488566
2019-03-26 11:10:00,0.0072647333
2019-03-26 11:20:00,0.0064559877
2019-03-26 11:30:00,0.0076508224
2019-03-26 11:40:00,0.009030223
2019-03-26 11:50:00,0.0070236623
2019-03-26 12:00:00,0.0069473386
2019-03-26 12:10:00,0.007154256
2019-03-26 12:20:00,0.009067446
2019-03-26 12:30:00,0.006413281
2019-03-26 12:40:00,0.006708652
2019-03-26 12:50:00,0.006584406
2019-03-26 13:00:00,0.008524835
2019-03-26 13:10:00,0.00498572
2019-03-26 13:20:00,0.0063061416
2019-03-26 13:30:00,0.0052898824
2019-03-26 13:40:00,0.006775379
2019-03-26 13:50:00,0.0034398437
2019-03-26 14:00:00,0.004669577
2019-03-26 14:10:00,0.0031762123
2019-03-26 14:20:00,0.005325854
2019-03-26 14:30:00,0.002218753
2019-03-26 14:40:00,0.0039220154
2019-03-26 14:50:00,0.0026227534
2019-03-26 15:00:00,0.006191343
2019-03-26 15:10:00,0.0026449263
2019-03-26 15:20:00,0.00468418
2019-03-26 15:30:00,0.0027351081
2019-03-26 15:40:00,0.006042689
2019-03-26 15:50:00,0.0022012591
2019-03-26 16:00:00,0.0041328073
2019-03-26 16:10:00,0.0024355352
2019-03-26 16:20:00,0.0058332384
2019-03-26 16:30:00,0.002044171
2019-03-26 16:40:00,0.0044154525
2019-03-26 16:50:00,0.002450496
2019-03-26 17:00:00,0.0063401163
2019-03-26 17:10:00,0.0022250712
2019-03-26 17:20:00,0.0050072074
2019-03-26 17:30:00,0.0024276376
2019-03-26 17:40:00,0.0066914856
2019-03-26 17:50:00,0.001950115
2019-03-26 18:00:00,0.005918503
2019-03-26 18:10:00,0.0022975206
2019-03-26 18:20:00,0.009249657
2019-03-26 18:30:00,0.0019896626
2019-03-26 18:40:00,0.007011801
2019-03-26 18:50:00,0.0028128624
2019-03-26 19:00:00,0.009762168
2019-03-26 19:10:00,0.002100587
2019-03-26 19:20:00,0.008030057
2019-03-26 19:30:00,0.002520442
2019-03-26 19:40:00,0.0097693205
2019-03-26 19:50:00,0.0021345317
2019-03-26 20:00:00,0.0075412393
2019-03-26 20:10:00,0.002160132
2019-03-26 20:20:00,0.009224713
2019-03-26 20:30:00,0.0017885566
2019-03-26 20:40:00,0.006991297
2019-03-26 20:50:00,0.0021699965
2019-03-26 21:00:00,0.009358555
2019-03-26 21:10:00,0.0019431114
2019-03-26 21:20:00,0.0074818134
2019-03-26 21:30:00,0.002139151
2019-03-26 21:40:00,0.009963065
2019-03-26 21:50:00,0.0019416511
2019-03-26 22:00:00,0.0075380504
2019-03-26 22:10:00,0.0019333661
2019-03-26 22:20:00,0.00987497
2019-03-26 22:30:00,0.001557231
2019-03-26 22:40:00,0.007769048
2019-03-26 22:50:00,0.0017661452
2019-03-26 23:00:00,0.010609508
2019-03-26 23:10:00,0.0015922785
2019-03-26 23:20:00,0.0076542497
2019-03-26 23:30:00,0.0017549098
2019-03-26 23:40:00,0.009848893
2019-03-26 23:50:00,0.0014918447
2019-03-27 00:00:00,0.007449776
2019-03-27 00:10:00,0.0016247332
2019-03-27 00:20:00,0.010818511
2019-03-27 00:30:00,0.001222074
2019-03-27 00:40:00,0.006202042
2019-03-27 00:50:00,0.0011705458
2019-03-27 01:00:00,0.007975161
2019-03-27 01:10:00,0.0010263026
2019-03-27 01:20:00,0.0051953197
2019-03-27 01:30:00,0.0011591911
2019-03-27 01:40:00,0.0070086718
2019-03-27 01:50:00,0.0009787679
2019-03-27 02:00:00,0.004757315
2019-03-27 02:10:00,0.001066953
2019-03-27 02:20:00,0.006310314
2019-03-27 02:30:00,0.0008903444
2019-03-27 02:40:00,0.004464209
2019-03-27 02:50:00,0.00088873506
2019-03-27 03:00:00,0.0059472024
2019-03-27 03:10:00,0.0007902682
2019-03-27 03:20:00,0.0042442083
2019-03-27 03:30:00,0.0008530617
2019-03-27 03:40:00,0.0058151186
2019-03-27 03:50:00,0.0007688105
2019-03-27 04:00:00,0.00404197
2019-03-27 04:10:00,0.000893414
2019-03-27 04:20:00,0.0053578615
2019-03-27 04:30:00,0.00080153346
2019-03-27 04:40:00,0.0038565993
2019-03-27 04:50:00,0.00092729926
2019-03-27 05:00:00,0.005355656
2019-03-27 05:10:00,0.00085148215
2019-03-27 05:20:00,0.0035996735
2019-03-27 05:30:00,0.00093591213
2019-03-27 05:40:00,0.0051330626
2019-03-27 05:50:00,0.0008018315
2019-03-27 06:00:00,0.0038340092
2019-03-27 06:10:00,0.0008776784
2019-03-27 06:20:00,0.005895376
2019-03-27 06:30:00,0.00086432695
2019-03-27 06:40:00,0.0037012696
2019-03-27 06:50:00,0.000872612
2019-03-27 07:00:00,0.0051095486
2019-03-27 07:10:00,0.00088101625
2019-03-27 07:20:00,0.0032411814
2019-03-27 07:30:00,0.0010071099
2019-03-27 07:40:00,0.0048125684
2019-03-27 07:50:00,0.00095048547
2019-03-27 08:00:00,0.0034532547
2019-03-27 08:10:00,0.0011303127
2019-03-27 08:20:00,0.0055600107
2019-03-27 08:30:00,0.0012125075
2019-03-27 08:40:00,0.0038866103
2019-03-27 08:50:00,0.0013490915
2019-03-27 09:00:00,0.0064149797
2019-03-27 09:10:00,0.0013430715
2019-03-27 09:20:00,0.004391372
2019-03-27 09:30:00,0.0014291704
2019-03-27 09:40:00,0.0063372254
2019-03-27 09:50:00,0.0012935996
2019-03-27 10:00:00,0.004065782
2019-03-27 10:10:00,0.0013732612
2019-03-27 10:20:00,0.005847752
2019-03-27 10:30:00,0.0012608469
2019-03-27 10:40:00,0.0037184656
2019-03-27 10:50:00,0.001368016
2019-03-27 11:00:00,0.004926622
2019-03-27 11:10:00,0.001221329
2019-03-27 11:20:00,0.0031572282
2019-03-27 11:30:00,0.0012865961
2019-03-27 11:40:00,0.0043751895
2019-03-27 11:50:00,0.0011884272
2019-03-27 12:00:00,0.002959907
2019-03-27 12:10:00,0.0013163984
2019-03-27 12:20:00,0.0044005513
2019-03-27 12:30:00,0.0012836456
2019-03-27 12:40:00,0.0028319955
2019-03-27 12:50:00,0.0015419126
2019-03-27 13:00:00,0.0039414465
2019-03-27 13:10:00,0.0015287101
2019-03-27 13:20:00,0.002961427
2019-03-27 13:30:00,0.0017816424
2019-03-27 13:40:00,0.004330665
2019-03-27 13:50:00,0.0016652644
2019-03-27 14:00:00,0.002903849
2019-03-27 14:10:00,0.0020034611
2019-03-27 14:20:00,0.003817141
2019-03-27 14:30:00,0.0014200509
2019-03-27 14:40:00,0.0025074482
2019-03-27 14:50:00,0.0015878677
2019-03-27 15:00:00,0.0028967857
2019-03-27 15:10:00,0.0009559393
2019-03-27 15:20:00,0.00197497
2019-03-27 15:30:00,0.0010924637
2019-03-27 15:40:00,0.0024813712
2019-03-27 15:50:00,0.0007033348
2019-03-27 16:00:00,0.0015241802
2019-03-27 16:10:00,0.00073727965
2019-03-27 16:20:00,0.0017488599
2019-03-27 16:30:00,0.000518322
2019-03-27 16:40:00,0.0012208521
2019-03-27 16:50:00,0.00075674057
2019-03-27 17:00:00,0.0021166801
2019-03-27 17:10:00,0.0007558465
2019-03-27 17:20:00,0.0014660954
2019-03-27 17:30:00,0.0011318028
2019-03-27 17:40:00,0.0023729801
2019-03-27 17:50:00,0.0008806586
2019-03-27 18:00:00,0.0015439689
2019-03-27 18:10:00,0.0012087524
2019-03-27 18:20:00,0.0022604764
2019-03-27 18:30:00,0.0009544194
2019-03-27 18:40:00,0.0016385019
2019-03-27 18:50:00,0.0010847747
2019-03-27 19:00:00,0.0023437142
2019-03-27 19:10:00,0.0008685589
2019-03-27 19:20:00,0.0013709664
2019-03-27 19:30:00,0.0010352731
2019-03-27 19:40:00,0.0019492209
2019-03-27 19:50:00,0.0007764697
2019-03-27 20:00:00,0.0013035834
2019-03-27 20:10:00,0.0011118352
2019-03-27 20:20:00,0.0019530952
2019-03-27 20:30:00,0.0008535981
2019-03-27 20:40:00,0.0015833974
2019-03-27 20:50:00,0.0013833344
2019-03-27 21:00:00,0.0018838048
2019-03-27 21:10:00,0.00088217854
2019-03-27 21:20:00,0.0013333559
2019-03-27 21:30:00,0.0010688901
2019-03-27 21:40:00,0.0018914938
2019-03-27 21:50:00,0.0008097887
2019-03-27 22:00:00,0.0013038814
2019-03-27 22:10:00,0.001024276
2019-03-27 22:20:00,0.0019222498
2019-03-27 22:30:00,0.00077319145
2019-03-27 22:40:00,0.001331538
2019-03-27 22:50:00,0.000998944
2019-03-27 23:00:00,0.0020239055
2019-03-27 23:10:00,0.0007658601
2019-03-27 23:20:00,0.0015014112
2019-03-27 23:30:00,0.0010126233
2019-03-27 23:40:00,0.0022334754
2019-03-27 23:50:00,0.0007379055
2019-03-28 00:00:00,0.0013466477
2019-03-28 00:10:00,0.00091537833
2019-03-28 00:20:00,0.0019740164
2019-03-28 00:30:00,0.0006579459
2019-03-28 00:40:00,0.0012998879
2019-03-28 00:50:00,0.0008979738
2019-03-28 01:00:00,0.001973033
2019-03-28 01:10:00,0.00068834424
2019-03-28 01:20:00,0.0013946295
2019-03-28 01:30:00,0.0009035766
2019-03-28 01:40:00,0.0021858513
2019-03-28 01:50:00,0.0007253289
2019-03-28 02:00:00,0.0016282797
2019-03-28 02:10:00,0.00089749694
2019-03-28 02:20:00,0.002370745
2019-03-28 02:30:00,0.0007365346
2019-03-28 02:40:00,0.001676321
2019-03-28 02:50:00,0.000900507
2019-03-28 03:00:00,0.002531588
2019-03-28 03:10:00,0.0007685721
2019-03-28 03:20:00,0.0017760098
2019-03-28 03:30:00,0.00089356303
2019-03-28 03:40:00,0.0025207996
2019-03-28 03:50:00,0.0007098317
2019-03-28 04:00:00,0.0017825961
2019-03-28 04:10:00,0.00088116527
2019-03-28 04:20:00,0.0023937821
2019-03-28 04:30:00,0.00068998337
2019-03-28 04:40:00,0.0018087626
2019-03-28 04:50:00,0.00092864037
2019-03-28 05:00:00,0.0028287768
2019-03-28 05:10:00,0.0008138716
2019-03-28 05:20:00,0.0020753741
2019-03-28 05:30:00,0.0008944869
2019-03-28 05:40:00,0.0028955042
2019-03-28 05:50:00,0.00073716044
2019-03-28 06:00:00,0.0023257136
2019-03-28 06:10:00,0.000854671
2019-03-28 06:20:00,0.0034011006
2019-03-28 06:30:00,0.0008022189
2019-03-28 06:40:00,0.0027424395
2019-03-28 06:50:00,0.0011569858
2019-03-28 07:00:00,0.0038891435
2019-03-28 07:10:00,0.0010399818
2019-03-28 07:20:00,0.0032562315
2019-03-28 07:30:00,0.0013409555
2019-03-28 07:40:00,0.0047513247
2019-03-28 07:50:00,0.0013249815
2019-03-28 08:00:00,0.004235506
2019-03-28 08:10:00,0.0016230941
2019-03-28 08:20:00,0.006304115
2019-03-28 08:30:00,0.0015490055
2019-03-28 08:40:00,0.0055451393
2019-03-28 08:50:00,0.002041459
2019-03-28 09:00:00,0.0077735186
2019-03-28 09:10:00,0.0019592345
2019-03-28 09:20:00,0.006712258
2019-03-28 09:30:00,0.0022934377
2019-03-28 09:40:00,0.007919878
2019-03-28 09:50:00,0.0020245016
2019-03-28 10:00:00,0.006083876
2019-03-28 10:10:00,0.0026471019
2019-03-28 10:20:00,0.007901162
2019-03-28 10:30:00,0.0025828183
2019-03-28 10:40:00,0.007215619
2019-03-28 10:50:00,0.0030128956
2019-03-28 11:00:00,0.008389562
2019-03-28 11:10:00,0.0029586554
2019-03-28 11:20:00,0.008342296
2019-03-28 11:30:00,0.0034314394
2019-03-28 11:40:00,0.010041118
2019-03-28 11:50:00,0.0033755302
2019-03-28 12:00:00,0.009423941
2019-03-28 12:10:00,0.0040109456
2019-03-28 12:20:00,0.010604113
2019-03-28 12:30:00,0.00373289
2019-03-28 12:40:00,0.009744436
2019-03-28 12:50:00,0.0042946637
2019-03-28 13:00:00,0.011140704
2019-03-28 13:10:00,0.0043141246
2019-03-28 13:20:00,0.011272758
2019-03-28 13:30:00,0.0044905543
2019-03-28 13:40:00,0.013323128
2019-03-28 13:50:00,0.004921049
2019-03-28 14:00:00,0.012987822
2019-03-28 14:10:00,0.005184859
2019-03-28 14:20:00,0.014975458
2019-03-28 14:30:00,0.005711496
2019-03-28 14:40:00,0.015626043
2019-03-28 14:50:00,0.00692752
2019-03-28 15:00:00,0.018373191
2019-03-28 15:10:00,0.008156598
2019-03-28 15:20:00,0.019069046
2019-03-28 15:30:00,0.009216875
2019-03-28 15:40:00,0.021003634
2019-03-28 15:50:00,0.009929359
2019-03-28 16:00:00,0.021929264
2019-03-28 16:10:00,0.010971099
2019-03-28 16:20:00,0.024705201
2019-03-28 16:30:00,0.0127337575
2019-03-28 16:40:00,0.025447428
2019-03-28 16:50:00,0.012683958
2019-03-28 17:00:00,0.026226759
2019-03-28 17:10:00,0.013328046
2019-03-28 17:20:00,0.027890325
2019-03-28 17:30:00,0.013634592
2019-03-28 17:40:00,0.028469741
2019-03-28 17:50:00,0.015176088
2019-03-28 18:00:00,0.03236711
2019-03-28 18:10:00,0.016622096
2019-03-28 18:20:00,0.033637464
2019-03-28 18:30:00,0.018983483
2019-03-28 18:40:00,0.03837949
2019-03-28 18:50:00,0.018319458
2019-03-28 19:00:00,0.03720069
2019-03-28 19:10:00,0.021691948
2019-03-28 19:20:00,0.041748315
2019-03-28 19:30:00,0.019119054
2019-03-28 19:40:00,0.042268246
2019-03-28 19:50:00,0.021867663
2019-03-28 20:00:00,0.049031585
2019-03-28 20:10:00,0.021858573
2019-03-28 20:20:00,0.043498546
2019-03-28 20:30:00,0.024383068
2019-03-28 20:40:00,0.04836297
2019-03-28 20:50:00,0.022534996
2019-03-28 21:00:00,0.04095766
2019-03-28 21:10:00,0.026021272
2019-03-28 21:20:00,0.052423984
2019-03-28 21:30:00,0.02424413
2019-03-28 21:40:00,0.04397443
2019-03-28 21:50:00,0.030716777
2019-03-28 22:00:00,0.052056313
2019-03-28 22:10:00,0.031748384
2019-03-28 22:20:00,0.053540558
2019-03-28 22:30:00,0.04499331
2019-03-28 22:40:00,0.082223594
2019-03-28 22:50:00,0.05921471
2019-03-28 23:00:00,0.07451627
2019-03-28 23:10:00,0.06842914
2019-03-28 23:20:00,0.08573595
2019-03-28 23:30:00,0.058745533
2019-03-28 23:40:00,0.068214506
2019-03-28 23:50:00,0.060314268
2019-03-29 00:00:00,0.07489538
2019-03-29 00:10:00,0.05256921
2019-03-29 00:20:00,0.06185946
2019-03-29 00:30:00,0.055291176
2019-03-29 00:40:00,0.06755316
2019-03-29 00:50:00,0.046560436
2019-03-29 01:00:00,0.05219409
2019-03-29 01:10:00,0.046323925
2019-03-29 01:20:00,0.059951276
2019-03-29 01:30:00,0.040233254
2019-03-29 01:40:00,0.05220282
2019-03-29 01:50:00,0.04541388
2019-03-29 02:00:00,0.06368989
2019-03-29 02:10:00,0.043011338
2019-03-29 02:20:00,0.054708153
2019-03-29 02:30:00,0.047309875
2019-03-29 02:40:00,0.0697768
2019-03-29 02:50:00,0.0427005
2019-03-29 03:00:00,0.053782284
2019-03-29 03:10:00,0.045324713
2019-03-29 03:20:00,0.062214524
2019-03-29 03:30:00,0.04611692
2019-03-29 03:40:00,0.053444147
2019-03-29 03:50:00,0.046253473
2019-03-29 04:00:00,0.05948755
2019-03-29 04:10:00,0.04346788
2019-03-29 04:20:00,0.053801
2019-03-29 04:30:00,0.05047202
2019-03-29 04:40:00,0.0630025
2019-03-29 04:50:00,0.04354623
2019-03-29 05:00:00,0.055421054
2019-03-29 05:10:00,0.045354247
2019-03-29 05:20:00,0.06008953
2019-03-29 05:30:00,0.04360169
2019-03-29 05:40:00,0.048333406
2019-03-29 05:50:00,0.043573737
2019-03-29 06:00:00,0.051419795
2019-03-29 06:10:00,0.042401433
2019-03-29 06:20:00,0.03907767
2019-03-29 06:30:00,0.035265952
2019-03-29 06:40:00,0.048444092
2019-03-29 06:50:00,0.02929908
2019-03-29 07:00:00,0.035678476
2019-03-29 07:10:00,0.027374178
2019-03-29 07:20:00,0.043448567
2019-03-29 07:30:00,0.025328279
2019-03-29 07:40:00,0.037110656
2019-03-29 07:50:00,0.028699279
2019-03-29 08:00:00,0.04001528
2019-03-29 08:10:00,0.02536136
2019-03-29 08:20:00,0.034261853
2019-03-29 08:30:00,0.029192954
2019-03-29 08:40:00,0.036340773
2019-03-29 08:50:00,0.02498722
2019-03-29 09:00:00,0.030293584
2019-03-29 09:10:00,0.026624769
2019-03-29 09:20:00,0.031759888
2019-03-29 09:30:00,0.02420181
2019-03-29 09:40:00,0.024651915
2019-03-29 09:50:00,0.022740632
2019-03-29 10:00:00,0.027816594
2019-03-29 10:10:00,0.019826382
2019-03-29 10:20:00,0.023007482
2019-03-29 10:30:00,0.020406604
2019-03-29 10:40:00,0.027031124
2019-03-29 10:50:00,0.018679172
2019-03-29 11:00:00,0.02292344
2019-03-29 11:10:00,0.01825586
2019-03-29 11:20:00,0.024980009
2019-03-29 11:30:00,0.016239703
2019-03-29 11:40:00,0.022046477
2019-03-29 11:50:00,0.017219543
2019-03-29 12:00:00,0.023483604
2019-03-29 12:10:00,0.01637593
2019-03-29 12:20:00,0.01964283
2019-03-29 12:30:00,0.015308917
2019-03-29 12:40:00,0.021952242
2019-03-29 12:50:00,0.014816165
2019-03-29 13:00:00,0.018538505
2019-03-29 13:10:00,0.014896095
2019-03-29 13:20:00,0.02044797
2019-03-29 13:30:00,0.013383269
2019-03-29 13:40:00,0.017120838
2019-03-29 13:50:00,0.013964027
2019-03-29 14:00:00,0.019302398
2019-03-29 14:10:00,0.011751115
2019-03-29 14:20:00,0.016762733
2019-03-29 14:30:00,0.012087524
2019-03-29 14:40:00,0.01804185
2019-03-29 14:50:00,0.010597795
2019-03-29 15:00:00,0.015669376
2019-03-29 15:10:00,0.010994464
2019-03-29 15:20:00,0.0164406
2019-03-29 15:30:00,0.008333147
2019-03-29 15:40:00,0.013560683
2019-03-29 15:50:00,0.00937593
2019-03-29 16:00:00,0.015927672
2019-03-29 16:10:00,0.0082753
2019-03-29 16:20:00,0.01506272
2019-03-29 16:30:00,0.009170443
2019-03-29 16:40:00,0.0158827
2019-03-29 16:50:00,0.0090332925
2019-03-29 17:00:00,0.014440089
2019-03-29 17:10:00,0.008863449
2019-03-29 17:20:00,0.015965253
2019-03-29 17:30:00,0.008109599
2019-03-29 17:40:00,0.01436007
2019-03-29 17:50:00,0.008812219
2019-03-29 18:00:00,0.014528871
2019-03-29 18:10:00,0.008309215
2019-03-29 18:20:00,0.01390028
2019-03-29 18:30:00,0.008338094
2019-03-29 18:40:00,0.014727533
2019-03-29 18:50:00,0.007555932
2019-03-29 19:00:00,0.013003111
2019-03-29 19:10:00,0.008414954
2019-03-29 19:20:00,0.0140910745
2019-03-29 19:30:00,0.007921636
2019-03-29 19:40:00,0.01335305
2019-03-29 19:50:00,0.007850319
2019-03-29 20:00:00,0.0133624375
2019-03-29 20:10:00,0.007639557
2019-03-29 20:20:00,0.012277365
2019-03-29 20:30:00,0.008099943
2019-03-29 20:40:00,0.01262635
2019-03-29 20:50:00,0.0073922276
2019-03-29 21:00:00,0.011721432
2019-03-29 21:10:00,0.0078032613
2019-03-29 21:20:00,0.012244672
2019-03-29 21:30:00,0.006724924
2019-03-29 21:40:00,0.011131793
2019-03-29 21:50:00,0.0065404475
2019-03-29 22:00:00,0.011207074
2019-03-29 22:10:00,0.005559951
2019-03-29 22:20:00,0.010160446
2019-03-29 22:30:00,0.0053830445
2019-03-29 22:40:00,0.0107938945
2019-03-29 22:50:00,0.00509426
2019-03-29 23:00:00,0.01013276
2019-03-29 23:10:00,0.006029725
2019-03-29 23:20:00,0.010579109
2019-03-29 23:30:00,0.0052708387
2019-03-29 23:40:00,0.0100464225
2019-03-29 23:50:00,0.0059809387
2019-03-30 00:00:00,0.010583311
2019-03-30 00:10:00,0.005678326
2019-03-30 00:20:00,0.010212213
2019-03-30 00:30:00,0.005982429
2019-03-30 00:40:00,0.00964275
2019-03-30 00:50:00,0.0052249134
2019-03-30 01:00:00,0.010001421
2019-03-30 01:10:00,0.006357372
2019-03-30 01:20:00,0.010509759
2019-03-30 01:30:00,0.00594005
2019-03-30 01:40:00,0.009833604
2019-03-30 01:50:00,0.0062105358
2019-03-30 02:00:00,0.008733571
2019-03-30 02:10:00,0.0053573847
2019-03-30 02:20:00,0.008574724
2019-03-30 02:30:00,0.006095916
2019-03-30 02:40:00,0.009842157
2019-03-30 02:50:00,0.0054288805
2019-03-30 03:00:00,0.009062707
2019-03-30 03:10:00,0.0061893165
2019-03-30 03:20:00,0.010114312
2019-03-30 03:30:00,0.0054985583
2019-03-30 03:40:00,0.008996159
2019-03-30 03:50:00,0.0058461726
2019-03-30 04:00:00,0.01007238
2019-03-30 04:10:00,0.0054650903
2019-03-30 04:20:00,0.009985834
2019-03-30 04:30:00,0.0064620674
2019-03-30 04:40:00,0.01094386
2019-03-30 04:50:00,0.0059458017
2019-03-30 05:00:00,0.010330796
2019-03-30 05:10:00,0.006681055
2019-03-30 05:20:00,0.0111089945
2019-03-30 05:30:00,0.0055471957
2019-03-30 05:40:00,0.009235501
2019-03-30 05:50:00,0.0057178736
2019-03-30 06:00:00,0.010789573
2019-03-30 06:10:00,0.0058667064
2019-03-30 06:20:00,0.009530932
2019-03-30 06:30:00,0.0065681934
2019-03-30 06:40:00,0.010695279
2019-03-30 06:50:00,0.005881071
2019-03-30 07:00:00,0.009971917
2019-03-30 07:10:00,0.0068713427
2019-03-30 07:20:00,0.011194557
2019-03-30 07:30:00,0.006459564
2019-03-30 07:40:00,0.010364592
2019-03-30 07:50:00,0.00741598
2019-03-30 08:00:00,0.013467371
2019-03-30 08:10:00,0.007462561
2019-03-30 08:20:00,0.012212276
2019-03-30 08:30:00,0.007854849
2019-03-30 08:40:00,0.013498396
2019-03-30 08:50:00,0.007383883
2019-03-30 09:00:00,0.012292743
2019-03-30 09:10:00,0.007843316
2019-03-30 09:20:00,0.013466775
2019-03-30 09:30:00,0.007659346
2019-03-30 09:40:00,0.012212306
2019-03-30 09:50:00,0.008631796
2019-03-30 10:00:00,0.012853712
2019-03-30 10:10:00,0.0078045726
2019-03-30 10:20:00,0.01229921
2019-03-30 10:30:00,0.008870304
2019-03-30 10:40:00,0.013712972
2019-03-30 10:50:00,0.008397907
2019-03-30 11:00:00,0.012420386
2019-03-30 11:10:00,0.009235978
2019-03-30 11:20:00,0.013182014
2019-03-30 11:30:00,0.008296609
2019-03-30 11:40:00,0.011365175
2019-03-30 11:50:00,0.008471519
2019-03-30 12:00:00,0.012049466
2019-03-30 12:10:00,0.0077352524
2019-03-30 12:20:00,0.011123866
2019-03-30 12:30:00,0.008598328
2019-03-30 12:40:00,0.011860162
2019-03-30 12:50:00,0.00833112
2019-03-30 13:00:00,0.011012763
2019-03-30 13:10:00,0.010047168
2019-03-30 13:20:00,0.011967868
2019-03-30 13:30:00,0.009064108
2019-03-30 13:40:00,0.0105110705
2019-03-30 13:50:00,0.009961247
2019-03-30 14:00:00,0.011254698
2019-03-30 14:10:00,0.009108722
2019-03-30 14:20:00,0.010686636
2019-03-30 14:30:00,0.010296345
2019-03-30 14:40:00,0.011379689
2019-03-30 14:50:00,0.007977247
2019-03-30 15:00:00,0.0107795
2019-03-30 15:10:00,0.011374176
2019-03-30 15:20:00,0.01017347
2019-03-30 15:30:00,0.009868979
2019-03-30 15:40:00,0.01029256
2019-03-30 15:50:00,0.011199117
2019-03-30 16:00:00,0.009744287
2019-03-30 16:10:00,0.009235024
2019-03-30 16:20:00,0.009082437
2019-03-30 16:30:00,0.010267109
2019-03-30 16:40:00,0.008603424
2019-03-30 16:50:00,0.009189159
2019-03-30 17:00:00,0.0087631345
2019-03-30 17:10:00,0.010445446
2019-03-30 17:20:00,0.008674771
2019-03-30 17:30:00,0.009835571
2019-03-30 17:40:00,0.008968085
2019-03-30 17:50:00,0.011093318
2019-03-30 18:00:00,0.00842011
2019-03-30 18:10:00,0.009956747
2019-03-30 18:20:00,0.008386433
2019-03-30 18:30:00,0.010763586
2019-03-30 18:40:00,0.007661402
2019-03-30 18:50:00,0.010011554
2019-03-30 19:00:00,0.0077573955
2019-03-30 19:10:00,0.011212617
2019-03-30 19:20:00,0.00808534
2019-03-30 19:30:00,0.010834962
2019-03-30 19:40:00,0.0079436
2019-03-30 19:50:00,0.012208253
2019-03-30 20:00:00,0.008351684
2019-03-30 20:10:00,0.011147708
2019-03-30 20:20:00,0.00876677
2019-03-30 20:30:00,0.012300134
2019-03-30 20:40:00,0.00849244
2019-03-30 20:50:00,0.0111858845
2019-03-30 21:00:00,0.008781016
2019-03-30 21:10:00,0.012028992
2019-03-30 21:20:00,0.008658677
2019-03-30 21:30:00,0.011217713
2019-03-30 21:40:00,0.008750111
2019-03-30 21:50:00,0.01234895
2019-03-30 22:00:00,0.008091718
2019-03-30 22:10:00,0.01134488
2019-03-30 22:20:00,0.008455366
2019-03-30 22:30:00,0.012621194
2019-03-30 22:40:00,0.008363575
2019-03-30 22:50:00,0.012244314
2019-03-30 23:00:00,0.008727878
2019-03-30 23:10:00,0.01302889
2019-03-30 23:20:00,0.008718252
2019-03-30 23:30:00,0.012160897
2019-03-30 23:40:00,0.008899152
2019-03-30 23:50:00,0.012519956
2019-03-31 00:00:00,0.008577138
2019-03-31 00:10:00,0.0119737685
2019-03-31 00:20:00,0.008731782
2019-03-31 00:30:00,0.01237008
2019-03-31 00:40:00,0.008683056
2019-03-31 00:50:00,0.0123972595
2019-03-31 01:00:00,0.009610772
2019-03-31 01:10:00,0.0132775605
2019-03-31 01:20:00,0.009177625
2019-03-31 01:30:00,0.012334019
2019-03-31 01:40:00,0.009794354
2019-03-31 01:50:00,0.013672739
2019-03-31 02:00:00,0.009585768
2019-03-31 02:10:00,0.012971461
2019-03-31 02:20:00,0.010071993
2019-03-31 02:30:00,0.013934523
2019-03-31 02:40:00,0.009552479
2019-03-31 02:50:00,0.014125258
2019-03-31 03:00:00,0.010328829
2019-03-31 03:10:00,0.016152263
2019-03-31 03:20:00,0.010123849
2019-03-31 03:30:00,0.016951054
2019-03-31 03:40:00,0.011864513
2019-03-31 03:50:00,0.018817782
2019-03-31 04:00:00,0.011684209
2019-03-31 04:10:00,0.019096613
2019-03-31 04:20:00,0.012316883
2019-03-31 04:30:00,0.020202368
2019-03-31 04:40:00,0.012789398
2019-03-31 04:50:00,0.020576328
2019-03-31 05:00:00,0.013489664
2019-03-31 05:10:00,0.022394478
2019-03-31 05:20:00,0.013548374
2019-03-31 05:30:00,0.022414356
2019-03-31 05:40:00,0.013451934
2019-03-31 05:50:00,0.023619205
2019-03-31 06:00:00,0.012848705
2019-03-31 06:10:00,0.022529602
2019-03-31 06:20:00,0.011513859
2019-03-31 06:30:00,0.02209133
2019-03-31 06:40:00,0.011008441
2019-03-31 06:50:00,0.021568388
2019-03-31 07:00:00,0.010774255
2019-03-31 07:10:00,0.020605773
2019-03-31 07:20:00,0.010388076
2019-03-31 07:30:00,0.01978904
2019-03-31 07:40:00,0.0103649795
2019-03-31 07:50:00,0.019557893
2019-03-31 08:00:00,0.010094494
2019-03-31 08:10:00,0.02089113
2019-03-31 08:20:00,0.011285156
2019-03-31 08:30:00,0.021126926
2019-03-31 08:40:00,0.010661513
2019-03-31 08:50:00,0.02127251
2019-03-31 09:00:00,0.011201769
2019-03-31 09:10:00,0.020844579
2019-03-31 09:20:00,0.0106420815
2019-03-31 09:30:00,0.020374686
2019-03-31 09:40:00,0.010934979
2019-03-31 09:50:00,0.019904971
2019-03-31 10:00:00,0.011098921
2019-03-31 10:10:00,0.02052164
2019-03-31 10:20:00,0.011502385
2019-03-31 10:30:00,0.020152688
2019-03-31 10:40:00,0.011021286
2019-03-31 10:50:00,0.02079323
2019-03-31 11:00:00,0.011194468
2019-03-31 11:10:00,0.02010712
2019-03-31 11:20:00,0.010444701
2019-03-31 11:30:00,0.021119863
2019-03-31 11:40:00,0.011684388
2019-03-31 11:50:00,0.020914704
2019-03-31 12:00:00,0.011817843
2019-03-31 12:10:00,0.020905137
2019-03-31 12:20:00,0.011857122
2019-03-31 12:30:00,0.020134091
2019-03-31 12:40:00,0.01162082
2019-03-31 12:50:00,0.020651579
2019-03-31 13:00:00,0.012377411
2019-03-31 13:10:00,0.019557208
2019-03-31 13:20:00,0.012423247
2019-03-31 13:30:00,0.019475192
2019-03-31 13:40:00,0.012986481
2019-03-31 13:50:00,0.018383145
2019-03-31 14:00:00,0.012546152
2019-03-31 14:10:00,0.018506587
2019-03-31 14:20:00,0.013008207
2019-03-31 14:30:00,0.01812616
2019-03-31 14:40:00,0.013132215
2019-03-31 14:50:00,0.018436372
2019-03-31 15:00:00,0.012947202
2019-03-31 15:10:00,0.01796645
2019-03-31 15:20:00,0.013100505
2019-03-31 15:30:00,0.018663257
2019-03-31 15:40:00,0.012803525
2019-03-31 15:50:00,0.01809439
2019-03-31 16:00:00,0.012267888
2019-03-31 16:10:00,0.017487586
2019-03-31 16:20:00,0.011136234
2019-03-31 16:30:00,0.0148875415
2019-03-31 16:40:00,0.010937393
2019-03-31 16:50:00,0.014599413
2019-03-31 17:00:00,0.0109039545
2019-03-31 17:10:00,0.0130082965
2019-03-31 17:20:00,0.011790097
2019-03-31 17:30:00,0.014393598
2019-03-31 17:40:00,0.011809528
2019-03-31 17:50:00,0.015232861
2019-03-31 18:00:00,0.0139401555
2019-03-31 18:10:00,0.016300857
2019-03-31 18:20:00,0.013748974
2019-03-31 18:30:00,0.014981568
2019-03-31 18:40:00,0.016063869
2019-03-31 18:50:00,0.016620517
2019-03-31 19:00:00,0.014811277
2019-03-31 19:10:00,0.016415954
2019-03-31 19:20:00,0.015687793
2019-03-31 19:30:00,0.016115606
2019-03-31 19:40:00,0.014590472
2019-03-31 19:50:00,0.015672833
2019-03-31 20:00:00,0.015175402
2019-03-31 20:10:00,0.01594752
2019-03-31 20:20:00,0.01382941
2019-03-31 20:30:00,0.014631063
2019-03-31 20:40:00,0.014311492
2019-03-31 20:50:00,0.01539278
2019-03-31 21:00:00,0.01442942
2019-03-31 21:10:00,0.015768409
2019-03-31 21:20:00,0.01704225
2019-03-31 21:30:00,0.01534307
2019-03-31 21:40:00,0.016329229
2019-03-31 21:50:00,0.015539587
2019-03-31 22:00:00,0.01766479
2019-03-31 22:10:00,0.014666617
2019-03-31 22:20:00,0.015524447
2019-03-31 22:30:00,0.01221776
2019-03-31 22:40:00,0.016148001
2019-03-31 22:50:00,0.011406928
2019-03-31 23:00:00,0.014775097
2019-03-31 23:10:00,0.012012899
2019-03-31 23:20:00,0.01735726
2019-03-31 23:30:00,0.012216806
2019-03-31 23:40:00,0.015362114
2019-03-31 23:50:00,0.0127976835
2019-04-01 00:00:00,0.017604887
2019-04-01 00:10:00,0.011930108
2019-04-01 00:20:00,0.014028698
2019-04-01 00:30:00,0.012133718
2019-04-01 00:40:00,0.016197681
2019-04-01 00:50:00,0.01195699
2019-04-01 01:00:00,0.014734656
2019-04-01 01:10:00,0.01198113
2019-04-01 01:20:00,0.015441179
2019-04-01 01:30:00,0.010534883
2019-04-01 01:40:00,0.013104737
2019-04-01 01:50:00,0.009354502
2019-04-01 02:00:00,0.01275596
2019-04-01 02:10:00,0.008923352
2019-04-01 02:20:00,0.0107162
2019-04-01 02:30:00,0.007879823
2019-04-01 02:40:00,0.0113475025
2019-04-01 02:50:00,0.007478386
2019-04-01 03:00:00,0.009256154
2019-04-01 03:10:00,0.0072812736
2019-04-01 03:20:00,0.009639978
2019-04-01 03:30:00,0.00728482
2019-04-01 03:40:00,0.009039462
2019-04-01 03:50:00,0.0073773265
2019-04-01 04:00:00,0.00991267
2019-04-01 04:10:00,0.0067258775
2019-04-01 04:20:00,0.008939832
2019-04-01 04:30:00,0.006683767
2019-04-01 04:40:00,0.009179205
2019-04-01 04:50:00,0.006663233
2019-04-01 05:00:00,0.008728802
2019-04-01 05:10:00,0.006827712
2019-04-01 05:20:00,0.009409428
2019-04-01 05:30:00,0.0067887604
2019-04-01 05:40:00,0.0081709325
2019-04-01 05:50:00,0.007147163
2019-04-01 06:00:00,0.0086916685
2019-04-01 06:10:00,0.006621152
2019-04-01 06:20:00,0.0072259307
2019-04-01 06:30:00,0.005966127
2019-04-01 06:40:00,0.0075284243
2019-04-01 06:50:00,0.0057282746
2019-04-01 07:00:00,0.007788658
2019-04-01 07:10:00,0.005860001
2019-04-01 07:20:00,0.00856477
2019-04-01 07:30:00,0.006084323
2019-04-01 07:40:00,0.008735329
2019-04-01 07:50:00,0.0062578022
2019-04-01 08:00:00,0.009216607
2019-04-01 08:10:00,0.0060703754
2019-04-01 08:20:00,0.008782387
2019-04-01 08:30:00,0.0061458945
2019-04-01 08:40:00,0.008579403
2019-04-01 08:50:00,0.0058808327
2019-04-01 09:00:00,0.008015871
2019-04-01 09:10:00,0.00593403
2019-04-01 09:20:00,0.008582711
2019-04-01 09:30:00,0.005812198
2019-04-01 09:40:00,0.008338541
2019-04-01 09:50:00,0.005779326
2019-04-01 10:00:00,0.008727521
2019-04-01 10:10:00,0.005409628
2019-04-01 10:20:00,0.00813663
2019-04-01 10:30:00,0.005483359
2019-04-01 10:40:00,0.008669674
2019-04-01 10:50:00,0.0054169
2019-04-01 11:00:00,0.008355439
2019-04-01 11:10:00,0.0054973066
2019-04-01 11:20:00,0.008521527
2019-04-01 11:30:00,0.0051838458
2019-04-01 11:40:00,0.008046776
2019-04-01 11:50:00,0.005244702
2019-04-01 12:00:00,0.008360684
2019-04-01 12:10:00,0.0050956607
2019-04-01 12:20:00,0.007975996
2019-04-01 12:30:00,0.005055368
2019-04-01 12:40:00,0.008036077
2019-04-01 12:50:00,0.0047999024
2019-04-01 13:00:00,0.007979482
2019-04-01 13:10:00,0.0052956045
2019-04-01 13:20:00,0.007913649
2019-04-01 13:30:00,0.004829228
2019-04-01 13:40:00,0.007930636
2019-04-01 13:50:00,0.0045228004
2019-04-01 14:00:00,0.009457201
2019-04-01 14:10:00,0.0059993863
2019-04-01 14:20:00,0.00986442
2019-04-01 14:30:00,0.0058686435
2019-04-01 14:40:00,0.010302246
2019-04-01 14:50:00,0.005674839
2019-04-01 15:00:00,0.009690285
2019-04-01 15:10:00,0.006042421
2019-04-01 15:20:00,0.009928048
2019-04-01 15:30:00,0.0059948564
2019-04-01 15:40:00,0.010314733
2019-04-01 15:50:00,0.005924821
2019-04-01 16:00:00,0.010271728
2019-04-01 16:10:00,0.0056628287
2019-04-01 16:20:00,0.009567559
2019-04-01 16:30:00,0.005884677
2019-04-01 16:40:00,0.009969771
2019-04-01 16:50:00,0.0059221387
2019-04-01 17:00:00,0.009664834
2019-04-01 17:10:00,0.0062366426
2019-04-01 17:20:00,0.009853125
2019-04-01 17:30:00,0.0061498582
2019-04-01 17:40:00,0.009834558
2019-04-01 17:50:00,0.0064495504
2019-04-01 18:00:00,0.010085762
2019-04-01 18:10:00,0.006033987
2019-04-01 18:20:00,0.009434879
2019-04-01 18:30:00,0.006113738
2019-04-01 18:40:00,0.009598047
2019-04-01 18:50:00,0.006101191
2019-04-01 19:00:00,0.009648055
2019-04-01 19:10:00,0.006225556
2019-04-01 19:20:00,0.0096592605
2019-04-01 19:30:00,0.006276518
2019-04-01 19:40:00,0.009736627
2019-04-01 19:50:00,0.006876409
2019-04-01 20:00:00,0.00990352
2019-04-01 20:10:00,0.007394314
2019-04-01 20:20:00,0.01026693
2019-04-01 20:30:00,0.007872939
2019-04-01 20:40:00,0.01093173
2019-04-01 20:50:00,0.008343935
2019-04-01 21:00:00,0.010930002
2019-04-01 21:10:00,0.007963628
2019-04-01 21:20:00,0.011167198
2019-04-01 21:30:00,0.00808838
2019-04-01 21:40:00,0.011130512
2019-04-01 21:50:00,0.00758332
2019-04-01 22:00:00,0.010861307
2019-04-01 22:10:00,0.0077818036
2019-04-01 22:20:00,0.009194434
2019-04-01 22:30:00,0.008416384
2019-04-01 22:40:00,0.009167194
2019-04-01 22:50:00,0.008930922
2019-04-01 23:00:00,0.010219276
2019-04-01 23:10:00,0.009161264
2019-04-01 23:20:00,0.009547889
2019-04-01 23:30:00,0.009684145
2019-04-01 23:40:00,0.011069626
2019-04-01 23:50:00,0.008969277
2019-04-02 00:00:00,0.011538625
2019-04-02 00:10:00,0.010517865
2019-04-02 00:20:00,0.011738062
2019-04-02 00:30:00,0.011030853
2019-04-02 00:40:00,0.011983484
2019-04-02 00:50:00,0.011318207
2019-04-02 01:00:00,0.013039619
2019-04-02 01:10:00,0.010764211
2019-04-02 01:20:00,0.012658596
2019-04-02 01:30:00,0.010826558
2019-04-02 01:40:00,0.012174815
2019-04-02 01:50:00,0.011775374
2019-04-02 02:00:00,0.012575656
2019-04-02 02:10:00,0.012726992
2019-04-02 02:20:00,0.013552874
2019-04-02 02:30:00,0.012692064
2019-04-02 02:40:00,0.013638407
2019-04-02 02:50:00,0.013146192
2019-04-02 03:00:00,0.014088422
2019-04-02 03:10:00,0.013358235
2019-04-02 03:20:00,0.014688879
2019-04-02 03:30:00,0.014326423
2019-04-02 03:40:00,0.015019447
2019-04-02 03:50:00,0.014214426
2019-04-02 04:00:00,0.01421231
2019-04-02 04:10:00,0.014445245
2019-04-02 04:20:00,0.013736337
2019-04-02 04:30:00,0.015227348
2019-04-02 04:40:00,0.014860123
2019-04-02 04:50:00,0.015838414
2019-04-02 05:00:00,0.014532894
2019-04-02 05:10:00,0.015587717
2019-04-02 05:20:00,0.015736997
2019-04-02 05:30:00,0.015889913
2019-04-02 05:40:00,0.01586622
2019-04-02 05:50:00,0.016661853
2019-04-02 06:00:00,0.01764986
2019-04-02 06:10:00,0.01736474
2019-04-02 06:20:00,0.017259479
2019-04-02 06:30:00,0.01684165
2019-04-02 06:40:00,0.018690675
2019-04-02 06:50:00,0.017875671
2019-04-02 07:00:00,0.018333942
2019-04-02 07:10:00,0.017827481
2019-04-02 07:20:00,0.019272178
2019-04-02 07:30:00,0.018982977
2019-04-02 07:40:00,0.019232213
2019-04-02 07:50:00,0.01940447
2019-04-02 08:00:00,0.020765722
2019-04-02 08:10:00,0.018870533
2019-04-02 08:20:00,0.020120919
2019-04-02 08:30:00,0.020810485
2019-04-02 08:40:00,0.023430347
2019-04-02 08:50:00,0.016715467
2019-04-02 09:00:00,0.021540254
2019-04-02 09:10:00,0.018142074
2019-04-02 09:20:00,0.025382966
2019-04-02 09:30:00,0.018556714
2019-04-02 09:40:00,0.02589342
2019-04-02 09:50:00,0.020906836
2019-04-02 10:00:00,0.02907446
2019-04-02 10:10:00,0.019042313
2019-04-02 10:20:00,0.025836647
2019-04-02 10:30:00,0.020287335
2019-04-02 10:40:00,0.030130982
2019-04-02 10:50:00,0.019305617
2019-04-02 11:00:00,0.02678901
2019-04-02 11:10:00,0.02108112
2019-04-02 11:20:00,0.030795127
2019-04-02 11:30:00,0.02042061
2019-04-02 11:40:00,0.027951688
2019-04-02 11:50:00,0.02146256
2019-04-02 12:00:00,0.031092614
2019-04-02 12:10:00,0.02004534
2019-04-02 12:20:00,0.0272066
2019-04-02 12:30:00,0.0223701
2019-04-02 12:40:00,0.028756022
2019-04-02 12:50:00,0.020159215
2019-04-02 13:00:00,0.027110368
2019-04-02 13:10:00,0.022415578
2019-04-02 13:20:00,0.030617267
2019-04-02 13:30:00,0.021524131
2019-04-02 13:40:00,0.026138693
2019-04-02 13:50:00,0.021636873
2019-04-02 14:00:00,0.030678242
2019-04-02 14:10:00,0.020348072
2019-04-02 14:20:00,0.026320875
2019-04-02 14:30:00,0.020759672
2019-04-02 14:40:00,0.030639976
2019-04-02 14:50:00,0.019584298
2019-04-02 15:00:00,0.027135313
2019-04-02 15:10:00,0.020715117
2019-04-02 15:20:00,0.031721532
2019-04-02 15:30:00,0.019548863
2019-04-02 15:40:00,0.026510745
2019-04-02 15:50:00,0.019280344
2019-04-02 16:00:00,0.029113233
2019-04-02 16:10:00,0.01870814
2019-04-02 16:20:00,0.024450421
2019-04-02 16:30:00,0.019692004
2019-04-02 16:40:00,0.028597027
2019-04-02 16:50:00,0.018812418
2019-04-02 17:00:00,0.023857474
2019-04-02 17:10:00,0.020128518
2019-04-02 17:20:00,0.03117615
2019-04-02 17:30:00,0.020648152
2019-04-02 17:40:00,0.027217418
2019-04-02 17:50:00,0.02136156
2019-04-02 18:00:00,0.03396842
2019-04-02 18:10:00,0.020467341
2019-04-02 18:20:00,0.028017014
2019-04-02 18:30:00,0.021479845
2019-04-02 18:40:00,0.02995503
2019-04-02 18:50:00,0.01998195
2019-04-02 19:00:00,0.027071804
2019-04-02 19:10:00,0.019828975
2019-04-02 19:20:00,0.029872268
2019-04-02 19:30:00,0.01930949
2019-04-02 19:40:00,0.027446121
2019-04-02 19:50:00,0.019667268
2019-04-02 20:00:00,0.0321669
2019-04-02 20:10:00,0.022459596
2019-04-02 20:20:00,0.029857159
2019-04-02 20:30:00,0.020754635
2019-04-02 20:40:00,0.029738903
2019-04-02 20:50:00,0.018454194
2019-04-02 21:00:00,0.026439816
2019-04-02 21:10:00,0.018158823
2019-04-02 21:20:00,0.024895102
2019-04-02 21:30:00,0.016247869
2019-04-02 21:40:00,0.02141878
2019-04-02 21:50:00,0.016685843
2019-04-02 22:00:00,0.022921354
2019-04-02 22:10:00,0.016209126
2019-04-02 22:20:00,0.020994127
2019-04-02 22:30:00,0.016650975
2019-04-02 22:40:00,0.02474612
2019-04-02 22:50:00,0.015228033
2019-04-02 23:00:00,0.022424221
2019-04-02 23:10:00,0.016202807
2019-04-02 23:20:00,0.024859995
2019-04-02 23:30:00,0.016451508
2019-04-02 23:40:00,0.017515808
2019-04-02 23:50:00,0.01645282
2019-04-03 00:00:00,0.018722594
2019-04-03 00:10:00,0.014435828
2019-04-03 00:20:00,0.01403749
2019-04-03 00:30:00,0.01401639
2019-04-03 00:40:00,0.014858633
2019-04-03 00:50:00,0.013439596
2019-04-03 01:00:00,0.013651818
2019-04-03 01:10:00,0.013614953
2019-04-03 01:20:00,0.015129
2019-04-03 01:30:00,0.01356557
2019-04-03 01:40:00,0.013851702
2019-04-03 01:50:00,0.013692945
2019-04-03 02:00:00,0.015338808
2019-04-03 02:10:00,0.012904882
2019-04-03 02:20:00,0.013656318
2019-04-03 02:30:00,0.01271677
2019-04-03 02:40:00,0.014371842
2019-04-03 02:50:00,0.012746602
2019-04-03 03:00:00,0.012464076
2019-04-03 03:10:00,0.012362421
2019-04-03 03:20:00,0.013089925
2019-04-03 03:30:00,0.012829393
2019-04-03 03:40:00,0.011370093
2019-04-03 03:50:00,0.012557656
2019-04-03 04:00:00,0.012407273
2019-04-03 04:10:00,0.012375563
2019-04-03 04:20:00,0.01094085
2019-04-03 04:30:00,0.012938648
2019-04-03 04:40:00,0.013433665
2019-04-03 04:50:00,0.013201088
2019-04-03 05:00:00,0.01240167
2019-04-03 05:10:00,0.0130164325
2019-04-03 05:20:00,0.01363194
2019-04-03 05:30:00,0.013034344
2019-04-03 05:40:00,0.011833578
2019-04-03 05:50:00,0.012180597
2019-04-03 06:00:00,0.01214245
2019-04-03 06:10:00,0.012817323
2019-04-03 06:20:00,0.011384666
2019-04-03 06:30:00,0.011117429
2019-04-03 06:40:00,0.01167807
2019-04-03 06:50:00,0.012413621
2019-04-03 07:00:00,0.010922909
2019-04-03 07:10:00,0.011774719
2019-04-03 07:20:00,0.01131624
2019-04-03 07:30:00,0.0119847655
2019-04-03 07:40:00,0.00994581
2019-04-03 07:50:00,0.011493325
2019-04-03 08:00:00,0.010335535
2019-04-03 08:10:00,0.011281192
2019-04-03 08:20:00,0.00918889
2019-04-03 08:30:00,0.01105234
2019-04-03 08:40:00,0.009219199
2019-04-03 08:50:00,0.011200696
2019-04-03 09:00:00,0.008486122
2019-04-03 09:10:00,0.010791481
2019-04-03 09:20:00,0.0086456835
2019-04-03 09:30:00,0.011410952
2019-04-03 09:40:00,0.0082811415
2019-04-03 09:50:00,0.011385173
2019-04-03 10:00:00,0.009048939
2019-04-03 10:10:00,0.012903869
2019-04-03 10:20:00,0.00919354
2019-04-03 10:30:00,0.01214695
2019-04-03 10:40:00,0.009906083
2019-04-03 10:50:00,0.012165576
2019-04-03 11:00:00,0.00987649
2019-04-03 11:10:00,0.011945516
2019-04-03 11:20:00,0.009434551
2019-04-03 11:30:00,0.012358457
2019-04-03 11:40:00,0.009294063
2019-04-03 11:50:00,0.011784166
2019-04-03 12:00:00,0.00890401
2019-04-03 12:10:00,0.012051582
2019-04-03 12:20:00,0.008462131
2019-04-03 12:30:00,0.012644619
2019-04-03 12:40:00,0.007889807
2019-04-03 12:50:00,0.013187081
2019-04-03 13:00:00,0.009065211
2019-04-03 13:10:00,0.013485819
2019-04-03 13:20:00,0.00869903
2019-04-03 13:30:00,0.01405099
2019-04-03 13:40:00,0.009139359
2019-04-03 13:50:00,0.0137913525
2019-04-03 14:00:00,0.0084810555
2019-04-03 14:10:00,0.013364166
2019-04-03 14:20:00,0.008847177
2019-04-03 14:30:00,0.012717277
2019-04-03 14:40:00,0.008225799
2019-04-03 14:50:00,0.013912737
2019-04-03 15:00:00,0.009188414
2019-04-03 15:10:00,0.013023853
2019-04-03 15:20:00,0.008142173
2019-04-03 15:30:00,0.014470309
2019-04-03 15:40:00,0.008222729
2019-04-03 15:50:00,0.013667583
2019-04-03 16:00:00,0.0076838434
2019-04-03 16:10:00,0.015372515
2019-04-03 16:20:00,0.008819222
2019-04-03 16:30:00,0.0156030655
2019-04-03 16:40:00,0.008439273
2019-04-03 16:50:00,0.017028958
2019-04-03 17:00:00,0.007841855
2019-04-03 17:10:00,0.014695346
2019-04-03 17:20:00,0.007978708
2019-04-03 17:30:00,0.014849424
2019-04-03 17:40:00,0.007284701
2019-04-03 17:50:00,0.012780786
2019-04-03 18:00:00,0.0066294074
2019-04-03 18:10:00,0.012527257
2019-04-03 18:20:00,0.0065226853
2019-04-03 18:30:00,0.011457533
2019-04-03 18:40:00,0.0063030124
2019-04-03 18:50:00,0.0132755935
2019-04-03 19:00:00,0.0073604286
2019-04-03 19:10:00,0.012310892
2019-04-03 19:20:00,0.0071760416
2019-04-03 19:30:00,0.0135600865
2019-04-03 19:40:00,0.0083088875
2019-04-03 19:50:00,0.013145238
2019-04-03 20:00:00,0.0075492263
2019-04-03 20:10:00,0.014041483
2019-04-03 20:20:00,0.008484095
2019-04-03 20:30:00,0.012946695
2019-04-03 20:40:00,0.008201599
2019-04-03 20:50:00,0.0152665675
2019-04-03 21:00:00,0.008566886
2019-04-03 21:10:00,0.012961775
2019-04-03 21:20:00,0.00797683
2019-04-03 21:30:00,0.014868885
2019-04-03 21:40:00,0.00831908
2019-04-03 21:50:00,0.013579577
2019-04-03 22:00:00,0.008359045
2019-04-03 22:10:00,0.014578164
2019-04-03 22:20:00,0.0092565715
2019-04-03 22:30:00,0.013571203
2019-04-03 22:40:00,0.009152889
2019-04-03 22:50:00,0.015816838
2019-04-03 23:00:00,0.010418266
2019-04-03 23:10:00,0.013498366
2019-04-03 23:20:00,0.009502649
2019-04-03 23:30:00,0.015164256
2019-04-03 23:40:00,0.010714322
2019-04-03 23:50:00,0.014199823
2019-04-04 00:00:00,0.011093169
2019-04-04 00:10:00,0.016348094
2019-04-04 00:20:00,0.012824267
2019-04-04 00:30:00,0.015476048
2019-04-04 00:40:00,0.0131234825
2019-04-04 00:50:00,0.019277096
2019-04-04 01:00:00,0.014222443
2019-04-04 01:10:00,0.017967194
2019-04-04 01:20:00,0.015316248
2019-04-04 01:30:00,0.021171302
2019-04-04 01:40:00,0.017018914
2019-04-04 01:50:00,0.019573152
2019-04-04 02:00:00,0.017284483
2019-04-04 02:10:00,0.023557931
2019-04-04 02:20:00,0.018779486
2019-04-04 02:30:00,0.022011042
2019-04-04 02:40:00,0.018288404
2019-04-04 02:50:00,0.026601583
2019-04-04 03:00:00,0.020987362
2019-04-04 03:10:00,0.025169104
2019-04-04 03:20:00,0.02170688
2019-04-04 03:30:00,0.028251618
2019-04-04 03:40:00,0.022257239
2019-04-04 03:50:00,0.02660796
2019-04-04 04:00:00,0.024667442
2019-04-04 04:10:00,0.03332451
2019-04-04 04:20:00,0.032342285
2019-04-04 04:30:00,0.03182462
2019-04-04 04:40:00,0.028534979
2019-04-04 04:50:00,0.035323203
2019-04-04 05:00:00,0.031438887
2019-04-04 05:10:00,0.031276286
2019-04-04 05:20:00,0.0322181
2019-04-04 05:30:00,0.036197543
2019-04-04 05:40:00,0.03522712
2019-04-04 05:50:00,0.035007894
2019-04-04 06:00:00,0.033168882
2019-04-04 06:10:00,0.038151383
2019-04-04 06:20:00,0.037414283
2019-04-04 06:30:00,0.031888485
2019-04-04 06:40:00,0.035003513
2019-04-04 06:50:00,0.035615027
2019-04-04 07:00:00,0.03963527
2019-04-04 07:10:00,0.03117314
2019-04-04 07:20:00,0.03669411
2019-04-04 07:30:00,0.0350267
2019-04-04 07:40:00,0.040186554
2019-04-04 07:50:00,0.03438425
2019-04-04 08:00:00,0.03762868
2019-04-04 08:10:00,0.03886214
2019-04-04 08:20:00,0.04310316
2019-04-04 08:30:00,0.035292417
2019-04-04 08:40:00,0.04199642
2019-04-04 08:50:00,0.037440956
2019-04-04 09:00:00,0.041864783
2019-04-04 09:10:00,0.03487906
2019-04-04 09:20:00,0.040922165
2019-04-04 09:30:00,0.03827402
2019-04-04 09:40:00,0.041576624
2019-04-04 09:50:00,0.035574764
2019-04-04 10:00:00,0.041617274
2019-04-04 10:10:00,0.039808482
2019-04-04 10:20:00,0.044646114
2019-04-04 10:30:00,0.035389483
2019-04-04 10:40:00,0.044088155
2019-04-04 10:50:00,0.044356197
2019-04-04 11:00:00,0.04756391
2019-04-04 11:10:00,0.041225493
2019-04-04 11:20:00,0.044040114
2019-04-04 11:30:00,0.045847505
2019-04-04 11:40:00,0.04953596
2019-04-04 11:50:00,0.04133615
2019-04-04 12:00:00,0.05039671
2019-04-04 12:10:00,0.0477103
2019-04-04 12:20:00,0.054214984
2019-04-04 12:30:00,0.044838578
2019-04-04 12:40:00,0.05353588
2019-04-04 12:50:00,0.04994008
2019-04-04 13:00:00,0.055625647
2019-04-04 13:10:00,0.045510262
2019-04-04 13:20:00,0.058127493
2019-04-04 13:30:00,0.052303374
2019-04-04 13:40:00,0.057678193
2019-04-04 13:50:00,0.04879713
2019-04-04 14:00:00,0.05461383
2019-04-04 14:10:00,0.059884667
2019-04-04 14:20:00,0.05973205
2019-04-04 14:30:00,0.055323362
2019-04-04 14:40:00,0.061614573
2019-04-04 14:50:00,0.059040606
2019-04-04 15:00:00,0.057217717
2019-04-04 15:10:00,0.055055767
2019-04-04 15:20:00,0.059941888
2019-04-04 15:30:00,0.058212817
2019-04-04 15:40:00,0.05238086
2019-04-04 15:50:00,0.056180477
2019-04-04 16:00:00,0.051752716
2019-04-04 16:10:00,0.06388599
2019-04-04 16:20:00,0.052883863
2019-04-04 16:30:00,0.0561845
2019-04-04 16:40:00,0.054169595
2019-04-04 16:50:00,0.063382804
2019-04-04 17:00:00,0.055127084
2019-04-04 17:10:00,0.060791165
2019-04-04 17:20:00,0.059004784
2019-04-04 17:30:00,0.06527105
2019-04-04 17:40:00,0.056276143
2019-04-04 17:50:00,0.06399691
2019-04-04 18:00:00,0.057949662
2019-04-04 18:10:00,0.07207936
2019-04-04 18:20:00,0.061752647
2019-04-04 18:30:00,0.070100814
2019-04-04 18:40:00,0.065725476
2019-04-04 18:50:00,0.074120134
2019-04-04 19:00:00,0.061818957
2019-04-04 19:10:00,0.06551039
2019-04-04 19:20:00,0.06891543
2019-04-04 19:30:00,0.06953734
2019-04-04 19:40:00,0.06437132
2019-04-04 19:50:00,0.058942825
2019-04-04 20:00:00,0.06550032
2019-04-04 20:10:00,0.0713315
2019-04-04 20:20:00,0.066809654
2019-04-04 20:30:00,0.05955991
2019-04-04 20:40:00,0.06934759
2019-04-04 20:50:00,0.06424326
2019-04-04 21:00:00,0.07014486
2019-04-04 21:10:00,0.058177203
2019-04-04 21:20:00,0.06832078
2019-04-04 21:30:00,0.060906798
2019-04-04 21:40:00,0.071976095
2019-04-04 21:50:00,0.053781033
2019-04-04 22:00:00,0.07336283
2019-04-04 22:10:00,0.059430987
2019-04-04 22:20:00,0.075925946
2019-04-04 22:30:00,0.05304283
2019-04-04 22:40:00,0.08035448
2019-04-04 22:50:00,0.0599778
2019-04-04 23:00:00,0.08059326
2019-04-04 23:10:00,0.05308214
2019-04-04 23:20:00,0.081873685
2019-04-04 23:30:00,0.05765015
2019-04-04 23:40:00,0.0815455
2019-04-04 23:50:00,0.053309053
2019-04-05 00:00:00,0.08601543
2019-04-05 00:10:00,0.059846938
2019-04-05 00:20:00,0.08710083
2019-04-05 00:30:00,0.053772807
2019-04-05 00:40:00,0.10579178
2019-04-05 00:50:00,0.06409532
2019-04-05 01:00:00,0.08829087
2019-04-05 01:10:00,0.049824327
2019-04-05 01:20:00,0.094389945
2019-04-05 01:30:00,0.05780977
2019-04-05 01:40:00,0.09128472
2019-04-05 01:50:00,0.050255656
2019-04-05 02:00:00,0.09447619
2019-04-05 02:10:00,0.055966467
2019-04-05 02:20:00,0.088950515
2019-04-05 02:30:00,0.04774931
2019-04-05 02:40:00,0.09276244
2019-04-05 02:50:00,0.050216198
2019-04-05 03:00:00,0.08743
2019-04-05 03:10:00,0.043937564
2019-04-05 03:20:00,0.08759689
2019-04-05 03:30:00,0.04933974
2019-04-05 03:40:00,0.083898485
2019-04-05 03:50:00,0.04415849
2019-04-05 04:00:00,0.08639708
2019-04-05 04:10:00,0.04685241
2019-04-05 04:20:00,0.06939894
2019-04-05 04:30:00,0.040733516
2019-04-05 04:40:00,0.07230517
2019-04-05 04:50:00,0.047546208
2019-04-05 05:00:00,0.06521469
2019-04-05 05:10:00,0.03836584
2019-04-05 05:20:00,0.06611642
2019-04-05 05:30:00,0.044244826
2019-04-05 05:40:00,0.061076432
2019-04-05 05:50:00,0.03945282
2019-04-05 06:00:00,0.06231931
2019-04-05 06:10:00,0.044123948
2019-04-05 06:20:00,0.058796793
2019-04-05 06:30:00,0.037211984
2019-04-05 06:40:00,0.060149282
2019-04-05 06:50:00,0.04269266
2019-04-05 07:00:00,0.056661606
2019-04-05 07:10:00,0.039106578
2019-04-05 07:20:00,0.055952877
2019-04-05 07:30:00,0.039417565
2019-04-05 07:40:00,0.04919094
2019-04-05 07:50:00,0.036164284
2019-04-05 08:00:00,0.048006207
2019-04-05 08:10:00,0.038097322
2019-04-05 08:20:00,0.042553127
2019-04-05 08:30:00,0.03423342
2019-04-05 08:40:00,0.044995546
2019-04-05 08:50:00,0.033166677
2019-04-05 09:00:00,0.040747672
2019-04-05 09:10:00,0.030707508
2019-04-05 09:20:00,0.04136184
2019-04-05 09:30:00,0.03151551
2019-04-05 09:40:00,0.03960848
2019-04-05 09:50:00,0.029111147
2019-04-05 10:00:00,0.039357096
2019-04-05 10:10:00,0.029647201
2019-04-05 10:20:00,0.03614983
2019-04-05 10:30:00,0.027309835
2019-04-05 10:40:00,0.039604872
2019-04-05 10:50:00,0.03020224
2019-04-05 11:00:00,0.036013573
2019-04-05 11:10:00,0.029375225
2019-04-05 11:20:00,0.03681004
2019-04-05 11:30:00,0.027655244
2019-04-05 11:40:00,0.033756286
2019-04-05 11:50:00,0.02647075
2019-04-05 12:00:00,0.0362885
2019-04-05 12:10:00,0.027817786
2019-04-05 12:20:00,0.032432884
2019-04-05 12:30:00,0.025843382
2019-04-05 12:40:00,0.03447649
2019-04-05 12:50:00,0.02817604
2019-04-05 13:00:00,0.033660054
2019-04-05 13:10:00,0.025905222
2019-04-05 13:20:00,0.03855881
2019-04-05 13:30:00,0.028872102
2019-04-05 13:40:00,0.034933716
2019-04-05 13:50:00,0.02503568
2019-04-05 14:00:00,0.040968478
2019-04-05 14:10:00,0.027796686
2019-04-05 14:20:00,0.039579272
2019-04-05 14:30:00,0.024757802
2019-04-05 14:40:00,0.042133927
2019-04-05 14:50:00,0.025701016
2019-04-05 15:00:00,0.038380474
2019-04-05 15:10:00,0.023863554
2019-04-05 15:20:00,0.042606086
2019-04-05 15:30:00,0.025856405
2019-04-05 15:40:00,0.03934911
2019-04-05 15:50:00,0.024231017
2019-04-05 16:00:00,0.04225427
2019-04-05 16:10:00,0.025598913
2019-04-05 16:20:00,0.038485795
2019-04-05 16:30:00,0.023863375
2019-04-05 16:40:00,0.04110667
2019-04-05 16:50:00,0.025018215
2019-04-05 17:00:00,0.03666067
2019-04-05 17:10:00,0.022683114
2019-04-05 17:20:00,0.037474602
2019-04-05 17:30:00,0.025814861
2019-04-05 17:40:00,0.032647163
2019-04-05 17:50:00,0.019419014
2019-04-05 18:00:00,0.035440505
2019-04-05 18:10:00,0.016480178
2019-04-05 18:20:00,0.02902028
2019-04-05 18:30:00,0.013091058
2019-04-05 18:40:00,0.030408204
2019-04-05 18:50:00,0.013365269
2019-04-05 19:00:00,0.028979778
2019-04-05 19:10:00,0.01226303
2019-04-05 19:20:00,0.02935639
2019-04-05 19:30:00,0.014284134
2019-04-05 19:40:00,0.027962685
2019-04-05 19:50:00,0.012554675
2019-04-05 20:00:00,0.029139489
2019-04-05 20:10:00,0.013478279
2019-04-05 20:20:00,0.025847673
2019-04-05 20:30:00,0.012970716
2019-04-05 20:40:00,0.028415889
2019-04-05 20:50:00,0.013477504
2019-04-05 21:00:00,0.02466467
2019-04-05 21:10:00,0.013280213
2019-04-05 21:20:00,0.026527673
2019-04-05 21:30:00,0.0131649375
2019-04-05 21:40:00,0.025134236
2019-04-05 21:50:00,0.011905998
2019-04-05 22:00:00,0.026738554
2019-04-05 22:10:00,0.012266606
2019-04-05 22:20:00,0.026860684
2019-04-05 22:30:00,0.011940181
2019-04-05 22:40:00,0.03161344
2019-04-05 22:50:00,0.0120534
2019-04-05 23:00:00,0.029973686
2019-04-05 23:10:00,0.011941522
2019-04-05 23:20:00,0.028658062
2019-04-05 23:30:00,0.01173231
2019-04-05 23:40:00,0.023513079
2019-04-05 23:50:00,0.009425342
2019-04-06 00:00:00,0.025978148
2019-04-06 00:10:00,0.009208232
2019-04-06 00:20:00,0.02306655
2019-04-06 00:30:00,0.008478701
2019-04-06 00:40:00,0.024258196
2019-04-06 00:50:00,0.008797824
2019-04-06 01:00:00,0.022131264
2019-04-06 01:10:00,0.008581877
2019-04-06 01:20:00,0.024534583
2019-04-06 01:30:00,0.008861572
2019-04-06 01:40:00,0.020945072
2019-04-06 01:50:00,0.008085579
2019-04-06 02:00:00,0.023434848
2019-04-06 02:10:00,0.0077340305
2019-04-06 02:20:00,0.019821376
2019-04-06 02:30:00,0.006433964
2019-04-06 02:40:00,0.019054592
2019-04-06 02:50:00,0.006070614
2019-04-06 03:00:00,0.016653597
2019-04-06 03:10:00,0.0056120455
2019-04-06 03:20:00,0.017463416
2019-04-06 03:30:00,0.0056516826
2019-04-06 03:40:00,0.015139073
2019-04-06 03:50:00,0.0054597855
2019-04-06 04:00:00,0.0161421
2019-04-06 04:10:00,0.0055276453
2019-04-06 04:20:00,0.013675302
2019-04-06 04:30:00,0.005335182
2019-04-06 04:40:00,0.014196694
2019-04-06 04:50:00,0.005301684
2019-04-06 05:00:00,0.0144305825
2019-04-06 05:10:00,0.005308211
2019-04-06 05:20:00,0.014075279
2019-04-06 05:30:00,0.0049141645
2019-04-06 05:40:00,0.0128842
2019-04-06 05:50:00,0.0051972866
2019-04-06 06:00:00,0.014818966
2019-04-06 06:10:00,0.004478276
2019-04-06 06:20:00,0.012553841
2019-04-06 06:30:00,0.0046504736
2019-04-06 06:40:00,0.012938023
2019-04-06 06:50:00,0.004242897
2019-04-06 07:00:00,0.011614382
2019-04-06 07:10:00,0.004492849
2019-04-06 07:20:00,0.012856573
2019-04-06 07:30:00,0.0042462945
2019-04-06 07:40:00,0.013218343
2019-04-06 07:50:00,0.004213512
2019-04-06 08:00:00,0.013558149
2019-04-06 08:10:00,0.0040584505
2019-04-06 08:20:00,0.013084531
2019-04-06 08:30:00,0.003910184
2019-04-06 08:40:00,0.012684107
2019-04-06 08:50:00,0.0038376153
2019-04-06 09:00:00,0.011690795
2019-04-06 09:10:00,0.0039987564
2019-04-06 09:20:00,0.012424409
2019-04-06 09:30:00,0.0037324429
2019-04-06 09:40:00,0.01140368
2019-04-06 09:50:00,0.0038940907
2019-04-06 10:00:00,0.011764586
2019-04-06 10:10:00,0.0037124157
2019-04-06 10:20:00,0.011367083
2019-04-06 10:30:00,0.003682077
2019-04-06 10:40:00,0.013590515
2019-04-06 10:50:00,0.0038284063
2019-04-06 11:00:00,0.013075858
2019-04-06 11:10:00,0.0039603114
2019-04-06 11:20:00,0.01407367
2019-04-06 11:30:00,0.003663987
2019-04-06 11:40:00,0.013429761
2019-04-06 11:50:00,0.0039797127
2019-04-06 12:00:00,0.013969392
2019-04-06 12:10:00,0.003542006
2019-04-06 12:20:00,0.013405114
2019-04-06 12:30:00,0.0041357577
2019-04-06 12:40:00,0.013499737
2019-04-06 12:50:00,0.0039565265
2019-04-06 13:00:00,0.013140589
2019-04-06 13:10:00,0.004397899
2019-04-06 13:20:00,0.013479173
2019-04-06 13:30:00,0.004118979
2019-04-06 13:40:00,0.0126671195
2019-04-06 13:50:00,0.004410982
2019-04-06 14:00:00,0.011913359
2019-04-06 14:10:00,0.0040025115
2019-04-06 14:20:00,0.01115033
2019-04-06 14:30:00,0.0042198002
2019-04-06 14:40:00,0.011571825
2019-04-06 14:50:00,0.0038978755
2019-04-06 15:00:00,0.011098713
2019-04-06 15:10:00,0.0042892992
2019-04-06 15:20:00,0.011387616
2019-04-06 15:30:00,0.004070312
2019-04-06 15:40:00,0.011236131
2019-04-06 15:50:00,0.0043313205
2019-04-06 16:00:00,0.011553049
2019-04-06 16:10:00,0.00405702
2019-04-06 16:20:00,0.010807395
2019-04-06 16:30:00,0.004480779
2019-04-06 16:40:00,0.010837287
2019-04-06 16:50:00,0.004431814
2019-04-06 17:00:00,0.0101753175
2019-04-06 17:10:00,0.0049954057
2019-04-06 17:20:00,0.010205597
2019-04-06 17:30:00,0.0049372017
2019-04-06 17:40:00,0.010209233
2019-04-06 17:50:00,0.0052479506
2019-04-06 18:00:00,0.008616537
2019-04-06 18:10:00,0.0021717846
2019-04-06 18:20:00,0.0065193474
2019-04-06 18:30:00,0.0018405616
2019-04-06 18:40:00,0.0061324835
2019-04-06 18:50:00,0.0009430647
2019-04-06 19:00:00,0.004947871
2019-04-06 19:10:00,0.00095939636
2019-04-06 19:20:00,0.005425334
2019-04-06 19:30:00,0.0010648966
2019-04-06 19:40:00,0.0058735013
2019-04-06 19:50:00,0.0012866557
2019-04-06 20:00:00,0.005207598
2019-04-06 20:10:00,0.0010245144
2019-04-06 20:20:00,0.0051174164
2019-04-06 20:30:00,0.0011898577
2019-04-06 20:40:00,0.004128486
2019-04-06 20:50:00,0.0009562969
2019-04-06 21:00:00,0.0036362112
2019-04-06 21:10:00,0.0011334121
2019-04-06 21:20:00,0.003208667
2019-04-06 21:30:00,0.0008214712
2019-04-06 21:40:00,0.0028914511
2019-04-06 21:50:00,0.00096702576
2019-04-06 22:00:00,0.0024147928
2019-04-06 22:10:00,0.0006656945
2019-04-06 22:20:00,0.0023415685
2019-04-06 22:30:00,0.0008248091
2019-04-06 22:40:00,0.0020041466
2019-04-06 22:50:00,0.0006467104
2019-04-06 23:00:00,0.0020312965
2019-04-06 23:10:00,0.0007750988
2019-04-06 23:20:00,0.0019405484
2019-04-06 23:30:00,0.00053730607
2019-04-06 23:40:00,0.0021395981
2019-04-06 23:50:00,0.0006915927
2019-04-07 00:00:00,0.0018796623
2019-04-07 00:10:00,0.00044864416
2019-04-07 00:20:00,0.0019100606
2019-04-07 00:30:00,0.00054234266
2019-04-07 00:40:00,0.0016944706
2019-04-07 00:50:00,0.000464648
2019-04-07 01:00:00,0.0019384623
2019-04-07 01:10:00,0.00067585707
2019-04-07 01:20:00,0.0016750693
2019-04-07 01:30:00,0.00055393577
2019-04-07 01:40:00,0.0018245578
2019-04-07 01:50:00,0.0006916225
2019-04-07 02:00:00,0.0015771687
2019-04-07 02:10:00,0.00049078465
2019-04-07 02:20:00,0.0017989576
2019-04-07 02:30:00,0.0005621016
2019-04-07 02:40:00,0.0014525354
2019-04-07 02:50:00,0.00039100647
2019-04-07 03:00:00,0.0015119612
2019-04-07 03:10:00,0.0005181432
2019-04-07 03:20:00,0.0013006628
2019-04-07 03:30:00,0.00038784742
2019-04-07 03:40:00,0.001467675
2019-04-07 03:50:00,0.00048452616
2019-04-07 04:00:00,0.0012193024
2019-04-07 04:10:00,0.0003771782
2019-04-07 04:20:00,0.0014124811
2019-04-07 04:30:00,0.0004912913
2019-04-07 04:40:00,0.0012014508
2019-04-07 04:50:00,0.0003527105
2019-04-07 05:00:00,0.0014160573
2019-04-07 05:10:00,0.00046524405
2019-04-07 05:20:00,0.0012677908
2019-04-07 05:30:00,0.00038570166
2019-04-07 05:40:00,0.0015215874
2019-04-07 05:50:00,0.00050747395
2019-04-07 06:00:00,0.0012284517
2019-04-07 06:10:00,0.00038149953
2019-04-07 06:20:00,0.0014368594
2019-04-07 06:30:00,0.00048679113
2019-04-07 06:40:00,0.0012814999
2019-04-07 06:50:00,0.00041905046
2019-04-07 07:00:00,0.0016306341
2019-04-07 07:10:00,0.00056248903
2019-04-07 07:20:00,0.0012207329
2019-04-07 07:30:00,0.00041472912
2019-04-07 07:40:00,0.0015039742
2019-04-07 07:50:00,0.00052013993
2019-04-07 08:00:00,0.0013124049
2019-04-07 08:10:00,0.0004027784
2019-04-07 08:20:00,0.0017067492
2019-04-07 08:30:00,0.00054961443
2019-04-07 08:40:00,0.0015454888
2019-04-07 08:50:00,0.00051510334
2019-04-07 09:00:00,0.0019903183
2019-04-07 09:10:00,0.00067967176
2019-04-07 09:20:00,0.0017077327
2019-04-07 09:30:00,0.00054204464
2019-04-07 09:40:00,0.0021158457
2019-04-07 09:50:00,0.00068077445
2019-04-07 10:00:00,0.0018450618
2019-04-07 10:10:00,0.00052815676
2019-04-07 10:20:00,0.0020951033
2019-04-07 10:30:00,0.0006710887
2019-04-07 10:40:00,0.0017616749
2019-04-07 10:50:00,0.00056505203
2019-04-07 11:00:00,0.0020337105
2019-04-07 11:10:00,0.00071167946
2019-04-07 11:20:00,0.0017455518
2019-04-07 11:30:00,0.000667274
2019-04-07 11:40:00,0.0021707714
2019-04-07 11:50:00,0.00076428056
2019-04-07 12:00:00,0.0019134879
2019-04-07 12:10:00,0.0007233918
2019-04-07 12:20:00,0.0025168657
2019-04-07 12:30:00,0.0008806586
2019-04-07 12:40:00,0.0021769106
2019-04-07 12:50:00,0.00082695484
2019-04-07 13:00:00,0.0028824508
2019-04-07 13:10:00,0.0009957552
2019-04-07 13:20:00,0.0024393797
2019-04-07 13:30:00,0.00082182884
2019-04-07 13:40:00,0.0030755103
2019-04-07 13:50:00,0.00093492866
2019-04-07 14:00:00,0.0026250482
2019-04-07 14:10:00,0.00087979436
2019-04-07 14:20:00,0.0035614073
2019-04-07 14:30:00,0.0010906458
2019-04-07 14:40:00,0.0030545592
2019-04-07 14:50:00,0.001075834
2019-04-07 15:00:00,0.0040855706
2019-04-07 15:10:00,0.0013392866
2019-04-07 15:20:00,0.0035448372
2019-04-07 15:30:00,0.0012925267
2019-04-07 15:40:00,0.004562229
2019-04-07 15:50:00,0.0015383661
2019-04-07 16:00:00,0.0037344098
2019-04-07 16:10:00,0.0013616383
2019-04-07 16:20:00,0.0047202706
2019-04-07 16:30:00,0.001519829
2019-04-07 16:40:00,0.0039829016
2019-04-07 16:50:00,0.0013979971
2019-04-07 17:00:00,0.0050112605
2019-04-07 17:10:00,0.0016084015
2019-04-07 17:20:00,0.0044421554
2019-04-07 17:30:00,0.0018138885
2019-04-07 17:40:00,0.0057034194
2019-04-07 17:50:00,0.0020689964
2019-04-07 18:00:00,0.0051466525
2019-04-07 18:10:00,0.0023369193
2019-04-07 18:20:00,0.0067798793
2019-04-07 18:30:00,0.0029346943
2019-04-07 18:40:00,0.006535262
2019-04-07 18:50:00,0.0038722456
2019-04-07 19:00:00,0.00912413
2019-04-07 19:10:00,0.0044762194
2019-04-07 19:20:00,0.007838637
2019-04-07 19:30:00,0.0045520067
2019-04-07 19:40:00,0.009978831
2019-04-07 19:50:00,0.0052015185
2019-04-07 20:00:00,0.0088272095
2019-04-07 20:10:00,0.0056022108
2019-04-07 20:20:00,0.011388093
2019-04-07 20:30:00,0.006452501
2019-04-07 20:40:00,0.010501891
2019-04-07 20:50:00,0.0061766505
2019-04-07 21:00:00,0.01328522
2019-04-07 21:10:00,0.0069672763
2019-04-07 21:20:00,0.011663467
2019-04-07 21:30:00,0.006878257
2019-04-07 21:40:00,0.015473992
2019-04-07 21:50:00,0.008862287
2019-04-07 22:00:00,0.015041739
2019-04-07 22:10:00,0.010502726
2019-04-07 22:20:00,0.019176066
2019-04-07 22:30:00,0.012163788
2019-04-07 22:40:00,0.0164015
2019-04-07 22:50:00,0.012551904
2019-04-07 23:00:00,0.021598399
2019-04-07 23:10:00,0.014060169
2019-04-07 23:20:00,0.019375592
2019-04-07 23:30:00,0.012885302
2019-04-07 23:40:00,0.022720546
2019-04-07 23:50:00,0.014354199
2019-04-08 00:00:00,0.02179432
2019-04-08 00:10:00,0.016824633
2019-04-08 00:20:00,0.025947362
2019-04-08 00:30:00,0.018994212
2019-04-08 00:40:00,0.02585864
2019-04-08 00:50:00,0.029097825
2019-04-08 01:00:00,0.035501212
2019-04-08 01:10:00,0.03412783
2019-04-08 01:20:00,0.033572793
2019-04-08 01:30:00,0.045843124
2019-04-08 01:40:00,0.040410668
2019-04-08 01:50:00,0.05875364
2019-04-08 02:00:00,0.04039997
2019-04-08 02:10:00,0.07224986
2019-04-08 02:20:00,0.053052694
2019-04-08 02:30:00,0.07024428
2019-04-08 02:40:00,0.05099833
2019-04-08 02:50:00,0.07819918
2019-04-08 03:00:00,0.05896893
2019-04-08 03:10:00,0.07143313
2019-04-08 03:20:00,0.05672857
2019-04-08 03:30:00,0.07761222
2019-04-08 03:40:00,0.0588907
2019-04-08 03:50:00,0.080295235
2019-04-08 04:00:00,0.07989237
2019-04-08 04:10:00,0.090152115
2019-04-08 04:20:00,0.077807575
2019-04-08 04:30:00,0.080527544
2019-04-08 04:40:00,0.077432156
2019-04-08 04:50:00,0.08551079
2019-04-08 05:00:00,0.07989699
2019-04-08 05:10:00,0.07964337
2019-04-08 05:20:00,0.08574423
2019-04-08 05:30:00,0.08556706
2019-04-08 05:40:00,0.085856795
2019-04-08 05:50:00,0.07977009
2019-04-08 06:00:00,0.08535752
2019-04-08 06:10:00,0.084492475
2019-04-08 06:20:00,0.081789434
2019-04-08 06:30:00,0.07489222
2019-04-08 06:40:00,0.083013654
2019-04-08 06:50:00,0.0820784
2019-04-08 07:00:00,0.077999294
2019-04-08 07:10:00,0.07130465
2019-04-08 07:20:00,0.07542035
2019-04-08 07:30:00,0.07498217
2019-04-08 07:40:00,0.075286835
2019-04-08 07:50:00,0.06810805
2019-04-08 08:00:00,0.07169682
2019-04-08 08:10:00,0.07018447
2019-04-08 08:20:00,0.06623167
2019-04-08 08:30:00,0.063355446
2019-04-08 08:40:00,0.059554756
2019-04-08 08:50:00,0.06488711
2019-04-08 09:00:00,0.05896318
2019-04-08 09:10:00,0.051041007
2019-04-08 09:20:00,0.05303797
2019-04-08 09:30:00,0.053068817
2019-04-08 09:40:00,0.051374912
2019-04-08 09:50:00,0.045005262
2019-04-08 10:00:00,0.0475353
2019-04-08 10:10:00,0.04909444
2019-04-08 10:20:00,0.049827248
2019-04-08 10:30:00,0.04657495
2019-04-08 10:40:00,0.054757446
2019-04-08 10:50:00,0.04938057
2019-04-08 11:00:00,0.05313313
2019-04-08 11:10:00,0.04441777
2019-04-08 11:20:00,0.054881185
2019-04-08 11:30:00,0.048146933
2019-04-08 11:40:00,0.05086556
2019-04-08 11:50:00,0.04563698
2019-04-08 12:00:00,0.050371915
2019-04-08 12:10:00,0.044684917
2019-04-08 12:20:00,0.04905364
2019-04-08 12:30:00,0.04008034
2019-04-08 12:40:00,0.047724456
2019-04-08 12:50:00,0.038928002
2019-04-08 13:00:00,0.043825597
2019-04-08 13:10:00,0.03381899
2019-04-08 13:20:00,0.043875158
2019-04-08 13:30:00,0.033732533
2019-04-08 13:40:00,0.038466483
2019-04-08 13:50:00,0.034401357
2019-04-08 14:00:00,0.04036817
2019-04-08 14:10:00,0.036867052
2019-04-08 14:20:00,0.0390687
2019-04-08 14:30:00,0.03560868
2019-04-08 14:40:00,0.040052682
2019-04-08 14:50:00,0.036106855
2019-04-08 15:00:00,0.03611067
2019-04-08 15:10:00,0.032134563
2019-04-08 15:20:00,0.03694442
2019-04-08 15:30:00,0.03153965
2019-04-08 15:40:00,0.033956736
2019-04-08 15:50:00,0.030661404
2019-04-08 16:00:00,0.03612265
2019-04-08 16:10:00,0.030569047
2019-04-08 16:20:00,0.03210166
2019-04-08 16:30:00,0.030075073
2019-04-08 16:40:00,0.03275636
2019-04-08 16:50:00,0.030637294
2019-04-08 17:00:00,0.03101933
2019-04-08 17:10:00,0.032922447
2019-04-08 17:20:00,0.032259434
2019-04-08 17:30:00,0.033536017
2019-04-08 17:40:00,0.031760365
2019-04-08 17:50:00,0.031659693
2019-04-08 18:00:00,0.031590343
2019-04-08 18:10:00,0.03104499
2019-04-08 18:20:00,0.031235635
2019-04-08 18:30:00,0.030649334
2019-04-08 18:40:00,0.029121935
2019-04-08 18:50:00,0.029187292
2019-04-08 19:00:00,0.029992431
2019-04-08 19:10:00,0.030378401
2019-04-08 19:20:00,0.029926956
2019-04-08 19:30:00,0.029968768
2019-04-08 19:40:00,0.02947113
2019-04-08 19:50:00,0.030749947
2019-04-08 20:00:00,0.02876681
2019-04-08 20:10:00,0.031187892
2019-04-08 20:20:00,0.025879443
2019-04-08 20:30:00,0.029231548
2019-04-08 20:40:00,0.025646776
2019-04-08 20:50:00,0.019936502
2019-04-08 21:00:00,0.015259773
2019-04-08 21:10:00,0.016519904
2019-04-08 21:20:00,0.014593005
2019-04-08 21:30:00,0.013816863
2019-04-08 21:40:00,0.011019945
2019-04-08 21:50:00,0.013622522
2019-04-08 22:00:00,0.010928124
2019-04-08 22:10:00,0.011915475
2019-04-08 22:20:00,0.0074584186
2019-04-08 22:30:00,0.010311812
2019-04-08 22:40:00,0.0072898567
2019-04-08 22:50:00,0.008234054
2019-04-08 23:00:00,0.0049233735
2019-04-08 23:10:00,0.0060364306
2019-04-08 23:20:00,0.004503548
2019-04-08 23:30:00,0.0048218966
2019-04-08 23:40:00,0.0033842325
2019-04-08 23:50:00,0.0047769547
2019-04-09 00:00:00,0.0036122203
2019-04-09 00:10:00,0.0039236546
2019-04-09 00:20:00,0.0025349855
2019-04-09 00:30:00,0.003673315
2019-04-09 00:40:00,0.0026683807
2019-04-09 00:50:00,0.0033458471
2019-04-09 01:00:00,0.0022936165
2019-04-09 01:10:00,0.003216207
2019-04-09 01:20:00,0.002271086
2019-04-09 01:30:00,0.0026420355
2019-04-09 01:40:00,0.0018238127
2019-04-09 01:50:00,0.0026912987
2019-04-09 02:00:00,0.001883179
2019-04-09 02:10:00,0.002370298
2019-04-09 02:20:00,0.0015102029
2019-04-09 02:30:00,0.0020751953
2019-04-09 02:40:00,0.0015319586
2019-04-09 02:50:00,0.0019199252
2019-04-09 03:00:00,0.0012697875
2019-04-09 03:10:00,0.0017399788
2019-04-09 03:20:00,0.0013285279
2019-04-09 03:30:00,0.0016337037
2019-04-09 03:40:00,0.0010435283
2019-04-09 03:50:00,0.0016227663
2019-04-09 04:00:00,0.0010921657
2019-04-09 04:10:00,0.0016625524
2019-04-09 04:20:00,0.00089353323
2019-04-09 04:30:00,0.0014954805
2019-04-09 04:40:00,0.000941962
2019-04-09 04:50:00,0.0013307631
2019-04-09 05:00:00,0.0006738901
2019-04-09 05:10:00,0.0011286736
2019-04-09 05:20:00,0.0006984174
2019-04-09 05:30:00,0.0010242164
2019-04-09 05:40:00,0.00044474006
2019-04-09 05:50:00,0.000780195
2019-04-09 06:00:00,0.00048077106
2019-04-09 06:10:00,0.0007340312
2019-04-09 06:20:00,0.0003899336
2019-04-09 06:30:00,0.00076055527
2019-04-09 06:40:00,0.000451684
2019-04-09 06:50:00,0.00072807074
2019-04-09 07:00:00,0.0003631413
2019-04-09 07:10:00,0.000757426
2019-04-09 07:20:00,0.000454396
2019-04-09 07:30:00,0.0007286072
2019-04-09 07:40:00,0.000331223
2019-04-09 07:50:00,0.0005517602
2019-04-09 08:00:00,0.00038671494
2019-04-09 08:10:00,0.0005571246
2019-04-09 08:20:00,0.0002927184
2019-04-09 08:30:00,0.0004657507
2019-04-09 08:40:00,0.00034055114
2019-04-09 08:50:00,0.00046738982
2019-04-09 09:00:00,0.0002579093
2019-04-09 09:10:00,0.00043344498
2019-04-09 09:20:00,0.00029435754
2019-04-09 09:30:00,0.00045484304
2019-04-09 09:40:00,0.00023803115
2019-04-09 09:50:00,0.00044038892
2019-04-09 10:00:00,0.00030979514
2019-04-09 10:10:00,0.00045892596
2019-04-09 10:20:00,0.00023281574
2019-04-09 10:30:00,0.00042551756
2019-04-09 10:40:00,0.00029033422
2019-04-09 10:50:00,0.00045108795
2019-04-09 11:00:00,0.00021284819
2019-04-09 11:10:00,0.00039586425
2019-04-09 11:20:00,0.00028070807
2019-04-09 11:30:00,0.0004235208
2019-04-09 11:40:00,0.00018924475
2019-04-09 11:50:00,0.0003631711
2019-04-09 12:00:00,0.00022804737
2019-04-09 12:10:00,0.0003736019
2019-04-09 12:20:00,0.00015985966
2019-04-09 12:30:00,0.0003309548
2019-04-09 12:40:00,0.00019696355
2019-04-09 12:50:00,0.00036928058
2019-04-09 13:00:00,0.00014406443
2019-04-09 13:10:00,0.0003414154
2019-04-09 13:20:00,0.00018754601
2019-04-09 13:30:00,0.00038167834
2019-04-09 13:40:00,0.00012975931
2019-04-09 13:50:00,0.00038659573
2019-04-09 14:00:00,0.00021770597
2019-04-09 14:10:00,0.0004542768
2019-04-09 14:20:00,0.00016367435
2019-04-09 14:30:00,0.0003747344
2019-04-09 14:40:00,0.00021764636
2019-04-09 14:50:00,0.00043711066
2019-04-09 15:00:00,0.00017890334
2019-04-09 15:10:00,0.00038063526
2019-04-09 15:20:00,0.00023937225
2019-04-09 15:30:00,0.0004891753
2019-04-09 15:40:00,0.0001912713
2019-04-09 15:50:00,0.00037786365
2019-04-09 16:00:00,0.00023558736
2019-04-09 16:10:00,0.000495106
2019-04-09 16:20:00,0.0001938045
2019-04-09 16:30:00,0.00039976835
2019-04-09 16:40:00,0.00024875998
2019-04-09 16:50:00,0.00051781535
2019-04-09 17:00:00,0.00019666553
2019-04-09 17:10:00,0.00038936734
2019-04-09 17:20:00,0.0002580583
2019-04-09 17:30:00,0.0005648732
2019-04-09 17:40:00,0.00021702051
2019-04-09 17:50:00,0.00040873885
2019-04-09 18:00:00,0.0002540946
2019-04-09 18:10:00,0.0004811883
2019-04-09 18:20:00,0.00019517541
2019-04-09 18:30:00,0.0003734529
2019-04-09 18:40:00,0.00023657084
2019-04-09 18:50:00,0.00046402216
2019-04-09 19:00:00,0.00019007921
2019-04-09 19:10:00,0.00034448504
2019-04-09 19:20:00,0.00022956729
2019-04-09 19:30:00,0.00043964386
2019-04-09 19:40:00,0.0001835525
2019-04-09 19:50:00,0.00034058094
2019-04-09 20:00:00,0.00022497773
2019-04-09 20:10:00,0.0003734827
2019-04-09 20:20:00,0.0001733005
2019-04-09 20:30:00,0.00027772784
2019-04-09 20:40:00,0.00020709634
2019-04-09 20:50:00,0.0003915727
2019-04-09 21:00:00,0.00021615624
2019-04-09 21:10:00,0.00032433867
2019-04-09 21:20:00,0.0002631843
2019-04-09 21:30:00,0.00045743585
2019-04-09 21:40:00,0.00024980307
2019-04-09 21:50:00,0.0003363192
2019-04-09 22:00:00,0.0003054142
2019-04-09 22:10:00,0.0004772842
2019-04-09 22:20:00,0.00033563375
2019-04-09 22:30:00,0.00036638975
2019-04-09 22:40:00,0.00038704276
2019-04-09 22:50:00,0.00060775876
2019-04-09 23:00:00,0.00044611096
2019-04-09 23:10:00,0.00047633052
2019-04-09 23:20:00,0.0004631877
2019-04-09 23:30:00,0.00062793493
2019-04-09 23:40:00,0.0005481541
2019-04-09 23:50:00,0.00053167343
2019-04-10 00:00:00,0.0005752444
2019-04-10 00:10:00,0.00070899725
2019-04-10 00:20:00,0.0006237924
2019-04-10 00:30:00,0.0005699396
2019-04-10 00:40:00,0.0006735027
2019-04-10 00:50:00,0.0007259846
2019-04-10 01:00:00,0.00072324276
2019-04-10 01:10:00,0.0006017983
2019-04-10 01:20:00,0.0008174181
2019-04-10 01:30:00,0.0007967353
2019-04-10 01:40:00,0.0009203255
2019-04-10 01:50:00,0.00065004826
2019-04-10 02:00:00,0.0010167658
2019-04-10 02:10:00,0.0008549988
2019-04-10 02:20:00,0.0010935068
2019-04-10 02:30:00,0.00073364377
2019-04-10 02:40:00,0.0011153817
2019-04-10 02:50:00,0.0010531545
2019-04-10 03:00:00,0.0011732876
2019-04-10 03:10:00,0.00092333555
2019-04-10 03:20:00,0.0014025569
2019-04-10 03:30:00,0.0014525056
2019-04-10 03:40:00,0.0016956627
2019-04-10 03:50:00,0.001193434
2019-04-10 04:00:00,0.0018388331
2019-04-10 04:10:00,0.0016916692
2019-04-10 04:20:00,0.0024502575
2019-04-10 04:30:00,0.0014393926
2019-04-10 04:40:00,0.0024430454
2019-04-10 04:50:00,0.0023781061
2019-04-10 05:00:00,0.00414747
2019-04-10 05:10:00,0.0021887422
2019-04-10 05:20:00,0.0040266216
2019-04-10 05:30:00,0.0032220185
2019-04-10 05:40:00,0.0055319965
2019-04-10 05:50:00,0.0031810105
2019-04-10 06:00:00,0.0057599545
2019-04-10 06:10:00,0.0041025877
2019-04-10 06:20:00,0.0077349246
2019-04-10 06:30:00,0.0042372644
2019-04-10 06:40:00,0.008317739
2019-04-10 06:50:00,0.0062965453
2019-04-10 07:00:00,0.010261685
2019-04-10 07:10:00,0.0054107606
2019-04-10 07:20:00,0.008761764
2019-04-10 07:30:00,0.006439626
2019-04-10 07:40:00,0.010336757
2019-04-10 07:50:00,0.0062551796
2019-04-10 08:00:00,0.00914368
2019-04-10 08:10:00,0.007290721
2019-04-10 08:20:00,0.010510057
2019-04-10 08:30:00,0.0067024827
2019-04-10 08:40:00,0.009842664
2019-04-10 08:50:00,0.0076848567
2019-04-10 09:00:00,0.0108400285
2019-04-10 09:10:00,0.006900519
2019-04-10 09:20:00,0.010325313
2019-04-10 09:30:00,0.0076501966
2019-04-10 09:40:00,0.010853052
2019-04-10 09:50:00,0.0065732
2019-04-10 10:00:00,0.009666234
2019-04-10 10:10:00,0.0077854097
2019-04-10 10:20:00,0.01103574
2019-04-10 10:30:00,0.0061815083
2019-04-10 10:40:00,0.009690046
2019-04-10 10:50:00,0.0076289773
2019-04-10 11:00:00,0.01117152
2019-04-10 11:10:00,0.0065046847
2019-04-10 11:20:00,0.010224253
2019-04-10 11:30:00,0.0075667202
2019-04-10 11:40:00,0.011699051
2019-04-10 11:50:00,0.007228613
2019-04-10 12:00:00,0.011623979
2019-04-10 12:10:00,0.008102983
2019-04-10 12:20:00,0.013212204
2019-04-10 12:30:00,0.00783056
2019-04-10 12:40:00,0.0129519105
2019-04-10 12:50:00,0.009904981
2019-04-10 13:00:00,0.01405701
2019-04-10 13:10:00,0.008744717
2019-04-10 13:20:00,0.012686163
2019-04-10 13:30:00,0.010203242
2019-04-10 13:40:00,0.014433861
2019-04-10 13:50:00,0.008757383
2019-04-10 14:00:00,0.013911694
2019-04-10 14:10:00,0.010015488
2019-04-10 14:20:00,0.014399618
2019-04-10 14:30:00,0.008892298
2019-04-10 14:40:00,0.013771623
2019-04-10 14:50:00,0.00945878
2019-04-10 15:00:00,0.0145177245
2019-04-10 15:10:00,0.009276539
2019-04-10 15:20:00,0.014169425
2019-04-10 15:30:00,0.01038754
2019-04-10 15:40:00,0.014833331
2019-04-10 15:50:00,0.009209365
2019-04-10 16:00:00,0.011130184
2019-04-10 16:10:00,0.00845331
2019-04-10 16:20:00,0.01187104
2019-04-10 16:30:00,0.008264422
2019-04-10 16:40:00,0.00911963
2019-04-10 16:50:00,0.00797084
2019-04-10 17:00:00,0.009137243
2019-04-10 17:10:00,0.0075389743
2019-04-10 17:20:00,0.007622212
2019-04-10 17:30:00,0.0070688426
2019-04-10 17:40:00,0.008002251
2019-04-10 17:50:00,0.0066595376
2019-04-10 18:00:00,0.0073714852
2019-04-10 18:10:00,0.0068270266
2019-04-10 18:20:00,0.009423494
2019-04-10 18:30:00,0.007789165
2019-04-10 18:40:00,0.008153021
2019-04-10 18:50:00,0.00781858
2019-04-10 19:00:00,0.010721862
2019-04-10 19:10:00,0.008472115
2019-04-10 19:20:00,0.010096222
2019-04-10 19:30:00,0.007842511
2019-04-10 19:40:00,0.011250287
2019-04-10 19:50:00,0.008090496
2019-04-10 20:00:00,0.009379119
2019-04-10 20:10:00,0.0076565742
2019-04-10 20:20:00,0.011092484
2019-04-10 20:30:00,0.007947147
2019-04-10 20:40:00,0.009268403
2019-04-10 20:50:00,0.007157415
2019-04-10 21:00:00,0.010592282
2019-04-10 21:10:00,0.00758332
2019-04-10 21:20:00,0.008695692
2019-04-10 21:30:00,0.007137567
2019-04-10 21:40:00,0.010807693
2019-04-10 21:50:00,0.007941455
2019-04-10 22:00:00,0.008703202
2019-04-10 22:10:00,0.0071046054
2019-04-10 22:20:00,0.010181457
2019-04-10 22:30:00,0.008369863
2019-04-10 22:40:00,0.0078627765
2019-04-10 22:50:00,0.0070421696
2019-04-10 23:00:00,0.010830104
2019-04-10 23:10:00,0.008584499
2019-04-10 23:20:00,0.009389907
2019-04-10 23:30:00,0.007756591
2019-04-10 23:40:00,0.012012035
2019-04-10 23:50:00,0.008772433
2019-04-11 00:00:00,0.009012461
2019-04-11 00:10:00,0.007605016
2019-04-11 00:20:00,0.010242343
2019-04-11 00:30:00,0.008035839
2019-04-11 00:40:00,0.008026391
2019-04-11 00:50:00,0.0072828233
2019-04-11 01:00:00,0.0096440315
2019-04-11 01:10:00,0.008424848
2019-04-11 01:20:00,0.008238405
2019-04-11 01:30:00,0.0075709224
2019-04-11 01:40:00,0.010142177
2019-04-11 01:50:00,0.008815885
2019-04-11 02:00:00,0.008782089
2019-04-11 02:10:00,0.008345515
2019-04-11 02:20:00,0.011138976
2019-04-11 02:30:00,0.0106755495
2019-04-11 02:40:00,0.009790629
2019-04-11 02:50:00,0.009818822
2019-04-11 03:00:00,0.01205501
2019-04-11 03:10:00,0.012045115
2019-04-11 03:20:00,0.009774178
2019-04-11 03:30:00,0.010570288
2019-04-11 03:40:00,0.011127949
2019-04-11 03:50:00,0.0117738545
2019-04-11 04:00:00,0.009264082
2019-04-11 04:10:00,0.009818435
2019-04-11 04:20:00,0.009487927
2019-04-11 04:30:00,0.011647165
2019-04-11 04:40:00,0.00854516
2019-04-11 04:50:00,0.009644538
2019-04-11 05:00:00,0.009970903
2019-04-11 05:10:00,0.011467338
2019-04-11 05:20:00,0.008193523
2019-04-11 05:30:00,0.0092843175
2019-04-11 05:40:00,0.008592963
2019-04-11 05:50:00,0.010761768
2019-04-11 06:00:00,0.007124454
2019-04-11 06:10:00,0.008172274
2019-04-11 06:20:00,0.007855952
2019-04-11 06:30:00,0.009784013
2019-04-11 06:40:00,0.0074008703
2019-04-11 06:50:00,0.00806421
2019-04-11 07:00:00,0.008749753
2019-04-11 07:10:00,0.010831177
2019-04-11 07:20:00,0.007910192
2019-04-11 07:30:00,0.008554786
2019-04-11 07:40:00,0.008474439
2019-04-11 07:50:00,0.0100981
2019-04-11 08:00:00,0.00690794
2019-04-11 08:10:00,0.007570207
2019-04-11 08:20:00,0.008198023
2019-04-11 08:30:00,0.009715885
2019-04-11 08:40:00,0.0066824555
2019-04-11 08:50:00,0.0077553988
2019-04-11 09:00:00,0.007808268
2019-04-11 09:10:00,0.009567797
2019-04-11 09:20:00,0.006937295
2019-04-11 09:30:00,0.00769642
2019-04-11 09:40:00,0.0076224804
2019-04-11 09:50:00,0.009683371
2019-04-11 10:00:00,0.00689587
2019-04-11 10:10:00,0.008433759
2019-04-11 10:20:00,0.008035958
2019-04-11 10:30:00,0.009938896
2019-04-11 10:40:00,0.0070200264
2019-04-11 10:50:00,0.00799045
2019-04-11 11:00:00,0.008226067
2019-04-11 11:10:00,0.009918898
2019-04-11 11:20:00,0.007106185
2019-04-11 11:30:00,0.008320004
2019-04-11 11:40:00,0.008189738
2019-04-11 11:50:00,0.010428935
2019-04-11 12:00:00,0.00716275
2019-04-11 12:10:00,0.007978499
2019-04-11 12:20:00,0.008135706
2019-04-11 12:30:00,0.009671599
2019-04-11 12:40:00,0.00687021
2019-04-11 12:50:00,0.0069381595
2019-04-11 13:00:00,0.007827461
2019-04-11 13:10:00,0.009224504
2019-04-11 13:20:00,0.007826656
2019-04-11 13:30:00,0.008050889
2019-04-11 13:40:00,0.009062529
2019-04-11 13:50:00,0.009809077
2019-04-11 14:00:00,0.008069187
2019-04-11 14:10:00,0.008492172
2019-04-11 14:20:00,0.009639084
2019-04-11 14:30:00,0.010234833
2019-04-11 14:40:00,0.008185625
2019-04-11 14:50:00,0.008557171
2019-04-11 15:00:00,0.009770572
2019-04-11 15:10:00,0.010879159
2019-04-11 15:20:00,0.009252876
2019-04-11 15:30:00,0.0092436075
2019-04-11 15:40:00,0.010189503
2019-04-11 15:50:00,0.011119157
2019-04-11 16:00:00,0.010233134
2019-04-11 16:10:00,0.009542793
2019-04-11 16:20:00,0.011694044
2019-04-11 16:30:00,0.01193285
2019-04-11 16:40:00,0.012113422
2019-04-11 16:50:00,0.011327237
2019-04-11 17:00:00,0.014658719
2019-04-11 17:10:00,0.014150411
2019-04-11 17:20:00,0.013397545
2019-04-11 17:30:00,0.012727588
2019-04-11 17:40:00,0.015569419
2019-04-11 17:50:00,0.014878809
2019-04-11 18:00:00,0.014758229
2019-04-11 18:10:00,0.013692498
2019-04-11 18:20:00,0.016002595
2019-04-11 18:30:00,0.015361965
2019-04-11 18:40:00,0.014400303
2019-04-11 18:50:00,0.013559997
2019-04-11 19:00:00,0.014847934
2019-04-11 19:10:00,0.015082747
2019-04-11 19:20:00,0.0136882365
2019-04-11 19:30:00,0.014494836
2019-04-11 19:40:00,0.01491186
2019-04-11 19:50:00,0.017365694
2019-04-11 20:00:00,0.014111161
2019-04-11 20:10:00,0.016445577
2019-04-11 20:20:00,0.0144844055
2019-04-11 20:30:00,0.017466426
2019-04-11 20:40:00,0.01271835
2019-04-11 20:50:00,0.017061442
2019-04-11 21:00:00,0.013171524
2019-04-11 21:10:00,0.018214047
2019-04-11 21:20:00,0.011296958
2019-04-11 21:30:00,0.017421067
2019-04-11 21:40:00,0.010815442
2019-04-11 21:50:00,0.018786162
2019-04-11 22:00:00,0.009916484
2019-04-11 22:10:00,0.017867863
2019-04-11 22:20:00,0.009867787
2019-04-11 22:30:00,0.018945634
2019-04-11 22:40:00,0.009658307
2019-04-11 22:50:00,0.020576447
2019-04-11 23:00:00,0.011670917
2019-04-11 23:10:00,0.021703333
2019-04-11 23:20:00,0.011314034
2019-04-11 23:30:00,0.022439241
2019-04-11 23:40:00,0.012899578
2019-04-11 23:50:00,0.022353351
2019-04-12 00:00:00,0.012096494
2019-04-12 00:10:00,0.023938626
2019-04-12 00:20:00,0.014167279
2019-04-12 00:30:00,0.025491923
2019-04-12 00:40:00,0.012963086
2019-04-12 00:50:00,0.023662746
2019-04-12 01:00:00,0.014766395
2019-04-12 01:10:00,0.02561894
2019-04-12 01:20:00,0.013540417
2019-04-12 01:30:00,0.025815964
2019-04-12 01:40:00,0.013406277
2019-04-12 01:50:00,0.025173306
2019-04-12 02:00:00,0.011913508
2019-04-12 02:10:00,0.024263442
2019-04-12 02:20:00,0.0127877295
2019-04-12 02:30:00,0.024634004
2019-04-12 02:40:00,0.01147148
2019-04-12 02:50:00,0.02532804
2019-04-12 03:00:00,0.013472348
2019-04-12 03:10:00,0.027172834
2019-04-12 03:20:00,0.011324644
2019-04-12 03:30:00,0.027124971
2019-04-12 03:40:00,0.013603628
2019-04-12 03:50:00,0.028134435
2019-04-12 04:00:00,0.012493372
2019-04-12 04:10:00,0.031291902
2019-04-12 04:20:00,0.014998645
2019-04-12 04:30:00,0.031167984
2019-04-12 04:40:00,0.012315303
2019-04-12 04:50:00,0.031335086
2019-04-12 05:00:00,0.013363004
2019-04-12 05:10:00,0.031243593
2019-04-12 05:20:00,0.011639029
2019-04-12 05:30:00,0.030162603
2019-04-12 05:40:00,0.0133968
2019-04-12 05:50:00,0.028803945
2019-04-12 06:00:00,0.011597335
2019-04-12 06:10:00,0.031074286
2019-04-12 06:20:00,0.013127774
2019-04-12 06:30:00,0.03250137
2019-04-12 06:40:00,0.011399627
2019-04-12 06:50:00,0.031467855
2019-04-12 07:00:00,0.013752967
2019-04-12 07:10:00,0.03492087
2019-04-12 07:20:00,0.01230219
2019-04-12 07:30:00,0.034695327
2019-04-12 07:40:00,0.014387757
2019-04-12 07:50:00,0.03673151
2019-04-12 08:00:00,0.012854129
2019-04-12 08:10:00,0.035692453
2019-04-12 08:20:00,0.01442793
2019-04-12 08:30:00,0.03962484
2019-04-12 08:40:00,0.013055235
2019-04-12 08:50:00,0.03410971
2019-04-12 09:00:00,0.014937639
2019-04-12 09:10:00,0.035640895
2019-04-12 09:20:00,0.013195902
2019-04-12 09:30:00,0.03450662
2019-04-12 09:40:00,0.015234977
2019-04-12 09:50:00,0.0376167
2019-04-12 10:00:00,0.013375193
2019-04-12 10:10:00,0.035136163
2019-04-12 10:20:00,0.015821218
2019-04-12 10:30:00,0.03804788
2019-04-12 10:40:00,0.013824791
2019-04-12 10:50:00,0.03583145
2019-04-12 11:00:00,0.01609978
2019-04-12 11:10:00,0.039449036
2019-04-12 11:20:00,0.014854282
2019-04-12 11:30:00,0.034907937
2019-04-12 11:40:00,0.016262472
2019-04-12 11:50:00,0.037555575
2019-04-12 12:00:00,0.014196366
2019-04-12 12:10:00,0.033247143
2019-04-12 12:20:00,0.01569745
2019-04-12 12:30:00,0.036861837
2019-04-12 12:40:00,0.0146540105
2019-04-12 12:50:00,0.03463003
2019-04-12 13:00:00,0.017972708
2019-04-12 13:10:00,0.03796029
2019-04-12 13:20:00,0.015794307
2019-04-12 13:30:00,0.03534484
2019-04-12 13:40:00,0.017918378
2019-04-12 13:50:00,0.036335796
2019-04-12 14:00:00,0.016670167
2019-04-12 14:10:00,0.035648912
2019-04-12 14:20:00,0.01930356
2019-04-12 14:30:00,0.038662434
2019-04-12 14:40:00,0.017553002
2019-04-12 14:50:00,0.03512287
2019-04-12 15:00:00,0.019164741
2019-04-12 15:10:00,0.036897838
2019-04-12 15:20:00,0.01773408
2019-04-12 15:30:00,0.034430265
2019-04-12 15:40:00,0.019403338
2019-04-12 15:50:00,0.035636276
2019-04-12 16:00:00,0.017038524
2019-04-12 16:10:00,0.03317502
2019-04-12 16:20:00,0.020079374
2019-04-12 16:30:00,0.035099894
2019-04-12 16:40:00,0.018948257
2019-04-12 16:50:00,0.03207752
2019-04-12 17:00:00,0.021069199
2019-04-12 17:10:00,0.034330696
2019-04-12 17:20:00,0.020366967
2019-04-12 17:30:00,0.03279373
2019-04-12 17:40:00,0.022210687
2019-04-12 17:50:00,0.035110414
2019-04-12 18:00:00,0.02026695
2019-04-12 18:10:00,0.032024145
2019-04-12 18:20:00,0.021295995
2019-04-12 18:30:00,0.034329593
2019-04-12 18:40:00,0.019910604
2019-04-12 18:50:00,0.02914378
2019-04-12 19:00:00,0.019702852
2019-04-12 19:10:00,0.033339053
2019-04-12 19:20:00,0.021084964
2019-04-12 19:30:00,0.036021054
2019-04-12 19:40:00,0.022630632
2019-04-12 19:50:00,0.03781584
2019-04-12 20:00:00,0.020776004
2019-04-12 20:10:00,0.033008873
2019-04-12 20:20:00,0.021314085
2019-04-12 20:30:00,0.036895335
2019-04-12 20:40:00,0.020630509
2019-04-12 20:50:00,0.032513678
2019-04-12 21:00:00,0.022687286
2019-04-12 21:10:00,0.03735107
2019-04-12 21:20:00,0.022418797
2019-04-12 21:30:00,0.0371916
2019-04-12 21:40:00,0.024766147
2019-04-12 21:50:00,0.039974958
2019-04-12 22:00:00,0.022969991
2019-04-12 22:10:00,0.03434494
2019-04-12 22:20:00,0.026216924
2019-04-12 22:30:00,0.038295716
2019-04-12 22:40:00,0.023890316
2019-04-12 22:50:00,0.033559978
2019-04-12 23:00:00,0.025509804
2019-04-12 23:10:00,0.03692013
2019-04-12 23:20:00,0.023205787
2019-04-12 23:30:00,0.032029778
2019-04-12 23:40:00,0.025390565
2019-04-12 23:50:00,0.037019044
2019-04-13 00:00:00,0.024419665
2019-04-13 00:10:00,0.030356526
2019-04-13 00:20:00,0.025524348
2019-04-13 00:30:00,0.033058554
2019-04-13 00:40:00,0.023213089
2019-04-13 00:50:00,0.031941503
2019-04-13 01:00:00,0.026509225
2019-04-13 01:10:00,0.036549956
2019-04-13 01:20:00,0.025082588
2019-04-13 01:30:00,0.02832225
2019-04-13 01:40:00,0.027601331
2019-04-13 01:50:00,0.03364268
2019-04-13 02:00:00,0.02567792
2019-04-13 02:10:00,0.028251976
2019-04-13 02:20:00,0.02614969
2019-04-13 02:30:00,0.030843586
2019-04-13 02:40:00,0.023175627
2019-04-13 02:50:00,0.023923814
2019-04-13 03:00:00,0.024533272
2019-04-13 03:10:00,0.026610583
2019-04-13 03:20:00,0.023388118
2019-04-13 03:30:00,0.023067176
2019-04-13 03:40:00,0.026355833
2019-04-13 03:50:00,0.025843501
2019-04-13 04:00:00,0.025922626
2019-04-13 04:10:00,0.02338633
2019-04-13 04:20:00,0.027881056
2019-04-13 04:30:00,0.026279598
2019-04-13 04:40:00,0.026318282
2019-04-13 04:50:00,0.023966253
2019-04-13 05:00:00,0.02758786
2019-04-13 05:10:00,0.025172323
2019-04-13 05:20:00,0.026692003
2019-04-13 05:30:00,0.02107343
2019-04-13 05:40:00,0.028111666
2019-04-13 05:50:00,0.025590062
2019-04-13 06:00:00,0.028770417
2019-04-13 06:10:00,0.02358836
2019-04-13 06:20:00,0.029176831
2019-04-13 06:30:00,0.0248003
2019-04-13 06:40:00,0.026794702
2019-04-13 06:50:00,0.022607863
2019-04-13 07:00:00,0.026318222
2019-04-13 07:10:00,0.02353558
2019-04-13 07:20:00,0.0246512
2019-04-13 07:30:00,0.021513402
2019-04-13 07:40:00,0.024845332
2019-04-13 07:50:00,0.023168653
2019-04-13 08:00:00,0.022561759
2019-04-13 08:10:00,0.020788878
2019-04-13 08:20:00,0.02391991
2019-04-13 08:30:00,0.023035407
2019-04-13 08:40:00,0.023989648
2019-04-13 08:50:00,0.022609264
2019-04-13 09:00:00,0.022920012
2019-04-13 09:10:00,0.022505224
2019-04-13 09:20:00,0.023580998
2019-04-13 09:30:00,0.021985441
2019-04-13 09:40:00,0.023371875
2019-04-13 09:50:00,0.02294916
2019-04-13 10:00:00,0.02137357
2019-04-13 10:10:00,0.022352815
2019-04-13 10:20:00,0.02374658
2019-04-13 10:30:00,0.022149533
2019-04-13 10:40:00,0.021901637
2019-04-13 10:50:00,0.021090657
2019-04-13 11:00:00,0.022189647
2019-04-13 11:10:00,0.021111697
2019-04-13 11:20:00,0.021595657
2019-04-13 11:30:00,0.019602984
2019-04-13 11:40:00,0.020947874
2019-04-13 11:50:00,0.020773083
2019-04-13 12:00:00,0.021343082
2019-04-13 12:10:00,0.021564096
2019-04-13 12:20:00,0.021346897
2019-04-13 12:30:00,0.021494985
2019-04-13 12:40:00,0.021681607
2019-04-13 12:50:00,0.021315873
2019-04-13 13:00:00,0.022596508
2019-04-13 13:10:00,0.02086261
2019-04-13 13:20:00,0.02235496
2019-04-13 13:30:00,0.02290678
2019-04-13 13:40:00,0.022432566
2019-04-13 13:50:00,0.021653622
2019-04-13 14:00:00,0.02319923
2019-04-13 14:10:00,0.022942603
2019-04-13 14:20:00,0.023676038
2019-04-13 14:30:00,0.022542953
2019-04-13 14:40:00,0.022429377
2019-04-13 14:50:00,0.022084743
2019-04-13 15:00:00,0.022243649
2019-04-13 15:10:00,0.021362543
2019-04-13 15:20:00,0.023404062
2019-04-13 15:30:00,0.021942228
2019-04-13 15:40:00,0.023796767
2019-04-13 15:50:00,0.02167973
2019-04-13 16:00:00,0.023593664
2019-04-13 16:10:00,0.021474719
2019-04-13 16:20:00,0.023374408
2019-04-13 16:30:00,0.021526128
2019-04-13 16:40:00,0.023746252
2019-04-13 16:50:00,0.023050398
2019-04-13 17:00:00,0.022985637
2019-04-13 17:10:00,0.022431552
2019-04-13 17:20:00,0.022536665
2019-04-13 17:30:00,0.02281934
2019-04-13 17:40:00,0.024605274
2019-04-13 17:50:00,0.022830516
2019-04-13 18:00:00,0.024351507
2019-04-13 18:10:00,0.023473531
2019-04-13 18:20:00,0.025297463
2019-04-13 18:30:00,0.02362588
2019-04-13 18:40:00,0.025671542
2019-04-13 18:50:00,0.024682581
2019-04-13 19:00:00,0.025456935
2019-04-13 19:10:00,0.02442649
2019-04-13 19:20:00,0.02516234
2019-04-13 19:30:00,0.024593443
2019-04-13 19:40:00,0.02379474
2019-04-13 19:50:00,0.022646904
2019-04-13 20:00:00,0.022170067
2019-04-13 20:10:00,0.02299574
2019-04-13 20:20:00,0.023329288
2019-04-13 20:30:00,0.022372305
2019-04-13 20:40:00,0.024299294
2019-04-13 20:50:00,0.023910344
2019-04-13 21:00:00,0.024562329
2019-04-13 21:10:00,0.023381352
2019-04-13 21:20:00,0.023592293
2019-04-13 21:30:00,0.024467707
2019-04-13 21:40:00,0.02470234
2019-04-13 21:50:00,0.024269849
2019-04-13 22:00:00,0.025094032
2019-04-13 22:10:00,0.024471074
2019-04-13 22:20:00,0.027180076
2019-04-13 22:30:00,0.024127066
2019-04-13 22:40:00,0.0275577
2019-04-13 22:50:00,0.025530666
2019-04-13 23:00:00,0.026866019
2019-04-13 23:10:00,0.02543825
2019-04-13 23:20:00,0.02672872
2019-04-13 23:30:00,0.026842922
2019-04-13 23:40:00,0.02962917
2019-04-13 23:50:00,0.026060313
2019-04-14 00:00:00,0.027671963
2019-04-14 00:10:00,0.026610494
2019-04-14 00:20:00,0.02914095
2019-04-14 00:30:00,0.025304914
2019-04-14 00:40:00,0.02627632
2019-04-14 00:50:00,0.027204484
2019-04-14 01:00:00,0.030737638
2019-04-14 01:10:00,0.026815176
2019-04-14 01:20:00,0.029509962
2019-04-14 01:30:00,0.028319418
2019-04-14 01:40:00,0.034543186
2019-04-14 01:50:00,0.028682858
2019-04-14 02:00:00,0.03486246
2019-04-14 02:10:00,0.032345235
2019-04-14 02:20:00,0.03804493
2019-04-14 02:30:00,0.03027594
2019-04-14 02:40:00,0.037656903
2019-04-14 02:50:00,0.030611426
2019-04-14 03:00:00,0.040722013
2019-04-14 03:10:00,0.030566335
2019-04-14 03:20:00,0.04201001
2019-04-14 03:30:00,0.031110764
2019-04-14 03:40:00,0.04375422
2019-04-14 03:50:00,0.031102568
2019-04-14 04:00:00,0.04092267
2019-04-14 04:10:00,0.030884236
2019-04-14 04:20:00,0.044466555
2019-04-14 04:30:00,0.03292173
2019-04-14 04:40:00,0.04397866
2019-04-14 04:50:00,0.03284359
2019-04-14 05:00:00,0.04462239
2019-04-14 05:10:00,0.03211686
2019-04-14 05:20:00,0.04373157
2019-04-14 05:30:00,0.032512695
2019-04-14 05:40:00,0.046411842
2019-04-14 05:50:00,0.03320688
2019-04-14 06:00:00,0.046251655
2019-04-14 06:10:00,0.03403738
2019-04-14 06:20:00,0.049570262
2019-04-14 06:30:00,0.033282787
2019-04-14 06:40:00,0.04824382
2019-04-14 06:50:00,0.035719395
2019-04-14 07:00:00,0.048352987
2019-04-14 07:10:00,0.035547256
2019-04-14 07:20:00,0.04953879
2019-04-14 07:30:00,0.03557527
2019-04-14 07:40:00,0.051862746
2019-04-14 07:50:00,0.037515253
2019-04-14 08:00:00,0.05306664
2019-04-14 08:10:00,0.039108485
2019-04-14 08:20:00,0.056315064
2019-04-14 08:30:00,0.037736118
2019-04-14 08:40:00,0.05503899
2019-04-14 08:50:00,0.037869066
2019-04-14 09:00:00,0.057700306
2019-04-14 09:10:00,0.037779003
2019-04-14 09:20:00,0.058778226
2019-04-14 09:30:00,0.038425714
2019-04-14 09:40:00,0.06266549
2019-04-14 09:50:00,0.040324688
2019-04-14 10:00:00,0.06472635
2019-04-14 10:10:00,0.041348636
2019-04-14 10:20:00,0.06620288
2019-04-14 10:30:00,0.039897054
2019-04-14 10:40:00,0.06106332
2019-04-14 10:50:00,0.03610176
2019-04-14 11:00:00,0.059301764
2019-04-14 11:10:00,0.03395641
2019-04-14 11:20:00,0.05267456
2019-04-14 11:30:00,0.031734943
2019-04-14 11:40:00,0.0559265
2019-04-14 11:50:00,0.03213018
2019-04-14 12:00:00,0.055956036
2019-04-14 12:10:00,0.03251204
2019-04-14 12:20:00,0.056351006
2019-04-14 12:30:00,0.03092426
2019-04-14 12:40:00,0.0529992
2019-04-14 12:50:00,0.029470563
2019-04-14 13:00:00,0.054265022
2019-04-14 13:10:00,0.028913975
2019-04-14 13:20:00,0.05094552
2019-04-14 13:30:00,0.028068274
2019-04-14 13:40:00,0.051559985
2019-04-14 13:50:00,0.028387636
2019-04-14 14:00:00,0.048698038
2019-04-14 14:10:00,0.027836561
2019-04-14 14:20:00,0.04773149
2019-04-14 14:30:00,0.02669549
2019-04-14 14:40:00,0.047414243
2019-04-14 14:50:00,0.026472598
2019-04-14 15:00:00,0.048040748
2019-04-14 15:10:00,0.026241064
2019-04-14 15:20:00,0.048208803
2019-04-14 15:30:00,0.02610296
2019-04-14 15:40:00,0.046409607
2019-04-14 15:50:00,0.025932759
2019-04-14 16:00:00,0.048288673
2019-04-14 16:10:00,0.024083436
2019-04-14 16:20:00,0.045792162
2019-04-14 16:30:00,0.0229851
2019-04-14 16:40:00,0.04375589
2019-04-14 16:50:00,0.021185994
2019-04-14 17:00:00,0.040382564
2019-04-14 17:10:00,0.021386683
2019-04-14 17:20:00,0.038678735
2019-04-14 17:30:00,0.02040878
2019-04-14 17:40:00,0.037739635
2019-04-14 17:50:00,0.021337211
2019-04-14 18:00:00,0.036906183
2019-04-14 18:10:00,0.019617647
2019-04-14 18:20:00,0.034077346
2019-04-14 18:30:00,0.01931876
2019-04-14 18:40:00,0.03195095
2019-04-14 18:50:00,0.016736269
2019-04-14 19:00:00,0.030127823
2019-04-14 19:10:00,0.017042518
2019-04-14 19:20:00,0.030320048
2019-04-14 19:30:00,0.01700598
2019-04-14 19:40:00,0.031885356
2019-04-14 19:50:00,0.017109782
2019-04-14 20:00:00,0.030608594
2019-04-14 20:10:00,0.016468316
2019-04-14 20:20:00,0.02947846
2019-04-14 20:30:00,0.015797138
2019-04-14 20:40:00,0.028319627
2019-04-14 20:50:00,0.015883923
2019-04-14 21:00:00,0.029406399
2019-04-14 21:10:00,0.016326845
2019-04-14 21:20:00,0.028973162
2019-04-14 21:30:00,0.017059356
2019-04-14 21:40:00,0.029233843
2019-04-14 21:50:00,0.015998363
2019-04-14 22:00:00,0.027213782
2019-04-14 22:10:00,0.015736967
2019-04-14 22:20:00,0.027586758
2019-04-14 22:30:00,0.015489727
2019-04-14 22:40:00,0.027486444
2019-04-14 22:50:00,0.0154183805
2019-04-14 23:00:00,0.02744764
2019-04-14 23:10:00,0.015698373
2019-04-14 23:20:00,0.025880992
2019-04-14 23:30:00,0.015386134
2019-04-14 23:40:00,0.025942028
2019-04-14 23:50:00,0.014862716
2019-04-15 00:00:00,0.023516387
2019-04-15 00:10:00,0.014646918
2019-04-15 00:20:00,0.023409665
2019-04-15 00:30:00,0.014266789
2019-04-15 00:40:00,0.020904094
2019-04-15 00:50:00,0.01367864
2019-04-15 01:00:00,0.021100074
2019-04-15 01:10:00,0.013569921
2019-04-15 01:20:00,0.01908034
2019-04-15 01:30:00,0.013656378
2019-04-15 01:40:00,0.019406527
2019-04-15 01:50:00,0.013784409
2019-04-15 02:00:00,0.01943764
2019-04-15 02:10:00,0.013972938
2019-04-15 02:20:00,0.019477904
2019-04-15 02:30:00,0.01409018
2019-04-15 02:40:00,0.019066542
2019-04-15 02:50:00,0.014527142
2019-04-15 03:00:00,0.019263417
2019-04-15 03:10:00,0.014800549
2019-04-15 03:20:00,0.019816786
2019-04-15 03:30:00,0.015734553
2019-04-15 03:40:00,0.019875288
2019-04-15 03:50:00,0.014841974
2019-04-15 04:00:00,0.019212812
2019-04-15 04:10:00,0.01464349
2019-04-15 04:20:00,0.019030899
2019-04-15 04:30:00,0.013914436
2019-04-15 04:40:00,0.017183691
2019-04-15 04:50:00,0.013786346
2019-04-15 05:00:00,0.017911881
2019-04-15 05:10:00,0.013785005
2019-04-15 05:20:00,0.017298281
2019-04-15 05:30:00,0.013622403
2019-04-15 05:40:00,0.016631663
2019-04-15 05:50:00,0.013428539
2019-04-15 06:00:00,0.015623301
2019-04-15 06:10:00,0.012301594
2019-04-15 06:20:00,0.015558213
2019-04-15 06:30:00,0.011399388
2019-04-15 06:40:00,0.013615936
2019-04-15 06:50:00,0.010972112
2019-04-15 07:00:00,0.014030725
2019-04-15 07:10:00,0.010528475
2019-04-15 07:20:00,0.013233155
2019-04-15 07:30:00,0.010165244
2019-04-15 07:40:00,0.014038503
2019-04-15 07:50:00,0.009455293
2019-04-15 08:00:00,0.0130392015
2019-04-15 08:10:00,0.009257972
2019-04-15 08:20:00,0.013125688
2019-04-15 08:30:00,0.009334028
2019-04-15 08:40:00,0.011660099
2019-04-15 08:50:00,0.009822905
2019-04-15 09:00:00,0.01172176
2019-04-15 09:10:00,0.009716898
2019-04-15 09:20:00,0.010820627
2019-04-15 09:30:00,0.010140628
2019-04-15 09:40:00,0.010976791
2019-04-15 09:50:00,0.009476036
2019-04-15 10:00:00,0.009821057
2019-04-15 10:10:00,0.00878191
2019-04-15 10:20:00,0.010116577
2019-04-15 10:30:00,0.0076711774
2019-04-15 10:40:00,0.009812474
2019-04-15 10:50:00,0.008197099
2019-04-15 11:00:00,0.0104522705
2019-04-15 11:10:00,0.0076004267
2019-04-15 11:20:00,0.009656936
2019-04-15 11:30:00,0.007563323
2019-04-15 11:40:00,0.010268182
2019-04-15 11:50:00,0.006919861
2019-04-15 12:00:00,0.009247452
2019-04-15 12:10:00,0.0062351823
2019-04-15 12:20:00,0.009478301
2019-04-15 12:30:00,0.006000519
2019-04-15 12:40:00,0.0090305805
2019-04-15 12:50:00,0.006063491
2019-04-15 13:00:00,0.009714276
2019-04-15 13:10:00,0.0055303276
2019-04-15 13:20:00,0.00905484
2019-04-15 13:30:00,0.005689949
2019-04-15 13:40:00,0.010712773
2019-04-15 13:50:00,0.0053162873
2019-04-15 14:00:00,0.009452462
2019-04-15 14:10:00,0.0051965714
2019-04-15 14:20:00,0.011133552
2019-04-15 14:30:00,0.0053545535
2019-04-15 14:40:00,0.009611189
2019-04-15 14:50:00,0.0053889453
2019-04-15 15:00:00,0.010597587
2019-04-15 15:10:00,0.0051524043
2019-04-15 15:20:00,0.009109169
2019-04-15 15:30:00,0.005174428
2019-04-15 15:40:00,0.010701269
2019-04-15 15:50:00,0.0050772727
2019-04-15 16:00:00,0.009789765
2019-04-15 16:10:00,0.0050127506
2019-04-15 16:20:00,0.0119614005
2019-04-15 16:30:00,0.005456865
2019-04-15 16:40:00,0.010872036
2019-04-15 16:50:00,0.0055713356
2019-04-15 17:00:00,0.012348652
2019-04-15 17:10:00,0.0061322153
2019-04-15 17:20:00,0.0125364065
2019-04-15 17:30:00,0.0058458447
2019-04-15 17:40:00,0.014522761
2019-04-15 17:50:00,0.0059836507
2019-04-15 18:00:00,0.012295991
2019-04-15 18:10:00,0.0055200458
2019-04-15 18:20:00,0.014454037
2019-04-15 18:30:00,0.0061397552
2019-04-15 18:40:00,0.012910575
2019-04-15 18:50:00,0.0049233437
2019-04-15 19:00:00,0.013986737
2019-04-15 19:10:00,0.00539726
2019-04-15 19:20:00,0.013046503
2019-04-15 19:30:00,0.0045027435
2019-04-15 19:40:00,0.015749037
2019-04-15 19:50:00,0.004683405
2019-04-15 20:00:00,0.013017446
2019-04-15 20:10:00,0.004500389
2019-04-15 20:20:00,0.015432775
2019-04-15 20:30:00,0.004920155
2019-04-15 20:40:00,0.013372064
2019-04-15 20:50:00,0.0041431487
2019-04-15 21:00:00,0.014645249
2019-04-15 21:10:00,0.004457116
2019-04-15 21:20:00,0.010970682
2019-04-15 21:30:00,0.0037708879
2019-04-15 21:40:00,0.014301002
2019-04-15 21:50:00,0.004562378
2019-04-15 22:00:00,0.01427868
2019-04-15 22:10:00,0.0042034984
2019-04-15 22:20:00,0.016571403
2019-04-15 22:30:00,0.0049562156
2019-04-15 22:40:00,0.014168769
2019-04-15 22:50:00,0.0041359365
2019-04-15 23:00:00,0.016304344
2019-04-15 23:10:00,0.0049055815
2019-04-15 23:20:00,0.015031308
2019-04-15 23:30:00,0.004570782
2019-04-15 23:40:00,0.017310113
2019-04-15 23:50:00,0.004976183
2019-04-16 00:00:00,0.014237136
2019-04-16 00:10:00,0.0043054223
2019-04-16 00:20:00,0.018355966
2019-04-16 00:30:00,0.0050103962
2019-04-16 00:40:00,0.016116798
2019-04-16 00:50:00,0.0045083463
2019-04-16 01:00:00,0.019425273
2019-04-16 01:10:00,0.0048358142
2019-04-16 01:20:00,0.018621504
2019-04-16 01:30:00,0.0046555996
2019-04-16 01:40:00,0.02111885
2019-04-16 01:50:00,0.0051794946
2019-04-16 02:00:00,0.019230068
2019-04-16 02:10:00,0.0045570433
2019-04-16 02:20:00,0.024307758
2019-04-16 02:30:00,0.0057065487
2019-04-16 02:40:00,0.02043584
2019-04-16 02:50:00,0.004796535
2019-04-16 03:00:00,0.02419871
2019-04-16 03:10:00,0.005535066
2019-04-16 03:20:00,0.020440787
2019-04-16 03:30:00,0.004336387
2019-04-16 03:40:00,0.022534996
2019-04-16 03:50:00,0.004547894
2019-04-16 04:00:00,0.019597799
2019-04-16 04:10:00,0.0038042963
2019-04-16 04:20:00,0.022170812
2019-04-16 04:30:00,0.0042393506
2019-04-16 04:40:00,0.020489931
2019-04-16 04:50:00,0.0037754476
2019-04-16 05:00:00,0.026970834
2019-04-16 05:10:00,0.0047246516
2019-04-16 05:20:00,0.024261922
2019-04-16 05:30:00,0.0038286448
2019-04-16 05:40:00,0.025931299
2019-04-16 05:50:00,0.004311502
2019-04-16 06:00:00,0.023636818
2019-04-16 06:10:00,0.0040876865
2019-04-16 06:20:00,0.026331544
2019-04-16 06:30:00,0.004602343
2019-04-16 06:40:00,0.026376098
2019-04-16 06:50:00,0.00392884
2019-04-16 07:00:00,0.029465616
2019-04-16 07:10:00,0.004514843
2019-04-16 07:20:00,0.028381139
2019-04-16 07:30:00,0.0040766597
2019-04-16 07:40:00,0.033157974
2019-04-16 07:50:00,0.004816979
2019-04-16 08:00:00,0.027141541
2019-04-16 08:10:00,0.004140228
2019-04-16 08:20:00,0.030283391
2019-04-16 08:30:00,0.0049779117
2019-04-16 08:40:00,0.027048528
2019-04-16 08:50:00,0.0042288303
2019-04-16 09:00:00,0.0305565
2019-04-16 09:10:00,0.0051185787
2019-04-16 09:20:00,0.02793312
2019-04-16 09:30:00,0.004530728
2019-04-16 09:40:00,0.033477724
2019-04-16 09:50:00,0.005589187
2019-04-16 10:00:00,0.030154258
2019-04-16 10:10:00,0.0048930645
2019-04-16 10:20:00,0.034005255
2019-04-16 10:30:00,0.0059503317
2019-04-16 10:40:00,0.030716896
2019-04-16 10:50:00,0.005176544
2019-04-16 11:00:00,0.030216336
2019-04-16 11:10:00,0.0062758923
2019-04-16 11:20:00,0.028535873
2019-04-16 11:30:00,0.005333334
2019-04-16 11:40:00,0.030941665
2019-04-16 11:50:00,0.0064167976
2019-04-16 12:00:00,0.0256159
2019-04-16 12:10:00,0.005824417
2019-04-16 12:20:00,0.028395236
2019-04-16 12:30:00,0.0072677433
2019-04-16 12:40:00,0.028894186
2019-04-16 12:50:00,0.006630987
2019-04-16 13:00:00,0.033174664
2019-04-16 13:10:00,0.008943975
2019-04-16 13:20:00,0.03108576
2019-04-16 13:30:00,0.007270694
2019-04-16 13:40:00,0.035063088
2019-04-16 13:50:00,0.009748399
2019-04-16 14:00:00,0.034243226
2019-04-16 14:10:00,0.009003371
2019-04-16 14:20:00,0.036801606
2019-04-16 14:30:00,0.010331571
2019-04-16 14:40:00,0.034236014
2019-04-16 14:50:00,0.00883618
2019-04-16 15:00:00,0.0370104
2019-04-16 15:10:00,0.011011213
2019-04-16 15:20:00,0.034733266
2019-04-16 15:30:00,0.009806126
2019-04-16 15:40:00,0.037785143
2019-04-16 15:50:00,0.011680931
2019-04-16 16:00:00,0.03692609
2019-04-16 16:10:00,0.011036962
2019-04-16 16:20:00,0.041985035
2019-04-16 16:30:00,0.01339826
2019-04-16 16:40:00,0.039703637
2019-04-16 16:50:00,0.011972904
2019-04-16 17:00:00,0.042054385
2019-04-16 17:10:00,0.014802635
2019-04-16 17:20:00,0.0397605
2019-04-16 17:30:00,0.013780832
2019-04-16 17:40:00,0.042514205
2019-04-16 17:50:00,0.015328258
2019-04-16 18:00:00,0.039156437
2019-04-16 18:10:00,0.01519978
2019-04-16 18:20:00,0.044164747
2019-04-16 18:30:00,0.018412441
2019-04-16 18:40:00,0.043474346
2019-04-16 18:50:00,0.016665488
2019-04-16 19:00:00,0.04351139
2019-04-16 19:10:00,0.021576315
2019-04-16 19:20:00,0.043321937
2019-04-16 19:30:00,0.020973355
2019-04-16 19:40:00,0.044617355
2019-04-16 19:50:00,0.023521751
2019-04-16 20:00:00,0.042821944
2019-04-16 20:10:00,0.022049427
2019-04-16 20:20:00,0.04445702
2019-04-16 20:30:00,0.024919838
2019-04-16 20:40:00,0.042387843
2019-04-16 20:50:00,0.02520603
2019-04-16 21:00:00,0.04264596
2019-04-16 21:10:00,0.02540934
2019-04-16 21:20:00,0.04228267
2019-04-16 21:30:00,0.02499789
2019-04-16 21:40:00,0.041240364
2019-04-16 21:50:00,0.024456322
2019-04-16 22:00:00,0.038693666
2019-04-16 22:10:00,0.024259627
2019-04-16 22:20:00,0.038785815
2019-04-16 22:30:00,0.023291498
2019-04-16 22:40:00,0.03777334
2019-04-16 22:50:00,0.020972192
2019-04-16 23:00:00,0.036767483
2019-04-16 23:10:00,0.021525443
2019-04-16 23:20:00,0.035045743
2019-04-16 23:30:00,0.01739648
2019-04-16 23:40:00,0.031808913
2019-04-16 23:50:00,0.018422425
2019-04-17 00:00:00,0.030531526
2019-04-17 00:10:00,0.017425388
2019-04-17 00:20:00,0.028010637
2019-04-17 00:30:00,0.017828375
2019-04-17 00:40:00,0.02422461
2019-04-17 00:50:00,0.016906291
2019-04-17 01:00:00,0.023819685
2019-04-17 01:10:00,0.018558562
2019-04-17 01:20:00,0.02539444
2019-04-17 01:30:00,0.018176198
2019-04-17 01:40:00,0.02604118
2019-04-17 01:50:00,0.020063877
2019-04-17 02:00:00,0.024034292
2019-04-17 02:10:00,0.019744456
2019-04-17 02:20:00,0.025717258
2019-04-17 02:30:00,0.02087605
2019-04-17 02:40:00,0.02599734
2019-04-17 02:50:00,0.020113647
2019-04-17 03:00:00,0.023554087
2019-04-17 03:10:00,0.017585784
2019-04-17 03:20:00,0.024396688
2019-04-17 03:30:00,0.022636235
2019-04-17 03:40:00,0.024291277
2019-04-17 03:50:00,0.021851659
2019-04-17 04:00:00,0.024777114
2019-04-17 04:10:00,0.020110428
2019-04-17 04:20:00,0.024199158
2019-04-17 04:30:00,0.02276215
2019-04-17 04:40:00,0.026659906
2019-04-17 04:50:00,0.02309513
2019-04-17 05:00:00,0.024866998
2019-04-17 05:10:00,0.02334392
2019-04-17 05:20:00,0.02582267
2019-04-17 05:30:00,0.022298336
2019-04-17 05:40:00,0.024867713
2019-04-17 05:50:00,0.022083819
2019-04-17 06:00:00,0.023004442
2019-04-17 06:10:00,0.020722985
2019-04-17 06:20:00,0.022784919
2019-04-17 06:30:00,0.021053702
2019-04-17 06:40:00,0.022000343
2019-04-17 06:50:00,0.019759595
2019-04-17 07:00:00,0.020885348
2019-04-17 07:10:00,0.022314876
2019-04-17 07:20:00,0.023198366
2019-04-17 07:30:00,0.022512555
2019-04-17 07:40:00,0.023516864
2019-04-17 07:50:00,0.024440259
2019-04-17 08:00:00,0.02512917
2019-04-17 08:10:00,0.023647904
2019-04-17 08:20:00,0.024040997
2019-04-17 08:30:00,0.025054306
2019-04-17 08:40:00,0.024923593
2019-04-17 08:50:00,0.024533987
2019-04-17 09:00:00,0.025274277
2019-04-17 09:10:00,0.026198506
2019-04-17 09:20:00,0.02592808
2019-04-17 09:30:00,0.026454747
2019-04-17 09:40:00,0.02595517
2019-04-17 09:50:00,0.026970297
2019-04-17 10:00:00,0.026246667
2019-04-17 10:10:00,0.027848959
2019-04-17 10:20:00,0.02678579
2019-04-17 10:30:00,0.030655205
2019-04-17 10:40:00,0.026995271
2019-04-17 10:50:00,0.029292256
2019-04-17 11:00:00,0.028307348
2019-04-17 11:10:00,0.03177902
2019-04-17 11:20:00,0.028126001
2019-04-17 11:30:00,0.028210014
2019-04-17 11:40:00,0.029895365
2019-04-17 11:50:00,0.028411418
2019-04-17 12:00:00,0.027667254
2019-04-17 12:10:00,0.02605629
2019-04-17 12:20:00,0.026146501
2019-04-17 12:30:00,0.027691543
2019-04-17 12:40:00,0.026613206
2019-04-17 12:50:00,0.026380926
2019-04-17 13:00:00,0.026168197
2019-04-17 13:10:00,0.027764648
2019-04-17 13:20:00,0.028883219
2019-04-17 13:30:00,0.028257608
2019-04-17 13:40:00,0.0303303
2019-04-17 13:50:00,0.03149578
2019-04-17 14:00:00,0.0314067
2019-04-17 14:10:00,0.030026108
2019-04-17 14:20:00,0.032214522
2019-04-17 14:30:00,0.032970637
2019-04-17 14:40:00,0.034380913
2019-04-17 14:50:00,0.032657117
2019-04-17 15:00:00,0.034389973
2019-04-17 15:10:00,0.03408894
2019-04-17 15:20:00,0.031245142
2019-04-17 15:30:00,0.024800181
2019-04-17 15:40:00,0.02687499
2019-04-17 15:50:00,0.022265643
2019-04-17 16:00:00,0.02246219
2019-04-17 16:10:00,0.016124874
2019-04-17 16:20:00,0.019381434
2019-04-17 16:30:00,0.016295016
2019-04-17 16:40:00,0.017939866
2019-04-17 16:50:00,0.014546752
2019-04-17 17:00:00,0.01785782
2019-04-17 17:10:00,0.015534341
2019-04-17 17:20:00,0.016466856
2019-04-17 17:30:00,0.01456058
2019-04-17 17:40:00,0.020178854
2019-04-17 17:50:00,0.017521977
2019-04-17 18:00:00,0.018728226
2019-04-17 18:10:00,0.01588872
2019-04-17 18:20:00,0.021446556
2019-04-17 18:30:00,0.018088728
2019-04-17 18:40:00,0.020177871
2019-04-17 18:50:00,0.01564458
2019-04-17 19:00:00,0.022829175
2019-04-17 19:10:00,0.019274086
2019-04-17 19:20:00,0.020395368
2019-04-17 19:30:00,0.013993382
2019-04-17 19:40:00,0.022204578
2019-04-17 19:50:00,0.016453773
2019-04-17 20:00:00,0.020335495
2019-04-17 20:10:00,0.0138708055
2019-04-17 20:20:00,0.02119869
2019-04-17 20:30:00,0.015038401
2019-04-17 20:40:00,0.018631548
2019-04-17 20:50:00,0.012916595
2019-04-17 21:00:00,0.020047396
2019-04-17 21:10:00,0.014828831
2019-04-17 21:20:00,0.01759696
2019-04-17 21:30:00,0.011454225
2019-04-17 21:40:00,0.018431395
2019-04-17 21:50:00,0.013208568
2019-04-17 22:00:00,0.01693812
2019-04-17 22:10:00,0.01092729
2019-04-17 22:20:00,0.018783808
2019-04-17 22:30:00,0.012522817
2019-04-17 22:40:00,0.016854942
2019-04-17 22:50:00,0.01115948
2019-04-17 23:00:00,0.019541353
2019-04-17 23:10:00,0.013076067
2019-04-17 23:20:00,0.016941816
2019-04-17 23:30:00,0.010403872
2019-04-17 23:40:00,0.018789321
2019-04-17 23:50:00,0.0119172335
2019-04-18 00:00:00,0.016044527
2019-04-18 00:10:00,0.009699702
2019-04-18 00:20:00,0.017525345
2019-04-18 00:30:00,0.011034399
2019-04-18 00:40:00,0.015635252
2019-04-18 00:50:00,0.009300768
2019-04-18 01:00:00,0.017884761
2019-04-18 01:10:00,0.010255694
2019-04-18 01:20:00,0.015111119
2019-04-18 01:30:00,0.008809358
2019-04-18 01:40:00,0.017307132
2019-04-18 01:50:00,0.009866387
2019-04-18 02:00:00,0.014743239
2019-04-18 02:10:00,0.009028852
2019-04-18 02:20:00,0.016888678
2019-04-18 02:30:00,0.009928763
2019-04-18 02:40:00,0.01494503
2019-04-18 02:50:00,0.0085656345
2019-04-18 03:00:00,0.016460925
2019-04-18 03:10:00,0.009356499
2019-04-18 03:20:00,0.013766468
2019-04-18 03:30:00,0.008473754
2019-04-18 03:40:00,0.016002983
2019-04-18 03:50:00,0.008536726
2019-04-18 04:00:00,0.015540779
2019-04-18 04:10:00,0.009542108
2019-04-18 04:20:00,0.018371403
2019-04-18 04:30:00,0.010556042
2019-04-18 04:40:00,0.01570192
2019-04-18 04:50:00,0.009820372
2019-04-18 05:00:00,0.0180794
2019-04-18 05:10:00,0.010333508
2019-04-18 05:20:00,0.013153762
2019-04-18 05:30:00,0.0077848136
2019-04-18 05:40:00,0.0148129165
2019-04-18 05:50:00,0.00876233
2019-04-18 06:00:00,0.012198508
2019-04-18 06:10:00,0.007847726
2019-04-18 06:20:00,0.014003068
2019-04-18 06:30:00,0.008541465
2019-04-18 06:40:00,0.012648851
2019-04-18 06:50:00,0.00858137
2019-04-18 07:00:00,0.017620564
2019-04-18 07:10:00,0.009288996
2019-04-18 07:20:00,0.0152753
2019-04-18 07:30:00,0.008484215
2019-04-18 07:40:00,0.017918378
2019-04-18 07:50:00,0.008780241
2019-04-18 08:00:00,0.014134616
2019-04-18 08:10:00,0.0077100396
2019-04-18 08:20:00,0.016429156
2019-04-18 08:30:00,0.008591443
2019-04-18 08:40:00,0.013548285
2019-04-18 08:50:00,0.007741004
2019-04-18 09:00:00,0.015604973
2019-04-18 09:10:00,0.007859826
2019-04-18 09:20:00,0.012584925
2019-04-18 09:30:00,0.0074802637
2019-04-18 09:40:00,0.015046865
2019-04-18 09:50:00,0.0080964565
2019-04-18 10:00:00,0.013321966
2019-04-18 10:10:00,0.007504612
2019-04-18 10:20:00,0.015219808
2019-04-18 10:30:00,0.0077345073
2019-04-18 10:40:00,0.012839466
2019-04-18 10:50:00,0.007575661
2019-04-18 11:00:00,0.015327722
2019-04-18 11:10:00,0.007890731
2019-04-18 11:20:00,0.012498677
2019-04-18 11:30:00,0.007423252
2019-04-18 11:40:00,0.014255583
2019-04-18 11:50:00,0.0078858435
2019-04-18 12:00:00,0.012120336
2019-04-18 12:10:00,0.007516384
2019-04-18 12:20:00,0.014867574
2019-04-18 12:30:00,0.007846177
2019-04-18 12:40:00,0.012183875
2019-04-18 12:50:00,0.007618934
2019-04-18 13:00:00,0.014228642
2019-04-18 13:10:00,0.00802502
2019-04-18 13:20:00,0.011885077
2019-04-18 13:30:00,0.008016795
2019-04-18 13:40:00,0.01387614
2019-04-18 13:50:00,0.008194983
2019-04-18 14:00:00,0.009795636
2019-04-18 14:10:00,0.007681966
2019-04-18 14:20:00,0.012315512
2019-04-18 14:30:00,0.008032352
2019-04-18 14:40:00,0.012375802
2019-04-18 14:50:00,0.0077807307
2019-04-18 15:00:00,0.014261901
2019-04-18 15:10:00,0.007895261
2019-04-18 15:20:00,0.011999965
2019-04-18 15:30:00,0.008203179
2019-04-18 15:40:00,0.01387006
2019-04-18 15:50:00,0.0084884465
2019-04-18 16:00:00,0.012932748
2019-04-18 16:10:00,0.008518517
2019-04-18 16:20:00,0.015983135
2019-04-18 16:30:00,0.010265946
2019-04-18 16:40:00,0.014521539
2019-04-18 16:50:00,0.010531008
2019-04-18 17:00:00,0.01802072
2019-04-18 17:10:00,0.011625797
2019-04-18 17:20:00,0.015605569
2019-04-18 17:30:00,0.010451674
2019-04-18 17:40:00,0.018451273
2019-04-18 17:50:00,0.011235833
2019-04-18 18:00:00,0.016193599
2019-04-18 18:10:00,0.010886759
2019-04-18 18:20:00,0.018410563
2019-04-18 18:30:00,0.011489749
2019-04-18 18:40:00,0.016850889
2019-04-18 18:50:00,0.0118685365
2019-04-18 19:00:00,0.019947499
2019-04-18 19:10:00,0.013188601
2019-04-18 19:20:00,0.01774761
2019-04-18 19:30:00,0.014184266
2019-04-18 19:40:00,0.0225707
2019-04-18 19:50:00,0.01566106
2019-04-18 20:00:00,0.019613028
2019-04-18 20:10:00,0.015744954
2019-04-18 20:20:00,0.023674935
2019-04-18 20:30:00,0.017744452
2019-04-18 20:40:00,0.021484733
2019-04-18 20:50:00,0.016620725
2019-04-18 21:00:00,0.025722444
2019-04-18 21:10:00,0.018282175
2019-04-18 21:20:00,0.022775143
2019-04-18 21:30:00,0.01790142
2019-04-18 21:40:00,0.025473833
2019-04-18 21:50:00,0.02147013
2019-04-18 22:00:00,0.02628398
2019-04-18 22:10:00,0.022900641
2019-04-18 22:20:00,0.032827556
2019-04-18 22:30:00,0.027971566
2019-04-18 22:40:00,0.03102529
2019-04-18 22:50:00,0.0261918
2019-04-18 23:00:00,0.035206348
2019-04-18 23:10:00,0.034965515
2019-04-18 23:20:00,0.03672555
2019-04-18 23:30:00,0.034036875
2019-04-18 23:40:00,0.043120712
2019-04-18 23:50:00,0.044506848
2019-04-19 00:00:00,0.04569781
2019-04-19 00:10:00,0.042045295
2019-04-19 00:20:00,0.04178083
2019-04-19 00:30:00,0.043175846
2019-04-19 00:40:00,0.040766567
2019-04-19 00:50:00,0.04045874
2019-04-19 01:00:00,0.038486898
2019-04-19 01:10:00,0.042460352
2019-04-19 01:20:00,0.03601435
2019-04-19 01:30:00,0.03953293
2019-04-19 01:40:00,0.036050856
2019-04-19 01:50:00,0.042009503
2019-04-19 02:00:00,0.03619209
2019-04-19 02:10:00,0.039269596
2019-04-19 02:20:00,0.038695455
2019-04-19 02:30:00,0.04282239
2019-04-19 02:40:00,0.03934878
2019-04-19 02:50:00,0.039891064
2019-04-19 03:00:00,0.03875938
2019-04-19 03:10:00,0.04249662
2019-04-19 03:20:00,0.039284587
2019-04-19 03:30:00,0.040661067
2019-04-19 03:40:00,0.033324957
2019-04-19 03:50:00,0.044734
2019-04-19 04:00:00,0.034939587
2019-04-19 04:10:00,0.045826524
2019-04-19 04:20:00,0.030809313
2019-04-19 04:30:00,0.049565583
2019-04-19 04:40:00,0.031071782
2019-04-19 04:50:00,0.049867272
2019-04-19 05:00:00,0.02929908
2019-04-19 05:10:00,0.04465893
2019-04-19 05:20:00,0.027608454
2019-04-19 05:30:00,0.04193929
2019-04-19 05:40:00,0.025396526
2019-04-19 05:50:00,0.038664103
2019-04-19 06:00:00,0.02752027
2019-04-19 06:10:00,0.03821385
2019-04-19 06:20:00,0.024824083
2019-04-19 06:30:00,0.037025094
2019-04-19 06:40:00,0.027527243
2019-04-19 06:50:00,0.037843496
2019-04-19 07:00:00,0.027148128
2019-04-19 07:10:00,0.037587255
2019-04-19 07:20:00,0.029319853
2019-04-19 07:30:00,0.038281918
2019-04-19 07:40:00,0.026898503
2019-04-19 07:50:00,0.03931901
2019-04-19 08:00:00,0.02960056
2019-04-19 08:10:00,0.03889352
2019-04-19 08:20:00,0.028329939
2019-04-19 08:30:00,0.040828496
2019-04-19 08:40:00,0.030073494
2019-04-19 08:50:00,0.03948173
2019-04-19 09:00:00,0.0263187
2019-04-19 09:10:00,0.037949324
2019-04-19 09:20:00,0.029571265
2019-04-19 09:30:00,0.0386585
2019-04-19 09:40:00,0.026209682
2019-04-19 09:50:00,0.03778383
2019-04-19 10:00:00,0.030831933
2019-04-19 10:10:00,0.037163407
2019-04-19 10:20:00,0.027258545
2019-04-19 10:30:00,0.038819224
2019-04-19 10:40:00,0.028546393
2019-04-19 10:50:00,0.03637266
2019-04-19 11:00:00,0.025473922
2019-04-19 11:10:00,0.03397417
2019-04-19 11:20:00,0.027442515
2019-04-19 11:30:00,0.034234643
2019-04-19 11:40:00,0.024682432
2019-04-19 11:50:00,0.034581155
2019-04-19 12:00:00,0.02767092
2019-04-19 12:10:00,0.035303712
2019-04-19 12:20:00,0.024360329
2019-04-19 12:30:00,0.034005404
2019-04-19 12:40:00,0.027000904
2019-04-19 12:50:00,0.035541654
2019-04-19 13:00:00,0.020399809
2019-04-19 13:10:00,0.036866814
2019-04-19 13:20:00,0.024983555
2019-04-19 13:30:00,0.03523177
2019-04-19 13:40:00,0.02159062
2019-04-19 13:50:00,0.033551246
2019-04-19 14:00:00,0.024763525
2019-04-19 14:10:00,0.035305947
2019-04-19 14:20:00,0.022322327
2019-04-19 14:30:00,0.03369996
2019-04-19 14:40:00,0.024341315
2019-04-19 14:50:00,0.033883005
2019-04-19 15:00:00,0.022468776
2019-04-19 15:10:00,0.03149274
2019-04-19 15:20:00,0.025367677
2019-04-19 15:30:00,0.031952173
2019-04-19 15:40:00,0.021062583
2019-04-19 15:50:00,0.029375583
2019-04-19 16:00:00,0.022841722
2019-04-19 16:10:00,0.030118495
2019-04-19 16:20:00,0.018997729
2019-04-19 16:30:00,0.028382897
2019-04-19 16:40:00,0.02002278
2019-04-19 16:50:00,0.027736306
2019-04-19 17:00:00,0.018330395
2019-04-19 17:10:00,0.026954532
2019-04-19 17:20:00,0.020297796
2019-04-19 17:30:00,0.026267558
2019-04-19 17:40:00,0.016535789
2019-04-19 17:50:00,0.026623905
2019-04-19 18:00:00,0.018115163
2019-04-19 18:10:00,0.027751088
2019-04-19 18:20:00,0.016494691
2019-04-19 18:30:00,0.026600331
2019-04-19 18:40:00,0.018579125
2019-04-19 18:50:00,0.027292967
2019-04-19 19:00:00,0.016414344
2019-04-19 19:10:00,0.025206208
2019-04-19 19:20:00,0.017306954
2019-04-19 19:30:00,0.027126938
2019-04-19 19:40:00,0.015736967
2019-04-19 19:50:00,0.02660212
2019-04-19 20:00:00,0.018237472
2019-04-19 20:10:00,0.027391821
2019-04-19 20:20:00,0.016230226
2019-04-19 20:30:00,0.02485308
2019-04-19 20:40:00,0.017782778
2019-04-19 20:50:00,0.025792629
2019-04-19 21:00:00,0.014986306
2019-04-19 21:10:00,0.024766117
2019-04-19 21:20:00,0.017112821
2019-04-19 21:30:00,0.02540496
2019-04-19 21:40:00,0.014919311
2019-04-19 21:50:00,0.023702085
2019-04-19 22:00:00,0.015880138
2019-04-19 22:10:00,0.024368644
2019-04-19 22:20:00,0.014455795
2019-04-19 22:30:00,0.025205195
2019-04-19 22:40:00,0.016367823
2019-04-19 22:50:00,0.026357979
2019-04-19 23:00:00,0.014346063
2019-04-19 23:10:00,0.027153432
2019-04-19 23:20:00,0.016544372
2019-04-19 23:30:00,0.026655734
2019-04-19 23:40:00,0.01501447
2019-04-19 23:50:00,0.024440527
2019-04-20 00:00:00,0.015771985
2019-04-20 00:10:00,0.02413845
2019-04-20 00:20:00,0.014342934
2019-04-20 00:30:00,0.022545993
2019-04-20 00:40:00,0.015226841
2019-04-20 00:50:00,0.023484528
2019-04-20 01:00:00,0.013719171
2019-04-20 01:10:00,0.022708535
2019-04-20 01:20:00,0.014611334
2019-04-20 01:30:00,0.023441315
2019-04-20 01:40:00,0.012614101
2019-04-20 01:50:00,0.0227108
2019-04-20 02:00:00,0.0139606
2019-04-20 02:10:00,0.022792935
2019-04-20 02:20:00,0.012986064
2019-04-20 02:30:00,0.021980435
2019-04-20 02:40:00,0.014169008
2019-04-20 02:50:00,0.021221638
2019-04-20 03:00:00,0.011940658
2019-04-20 03:10:00,0.020133197
2019-04-20 03:20:00,0.013484061
2019-04-20 03:30:00,0.020341605
2019-04-20 03:40:00,0.012894362
2019-04-20 03:50:00,0.018054068
2019-04-20 04:00:00,0.013392776
2019-04-20 04:10:00,0.019421458
2019-04-20 04:20:00,0.01389569
2019-04-20 04:30:00,0.01742354
2019-04-20 04:40:00,0.0137759745
2019-04-20 04:50:00,0.017917454
2019-04-20 05:00:00,0.014014065
2019-04-20 05:10:00,0.017186195
2019-04-20 05:20:00,0.014794558
2019-04-20 05:30:00,0.017958373
2019-04-20 05:40:00,0.013082296
2019-04-20 05:50:00,0.017069936
2019-04-20 06:00:00,0.014155179
2019-04-20 06:10:00,0.01711744
2019-04-20 06:20:00,0.009664178
2019-04-20 06:30:00,0.015169293
2019-04-20 06:40:00,0.010205567
2019-04-20 06:50:00,0.013854921
2019-04-20 07:00:00,0.010348618
2019-04-20 07:10:00,0.0119024515
2019-04-20 07:20:00,0.01030308
2019-04-20 07:30:00,0.011760414
2019-04-20 07:40:00,0.011353403
2019-04-20 07:50:00,0.011356145
2019-04-20 08:00:00,0.012025505
2019-04-20 08:10:00,0.010916829
2019-04-20 08:20:00,0.011601865
2019-04-20 08:30:00,0.009904712
2019-04-20 08:40:00,0.012153864
2019-04-20 08:50:00,0.010824263
2019-04-20 09:00:00,0.011617839
2019-04-20 09:10:00,0.010356128
2019-04-20 09:20:00,0.012433946
2019-04-20 09:30:00,0.010125607
2019-04-20 09:40:00,0.011940509
2019-04-20 09:50:00,0.009881914
2019-04-20 10:00:00,0.011886716
2019-04-20 10:10:00,0.009367079
2019-04-20 10:20:00,0.012163758
2019-04-20 10:30:00,0.00927785
2019-04-20 10:40:00,0.012866557
2019-04-20 10:50:00,0.009129703
2019-04-20 11:00:00,0.012665987
2019-04-20 11:10:00,0.008578628
2019-04-20 11:20:00,0.013692617
2019-04-20 11:30:00,0.00796634
2019-04-20 11:40:00,0.014043331
2019-04-20 11:50:00,0.0076335073
2019-04-20 12:00:00,0.01431039
2019-04-20 12:10:00,0.008436978
2019-04-20 12:20:00,0.014813513
2019-04-20 12:30:00,0.008238763
2019-04-20 12:40:00,0.015049368
2019-04-20 12:50:00,0.008418411
2019-04-20 13:00:00,0.015264511
2019-04-20 13:10:00,0.007510662
2019-04-20 13:20:00,0.015230238
2019-04-20 13:30:00,0.0088810325
2019-04-20 13:40:00,0.0142305195
2019-04-20 13:50:00,0.008190155
2019-04-20 14:00:00,0.014278531
2019-04-20 14:10:00,0.007811427
2019-04-20 14:20:00,0.012449533
2019-04-20 14:30:00,0.0068329573
2019-04-20 14:40:00,0.0116892755
2019-04-20 14:50:00,0.0063127577
2019-04-20 15:00:00,0.00974977
2019-04-20 15:10:00,0.0053623617
2019-04-20 15:20:00,0.008873552
2019-04-20 15:30:00,0.005060613
2019-04-20 15:40:00,0.0080937445
2019-04-20 15:50:00,0.004601538
2019-04-20 16:00:00,0.00797528
2019-04-20 16:10:00,0.0044353306
2019-04-20 16:20:00,0.0074174106
2019-04-20 16:30:00,0.0039218366
2019-04-20 16:40:00,0.007040441
2019-04-20 16:50:00,0.0037337244
2019-04-20 17:00:00,0.0057085752
2019-04-20 17:10:00,0.003494203
2019-04-20 17:20:00,0.0053938925
2019-04-20 17:30:00,0.0033567548
2019-04-20 17:40:00,0.0051986277
2019-04-20 17:50:00,0.0031427443
2019-04-20 18:00:00,0.004612565
2019-04-20 18:10:00,0.0027547479
2019-04-20 18:20:00,0.0046778023
2019-04-20 18:30:00,0.003009379
2019-04-20 18:40:00,0.0045793355
2019-04-20 18:50:00,0.0030758977
2019-04-20 19:00:00,0.00487563
2019-04-20 19:10:00,0.0030724108
2019-04-20 19:20:00,0.004627466
2019-04-20 19:30:00,0.0031114817
2019-04-20 19:40:00,0.0046414733
2019-04-20 19:50:00,0.0032049716
2019-04-20 20:00:00,0.0053929985
2019-04-20 20:10:00,0.0034477413
2019-04-20 20:20:00,0.005526781
2019-04-20 20:30:00,0.0033724308
2019-04-20 20:40:00,0.004764825
2019-04-20 20:50:00,0.003261
2019-04-20 21:00:00,0.005294949
2019-04-20 21:10:00,0.0033031106
2019-04-20 21:20:00,0.0044234693
2019-04-20 21:30:00,0.0032687187
2019-04-20 21:40:00,0.004551083
2019-04-20 21:50:00,0.0034119487
2019-04-20 22:00:00,0.0042550564
2019-04-20 22:10:00,0.0036286414
2019-04-20 22:20:00,0.0045868456
2019-04-20 22:30:00,0.003627956
2019-04-20 22:40:00,0.0041938126
2019-04-20 22:50:00,0.0037916899
2019-04-20 23:00:00,0.004446149
2019-04-20 23:10:00,0.0036394596
2019-04-20 23:20:00,0.003987998
2019-04-20 23:30:00,0.0036222637
2019-04-20 23:40:00,0.004207015
2019-04-20 23:50:00,0.0034241676
2019-04-21 00:00:00,0.0040408373
2019-04-21 00:10:00,0.0038187206
2019-04-21 00:20:00,0.0047831237
2019-04-21 00:30:00,0.003738284
2019-04-21 00:40:00,0.0045067966
2019-04-21 00:50:00,0.0037027597
2019-04-21 01:00:00,0.0045322776
2019-04-21 01:10:00,0.0036343634
2019-04-21 01:20:00,0.0041365027
2019-04-21 01:30:00,0.0036172569
2019-04-21 01:40:00,0.004525602
2019-04-21 01:50:00,0.0037581623
2019-04-21 02:00:00,0.0042895973
2019-04-21 02:10:00,0.0037429929
2019-04-21 02:20:00,0.0044353604
2019-04-21 02:30:00,0.0035909116
2019-04-21 02:40:00,0.004117459
2019-04-21 02:50:00,0.0038747787
2019-04-21 03:00:00,0.0047955215
2019-04-21 03:10:00,0.003853798
2019-04-21 03:20:00,0.004423797
2019-04-21 03:30:00,0.004006207
2019-04-21 03:40:00,0.0048290193
2019-04-21 03:50:00,0.003715068
2019-04-21 04:00:00,0.004284829
2019-04-21 04:10:00,0.0039123297
2019-04-21 04:20:00,0.0045701265
2019-04-21 04:30:00,0.0037077367
2019-04-21 04:40:00,0.0040636957
2019-04-21 04:50:00,0.0037890077
2019-04-21 05:00:00,0.0047345757
2019-04-21 05:10:00,0.0036049783
2019-04-21 05:20:00,0.004160613
2019-04-21 05:30:00,0.003733158
2019-04-21 05:40:00,0.004985869
2019-04-21 05:50:00,0.003790319
2019-04-21 06:00:00,0.0044642985
2019-04-21 06:10:00,0.0037067533
2019-04-21 06:20:00,0.005514562
2019-04-21 06:30:00,0.003931135
2019-04-21 06:40:00,0.0049673915
2019-04-21 06:50:00,0.0039663315
2019-04-21 07:00:00,0.0058639944
2019-04-21 07:10:00,0.003920734
2019-04-21 07:20:00,0.0052219033
2019-04-21 07:30:00,0.0041026473
2019-04-21 07:40:00,0.0060367584
2019-04-21 07:50:00,0.0040694475
2019-04-21 08:00:00,0.0054807663
2019-04-21 08:10:00,0.004474163
2019-04-21 08:20:00,0.006714672
2019-04-21 08:30:00,0.0045849085
2019-04-21 08:40:00,0.0060789883
2019-04-21 08:50:00,0.0050862134
2019-04-21 09:00:00,0.0070967376
2019-04-21 09:10:00,0.005104929
2019-04-21 09:20:00,0.006346613
2019-04-21 09:30:00,0.005587697
2019-04-21 09:40:00,0.007917821
2019-04-21 09:50:00,0.0061707795
2019-04-21 10:00:00,0.00784117
2019-04-21 10:10:00,0.006984532
2019-04-21 10:20:00,0.008902848
2019-04-21 10:30:00,0.0068971813
2019-04-21 10:40:00,0.008171201
2019-04-21 10:50:00,0.007844269
2019-04-21 11:00:00,0.009021908
2019-04-21 11:10:00,0.008340865
2019-04-21 11:20:00,0.008364707
2019-04-21 11:30:00,0.00951916
2019-04-21 11:40:00,0.01042226
2019-04-21 11:50:00,0.010008723
2019-04-21 12:00:00,0.009648383
2019-04-21 12:10:00,0.010708123
2019-04-21 12:20:00,0.01149869
2019-04-21 12:30:00,0.011265069
2019-04-21 12:40:00,0.00975728
2019-04-21 12:50:00,0.011193156
2019-04-21 13:00:00,0.014933318
2019-04-21 13:10:00,0.0130624175
2019-04-21 13:20:00,0.014141768
2019-04-21 13:30:00,0.014342964
2019-04-21 13:40:00,0.01685962
2019-04-21 13:50:00,0.015642196
2019-04-21 14:00:00,0.016673684
2019-04-21 14:10:00,0.016876519
2019-04-21 14:20:00,0.017489254
2019-04-21 14:30:00,0.014942557
2019-04-21 14:40:00,0.016526252
2019-04-21 14:50:00,0.020160913
2019-04-21 15:00:00,0.020765454
2019-04-21 15:10:00,0.020381987
2019-04-21 15:20:00,0.020749569
2019-04-21 15:30:00,0.022511184
2019-04-21 15:40:00,0.024546474
2019-04-21 15:50:00,0.024174184
2019-04-21 16:00:00,0.024225742
2019-04-21 16:10:00,0.026697159
2019-04-21 16:20:00,0.027843326
2019-04-21 16:30:00,0.026166052
2019-04-21 16:40:00,0.024763823
2019-04-21 16:50:00,0.027713418
2019-04-21 17:00:00,0.027704507
2019-04-21 17:10:00,0.025743186
2019-04-21 17:20:00,0.026027888
2019-04-21 17:30:00,0.027855337
2019-04-21 17:40:00,0.030124098
2019-04-21 17:50:00,0.030452788
2019-04-21 18:00:00,0.030465215
2019-04-21 18:10:00,0.032910883
2019-04-21 18:20:00,0.03384462
2019-04-21 18:30:00,0.03346154
2019-04-21 18:40:00,0.0320051
2019-04-21 18:50:00,0.03595072
2019-04-21 19:00:00,0.036126167
2019-04-21 19:10:00,0.032660544
2019-04-21 19:20:00,0.02922666
2019-04-21 19:30:00,0.030150801
2019-04-21 19:40:00,0.037154436
2019-04-21 19:50:00,0.028327823
2019-04-21 20:00:00,0.0362629
2019-04-21 20:10:00,0.033192188
2019-04-21 20:20:00,0.044299185
2019-04-21 20:30:00,0.032396793
2019-04-21 20:40:00,0.042848676
2019-04-21 20:50:00,0.03425759
2019-04-21 21:00:00,0.050938994
2019-04-21 21:10:00,0.034278452
2019-04-21 21:20:00,0.047432065
2019-04-21 21:30:00,0.03895229
2019-04-21 21:40:00,0.06064111
2019-04-21 21:50:00,0.038969964
2019-04-21 22:00:00,0.06061408
2019-04-21 22:10:00,0.04018393
2019-04-21 22:20:00,0.06869522
2019-04-21 22:30:00,0.037621737
2019-04-21 22:40:00,0.0674659
2019-04-21 22:50:00,0.03772834
2019-04-21 23:00:00,0.07778129
2019-04-21 23:10:00,0.043182194
2019-04-21 23:20:00,0.07730687
2019-04-21 23:30:00,0.04916951
2019-04-21 23:40:00,0.09178442
2019-04-21 23:50:00,0.043068856
2019-04-22 00:00:00,0.08336529
2019-04-22 00:10:00,0.043640196
2019-04-22 00:20:00,0.09578702
2019-04-22 00:30:00,0.053889066
2019-04-22 00:40:00,0.09482944
2019-04-22 00:50:00,0.051967084
2019-04-22 01:00:00,0.10786468
2019-04-22 01:10:00,0.0492979
2019-04-22 01:20:00,0.09737253
2019-04-22 01:30:00,0.048258454
2019-04-22 01:40:00,0.09881711
2019-04-22 01:50:00,0.045914352
2019-04-22 02:00:00,0.08798826
2019-04-22 02:10:00,0.042545438
2019-04-22 02:20:00,0.083379656
2019-04-22 02:30:00,0.040911824
2019-04-22 02:40:00,0.0738318
2019-04-22 02:50:00,0.038695604
2019-04-22 03:00:00,0.080296785
2019-04-22 03:10:00,0.041220218
2019-04-22 03:20:00,0.07527083
2019-04-22 03:30:00,0.039366603
2019-04-22 03:40:00,0.074701935
2019-04-22 03:50:00,0.038538158
2019-04-22 04:00:00,0.07648885
2019-04-22 04:10:00,0.0371536
2019-04-22 04:20:00,0.0729574
2019-04-22 04:30:00,0.035327733
2019-04-22 04:40:00,0.06509015
2019-04-22 04:50:00,0.036544442
2019-04-22 05:00:00,0.06267899
2019-04-22 05:10:00,0.033817023
2019-04-22 05:20:00,0.05847186
2019-04-22 05:30:00,0.031727254
2019-04-22 05:40:00,0.05518505
2019-04-22 05:50:00,0.029506356
2019-04-22 06:00:00,0.051404476
2019-04-22 06:10:00,0.026975602
2019-04-22 06:20:00,0.05118823
2019-04-22 06:30:00,0.028829247
2019-04-22 06:40:00,0.054174244
2019-04-22 06:50:00,0.02780065
2019-04-22 07:00:00,0.050251126
2019-04-22 07:10:00,0.028361768
2019-04-22 07:20:00,0.050592273
2019-04-22 07:30:00,0.028054446
2019-04-22 07:40:00,0.04854399
2019-04-22 07:50:00,0.028798968
2019-04-22 08:00:00,0.049785316
2019-04-22 08:10:00,0.02820018
2019-04-22 08:20:00,0.048880935
2019-04-22 08:30:00,0.02958566
2019-04-22 08:40:00,0.04834932
2019-04-22 08:50:00,0.026888132
2019-04-22 09:00:00,0.047259837
2019-04-22 09:10:00,0.02882579
2019-04-22 09:20:00,0.04541567
2019-04-22 09:30:00,0.025421917
2019-04-22 09:40:00,0.043633133
2019-04-22 09:50:00,0.02620107
2019-04-22 10:00:00,0.043783963
2019-04-22 10:10:00,0.024566412
2019-04-22 10:20:00,0.041573197
2019-04-22 10:30:00,0.023903936
2019-04-22 10:40:00,0.040097713
2019-04-22 10:50:00,0.021030128
2019-04-22 11:00:00,0.03477758
2019-04-22 11:10:00,0.02071327
2019-04-22 11:20:00,0.034858525
2019-04-22 11:30:00,0.020296186
2019-04-22 11:40:00,0.03468916
2019-04-22 11:50:00,0.021293074
2019-04-22 12:00:00,0.03390661
2019-04-22 12:10:00,0.01900655
2019-04-22 12:20:00,0.032511532
2019-04-22 12:30:00,0.02021578
2019-04-22 12:40:00,0.032768518
2019-04-22 12:50:00,0.018357545
2019-04-22 13:00:00,0.031145751
2019-04-22 13:10:00,0.018666118
2019-04-22 13:20:00,0.029241383
2019-04-22 13:30:00,0.017101854
2019-04-22 13:40:00,0.03045836
2019-04-22 13:50:00,0.01682347
2019-04-22 14:00:00,0.028289407
2019-04-22 14:10:00,0.01599145
2019-04-22 14:20:00,0.027540177
2019-04-22 14:30:00,0.016715705
2019-04-22 14:40:00,0.02636534
2019-04-22 14:50:00,0.015483797
2019-04-22 15:00:00,0.02661103
2019-04-22 15:10:00,0.016271919
2019-04-22 15:20:00,0.027127564
2019-04-22 15:30:00,0.015074581
2019-04-22 15:40:00,0.026830822
2019-04-22 15:50:00,0.014949232
2019-04-22 16:00:00,0.027103394
2019-04-22 16:10:00,0.012303919
2019-04-22 16:20:00,0.024386108
2019-04-22 16:30:00,0.012271255
2019-04-22 16:40:00,0.023270518
2019-04-22 16:50:00,0.009637564
2019-04-22 17:00:00,0.019525051
2019-04-22 17:10:00,0.009456068
2019-04-22 17:20:00,0.018440634
2019-04-22 17:30:00,0.008207679
2019-04-22 17:40:00,0.016055435
2019-04-22 17:50:00,0.0078457
2019-04-22 18:00:00,0.014888883
2019-04-22 18:10:00,0.0062110424
2019-04-22 18:20:00,0.012876391
2019-04-22 18:30:00,0.0060735345
2019-04-22 18:40:00,0.012511641
2019-04-22 18:50:00,0.0058152378
2019-04-22 19:00:00,0.012249976
2019-04-22 19:10:00,0.0061021745
2019-04-22 19:20:00,0.011858672
2019-04-22 19:30:00,0.005577475
2019-04-22 19:40:00,0.0115529895
2019-04-22 19:50:00,0.0061540008
2019-04-22 20:00:00,0.012029678
2019-04-22 20:10:00,0.005924076
2019-04-22 20:20:00,0.011600912
2019-04-22 20:30:00,0.0056390464
2019-04-22 20:40:00,0.01044336
2019-04-22 20:50:00,0.0052603483
2019-04-22 21:00:00,0.010183424
2019-04-22 21:10:00,0.005586028
2019-04-22 21:20:00,0.009648263
2019-04-22 21:30:00,0.0046732128
2019-04-22 21:40:00,0.009322256
2019-04-22 21:50:00,0.0045561194
2019-04-22 22:00:00,0.008743882
2019-04-22 22:10:00,0.0037409663
2019-04-22 22:20:00,0.008295655
2019-04-22 22:30:00,0.003975332
2019-04-22 22:40:00,0.008497894
2019-04-22 22:50:00,0.0036667585
2019-04-22 23:00:00,0.008002222
2019-04-22 23:10:00,0.0037886202
2019-04-22 23:20:00,0.007828891
2019-04-22 23:30:00,0.003327787
2019-04-22 23:40:00,0.0072820187
2019-04-22 23:50:00,0.0032655299
2019-04-23 00:00:00,0.0071481466
2019-04-23 00:10:00,0.0032278895
2019-04-23 00:20:00,0.0072384477
2019-04-23 00:30:00,0.0034914017
2019-04-23 00:40:00,0.0073008835
2019-04-23 00:50:00,0.0033399463
2019-04-23 01:00:00,0.0071020722
2019-04-23 01:10:00,0.0033630729
2019-04-23 01:20:00,0.0070482492
2019-04-23 01:30:00,0.0031974316
2019-04-23 01:40:00,0.0065489113
2019-04-23 01:50:00,0.00319466
2019-04-23 02:00:00,0.0064146817
2019-04-23 02:10:00,0.0030134916
2019-04-23 02:20:00,0.0060812533
2019-04-23 02:30:00,0.0031605363
2019-04-23 02:40:00,0.0059302747
2019-04-23 02:50:00,0.0031615794
2019-04-23 03:00:00,0.005712241
2019-04-23 03:10:00,0.0033839047
2019-04-23 03:20:00,0.0059584677
2019-04-23 03:30:00,0.0034603179
2019-04-23 03:40:00,0.0067708194
2019-04-23 03:50:00,0.0036681592
2019-04-23 04:00:00,0.006668836
2019-04-23 04:10:00,0.00372985
2019-04-23 04:20:00,0.006793171
2019-04-23 04:30:00,0.0037744045
2019-04-23 04:40:00,0.006813079
2019-04-23 04:50:00,0.0040510893
2019-04-23 05:00:00,0.007525295
2019-04-23 05:10:00,0.004118204
2019-04-23 05:20:00,0.0072034
2019-04-23 05:30:00,0.003820479
2019-04-23 05:40:00,0.0076889396
2019-04-23 05:50:00,0.003929913
2019-04-23 06:00:00,0.007617146
2019-04-23 06:10:00,0.0038927794
2019-04-23 06:20:00,0.007653564
2019-04-23 06:30:00,0.0038251579
2019-04-23 06:40:00,0.007622838
2019-04-23 06:50:00,0.0035763383
2019-04-23 07:00:00,0.0074524283
2019-04-23 07:10:00,0.0036070049
2019-04-23 07:20:00,0.007284701
2019-04-23 07:30:00,0.003578633
2019-04-23 07:40:00,0.0076526105
2019-04-23 07:50:00,0.0035271347
2019-04-23 08:00:00,0.0075691044
2019-04-23 08:10:00,0.0037814975
2019-04-23 08:20:00,0.008206725
2019-04-23 08:30:00,0.0040335655
2019-04-23 08:40:00,0.008668184
2019-04-23 08:50:00,0.004633963
2019-04-23 09:00:00,0.009283185
2019-04-23 09:10:00,0.004858345
2019-04-23 09:20:00,0.009376049
2019-04-23 09:30:00,0.004561782
2019-04-23 09:40:00,0.00954628
2019-04-23 09:50:00,0.003848046
2019-04-23 10:00:00,0.0081276
2019-04-23 10:10:00,0.003651768
2019-04-23 10:20:00,0.007616788
2019-04-23 10:30:00,0.0030203462
2019-04-23 10:40:00,0.005738735
2019-04-23 10:50:00,0.0030656755
2019-04-23 11:00:00,0.005467087
2019-04-23 11:10:00,0.0030114949
2019-04-23 11:20:00,0.005040586
2019-04-23 11:30:00,0.003042698
2019-04-23 11:40:00,0.005481124
2019-04-23 11:50:00,0.0030342042
2019-04-23 12:00:00,0.0050810277
2019-04-23 12:10:00,0.0032905936
2019-04-23 12:20:00,0.0059416294
2019-04-23 12:30:00,0.0035883486
2019-04-23 12:40:00,0.005788237
2019-04-23 12:50:00,0.003502518
2019-04-23 13:00:00,0.006541997
2019-04-23 13:10:00,0.0037213266
2019-04-23 13:20:00,0.0059292912
2019-04-23 13:30:00,0.003681779
2019-04-23 13:40:00,0.0064241886
2019-04-23 13:50:00,0.0036951303
2019-04-23 14:00:00,0.0058083534
2019-04-23 14:10:00,0.0037025511
2019-04-23 14:20:00,0.0059095323
2019-04-23 14:30:00,0.003980398
2019-04-23 14:40:00,0.0055597425
2019-04-23 14:50:00,0.0036988556
2019-04-23 15:00:00,0.005542308
2019-04-23 15:10:00,0.0035707653
2019-04-23 15:20:00,0.0050389767
2019-04-23 15:30:00,0.0034259856
2019-04-23 15:40:00,0.005089313
2019-04-23 15:50:00,0.003435135
2019-04-23 16:00:00,0.004574299
2019-04-23 16:10:00,0.0033721626
2019-04-23 16:20:00,0.004738748
2019-04-23 16:30:00,0.0035281777
2019-04-23 16:40:00,0.0047512054
2019-04-23 16:50:00,0.0036940277
2019-04-23 17:00:00,0.0050711036
2019-04-23 17:10:00,0.004305035
2019-04-23 17:20:00,0.004884511
2019-04-23 17:30:00,0.0039943755
2019-04-23 17:40:00,0.005616814
2019-04-23 17:50:00,0.0043051243
2019-04-23 18:00:00,0.0056053996
2019-04-23 18:10:00,0.0042668283
2019-04-23 18:20:00,0.0060440004
2019-04-23 18:30:00,0.004684061
2019-04-23 18:40:00,0.00570935
2019-04-23 18:50:00,0.004382193
2019-04-23 19:00:00,0.005758673
2019-04-23 19:10:00,0.0045467615
2019-04-23 19:20:00,0.005312234
2019-04-23 19:40:00,0.0040506124
2019-04-23 19:50:00,0.0054816604
2019-04-23 20:00:00,0.004254788
2019-04-23 20:10:00,0.005252838
2019-04-23 20:20:00,0.004323423
2019-04-23 20:30:00,0.0057748854
2019-04-23 20:40:00,0.0047590435
2019-04-23 20:50:00,0.0056595206
2019-04-23 21:00:00,0.00478974
2019-04-23 21:10:00,0.005981952
2019-04-23 21:20:00,0.005284548
2019-04-23 21:30:00,0.0058638453
2019-04-23 21:40:00,0.005092293
2019-04-23 21:50:00,0.0061393976
2019-04-23 22:00:00,0.005376011
2019-04-23 22:10:00,0.0062957704
2019-04-23 22:20:00,0.0055378973
2019-04-23 22:30:00,0.006676823
2019-04-23 22:40:00,0.0056388974
2019-04-23 22:50:00,0.005875528
2019-04-23 23:00:00,0.005550444
2019-04-23 23:10:00,0.00666824
2019-04-23 23:20:00,0.006355852
2019-04-23 23:30:00,0.006770134
2019-04-23 23:40:00,0.006281078
2019-04-23 23:50:00,0.008409619
2019-04-24 00:00:00,0.00787431
2019-04-24 00:10:00,0.0068909526
2019-04-24 00:20:00,0.0074978173
2019-04-24 00:30:00,0.008147538
2019-04-24 00:40:00,0.009640694
2019-04-24 00:50:00,0.007972449
2019-04-24 01:00:00,0.010024756
2019-04-24 01:10:00,0.011353403
2019-04-24 01:20:00,0.0127826035
2019-04-24 01:30:00,0.011030972
2019-04-24 01:40:00,0.012209266
2019-04-24 01:50:00,0.012353092
2019-04-24 02:00:00,0.0132775605
2019-04-24 02:10:00,0.012287945
2019-04-24 02:20:00,0.0126369
2019-04-24 02:30:00,0.012763679
2019-04-24 02:40:00,0.014430314
2019-04-24 02:50:00,0.012289733
2019-04-24 03:00:00,0.013328075
2019-04-24 03:10:00,0.013145238
2019-04-24 03:20:00,0.0146583915
2019-04-24 03:30:00,0.012334555
2019-04-24 03:40:00,0.012165427
2019-04-24 03:50:00,0.013029963
2019-04-24 04:00:00,0.015261769
2019-04-24 04:10:00,0.012766361
2019-04-24 04:20:00,0.014680892
2019-04-24 04:30:00,0.013636947
2019-04-24 04:40:00,0.017624736
2019-04-24 04:50:00,0.014175832
2019-04-24 05:00:00,0.01621291
2019-04-24 05:10:00,0.014624774
2019-04-24 05:20:00,0.017157882
2019-04-24 05:30:00,0.0145151615
2019-04-24 05:40:00,0.016670406
2019-04-24 05:50:00,0.0162116
2019-04-24 06:00:00,0.020436466
2019-04-24 06:10:00,0.015137345
2019-04-24 06:20:00,0.018096596
2019-04-24 06:30:00,0.016315043
2019-04-24 06:40:00,0.019259274
2019-04-24 06:50:00,0.01637569
2019-04-24 07:00:00,0.018162847
2019-04-24 07:10:00,0.016732186
2019-04-24 07:20:00,0.018636167
2019-04-24 07:30:00,0.016733438
2019-04-24 07:40:00,0.016085237
2019-04-24 07:50:00,0.0161601
2019-04-24 08:00:00,0.017442256
2019-04-24 08:10:00,0.015450031
2019-04-24 08:20:00,0.015152544
2019-04-24 08:30:00,0.016705632
2019-04-24 08:40:00,0.017955393
2019-04-24 08:50:00,0.01622656
2019-04-24 09:00:00,0.015428007
2019-04-24 09:10:00,0.01648134
2019-04-24 09:20:00,0.017288238
2019-04-24 09:30:00,0.01639986
2019-04-24 09:40:00,0.015026957
2019-04-24 09:50:00,0.017077118
2019-04-24 10:00:00,0.017070204
2019-04-24 10:10:00,0.017608821
2019-04-24 10:20:00,0.014962077
2019-04-24 10:30:00,0.017660856
2019-04-24 10:40:00,0.016985863
2019-04-24 10:50:00,0.018986136
2019-04-24 11:00:00,0.014530957
2019-04-24 11:10:00,0.017661095
2019-04-24 11:20:00,0.01497674
2019-04-24 11:30:00,0.01794967
2019-04-24 11:40:00,0.014349252
2019-04-24 11:50:00,0.018196046
2019-04-24 12:00:00,0.012120366
2019-04-24 12:10:00,0.017880976
2019-04-24 12:20:00,0.012447417
2019-04-24 12:30:00,0.017214477
2019-04-24 12:40:00,0.0130547285
2019-04-24 12:50:00,0.016722918
2019-04-24 13:00:00,0.01197353
2019-04-24 13:10:00,0.01599574
2019-04-24 13:20:00,0.012595117
2019-04-24 13:30:00,0.015787214
2019-04-24 13:40:00,0.011806935
2019-04-24 13:50:00,0.016736776
2019-04-24 14:00:00,0.01482749
2019-04-24 14:10:00,0.019379556
2019-04-24 14:20:00,0.013728619
2019-04-24 14:30:00,0.019477636
2019-04-24 14:40:00,0.01523295
2019-04-24 14:50:00,0.02136758
2019-04-24 15:00:00,0.0145666
2019-04-24 15:10:00,0.021224678
2019-04-24 15:20:00,0.015063673
2019-04-24 15:30:00,0.022236824
2019-04-24 15:40:00,0.013932526
2019-04-24 15:50:00,0.021055222
2019-04-24 16:00:00,0.014839649
2019-04-24 16:10:00,0.020851701
2019-04-24 16:20:00,0.01311779
2019-04-24 16:30:00,0.020115912
2019-04-24 16:40:00,0.015838802
2019-04-24 16:50:00,0.02309832
2019-04-24 17:00:00,0.015808344
2019-04-24 17:10:00,0.024030626
2019-04-24 17:20:00,0.020121604
2019-04-24 17:30:00,0.030297816
2019-04-24 17:40:00,0.020230293
2019-04-24 17:50:00,0.030708313
2019-04-24 18:00:00,0.024160355
2019-04-24 18:10:00,0.033828884
2019-04-24 18:20:00,0.0222179
2019-04-24 18:30:00,0.036545813
2019-04-24 18:40:00,0.024446815
2019-04-24 18:50:00,0.040368706
2019-04-24 19:00:00,0.024156868
2019-04-24 19:10:00,0.038355112
2019-04-24 19:20:00,0.027269423
2019-04-24 19:30:00,0.040856153
2019-04-24 19:40:00,0.024592996
2019-04-24 19:50:00,0.040067375
2019-04-24 20:00:00,0.026006669
2019-04-24 20:10:00,0.03921333
2019-04-24 20:20:00,0.02189967
2019-04-24 20:30:00,0.03747219
2019-04-24 20:40:00,0.02390626
2019-04-24 20:50:00,0.0376454
2019-04-24 21:00:00,0.022590697
2019-04-24 21:10:00,0.035410196
2019-04-24 21:20:00,0.025794804
2019-04-24 21:30:00,0.03900823
2019-04-24 21:40:00,0.023716599
2019-04-24 21:50:00,0.037225336
2019-04-24 22:00:00,0.025654405
2019-04-24 22:10:00,0.03823638
2019-04-24 22:20:00,0.023171276
2019-04-24 22:30:00,0.03437853
2019-04-24 22:40:00,0.02393967
2019-04-24 22:50:00,0.03221011
2019-04-24 23:00:00,0.020183504
2019-04-24 23:10:00,0.028683096
2019-04-24 23:20:00,0.020674884
2019-04-24 23:30:00,0.026613116
2019-04-24 23:40:00,0.018525869
2019-04-24 23:50:00,0.02327624
2019-04-25 00:00:00,0.019046843
2019-04-25 00:10:00,0.022625566
2019-04-25 00:20:00,0.01618722
2019-04-25 00:30:00,0.019191682
2019-04-25 00:40:00,0.016446412
2019-04-25 00:50:00,0.018411458
2019-04-25 01:00:00,0.0145998
2019-04-25 01:10:00,0.017117858
2019-04-25 01:20:00,0.014996588
2019-04-25 01:30:00,0.017621547
2019-04-25 01:40:00,0.014672309
2019-04-25 01:50:00,0.016231
2019-04-25 02:00:00,0.0154643655
2019-04-25 02:10:00,0.016664922
2019-04-25 02:20:00,0.014205158
2019-04-25 02:30:00,0.015386939
2019-04-25 02:40:00,0.0144521
2019-04-25 02:50:00,0.0143434405
2019-04-25 03:00:00,0.013027787
2019-04-25 03:10:00,0.012843311
2019-04-25 03:20:00,0.013191432
2019-04-25 03:30:00,0.011712253
2019-04-25 03:40:00,0.010982037
2019-04-25 03:50:00,0.009994328
2019-04-25 04:00:00,0.010634214
2019-04-25 04:10:00,0.009457856
2019-04-25 04:20:00,0.010015756
2019-04-25 04:30:00,0.007915646
2019-04-25 04:40:00,0.009810895
2019-04-25 04:50:00,0.0075694323
2019-04-25 05:00:00,0.009278595
2019-04-25 05:10:00,0.0065265596
2019-04-25 05:20:00,0.009919047
2019-04-25 05:30:00,0.006880492
2019-04-25 05:40:00,0.009511858
2019-04-25 05:50:00,0.006222993
2019-04-25 06:00:00,0.009581208
2019-04-25 06:10:00,0.006263137
2019-04-25 06:20:00,0.009097874
2019-04-25 06:30:00,0.005468756
2019-04-25 06:40:00,0.008923322
2019-04-25 06:50:00,0.0058051944
2019-04-25 07:00:00,0.00894624
2019-04-25 07:10:00,0.005166739
2019-04-25 07:20:00,0.00853309
2019-04-25 07:30:00,0.0053752363
2019-04-25 07:40:00,0.0085089505
2019-04-25 07:50:00,0.004927337
2019-04-25 08:00:00,0.008490056
2019-04-25 08:10:00,0.0050193965
2019-04-25 08:20:00,0.00834325
2019-04-25 08:30:00,0.0043436587
2019-04-25 08:40:00,0.008247286
2019-04-25 08:50:00,0.004493773
2019-04-25 09:00:00,0.008531183
2019-04-25 09:10:00,0.0038540661
2019-04-25 09:20:00,0.007898033
2019-04-25 09:30:00,0.004143566
2019-04-25 09:40:00,0.008027792
2019-04-25 09:50:00,0.0036776066
2019-04-25 10:00:00,0.008211583
2019-04-25 10:10:00,0.004245162
2019-04-25 10:20:00,0.008529305
2019-04-25 10:30:00,0.0039835274
2019-04-25 10:40:00,0.008657306
2019-04-25 10:50:00,0.004187435
2019-04-25 11:00:00,0.009185553
2019-04-25 11:10:00,0.0039227307
2019-04-25 11:20:00,0.009308666
2019-04-25 11:30:00,0.0043861866
2019-04-25 11:40:00,0.010311246
2019-04-25 11:50:00,0.0039710402
2019-04-25 12:00:00,0.0094284415
2019-04-25 12:10:00,0.0044246316
2019-04-25 12:20:00,0.010245413
2019-04-25 12:30:00,0.0037908256
2019-04-25 12:40:00,0.009247422
2019-04-25 12:50:00,0.00389719
2019-04-25 13:00:00,0.009393126
2019-04-25 13:10:00,0.0035496056
2019-04-25 13:20:00,0.009592503
2019-04-25 13:30:00,0.0038760304
2019-04-25 13:40:00,0.009929389
2019-04-25 13:50:00,0.0035930276
2019-04-25 14:00:00,0.009414256
2019-04-25 14:10:00,0.0038926601
2019-04-25 14:20:00,0.010452658
2019-04-25 14:30:00,0.0038295984
2019-04-25 14:40:00,0.01019302
2019-04-25 14:50:00,0.0041478276
2019-04-25 15:00:00,0.011836588
2019-04-25 15:10:00,0.0039525926
2019-04-25 15:20:00,0.011662662
2019-04-25 15:30:00,0.00446856
2019-04-25 15:40:00,0.012735277
2019-04-25 15:50:00,0.0041159093
2019-04-25 16:00:00,0.011202395
2019-04-25 16:10:00,0.0041749477
2019-04-25 16:20:00,0.011313766
2019-04-25 16:30:00,0.00390476
2019-04-25 16:40:00,0.011005163
2019-04-25 16:50:00,0.0040661097
2019-04-25 17:00:00,0.010991722
2019-04-25 17:10:00,0.0037763119
2019-04-25 17:20:00,0.010249287
2019-04-25 17:30:00,0.0039820075
2019-04-25 17:40:00,0.009524405
2019-04-25 17:50:00,0.0034920573
2019-04-25 18:00:00,0.008915991
2019-04-25 18:10:00,0.0036875308
2019-04-25 18:20:00,0.009806126
2019-04-25 18:30:00,0.003846705
2019-04-25 18:40:00,0.008867651
2019-04-25 18:50:00,0.004030168
2019-04-25 19:00:00,0.010167539
2019-04-25 19:10:00,0.0039199293
2019-04-25 19:20:00,0.009823501
2019-04-25 19:30:00,0.0042796433
2019-04-25 19:40:00,0.010478705
2019-04-25 19:50:00,0.0042433143
2019-04-25 20:00:00,0.01026845
2019-04-25 20:10:00,0.0047231913
2019-04-25 20:20:00,0.011474758
2019-04-25 20:30:00,0.004576117
2019-04-25 20:40:00,0.010717422
2019-04-25 20:50:00,0.0048410296
2019-04-25 21:00:00,0.011883944
2019-04-25 21:10:00,0.004782617
2019-04-25 21:20:00,0.009946972
2019-04-25 21:30:00,0.004582107
2019-04-25 21:40:00,0.009327084
2019-04-25 21:50:00,0.004514754
2019-04-25 22:00:00,0.0078547
2019-04-25 22:10:00,0.0046008825
2019-04-25 22:20:00,0.008262485
2019-04-25 22:30:00,0.0047347248
2019-04-25 22:40:00,0.008577347
2019-04-25 22:50:00,0.0047267377
2019-04-25 23:00:00,0.009158075
2019-04-25 23:10:00,0.0048260093
2019-04-25 23:20:00,0.008354455
2019-04-25 23:30:00,0.005160928
2019-04-25 23:40:00,0.008969992
2019-04-25 23:50:00,0.0051984787
2019-04-26 00:00:00,0.008671105
2019-04-26 00:10:00,0.0056318343
2019-04-26 00:20:00,0.009817094
2019-04-26 00:30:00,0.0054935515
2019-04-26 00:40:00,0.008566976
2019-04-26 00:50:00,0.005647838
2019-04-26 01:00:00,0.008805484
2019-04-26 01:10:00,0.0052291155
2019-04-26 01:20:00,0.007393986
2019-04-26 01:30:00,0.0051973164
2019-04-26 01:40:00,0.007758379
2019-04-26 01:50:00,0.005206555
2019-04-26 02:00:00,0.0067661703
2019-04-26 02:10:00,0.0051875412
2019-04-26 02:20:00,0.0071956217
2019-04-26 02:30:00,0.004719645
2019-04-26 02:40:00,0.0062091053
2019-04-26 02:50:00,0.005019456
2019-04-26 03:00:00,0.006749809
2019-04-26 03:10:00,0.0046966076
2019-04-26 03:20:00,0.0059100986
2019-04-26 03:30:00,0.005316317
2019-04-26 03:40:00,0.0068747997
2019-04-26 03:50:00,0.0051712096
2019-04-26 04:00:00,0.006863773
2019-04-26 04:10:00,0.0057925284
2019-04-26 04:20:00,0.007958531
2019-04-26 04:30:00,0.006073922
2019-04-26 04:40:00,0.007339835
2019-04-26 04:50:00,0.007028371
2019-04-26 05:00:00,0.008413643
2019-04-26 05:10:00,0.0071559846
2019-04-26 05:20:00,0.007930815
2019-04-26 05:30:00,0.0081786215
2019-04-26 05:40:00,0.00894919
2019-04-26 05:50:00,0.008380264
2019-04-26 06:00:00,0.008535206
2019-04-26 06:10:00,0.009032488
2019-04-26 06:20:00,0.01017186
2019-04-26 06:30:00,0.009287477
2019-04-26 06:40:00,0.008414298
2019-04-26 06:50:00,0.010660231
2019-04-26 07:00:00,0.009924591
2019-04-26 07:10:00,0.011595458
2019-04-26 07:20:00,0.009909004
2019-04-26 07:30:00,0.013616741
2019-04-26 07:40:00,0.011424124
2019-04-26 07:50:00,0.013845593
2019-04-26 08:00:00,0.010145873
2019-04-26 08:10:00,0.014311612
2019-04-26 08:20:00,0.010884404
2019-04-26 08:30:00,0.013792455
2019-04-26 08:40:00,0.010282755
2019-04-26 08:50:00,0.014359832
2019-04-26 09:00:00,0.011422902
2019-04-26 09:10:00,0.01463905
2019-04-26 09:20:00,0.010979742
2019-04-26 09:30:00,0.01645711
2019-04-26 09:40:00,0.011586815
2019-04-26 09:50:00,0.0176031
2019-04-26 10:00:00,0.011616945
2019-04-26 10:10:00,0.018058091
2019-04-26 10:20:00,0.012384057
2019-04-26 10:30:00,0.017507166
2019-04-26 10:40:00,0.011845976
2019-04-26 10:50:00,0.018959045
2019-04-26 11:00:00,0.011332512
2019-04-26 11:10:00,0.017483175
2019-04-26 11:20:00,0.011743277
2019-04-26 11:30:00,0.023216605
2019-04-26 11:40:00,0.012983173
2019-04-26 11:50:00,0.020868063
2019-04-26 12:00:00,0.012470156
2019-04-26 12:10:00,0.022779047
2019-04-26 12:20:00,0.013387144
2019-04-26 12:30:00,0.022356272
2019-04-26 12:40:00,0.013014585
2019-04-26 12:50:00,0.023079038
2019-04-26 13:00:00,0.011863023
2019-04-26 13:10:00,0.02271825
2019-04-26 13:20:00,0.011634409
2019-04-26 13:30:00,0.023087502
2019-04-26 13:40:00,0.01191166
2019-04-26 13:50:00,0.023335129
2019-04-26 14:00:00,0.011548877
2019-04-26 14:10:00,0.023144454
2019-04-26 14:20:00,0.012403607
2019-04-26 14:30:00,0.022880584
2019-04-26 14:40:00,0.012410969
2019-04-26 14:50:00,0.024674237
2019-04-26 15:00:00,0.012385696
2019-04-26 15:10:00,0.023935676
2019-04-26 15:20:00,0.012707114
2019-04-26 15:30:00,0.025472015
2019-04-26 15:40:00,0.013663024
2019-04-26 15:50:00,0.023337513
2019-04-26 16:00:00,0.013323784
2019-04-26 16:10:00,0.023450583
2019-04-26 16:20:00,0.0144943595
2019-04-26 16:30:00,0.021227837
2019-04-26 16:40:00,0.013709903
2019-04-26 16:50:00,0.027041882
2019-04-26 17:00:00,0.01439175
2019-04-26 17:10:00,0.025535345
2019-04-26 17:20:00,0.014580101
2019-04-26 17:30:00,0.029254198
2019-04-26 17:40:00,0.014906675
2019-04-26 17:50:00,0.027521014
2019-04-26 18:00:00,0.014802575
2019-04-26 18:10:00,0.030924886
2019-04-26 18:20:00,0.01708144
2019-04-26 18:30:00,0.028634667
2019-04-26 18:40:00,0.016698062
2019-04-26 18:50:00,0.033989042
2019-04-26 19:00:00,0.019140571
2019-04-26 19:10:00,0.03181079
2019-04-26 19:20:00,0.01884982
2019-04-26 19:30:00,0.03794661
2019-04-26 19:40:00,0.020303637
2019-04-26 19:50:00,0.034303993
2019-04-26 20:00:00,0.020786464
2019-04-26 20:10:00,0.040968776
2019-04-26 20:20:00,0.023590714
2019-04-26 20:30:00,0.03699711
2019-04-26 20:40:00,0.023670346
2019-04-26 20:50:00,0.0425466
2019-04-26 21:00:00,0.024348944
2019-04-26 21:10:00,0.039161384
2019-04-26 21:20:00,0.026195705
2019-04-26 21:30:00,0.047194213
2019-04-26 21:40:00,0.028826267
2019-04-26 21:50:00,0.040927798
2019-04-26 22:00:00,0.02885747
2019-04-26 22:10:00,0.047400385
2019-04-26 22:20:00,0.03061223
2019-04-26 22:30:00,0.042530417
2019-04-26 22:40:00,0.03159499
2019-04-26 22:50:00,0.049815238
2019-04-26 23:00:00,0.03400582
2019-04-26 23:10:00,0.045266896
2019-04-26 23:20:00,0.034744322
2019-04-26 23:30:00,0.05237457
2019-04-26 23:40:00,0.03756258
2019-04-26 23:50:00,0.047133356
2019-04-27 00:00:00,0.037730873
2019-04-27 00:10:00,0.05404082
2019-04-27 00:20:00,0.04188788
2019-04-27 00:30:00,0.055918247
2019-04-27 00:40:00,0.04963711
2019-04-27 00:50:00,0.064698964
2019-04-27 01:00:00,0.04802838
2019-04-27 01:10:00,0.05630356
2019-04-27 01:20:00,0.047462374
2019-04-27 01:30:00,0.0635497
2019-04-27 01:40:00,0.047618747
2019-04-27 01:50:00,0.05522436
2019-04-27 02:00:00,0.047597855
2019-04-27 02:10:00,0.06255865
2019-04-27 02:20:00,0.04719156
2019-04-27 02:30:00,0.05526784
2019-04-27 02:40:00,0.03982705
2019-04-27 02:50:00,0.05922544
2019-04-27 03:00:00,0.03828591
2019-04-27 03:10:00,0.04978907
2019-04-27 03:20:00,0.030773938
2019-04-27 03:30:00,0.05239746
2019-04-27 03:40:00,0.02847594
2019-04-27 03:50:00,0.04352209
2019-04-27 04:00:00,0.025500476
2019-04-27 04:10:00,0.05318913
2019-04-27 04:20:00,0.031331986
2019-04-27 04:30:00,0.047338963
2019-04-27 04:40:00,0.029922366
2019-04-27 04:50:00,0.057943374
2019-04-27 05:00:00,0.033279985
2019-04-27 05:10:00,0.049790055
2019-04-27 05:20:00,0.032327294
2019-04-27 05:30:00,0.06081891
2019-04-27 05:40:00,0.036402404
2019-04-27 05:50:00,0.053249866
2019-04-27 06:00:00,0.033298194
2019-04-27 06:10:00,0.0661152
2019-04-27 06:20:00,0.037585467
2019-04-27 06:30:00,0.057466656
2019-04-27 06:40:00,0.030142158
2019-04-27 06:50:00,0.06577471
2019-04-27 07:00:00,0.03189698
2019-04-27 07:10:00,0.05271074
2019-04-27 07:20:00,0.028707683
2019-04-27 07:30:00,0.0678103
2019-04-27 07:40:00,0.030263305
2019-04-27 07:50:00,0.05365607
2019-04-27 08:00:00,0.028689682
2019-04-27 08:10:00,0.06359354
2019-04-27 08:20:00,0.03179416
2019-04-27 08:30:00,0.054717958
2019-04-27 08:40:00,0.027190506
2019-04-27 08:50:00,0.06591606
2019-04-27 09:00:00,0.030738205
2019-04-27 09:10:00,0.05534488
2019-04-27 09:20:00,0.026222736
2019-04-27 09:30:00,0.0666199
2019-04-27 09:40:00,0.029938161
2019-04-27 09:50:00,0.05703816
2019-04-27 10:00:00,0.0268009
2019-04-27 10:10:00,0.06810725
2019-04-27 10:20:00,0.030201256
2019-04-27 10:30:00,0.060261726
2019-04-27 10:40:00,0.027011365
2019-04-27 10:50:00,0.069785476
2019-04-27 11:00:00,0.028764486
2019-04-27 11:10:00,0.055953056
2019-04-27 11:20:00,0.023814738
2019-04-27 11:30:00,0.064255536
2019-04-27 11:40:00,0.026863247
2019-04-27 11:50:00,0.054306448
2019-04-27 12:00:00,0.023212641
2019-04-27 12:10:00,0.06306088
2019-04-27 12:20:00,0.027061492
2019-04-27 12:30:00,0.054857284
2019-04-27 12:40:00,0.023454249
2019-04-27 12:50:00,0.062571526
2019-04-27 13:00:00,0.024544567
2019-04-27 13:10:00,0.0456461
2019-04-27 13:20:00,0.021900475
2019-04-27 13:30:00,0.05398971
2019-04-27 13:40:00,0.02520457
2019-04-27 13:50:00,0.040671468
2019-04-27 14:00:00,0.022423744
2019-04-27 14:10:00,0.05007589
2019-04-27 14:20:00,0.026405811
2019-04-27 14:30:00,0.040924132
2019-04-27 14:40:00,0.022168249
2019-04-27 14:50:00,0.05017844
2019-04-27 15:00:00,0.025666833
2019-04-27 15:10:00,0.039660394
2019-04-27 15:20:00,0.020598233
2019-04-27 15:30:00,0.04695964
2019-04-27 15:40:00,0.023303777
2019-04-27 15:50:00,0.040747434
2019-04-27 16:00:00,0.02188453
2019-04-27 16:10:00,0.050418675
2019-04-27 16:20:00,0.025429755
2019-04-27 16:30:00,0.042190075
2019-04-27 16:40:00,0.022929698
2019-04-27 16:50:00,0.047872573
2019-04-27 17:00:00,0.025775284
2019-04-27 17:10:00,0.039307147
2019-04-27 17:20:00,0.022625595
2019-04-27 17:30:00,0.045455575
2019-04-27 17:40:00,0.024688512
2019-04-27 17:50:00,0.039426923
2019-04-27 18:00:00,0.020673633
2019-04-27 18:10:00,0.044642836
2019-04-27 18:20:00,0.023040593
2019-04-27 18:30:00,0.036403
2019-04-27 18:40:00,0.01964736
2019-04-27 18:50:00,0.040495783
2019-04-27 19:00:00,0.02002567
2019-04-27 19:10:00,0.033631265
2019-04-27 19:20:00,0.018491209
2019-04-27 19:30:00,0.039734334
2019-04-27 19:40:00,0.020492464
2019-04-27 19:50:00,0.034770966
2019-04-27 20:00:00,0.018073201
2019-04-27 20:10:00,0.038600355
2019-04-27 20:20:00,0.020509273
2019-04-27 20:30:00,0.032221466
2019-04-27 20:40:00,0.018360347
2019-04-27 20:50:00,0.036372513
2019-04-27 21:00:00,0.02101916
2019-04-27 21:10:00,0.031725973
2019-04-27 21:20:00,0.01884374
2019-04-27 21:30:00,0.035821974
2019-04-27 21:40:00,0.020130396
2019-04-27 21:50:00,0.030858189
2019-04-27 22:00:00,0.018613458
2019-04-27 22:10:00,0.03639561
2019-04-27 22:20:00,0.019151121
2019-04-27 22:30:00,0.031140745
2019-04-27 22:40:00,0.01830694
2019-04-27 22:50:00,0.036250055
2019-04-27 23:00:00,0.020083517
2019-04-27 23:10:00,0.028833717
2019-04-27 23:20:00,0.016244113
2019-04-27 23:30:00,0.031371355
2019-04-27 23:40:00,0.018175602
2019-04-27 23:50:00,0.027157933
2019-04-28 00:00:00,0.016711026
2019-04-28 00:10:00,0.026427805
2019-04-28 00:20:00,0.017311811
2019-04-28 00:30:00,0.02502966
2019-04-28 00:40:00,0.016323656
2019-04-28 00:50:00,0.025608718
2019-04-28 01:00:00,0.017423093
2019-04-28 01:10:00,0.023361236
2019-04-28 01:20:00,0.016083479
2019-04-28 01:30:00,0.025498271
2019-04-28 01:40:00,0.017707348
2019-04-28 01:50:00,0.02378428
2019-04-28 02:00:00,0.016238183
2019-04-28 02:10:00,0.025624901
2019-04-28 02:20:00,0.018325478
2019-04-28 02:30:00,0.023563921
2019-04-28 02:40:00,0.017669648
2019-04-28 02:50:00,0.024755418
2019-04-28 03:00:00,0.020176798
2019-04-28 03:10:00,0.023124427
2019-04-28 03:20:00,0.020136714
2019-04-28 03:30:00,0.024772525
2019-04-28 03:40:00,0.022178084
2019-04-28 03:50:00,0.026201576
2019-04-28 04:00:00,0.022453398
2019-04-28 04:10:00,0.027239293
2019-04-28 04:20:00,0.024876952
2019-04-28 04:30:00,0.024467349
2019-04-28 04:40:00,0.02341631
2019-04-28 04:50:00,0.024356008
2019-04-28 05:00:00,0.024721235
2019-04-28 05:10:00,0.019259125
2019-04-28 05:20:00,0.02341789
2019-04-28 05:30:00,0.019930065
2019-04-28 05:40:00,0.02393961
2019-04-28 05:50:00,0.0163503
2019-04-28 06:00:00,0.022886932
2019-04-28 06:10:00,0.01857394
2019-04-28 06:20:00,0.024026364
2019-04-28 06:30:00,0.01609245
2019-04-28 06:40:00,0.024372965
2019-04-28 06:50:00,0.0171144
2019-04-28 07:00:00,0.026280284
2019-04-28 07:10:00,0.015931308
2019-04-28 07:20:00,0.02753508
2019-04-28 07:30:00,0.017327935
2019-04-28 07:40:00,0.030816197
2019-04-28 07:50:00,0.016399622
2019-04-28 08:00:00,0.029667526
2019-04-28 08:10:00,0.017549038
2019-04-28 08:20:00,0.031065404
2019-04-28 08:30:00,0.015375048
2019-04-28 08:40:00,0.02787584
2019-04-28 08:50:00,0.016884923
2019-04-28 09:00:00,0.029680043
2019-04-28 09:10:00,0.014592469
2019-04-28 09:20:00,0.027292639
2019-04-28 09:30:00,0.0140045285
2019-04-28 09:40:00,0.027346224
2019-04-28 09:50:00,0.012234956
2019-04-28 10:00:00,0.030614913
2019-04-28 10:10:00,0.012389064
2019-04-28 10:20:00,0.033092022
2019-04-28 10:30:00,0.011717081
2019-04-28 10:40:00,0.03426063
2019-04-28 10:50:00,0.011998743
2019-04-28 11:00:00,0.034659773
2019-04-28 11:10:00,0.010474861
2019-04-28 11:20:00,0.034305483
2019-04-28 11:30:00,0.010163009
2019-04-28 11:40:00,0.03261155
2019-04-28 11:50:00,0.008895516
2019-04-28 12:00:00,0.031384677
2019-04-28 12:10:00,0.008641303
2019-04-28 12:20:00,0.030223101
2019-04-28 12:30:00,0.007763356
2019-04-28 12:40:00,0.030027688
2019-04-28 12:50:00,0.007908136
2019-04-28 13:00:00,0.029486537
2019-04-28 13:10:00,0.0074929893
2019-04-28 13:20:00,0.029738694
2019-04-28 13:30:00,0.00768435
2019-04-28 13:40:00,0.029762924
2019-04-28 13:50:00,0.0070646703
2019-04-28 14:00:00,0.028139293
2019-04-28 14:10:00,0.007244438
2019-04-28 14:20:00,0.028154492
2019-04-28 14:30:00,0.006894052
2019-04-28 14:40:00,0.028612614
2019-04-28 14:50:00,0.0074287355
2019-04-28 15:00:00,0.028070003
2019-04-28 15:10:00,0.0069446564
2019-04-28 15:20:00,0.027537525
2019-04-28 15:30:00,0.006886333
2019-04-28 15:40:00,0.02754581
2019-04-28 15:50:00,0.006519228
2019-04-28 16:00:00,0.028305173
2019-04-28 16:10:00,0.0070813596
2019-04-28 16:20:00,0.027982622
2019-04-28 16:30:00,0.0068043172
2019-04-28 16:40:00,0.027772427
2019-04-28 16:50:00,0.0070144236
2019-04-28 17:00:00,0.029145718
2019-04-28 17:10:00,0.0062025785
2019-04-28 17:20:00,0.025312215
2019-04-28 17:30:00,0.0058885515
2019-04-28 17:40:00,0.02345094
2019-04-28 17:50:00,0.0055104196
2019-04-28 18:00:00,0.01867196
2019-04-28 18:10:00,0.0056995153
2019-04-28 18:20:00,0.01808539
2019-04-28 18:30:00,0.005320281
2019-04-28 18:40:00,0.017111123
2019-04-28 18:50:00,0.00569427
2019-04-28 19:00:00,0.02004525
2019-04-28 19:10:00,0.0052401423
2019-04-28 19:20:00,0.017879426
2019-04-28 19:30:00,0.005700469
2019-04-28 19:40:00,0.019743353
2019-04-28 19:50:00,0.0052597225
2019-04-28 20:00:00,0.017225474
2019-04-28 20:10:00,0.005317718
2019-04-28 20:20:00,0.018053293
2019-04-28 20:30:00,0.005502939
2019-04-28 20:40:00,0.016013503
2019-04-28 20:50:00,0.0052221715
2019-04-28 21:00:00,0.016263068
2019-04-28 21:10:00,0.0054409206
2019-04-28 21:20:00,0.013843536
2019-04-28 21:30:00,0.005359173
2019-04-28 21:40:00,0.01454699
2019-04-28 21:50:00,0.004823625
2019-04-28 22:00:00,0.011796385
2019-04-28 22:10:00,0.0047653317
2019-04-28 22:20:00,0.012827635
2019-04-28 22:30:00,0.0042989254
2019-04-28 22:40:00,0.010152012
2019-04-28 22:50:00,0.0043286383
2019-04-28 23:00:00,0.011467367
2019-04-28 23:10:00,0.003959626
2019-04-28 23:20:00,0.007636279
2019-04-28 23:30:00,0.00382787
2019-04-28 23:40:00,0.00792706
2019-04-28 23:50:00,0.0035832822
2019-04-29 00:00:00,0.0053973794
2019-04-29 00:10:00,0.0037604272
2019-04-29 00:20:00,0.006559789
2019-04-29 00:30:00,0.0031769872
2019-04-29 00:40:00,0.0052798092
2019-04-29 00:50:00,0.0037573874
2019-04-29 01:00:00,0.0062075853
2019-04-29 01:10:00,0.0035981238
2019-04-29 01:20:00,0.00540486
2019-04-29 01:30:00,0.004318446
2019-04-29 01:40:00,0.006633103
2019-04-29 01:50:00,0.0041564703
2019-04-29 02:00:00,0.0048617423
2019-04-29 02:10:00,0.004412204
2019-04-29 02:20:00,0.0059221387
2019-04-29 02:30:00,0.004103929
2019-04-29 02:40:00,0.0041570067
2019-04-29 02:50:00,0.0042622983
2019-04-29 03:00:00,0.0048983693
2019-04-29 03:10:00,0.0038090646
2019-04-29 03:20:00,0.0035384
2019-04-29 03:30:00,0.0043513477
2019-04-29 03:40:00,0.004219353
2019-04-29 03:50:00,0.0042370856
2019-04-29 04:00:00,0.003178537
2019-04-29 04:10:00,0.0047291815
2019-04-29 04:20:00,0.0039027631
2019-04-29 04:30:00,0.004403889
2019-04-29 04:40:00,0.0029349625
2019-04-29 04:50:00,0.004578352
2019-04-29 05:00:00,0.0035731196
2019-04-29 05:10:00,0.00438118
2019-04-29 05:20:00,0.0025535524
2019-04-29 05:30:00,0.0045884848
2019-04-29 05:40:00,0.0030443072
2019-04-29 05:50:00,0.0045318604
2019-04-29 06:00:00,0.0023131669
2019-04-29 06:10:00,0.0050068498
2019-04-29 06:20:00,0.0028919578
2019-04-29 06:30:00,0.0046391785
2019-04-29 06:40:00,0.0022485554
2019-04-29 06:50:00,0.0049680173
2019-04-29 07:00:00,0.0026168525
2019-04-29 07:10:00,0.0036497116
2019-04-29 07:20:00,0.0016830862
2019-04-29 07:30:00,0.002829671
2019-04-29 07:40:00,0.0018832684
2019-04-29 07:50:00,0.0021601915
2019-04-29 08:00:00,0.0014111698
2019-04-29 08:10:00,0.001998961
2019-04-29 08:20:00,0.0019075274
2019-04-29 08:30:00,0.002013266
2019-04-29 08:40:00,0.0012982488
2019-04-29 08:50:00,0.0021284819
2019-04-29 09:00:00,0.0016605556
2019-04-29 09:10:00,0.0020222068
2019-04-29 09:20:00,0.0012778044
2019-04-29 09:30:00,0.0024487972
2019-04-29 09:40:00,0.0016450584
2019-04-29 09:50:00,0.002215445
2019-04-29 10:00:00,0.0011913776
2019-04-29 10:10:00,0.002604127
2019-04-29 10:20:00,0.0015949607
2019-04-29 10:30:00,0.002360493
2019-04-29 10:40:00,0.0013417304
2019-04-29 10:50:00,0.0026075244
2019-04-29 11:00:00,0.0015939772
2019-04-29 11:10:00,0.002468288
2019-04-29 11:20:00,0.0012314916
2019-04-29 11:30:00,0.002825886
2019-04-29 11:40:00,0.0016612709
2019-04-29 11:50:00,0.0027388334
2019-04-29 12:00:00,0.0012514591
2019-04-29 12:10:00,0.0033260286
2019-04-29 12:20:00,0.0017337203
2019-04-29 12:30:00,0.0029533207
2019-04-29 12:40:00,0.0011492372
2019-04-29 12:50:00,0.0032601357
2019-04-29 13:00:00,0.001447916
2019-04-29 13:10:00,0.0028363764
2019-04-29 13:20:00,0.0011451244
2019-04-29 13:30:00,0.0031510293
2019-04-29 13:40:00,0.0016672015
2019-04-29 13:50:00,0.0032683015
2019-04-29 14:00:00,0.0013098717
2019-04-29 14:10:00,0.003682226
2019-04-29 14:20:00,0.0018294454
2019-04-29 14:30:00,0.0033903718
2019-04-29 14:40:00,0.0013947189
2019-04-29 14:50:00,0.0038677454
2019-04-29 15:00:00,0.0019002557
2019-04-29 15:10:00,0.0034433305
2019-04-29 15:20:00,0.0014442801
2019-04-29 15:30:00,0.0037440658
2019-04-29 15:40:00,0.0020390153
2019-04-29 15:50:00,0.003366232
2019-04-29 16:00:00,0.0014526546
2019-04-29 16:10:00,0.0036792755
2019-04-29 16:20:00,0.0019884706
2019-04-29 16:30:00,0.0033117533
2019-04-29 16:40:00,0.0016726851
2019-04-29 16:50:00,0.0037722588
2019-04-29 17:00:00,0.0023917258
2019-04-29 17:10:00,0.00376001
2019-04-29 17:20:00,0.0018277168
2019-04-29 17:30:00,0.004226476
2019-04-29 17:40:00,0.002571255
2019-04-29 17:50:00,0.0043521523
2019-04-29 18:00:00,0.0021703541
2019-04-29 18:10:00,0.0049406886
2019-04-29 18:20:00,0.0032487512
2019-04-29 18:30:00,0.0048606396
2019-04-29 18:40:00,0.0026386678
2019-04-29 18:50:00,0.005509615
2019-04-29 19:00:00,0.0033565462
2019-04-29 19:10:00,0.0055727065
2019-04-29 19:20:00,0.0029461682
2019-04-29 19:30:00,0.006346911
2019-04-29 19:40:00,0.0037982166
2019-04-29 19:50:00,0.0065481067
2019-04-29 20:00:00,0.0028446019
2019-04-29 20:10:00,0.0068015754
2019-04-29 20:20:00,0.003466785
2019-04-29 20:30:00,0.0059969127
2019-04-29 20:40:00,0.0031260848
2019-04-29 20:50:00,0.0067655146
2019-04-29 21:00:00,0.0043485165
2019-04-29 21:10:00,0.0058837235
2019-04-29 21:20:00,0.0037020743
2019-04-29 21:30:00,0.006497115
2019-04-29 21:40:00,0.0051761866
2019-04-29 21:50:00,0.0059008896
2019-04-29 22:00:00,0.004176259
2019-04-29 22:10:00,0.0061096847
2019-04-29 22:20:00,0.004936278
2019-04-29 22:30:00,0.0051155686
2019-04-29 22:40:00,0.003944248
2019-04-29 22:50:00,0.005315721
2019-04-29 23:00:00,0.0047188103
2019-04-29 23:10:00,0.0048726797
2019-04-29 23:20:00,0.0040100813
2019-04-29 23:30:00,0.005449295
2019-04-29 23:40:00,0.005312383
2019-04-29 23:50:00,0.00510329
2019-04-30 00:00:00,0.004873663
2019-04-30 00:10:00,0.0057222843
2019-04-30 00:20:00,0.0064453185
2019-04-30 00:30:00,0.005278349
2019-04-30 00:40:00,0.007401198
2019-04-30 00:50:00,0.0063072443
2019-04-30 01:00:00,0.008258998
2019-04-30 01:10:00,0.0060248375
2019-04-30 01:20:00,0.0076237917
2019-04-30 01:30:00,0.006405711
2019-04-30 01:40:00,0.008513421
2019-04-30 01:50:00,0.006440878
2019-04-30 02:00:00,0.007102698
2019-04-30 02:10:00,0.0068278313
2019-04-30 02:20:00,0.0077126324
2019-04-30 02:30:00,0.0062654316
2019-04-30 02:40:00,0.006593615
2019-04-30 02:50:00,0.006349504
2019-04-30 03:00:00,0.008082777
2019-04-30 03:10:00,0.0064915717
2019-04-30 03:20:00,0.0074957013
2019-04-30 03:30:00,0.0070049465
2019-04-30 03:40:00,0.008908421
2019-04-30 03:50:00,0.007190287
2019-04-30 04:00:00,0.008949012
2019-04-30 04:10:00,0.0072187483
2019-04-30 04:20:00,0.008173317
2019-04-30 04:30:00,0.0068189204
2019-04-30 04:40:00,0.008400887
2019-04-30 04:50:00,0.007962316
2019-04-30 05:00:00,0.010587096
2019-04-30 05:10:00,0.008856744
2019-04-30 05:20:00,0.0122255385
2019-04-30 05:30:00,0.008960217
2019-04-30 05:40:00,0.013222188
2019-04-30 05:50:00,0.009024769
2019-04-30 06:00:00,0.013390422
2019-04-30 06:10:00,0.009218156
2019-04-30 06:20:00,0.015720755
2019-04-30 06:30:00,0.009513825
2019-04-30 06:40:00,0.01621303
2019-04-30 06:50:00,0.009930313
2019-04-30 07:00:00,0.021534264
2019-04-30 07:10:00,0.010157108
2019-04-30 07:20:00,0.019911945
2019-04-30 07:30:00,0.010746777
2019-04-30 07:40:00,0.021258116
2019-04-30 07:50:00,0.010927677
2019-04-30 08:00:00,0.019077957
2019-04-30 08:10:00,0.011540443
2019-04-30 08:20:00,0.019913286
2019-04-30 08:30:00,0.011151761
2019-04-30 08:40:00,0.018787742
2019-04-30 08:50:00,0.01149562
2019-04-30 09:00:00,0.019838452
2019-04-30 09:10:00,0.0108554065
2019-04-30 09:20:00,0.017901719
2019-04-30 09:30:00,0.010888606
2019-04-30 09:40:00,0.020156592
2019-04-30 09:50:00,0.0106408
2019-04-30 10:00:00,0.018746346
2019-04-30 10:10:00,0.010616243
2019-04-30 10:20:00,0.020522028
2019-04-30 10:30:00,0.010309815
2019-04-30 10:40:00,0.018691808
2019-04-30 10:50:00,0.011219978
2019-04-30 11:00:00,0.021324515
2019-04-30 11:10:00,0.011481583
2019-04-30 11:20:00,0.020254314
2019-04-30 11:30:00,0.012691706
2019-04-30 11:40:00,0.022515684
2019-04-30 11:50:00,0.012583494
2019-04-30 12:00:00,0.021599889
2019-04-30 12:10:00,0.012840182
2019-04-30 12:20:00,0.023555249
2019-04-30 12:30:00,0.013676733
2019-04-30 12:40:00,0.024311185
2019-04-30 12:50:00,0.014210433
2019-04-30 13:00:00,0.026362598
2019-04-30 13:10:00,0.015151799
2019-04-30 13:20:00,0.026099801
2019-04-30 13:30:00,0.016633868
2019-04-30 13:40:00,0.02774331
2019-04-30 13:50:00,0.018381476
2019-04-30 14:00:00,0.027744621
2019-04-30 14:10:00,0.021957844
2019-04-30 14:20:00,0.029789
2019-04-30 14:30:00,0.022072732
2019-04-30 14:40:00,0.029514521
2019-04-30 14:50:00,0.026517391
2019-04-30 15:00:00,0.032693088
2019-04-30 15:10:00,0.02757451
2019-04-30 15:20:00,0.036112815
2019-04-30 15:30:00,0.035054445
2019-04-30 15:40:00,0.038962454
2019-04-30 15:50:00,0.03217724
2019-04-30 16:00:00,0.03754264
2019-04-30 16:10:00,0.031146169
2019-04-30 16:20:00,0.03808579
2019-04-30 16:30:00,0.030783534
2019-04-30 16:40:00,0.036100715
2019-04-30 16:50:00,0.029812247
2019-04-30 17:00:00,0.036982745
2019-04-30 17:10:00,0.028746694
2019-04-30 17:20:00,0.030281842
2019-04-30 17:30:00,0.025819957
2019-04-30 17:40:00,0.03126523
2019-04-30 17:50:00,0.024882853
2019-04-30 18:00:00,0.027456224
2019-04-30 18:10:00,0.02306205
2019-04-30 18:20:00,0.028591126
2019-04-30 18:30:00,0.023707181
2019-04-30 18:40:00,0.02655235
2019-04-30 18:50:00,0.023856789
2019-04-30 19:00:00,0.028323472
2019-04-30 19:10:00,0.024790347
2019-04-30 19:20:00,0.028859079
2019-04-30 19:30:00,0.02459371
2019-04-30 19:40:00,0.030748546
2019-04-30 19:50:00,0.024880499
2019-04-30 20:00:00,0.03069225
2019-04-30 20:10:00,0.02460435
2019-04-30 20:20:00,0.031057626
2019-04-30 20:30:00,0.023543358
2019-04-30 20:40:00,0.03157991
2019-04-30 20:50:00,0.024082601
2019-04-30 21:00:00,0.033320576
2019-04-30 21:10:00,0.024528354
2019-04-30 21:20:00,0.032111138
2019-04-30 21:30:00,0.024084806
2019-04-30 21:40:00,0.03326136
2019-04-30 21:50:00,0.025253683
2019-04-30 22:00:00,0.032113135
2019-04-30 22:10:00,0.025854498
2019-04-30 22:20:00,0.036416322
2019-04-30 22:30:00,0.029091448
2019-04-30 22:40:00,0.036730707
2019-04-30 22:50:00,0.029405653
2019-04-30 23:00:00,0.0384548
2019-04-30 23:10:00,0.030315608
2019-04-30 23:20:00,0.03772816
2019-04-30 23:30:00,0.03006354
2019-04-30 23:40:00,0.04051581
2019-04-30 23:50:00,0.031532973
2019-05-01 00:00:00,0.037243724
2019-05-01 00:10:00,0.033659518
2019-05-01 00:20:00,0.03992507
2019-05-01 00:30:00,0.03519547
2019-05-01 00:40:00,0.041829288
2019-05-01 00:50:00,0.036019534
2019-05-01 01:00:00,0.04360968
2019-05-01 01:10:00,0.038002223
2019-05-01 01:20:00,0.039517194
2019-05-01 01:30:00,0.037668765
2019-05-01 01:40:00,0.040417016
2019-05-01 01:50:00,0.03882432
2019-05-01 02:00:00,0.039587915
2019-05-01 02:10:00,0.036787957
2019-05-01 02:20:00,0.04138294
2019-05-01 02:30:00,0.038386226
2019-05-01 02:40:00,0.040075183
2019-05-01 02:50:00,0.03930974
2019-05-01 03:00:00,0.047291636
2019-05-01 03:10:00,0.039962113
2019-05-01 03:20:00,0.041569173
2019-05-01 03:30:00,0.039634407
2019-05-01 03:40:00,0.045071423
2019-05-01 03:50:00,0.041011184
2019-05-01 04:00:00,0.041470796
2019-05-01 04:10:00,0.04104048
2019-05-01 04:20:00,0.046524346
2019-05-01 04:30:00,0.048727006
2019-05-01 04:40:00,0.045094162
2019-05-01 04:50:00,0.05613351
2019-05-01 05:00:00,0.048815906
2019-05-01 05:10:00,0.061205775
2019-05-01 05:20:00,0.047721
2019-05-01 05:30:00,0.06151244
2019-05-01 05:40:00,0.052615553
2019-05-01 05:50:00,0.06594089
2019-05-01 06:00:00,0.050532937
2019-05-01 06:10:00,0.07004973
2019-05-01 06:20:00,0.05551073
2019-05-01 06:30:00,0.06917307
2019-05-01 06:40:00,0.053349644
2019-05-01 06:50:00,0.06606135
2019-05-01 07:00:00,0.054692745
2019-05-01 07:10:00,0.06833005
2019-05-01 07:20:00,0.0506801
2019-05-01 07:30:00,0.06774753
2019-05-01 07:40:00,0.052258074
2019-05-01 07:50:00,0.07186973
2019-05-01 08:00:00,0.050969124
2019-05-01 08:10:00,0.07237321
2019-05-01 08:20:00,0.052908063
2019-05-01 08:30:00,0.075591266
2019-05-01 08:40:00,0.047881633
2019-05-01 08:50:00,0.06723842
2019-05-01 09:00:00,0.048196435
2019-05-01 09:10:00,0.06540325
2019-05-01 09:20:00,0.042709768
2019-05-01 09:30:00,0.057388574
2019-05-01 09:40:00,0.045639366
2019-05-01 09:50:00,0.058526218
2019-05-01 10:00:00,0.043080688
2019-05-01 10:10:00,0.058805823
2019-05-01 10:20:00,0.046501517
2019-05-01 10:30:00,0.05955082
2019-05-01 10:40:00,0.04392457
2019-05-01 10:50:00,0.062769026
2019-05-01 11:00:00,0.046264857
2019-05-01 11:10:00,0.064760506
2019-05-01 11:20:00,0.045600235
2019-05-01 11:30:00,0.06669143
2019-05-01 11:40:00,0.04688722
2019-05-01 11:50:00,0.066598594
2019-05-01 12:00:00,0.045904815
2019-05-01 12:10:00,0.06461313
2019-05-01 12:20:00,0.046649963
2019-05-01 12:30:00,0.05899498
2019-05-01 12:40:00,0.044451654
2019-05-01 12:50:00,0.060774386
2019-05-01 13:00:00,0.045812428
2019-05-01 13:10:00,0.06390789
2019-05-01 13:20:00,0.04689172
2019-05-01 13:30:00,0.064451486
2019-05-01 13:40:00,0.048603594
2019-05-01 13:50:00,0.068383306
2019-05-01 14:00:00,0.046283692
2019-05-01 14:10:00,0.06966269
2019-05-01 14:20:00,0.04775852
2019-05-01 14:30:00,0.068710774
2019-05-01 14:40:00,0.04525131
2019-05-01 14:50:00,0.069398075
2019-05-01 15:00:00,0.04590842
2019-05-01 15:10:00,0.07111889
2019-05-01 15:20:00,0.04426512
2019-05-01 15:30:00,0.06953487
2019-05-01 15:40:00,0.04710433
2019-05-01 15:50:00,0.06291965
2019-05-01 16:00:00,0.048394352
2019-05-01 16:10:00,0.067132056
2019-05-01 16:20:00,0.0510571
2019-05-01 16:30:00,0.063658506
2019-05-01 16:40:00,0.049689263
2019-05-01 16:50:00,0.06639996
2019-05-01 17:00:00,0.04909879
2019-05-01 17:10:00,0.06317854
2019-05-01 17:20:00,0.04553756
2019-05-01 17:30:00,0.061215907
2019-05-01 17:40:00,0.045394212
2019-05-01 17:50:00,0.05739671
2019-05-01 18:00:00,0.04649368
2019-05-01 18:10:00,0.060485393
2019-05-01 18:20:00,0.048392296
2019-05-01 18:30:00,0.055749208
2019-05-01 18:40:00,0.047518402
2019-05-01 18:50:00,0.05564773
2019-05-01 19:00:00,0.045410514
2019-05-01 19:10:00,0.048401564
2019-05-01 19:20:00,0.041209012
2019-05-01 19:30:00,0.04879117
2019-05-01 19:40:00,0.038849473
2019-05-01 19:50:00,0.04461366
2019-05-01 20:00:00,0.039843053
2019-05-01 20:10:00,0.049025357
2019-05-01 20:20:00,0.039770544
2019-05-01 20:30:00,0.041369706
2019-05-01 20:40:00,0.037446707
2019-05-01 20:50:00,0.043429017
2019-05-01 21:00:00,0.0378159
2019-05-01 21:10:00,0.03838992
2019-05-01 21:20:00,0.037988454
2019-05-01 21:30:00,0.046293706
2019-05-01 21:40:00,0.037695408
2019-05-01 21:50:00,0.03853053
2019-05-01 22:00:00,0.038731158
2019-05-01 22:10:00,0.044538647
2019-05-01 22:20:00,0.039197654
2019-05-01 22:30:00,0.03785035
2019-05-01 22:40:00,0.040812463
2019-05-01 22:50:00,0.039390415
2019-05-01 23:00:00,0.040184826
2019-05-01 23:10:00,0.033420652
2019-05-01 23:20:00,0.042670727
2019-05-01 23:30:00,0.041003436
2019-05-01 23:40:00,0.043534845
2019-05-01 23:50:00,0.03662646
2019-05-02 00:00:00,0.04805681
2019-05-02 00:10:00,0.04086247
2019-05-02 00:20:00,0.044468075
2019-05-02 00:30:00,0.036608577
2019-05-02 00:40:00,0.04914689
2019-05-02 00:50:00,0.043352723
2019-05-02 01:00:00,0.05307153
2019-05-02 01:10:00,0.03546369
2019-05-02 01:20:00,0.050219417
2019-05-02 01:30:00,0.04539898
2019-05-02 01:40:00,0.052401185
2019-05-02 01:50:00,0.03855717
2019-05-02 02:00:00,0.054442912
2019-05-02 02:10:00,0.042266905
2019-05-02 02:20:00,0.048545778
2019-05-02 02:30:00,0.03514397
2019-05-02 02:40:00,0.048695356
2019-05-02 02:50:00,0.03919387
2019-05-02 03:00:00,0.043304354
2019-05-02 03:10:00,0.030305743
2019-05-02 03:20:00,0.043115377
2019-05-02 03:30:00,0.037079632
2019-05-02 03:40:00,0.038493812
2019-05-02 03:50:00,0.027859598
2019-05-02 04:00:00,0.035187185
2019-05-02 04:10:00,0.030742943
2019-05-02 04:20:00,0.032251596
2019-05-02 04:30:00,0.026776344
2019-05-02 04:40:00,0.032538384
2019-05-02 04:50:00,0.030278921
2019-05-02 05:00:00,0.025962025
2019-05-02 05:10:00,0.02222085
2019-05-02 05:20:00,0.022506863
2019-05-02 05:30:00,0.024664491
2019-05-02 05:40:00,0.021985829
2019-05-02 05:50:00,0.01805067
2019-05-02 06:00:00,0.021050245
2019-05-02 06:10:00,0.02133295
2019-05-02 06:20:00,0.019279838
2019-05-02 06:30:00,0.015467435
2019-05-02 06:40:00,0.017832398
2019-05-02 06:50:00,0.018299252
2019-05-02 07:00:00,0.016449153
2019-05-02 07:10:00,0.013277739
2019-05-02 07:20:00,0.016195595
2019-05-02 07:30:00,0.018217593
2019-05-02 07:40:00,0.015123218
2019-05-02 07:50:00,0.0121769905
2019-05-02 08:00:00,0.015116155
2019-05-02 08:10:00,0.015171289
2019-05-02 08:20:00,0.013392925
2019-05-02 08:30:00,0.010535598
2019-05-02 08:40:00,0.013615221
2019-05-02 08:50:00,0.011726141
2019-05-02 09:00:00,0.012139082
2019-05-02 09:10:00,0.009286165
2019-05-02 09:20:00,0.013404906
2019-05-02 09:30:00,0.011945218
2019-05-02 09:40:00,0.011514246
2019-05-02 09:50:00,0.009936571
2019-05-02 10:00:00,0.010754794
2019-05-02 10:10:00,0.011931449
2019-05-02 10:20:00,0.00898698
2019-05-02 10:30:00,0.009819448
2019-05-02 10:40:00,0.008049458
2019-05-02 10:50:00,0.011089504
2019-05-02 11:00:00,0.006927848
2019-05-02 11:10:00,0.008796066
2019-05-02 11:20:00,0.0078217685
2019-05-02 11:30:00,0.01008454
2019-05-02 11:40:00,0.0066671968
2019-05-02 11:50:00,0.00856477
2019-05-02 12:00:00,0.00700438
2019-05-02 12:10:00,0.009509891
2019-05-02 12:20:00,0.0064706504
2019-05-02 12:30:00,0.007843465
2019-05-02 12:40:00,0.0066106617
2019-05-02 12:50:00,0.009081215
2019-05-02 13:00:00,0.0060226917
2019-05-02 13:10:00,0.0074854493
2019-05-02 13:20:00,0.0061967075
2019-05-02 13:30:00,0.0092995465
2019-05-02 13:40:00,0.005968988
2019-05-02 13:50:00,0.007166147
2019-05-02 14:00:00,0.006155312
2019-05-02 14:10:00,0.008608073
2019-05-02 14:20:00,0.0058410764
2019-05-02 14:30:00,0.0063366294
2019-05-02 14:40:00,0.005408585
2019-05-02 14:50:00,0.007721871
2019-05-02 15:00:00,0.005092621
2019-05-02 15:10:00,0.006566733
2019-05-02 15:20:00,0.0055588186
2019-05-02 15:30:00,0.0077602863
2019-05-02 15:40:00,0.005268097
2019-05-02 15:50:00,0.0062687695
2019-05-02 16:00:00,0.005425155
2019-05-02 16:10:00,0.007964641
2019-05-02 16:20:00,0.005623013
2019-05-02 16:30:00,0.00656718
2019-05-02 16:40:00,0.005786091
2019-05-02 16:50:00,0.008710772
2019-05-02 17:00:00,0.005487293
2019-05-02 17:10:00,0.007111311
2019-05-02 17:20:00,0.0053741336
2019-05-02 17:30:00,0.0076367557
2019-05-02 17:40:00,0.004990995
2019-05-02 17:50:00,0.0063435137
2019-05-02 18:00:00,0.004873872
2019-05-02 18:10:00,0.0075621307
2019-05-02 18:20:00,0.004436493
2019-05-02 18:30:00,0.0056097507
2019-05-02 18:40:00,0.00408864
2019-05-02 18:50:00,0.0065936446
2019-05-02 19:00:00,0.0040486157
2019-05-02 19:10:00,0.005643904
2019-05-02 19:20:00,0.004321784
2019-05-02 19:30:00,0.0068050325
2019-05-02 19:40:00,0.0043738484
2019-05-02 19:50:00,0.0064405203
2019-05-02 20:00:00,0.004459113
2019-05-02 20:10:00,0.00690341
2019-05-02 20:20:00,0.004421413
2019-05-02 20:30:00,0.006290704
2019-05-02 20:40:00,0.004295051
2019-05-02 20:50:00,0.007096678
2019-05-02 21:00:00,0.0044291615
2019-05-02 21:10:00,0.0069072545
2019-05-02 21:20:00,0.0045980215
2019-05-02 21:30:00,0.007995099
2019-05-02 21:40:00,0.0043005943
2019-05-02 21:50:00,0.0074008405
2019-05-02 22:00:00,0.0043726265
2019-05-02 22:10:00,0.007796943
2019-05-02 22:20:00,0.004466504
2019-05-02 22:30:00,0.0067487657
2019-05-02 22:40:00,0.0041881204
2019-05-02 22:50:00,0.0077952147
2019-05-02 23:00:00,0.004548788
2019-05-02 23:10:00,0.006917089
2019-05-02 23:20:00,0.0043967366
2019-05-02 23:30:00,0.0076847374
2019-05-02 23:40:00,0.0044761896
2019-05-02 23:50:00,0.0067489743
2019-05-03 00:00:00,0.004531175
2019-05-03 00:10:00,0.007274449
2019-05-03 00:20:00,0.004753858
2019-05-03 00:30:00,0.006402105
2019-05-03 00:40:00,0.004891157
2019-05-03 00:50:00,0.0076877177
2019-05-03 01:00:00,0.005032867
2019-05-03 01:10:00,0.00721851
2019-05-03 01:20:00,0.005284548
2019-05-03 01:30:00,0.008180708
2019-05-03 01:40:00,0.0050087273
2019-05-03 01:50:00,0.006925434
2019-05-03 02:00:00,0.005294651
2019-05-03 02:10:00,0.007395655
2019-05-03 02:20:00,0.005485326
2019-05-03 02:30:00,0.0063510537
2019-05-03 02:40:00,0.005011946
2019-05-03 02:50:00,0.0071159303
2019-05-03 03:00:00,0.005343467
2019-05-03 03:10:00,0.0052690506
2019-05-03 03:20:00,0.0053415
2019-05-03 03:30:00,0.00684911
2019-05-03 03:40:00,0.0051674545
2019-05-03 03:50:00,0.005941838
2019-05-03 04:00:00,0.0048336387
2019-05-03 04:10:00,0.0055323243
2019-05-03 04:20:00,0.0052716136
2019-05-03 04:30:00,0.0051082075
2019-05-03 04:40:00,0.00511387
2019-05-03 04:50:00,0.0063999295
2019-05-03 05:00:00,0.0051813424
2019-05-03 05:10:00,0.0055788457
2019-05-03 05:20:00,0.0051291883
2019-05-03 05:30:00,0.0064005256
2019-05-03 05:40:00,0.005335897
2019-05-03 05:50:00,0.005708754
2019-05-03 06:00:00,0.0053375065
2019-05-03 06:10:00,0.006703168
2019-05-03 06:20:00,0.005214423
2019-05-03 06:30:00,0.0054982007
2019-05-03 06:40:00,0.0053759813
2019-05-03 06:50:00,0.007104188
2019-05-03 07:00:00,0.005690187
2019-05-03 07:10:00,0.0062864125
2019-05-03 07:20:00,0.0058704317
2019-05-03 07:30:00,0.006768644
2019-05-03 07:40:00,0.005944997
2019-05-03 07:50:00,0.0065671504
2019-05-03 08:00:00,0.0061772466
2019-05-03 08:10:00,0.0074545145
2019-05-03 08:20:00,0.0065609515
2019-05-03 08:30:00,0.0065099895
2019-05-03 08:40:00,0.006346464
2019-05-03 08:50:00,0.0073349774
2019-05-03 09:00:00,0.007183999
2019-05-03 09:10:00,0.006582588
2019-05-03 09:20:00,0.0071362257
2019-05-03 09:30:00,0.0074189305
2019-05-03 09:40:00,0.007962048
2019-05-03 09:50:00,0.0068220496
2019-05-03 10:00:00,0.007831186
2019-05-03 10:10:00,0.007870734
2019-05-03 10:20:00,0.0088376105
2019-05-03 10:30:00,0.006875634
2019-05-03 10:40:00,0.009803623
2019-05-03 10:50:00,0.008801699
2019-05-03 11:00:00,0.010842025
2019-05-03 11:10:00,0.007818103
2019-05-03 11:20:00,0.0114509165
2019-05-03 11:30:00,0.0090871155
2019-05-03 11:40:00,0.013059795
2019-05-03 11:50:00,0.0077196956
2019-05-03 12:00:00,0.012864858
2019-05-03 12:10:00,0.009209424
2019-05-03 12:20:00,0.014498293
2019-05-03 12:30:00,0.008709729
2019-05-03 12:40:00,0.011867881
2019-05-03 12:50:00,0.010182619
2019-05-03 13:00:00,0.013702124
2019-05-03 13:10:00,0.008783281
2019-05-03 13:20:00,0.0129983425
2019-05-03 13:30:00,0.011101931
2019-05-03 13:40:00,0.01523149
2019-05-03 13:50:00,0.009187907
2019-05-03 14:00:00,0.015029401
2019-05-03 14:10:00,0.010922849
2019-05-03 14:20:00,0.017373532
2019-05-03 14:30:00,0.009489268
2019-05-03 14:40:00,0.017527282
2019-05-03 14:50:00,0.011742175
2019-05-03 15:00:00,0.021871895
2019-05-03 15:10:00,0.010454774
2019-05-03 15:20:00,0.022103548
2019-05-03 15:30:00,0.01329577
2019-05-03 15:40:00,0.024504721
2019-05-03 15:50:00,0.011000931
2019-05-03 16:00:00,0.022332996
2019-05-03 16:10:00,0.013041735
2019-05-03 16:20:00,0.026069045
2019-05-03 16:30:00,0.010800511
2019-05-03 16:40:00,0.02656719
2019-05-03 16:50:00,0.0127336085
2019-05-03 17:00:00,0.028752416
2019-05-03 17:10:00,0.010733902
2019-05-03 17:20:00,0.031555653
2019-05-03 17:30:00,0.014082223
2019-05-03 17:40:00,0.03311965
2019-05-03 17:50:00,0.012570113
2019-05-03 18:00:00,0.031156331
2019-05-03 18:10:00,0.0146099925
2019-05-03 18:20:00,0.035357237
2019-05-03 18:30:00,0.011422902
2019-05-03 18:40:00,0.032958835
2019-05-03 18:50:00,0.01416266
2019-05-03 19:00:00,0.03569433
2019-05-03 19:10:00,0.010592878
2019-05-03 19:20:00,0.03233224
2019-05-03 19:30:00,0.01251936
2019-05-03 19:40:00,0.034492135
2019-05-03 19:50:00,0.00947836
2019-05-03 20:00:00,0.034568906
2019-05-03 20:10:00,0.012553424
2019-05-03 20:20:00,0.03507352
2019-05-03 20:30:00,0.01067397
2019-05-03 20:40:00,0.03138736
2019-05-03 20:50:00,0.010229021
2019-05-03 21:00:00,0.035828292
2019-05-03 21:10:00,0.008235842
2019-05-03 21:20:00,0.032371342
2019-05-03 21:30:00,0.008764744
2019-05-03 21:40:00,0.035423487
2019-05-03 21:50:00,0.0071175694
2019-05-03 22:00:00,0.029806763
2019-05-03 22:10:00,0.008597702
2019-05-03 22:20:00,0.038663656
2019-05-03 22:30:00,0.00929293
2019-05-03 22:40:00,0.03619483
2019-05-03 22:50:00,0.010830909
2019-05-03 23:00:00,0.042001247
2019-05-03 23:10:00,0.009831876
2019-05-03 23:20:00,0.03775671
2019-05-03 23:30:00,0.01145038
2019-05-03 23:40:00,0.04131797
2019-05-03 23:50:00,0.009875685
2019-05-04 00:00:00,0.040305912
2019-05-04 00:10:00,0.011762947
2019-05-04 00:20:00,0.043609023
2019-05-04 00:30:00,0.010053873
2019-05-04 00:40:00,0.042732805
2019-05-04 00:50:00,0.011230171
2019-05-04 01:00:00,0.049298078
2019-05-04 01:10:00,0.010398537
2019-05-04 01:20:00,0.04563561
2019-05-04 01:30:00,0.0111413
2019-05-04 01:40:00,0.049255967
2019-05-04 01:50:00,0.010261029
2019-05-04 02:00:00,0.046836585
2019-05-04 02:10:00,0.011923194
2019-05-04 02:20:00,0.053593487
2019-05-04 02:30:00,0.011533767
2019-05-04 02:40:00,0.05190921
2019-05-04 02:50:00,0.012814343
2019-05-04 03:00:00,0.059062332
2019-05-04 03:10:00,0.011762202
2019-05-04 03:20:00,0.06101182
2019-05-04 03:30:00,0.014512986
2019-05-04 03:40:00,0.06565386
2019-05-04 03:50:00,0.014752716
2019-05-04 04:00:00,0.066283524
2019-05-04 04:10:00,0.016219229
2019-05-04 04:20:00,0.07070315
2019-05-04 04:30:00,0.015580416
2019-05-04 04:40:00,0.06769261
2019-05-04 04:50:00,0.016481012
2019-05-04 05:00:00,0.07401422
2019-05-04 05:10:00,0.017333746
2019-05-04 05:20:00,0.07029408
2019-05-04 05:30:00,0.018190771
2019-05-04 05:40:00,0.07844168
2019-05-04 05:50:00,0.017665982
2019-05-04 06:00:00,0.08046526
2019-05-04 06:10:00,0.019130856
2019-05-04 06:20:00,0.09039912
2019-05-04 06:30:00,0.021766096
2019-05-04 06:40:00,0.08511633
2019-05-04 06:50:00,0.02275607
2019-05-04 07:00:00,0.088489115
2019-05-04 07:10:00,0.024139851
2019-05-04 07:20:00,0.093313724
2019-05-04 07:30:00,0.023160905
2019-05-04 07:40:00,0.09925476
2019-05-04 07:50:00,0.026482254
2019-05-04 08:00:00,0.0975537
2019-05-04 08:10:00,0.02384901
2019-05-04 08:20:00,0.10220286
2019-05-04 08:30:00,0.028135896
2019-05-04 08:40:00,0.09168142
2019-05-04 08:50:00,0.025244772
2019-05-04 09:00:00,0.106767505
2019-05-04 09:10:00,0.028435051
2019-05-04 09:20:00,0.10625216
2019-05-04 09:30:00,0.026905715
2019-05-04 09:40:00,0.11648926
2019-05-04 09:50:00,0.033561707
2019-05-04 10:00:00,0.112590164
2019-05-04 10:10:00,0.03203535
2019-05-04 10:20:00,0.121516585
2019-05-04 10:30:00,0.041362077
2019-05-04 10:40:00,0.1262407
2019-05-04 10:50:00,0.03414744
2019-05-04 11:00:00,0.12823167
2019-05-04 11:10:00,0.03623733
2019-05-04 11:20:00,0.12344611
2019-05-04 11:30:00,0.034760505
2019-05-04 11:40:00,0.12556747
2019-05-04 11:50:00,0.038847417
2019-05-04 12:00:00,0.12436375
2019-05-04 12:10:00,0.036586493
2019-05-04 12:20:00,0.13009137
2019-05-04 12:30:00,0.036781937
2019-05-04 12:40:00,0.117755264
2019-05-04 12:50:00,0.03251323
2019-05-04 13:00:00,0.10596064
2019-05-04 13:10:00,0.033344716
2019-05-04 13:20:00,0.10384491
2019-05-04 13:30:00,0.03019157
2019-05-04 13:40:00,0.10346702
2019-05-04 13:50:00,0.03471738
2019-05-04 14:00:00,0.101854414
2019-05-04 14:10:00,0.025381446
2019-05-04 14:20:00,0.08386117
2019-05-04 14:30:00,0.03122279
2019-05-04 14:40:00,0.08559981
2019-05-04 14:50:00,0.027048409
2019-05-04 15:00:00,0.08688095
2019-05-04 15:10:00,0.029685348
2019-05-04 15:20:00,0.08141565
2019-05-04 15:30:00,0.025699258
2019-05-04 15:40:00,0.08098656
2019-05-04 15:50:00,0.028270245
2019-05-04 16:00:00,0.07836977
2019-05-04 16:10:00,0.025195628
2019-05-04 16:20:00,0.079502106
2019-05-04 16:30:00,0.027717322
2019-05-04 16:40:00,0.077610046
2019-05-04 16:50:00,0.024070919
2019-05-04 17:00:00,0.077406764
2019-05-04 17:10:00,0.02927512
2019-05-04 17:20:00,0.07895827
2019-05-04 17:30:00,0.029493928
2019-05-04 17:40:00,0.071682245
2019-05-04 17:50:00,0.03007251
2019-05-04 18:00:00,0.06479198
2019-05-04 18:10:00,0.027291447
2019-05-04 18:20:00,0.06744006
2019-05-04 18:30:00,0.030969888
2019-05-04 18:40:00,0.06624097
2019-05-04 18:50:00,0.028251916
2019-05-04 19:00:00,0.064995915
2019-05-04 19:10:00,0.034032464
2019-05-04 19:20:00,0.06281483
2019-05-04 19:30:00,0.031199455
2019-05-04 19:40:00,0.07064092
2019-05-04 19:50:00,0.035978734
2019-05-04 20:00:00,0.07318175
2019-05-04 20:10:00,0.032713294
2019-05-04 20:20:00,0.0634622
2019-05-04 20:30:00,0.036083788
2019-05-04 20:40:00,0.06712371
2019-05-04 20:50:00,0.034951806
2019-05-04 21:00:00,0.070768595
2019-05-04 21:10:00,0.03982213
2019-05-04 21:20:00,0.07385141
2019-05-04 21:30:00,0.035449594
2019-05-04 21:40:00,0.0725593
2019-05-04 21:50:00,0.039858848
2019-05-04 22:00:00,0.06558514
2019-05-04 22:10:00,0.033723295
2019-05-04 22:20:00,0.06377712
2019-05-04 22:30:00,0.037816495
2019-05-04 22:40:00,0.06052363
2019-05-04 22:50:00,0.032381237
2019-05-04 23:00:00,0.06495744
2019-05-04 23:10:00,0.037023544
2019-05-04 23:20:00,0.06463575
2019-05-04 23:30:00,0.033476144
2019-05-04 23:40:00,0.06692335
2019-05-04 23:50:00,0.03844565
2019-05-05 00:00:00,0.06523225
2019-05-05 00:10:00,0.034166068
2019-05-05 00:20:00,0.063470125
2019-05-05 00:30:00,0.03819129
2019-05-05 00:40:00,0.065328866
2019-05-05 00:50:00,0.034472227
2019-05-05 01:00:00,0.06187004
2019-05-05 01:10:00,0.041328907
2019-05-05 01:20:00,0.05555722
2019-05-05 01:30:00,0.034415007
2019-05-05 01:40:00,0.055055916
2019-05-05 01:50:00,0.03873077
2019-05-05 02:00:00,0.053287625
2019-05-05 02:10:00,0.03534323
2019-05-05 02:20:00,0.05713141
2019-05-05 02:30:00,0.041300178
2019-05-05 02:40:00,0.05959925
2019-05-05 02:50:00,0.040223807
2019-05-05 03:00:00,0.053275734
2019-05-05 03:10:00,0.043421477
2019-05-05 03:20:00,0.051204324
2019-05-05 03:30:00,0.043554753
2019-05-05 03:40:00,0.044799
2019-05-05 03:50:00,0.051115572
2019-05-05 04:00:00,0.04488817
2019-05-05 04:10:00,0.04539886
2019-05-05 04:20:00,0.042720377
2019-05-05 04:30:00,0.046446443
2019-05-05 04:40:00,0.041825444
2019-05-05 04:50:00,0.044196993
2019-05-05 05:00:00,0.037745446
2019-05-05 05:10:00,0.043925703
2019-05-05 05:20:00,0.03237188
2019-05-05 05:30:00,0.030895025
2019-05-05 05:40:00,0.02822426
2019-05-05 05:50:00,0.029418021
2019-05-05 06:00:00,0.025658637
2019-05-05 06:10:00,0.024578094
2019-05-05 06:20:00,0.02442813
2019-05-05 06:30:00,0.024491161
2019-05-05 06:40:00,0.025200307
2019-05-05 06:50:00,0.022999614
2019-05-05 07:00:00,0.023922026
2019-05-05 07:10:00,0.02320695
2019-05-05 07:20:00,0.020264447
2019-05-05 07:30:00,0.020916998
2019-05-05 07:40:00,0.019650966
2019-05-05 07:50:00,0.020872802
2019-05-05 08:00:00,0.018691897
2019-05-05 08:10:00,0.019526511
2019-05-05 08:20:00,0.018627703
2019-05-05 08:30:00,0.018572658
2019-05-05 08:40:00,0.017956346
2019-05-05 08:50:00,0.018451631
2019-05-05 09:00:00,0.015401512
2019-05-05 09:10:00,0.016964823
2019-05-05 09:20:00,0.014786571
2019-05-05 09:30:00,0.016339242
2019-05-05 09:40:00,0.014299482
2019-05-05 09:50:00,0.0156158805
2019-05-05 10:00:00,0.012845874
2019-05-05 10:10:00,0.015299767
2019-05-05 10:20:00,0.013493687
2019-05-05 10:30:00,0.014675885
2019-05-05 10:40:00,0.012297183
2019-05-05 10:50:00,0.014274776
2019-05-05 11:00:00,0.011828631
2019-05-05 11:10:00,0.012893975
2019-05-05 11:20:00,0.012246251
2019-05-05 11:30:00,0.013101518
2019-05-05 11:40:00,0.013138205
2019-05-05 11:50:00,0.012344688
2019-05-05 12:00:00,0.0119512975
2019-05-05 12:10:00,0.012496769
2019-05-05 12:20:00,0.012192398
2019-05-05 12:30:00,0.012212843
2019-05-05 12:40:00,0.011285663
2019-05-05 12:50:00,0.012200177
2019-05-05 13:00:00,0.010778993
2019-05-05 13:10:00,0.011719495
2019-05-05 13:20:00,0.00966844
2019-05-05 13:30:00,0.011161298
2019-05-05 13:40:00,0.010015458
2019-05-05 13:50:00,0.010627389
2019-05-05 14:00:00,0.009481996
2019-05-05 14:10:00,0.010698259
2019-05-05 14:20:00,0.0097207725
2019-05-05 14:30:00,0.01059705
2019-05-05 14:40:00,0.00919503
2019-05-05 14:50:00,0.011256427
2019-05-05 15:00:00,0.009296954
2019-05-05 15:10:00,0.010634571
2019-05-05 15:20:00,0.008759379
2019-05-05 15:30:00,0.010318637
2019-05-05 15:40:00,0.009079546
2019-05-05 15:50:00,0.010472268
2019-05-05 16:00:00,0.008984268
2019-05-05 16:10:00,0.011040479
2019-05-05 16:20:00,0.009634733
2019-05-05 16:30:00,0.011265755
2019-05-05 16:40:00,0.009326845
2019-05-05 16:50:00,0.01171118
2019-05-05 17:00:00,0.0094872415
2019-05-05 17:10:00,0.011332154
2019-05-05 17:20:00,0.009034485
2019-05-05 17:30:00,0.009904921
2019-05-05 17:40:00,0.009521991
2019-05-05 17:50:00,0.008532822
2019-05-05 18:00:00,0.009205461
2019-05-05 18:10:00,0.0075025856
2019-05-05 18:20:00,0.009836018
2019-05-05 18:30:00,0.0074502826
2019-05-05 18:40:00,0.009822786
2019-05-05 18:50:00,0.008012146
2019-05-05 19:00:00,0.010553718
2019-05-05 19:10:00,0.00782603
2019-05-05 19:20:00,0.009675503
2019-05-05 19:30:00,0.00754869
2019-05-05 19:40:00,0.009945065
2019-05-05 19:50:00,0.0077477694
2019-05-05 20:00:00,0.009934336
2019-05-05 20:10:00,0.008131087
2019-05-05 20:20:00,0.010147452
2019-05-05 20:30:00,0.0076753795
2019-05-05 20:40:00,0.009633839
2019-05-05 20:50:00,0.00780499
2019-05-05 21:00:00,0.009835124
2019-05-05 21:10:00,0.007275611
2019-05-05 21:20:00,0.009206891
2019-05-05 21:30:00,0.006876886
2019-05-05 21:40:00,0.009604603
2019-05-05 21:50:00,0.0067429543
2019-05-05 22:00:00,0.0096665025
2019-05-05 22:10:00,0.0073755383
2019-05-05 22:20:00,0.009911478
2019-05-05 22:30:00,0.0074636936
2019-05-05 22:40:00,0.009883285
2019-05-05 22:50:00,0.0076653063
2019-05-05 23:00:00,0.010053635
2019-05-05 23:10:00,0.007563114
2019-05-05 23:20:00,0.010224968
2019-05-05 23:30:00,0.0080426335
2019-05-05 23:40:00,0.010610074
2019-05-05 23:50:00,0.008021742
2019-05-06 00:00:00,0.010650098
2019-05-06 00:10:00,0.0075373054
2019-05-06 00:20:00,0.010965049
2019-05-06 00:30:00,0.0071685016
2019-05-06 00:40:00,0.01050806
2019-05-06 00:50:00,0.0067308545
2019-05-06 01:00:00,0.010364711
2019-05-06 01:10:00,0.006425917
2019-05-06 01:20:00,0.010913581
2019-05-06 01:30:00,0.0068120956
2019-05-06 01:40:00,0.01161769
2019-05-06 01:50:00,0.007021576
2019-05-06 02:00:00,0.012566835
2019-05-06 02:10:00,0.0071909428
2019-05-06 02:20:00,0.012839198
2019-05-06 02:30:00,0.0069960654
2019-05-06 02:40:00,0.012909502
2019-05-06 02:50:00,0.007278502
2019-05-06 03:00:00,0.0134091675
2019-05-06 03:10:00,0.007901698
2019-05-06 03:20:00,0.012720376
2019-05-06 03:30:00,0.0068044066
2019-05-06 03:40:00,0.013487518
2019-05-06 03:50:00,0.0074040294
2019-05-06 04:00:00,0.013783157
2019-05-06 04:10:00,0.007481545
2019-05-06 04:20:00,0.014216691
2019-05-06 04:30:00,0.0073966086
2019-05-06 04:40:00,0.0135991275
2019-05-06 04:50:00,0.0075249374
2019-05-06 05:00:00,0.013483703
2019-05-06 05:10:00,0.008664936
2019-05-06 05:20:00,0.0153770745
2019-05-06 05:30:00,0.009194285
2019-05-06 05:40:00,0.015696287
2019-05-06 05:50:00,0.010132283
2019-05-06 06:00:00,0.016887814
2019-05-06 06:10:00,0.010755509
2019-05-06 06:20:00,0.01735574
2019-05-06 06:30:00,0.01101315
2019-05-06 06:40:00,0.01751411
2019-05-06 06:50:00,0.0111940205
2019-05-06 07:00:00,0.01807499
2019-05-06 07:10:00,0.012034327
2019-05-06 07:20:00,0.019007772
2019-05-06 07:30:00,0.011671096
2019-05-06 07:40:00,0.019518435
2019-05-06 07:50:00,0.012331098
2019-05-06 08:00:00,0.020562768
2019-05-06 08:10:00,0.012163579
2019-05-06 08:20:00,0.02091682
2019-05-06 08:30:00,0.011596799
2019-05-06 08:40:00,0.020130992
2019-05-06 08:50:00,0.012447774
2019-05-06 09:00:00,0.02015832
2019-05-06 09:10:00,0.0134682655
2019-05-06 09:20:00,0.021541059
2019-05-06 09:30:00,0.01344806
2019-05-06 09:40:00,0.023571402
2019-05-06 09:50:00,0.015543997
2019-05-06 10:00:00,0.024219126
2019-05-06 10:10:00,0.014870405
2019-05-06 10:20:00,0.025653273
2019-05-06 10:30:00,0.015916258
2019-05-06 10:40:00,0.025615066
2019-05-06 10:50:00,0.013855338
2019-05-06 11:00:00,0.022169381
2019-05-06 11:10:00,0.014437854
2019-05-06 11:20:00,0.022648245
2019-05-06 11:30:00,0.013591915
2019-05-06 11:40:00,0.021492243
2019-05-06 11:50:00,0.015774518
2019-05-06 12:00:00,0.023965776
2019-05-06 12:10:00,0.01649946
2019-05-06 12:20:00,0.02398166
2019-05-06 12:30:00,0.018661112
2019-05-06 12:40:00,0.02754274
2019-05-06 12:50:00,0.018244028
2019-05-06 13:00:00,0.025288254
2019-05-06 13:10:00,0.021235883
2019-05-06 13:20:00,0.028769195
2019-05-06 13:30:00,0.019251794
2019-05-06 13:40:00,0.024025619
2019-05-06 13:50:00,0.022076726
2019-05-06 14:00:00,0.028865218
2019-05-06 14:10:00,0.02042231
2019-05-06 14:20:00,0.026164114
2019-05-06 14:30:00,0.02233848
2019-05-06 14:40:00,0.028468728
2019-05-06 14:50:00,0.020325333
2019-05-06 15:00:00,0.025859445
2019-05-06 15:10:00,0.02173552
2019-05-06 15:20:00,0.027825415
2019-05-06 15:30:00,0.020032614
2019-05-06 15:40:00,0.02457127
2019-05-06 15:50:00,0.019574285
2019-05-06 16:00:00,0.026642025
2019-05-06 16:10:00,0.018496096
2019-05-06 16:20:00,0.024289459
2019-05-06 16:30:00,0.020123422
2019-05-06 16:40:00,0.02398315
2019-05-06 16:50:00,0.018238932
2019-05-06 17:00:00,0.022442997
2019-05-06 17:10:00,0.018970191
2019-05-06 17:20:00,0.023114502
2019-05-06 17:30:00,0.016947776
2019-05-06 17:40:00,0.019913763
2019-05-06 17:50:00,0.01794836
2019-05-06 18:00:00,0.02130413
2019-05-06 18:10:00,0.016548723
2019-05-06 18:20:00,0.017815232
2019-05-06 18:30:00,0.016767323
2019-05-06 18:40:00,0.020588487
2019-05-06 18:50:00,0.01649195
2019-05-06 19:00:00,0.017281145
2019-05-06 19:10:00,0.017243028
2019-05-06 19:20:00,0.019549519
2019-05-06 19:30:00,0.015625507
2019-05-06 19:40:00,0.016715348
2019-05-06 19:50:00,0.016312927
2019-05-06 20:00:00,0.019187242
2019-05-06 20:10:00,0.015490919
2019-05-06 20:20:00,0.017243862
2019-05-06 20:30:00,0.01595676
2019-05-06 20:40:00,0.01879841
2019-05-06 20:50:00,0.014622748
2019-05-06 21:00:00,0.017050713
2019-05-06 21:10:00,0.016320825
2019-05-06 21:20:00,0.018720746
2019-05-06 21:30:00,0.014558852
2019-05-06 21:40:00,0.01620102
2019-05-06 21:50:00,0.014988929
2019-05-06 22:00:00,0.016818881
2019-05-06 22:10:00,0.0145121515
2019-05-06 22:20:00,0.015025258
2019-05-06 22:30:00,0.015412718
2019-05-06 22:40:00,0.017420858
2019-05-06 22:50:00,0.014214158
2019-05-06 23:00:00,0.014604598
2019-05-06 23:10:00,0.015170008
2019-05-06 23:20:00,0.015892982
2019-05-06 23:30:00,0.015043229
2019-05-06 23:40:00,0.013912588
2019-05-06 23:50:00,0.015958339
2019-05-07 00:00:00,0.015303552
2019-05-07 00:10:00,0.015994877
2019-05-07 00:20:00,0.013380706
2019-05-07 00:30:00,0.018329501
2019-05-07 00:40:00,0.014297098
2019-05-07 00:50:00,0.01924321
2019-05-07 01:00:00,0.012973577
2019-05-07 01:10:00,0.01985079
2019-05-07 01:20:00,0.014527321
2019-05-07 01:30:00,0.017521411
2019-05-07 01:40:00,0.012901783
2019-05-07 01:50:00,0.016948104
2019-05-07 02:00:00,0.015287638
2019-05-07 02:10:00,0.014419258
2019-05-07 02:20:00,0.013168395
2019-05-07 02:30:00,0.014353633
2019-05-07 02:40:00,0.016445369
2019-05-07 02:50:00,0.014277846
2019-05-07 03:00:00,0.013920367
2019-05-07 03:10:00,0.014341503
2019-05-07 03:20:00,0.016966611
2019-05-07 03:30:00,0.0137369335
2019-05-07 03:40:00,0.013833374
2019-05-07 03:50:00,0.014403731
2019-05-07 04:00:00,0.01648897
2019-05-07 04:10:00,0.013787121
2019-05-07 04:20:00,0.013141125
2019-05-07 04:30:00,0.01410839
2019-05-07 04:40:00,0.01564446
2019-05-07 04:50:00,0.012437135
2019-05-07 05:00:00,0.01214537
2019-05-07 05:10:00,0.0131727755
2019-05-07 05:20:00,0.01483503
2019-05-07 05:30:00,0.012066007
2019-05-07 05:40:00,0.01283443
2019-05-07 05:50:00,0.011625826
2019-05-07 06:00:00,0.016098022
2019-05-07 06:10:00,0.011413217
2019-05-07 06:20:00,0.013549656
2019-05-07 06:30:00,0.011369437
2019-05-07 06:40:00,0.015395731
2019-05-07 06:50:00,0.011074096
2019-05-07 07:00:00,0.013696432
2019-05-07 07:10:00,0.012038261
2019-05-07 07:20:00,0.015389234
2019-05-07 07:30:00,0.011515409
2019-05-07 07:40:00,0.013455242
2019-05-07 07:50:00,0.01201877
2019-05-07 08:00:00,0.015480429
2019-05-07 08:10:00,0.011176914
2019-05-07 08:20:00,0.0132173
2019-05-07 08:30:00,0.011689007
2019-05-07 08:40:00,0.0152055025
2019-05-07 08:50:00,0.010469109
2019-05-07 09:00:00,0.012928754
2019-05-07 09:10:00,0.0109962225
2019-05-07 09:20:00,0.0147639215
2019-05-07 09:30:00,0.010147721
2019-05-07 09:40:00,0.013616413
2019-05-07 09:50:00,0.010461807
2019-05-07 10:00:00,0.015626013
2019-05-07 10:10:00,0.009900212
2019-05-07 10:20:00,0.013801366
2019-05-07 10:30:00,0.010414511
2019-05-07 10:40:00,0.01581356
2019-05-07 10:50:00,0.009598643
2019-05-07 11:00:00,0.014317095
2019-05-07 11:10:00,0.010513365
2019-05-07 11:20:00,0.016816407
2019-05-07 11:30:00,0.010457009
2019-05-07 11:40:00,0.014714897
2019-05-07 11:50:00,0.01014483
2019-05-07 12:00:00,0.016993731
2019-05-07 12:10:00,0.009646207
2019-05-07 12:20:00,0.015601993
2019-05-07 12:30:00,0.010226339
2019-05-07 12:40:00,0.017790735
2019-05-07 12:50:00,0.009414345
2019-05-07 13:00:00,0.015737146
2019-05-07 13:10:00,0.009652108
2019-05-07 13:20:00,0.016993433
2019-05-07 13:30:00,0.009359151
2019-05-07 13:40:00,0.016621947
2019-05-07 13:50:00,0.009200692
2019-05-07 14:00:00,0.018357724
2019-05-07 14:10:00,0.008965552
2019-05-07 14:20:00,0.017123431
2019-05-07 14:30:00,0.009478599
2019-05-07 14:40:00,0.019743234
2019-05-07 14:50:00,0.009136796
2019-05-07 15:00:00,0.018159032
2019-05-07 15:10:00,0.00917241
2019-05-07 15:20:00,0.020082861
2019-05-07 15:30:00,0.00886488
2019-05-07 15:40:00,0.01949671
2019-05-07 15:50:00,0.009130031
2019-05-07 16:00:00,0.021794468
2019-05-07 16:10:00,0.0082627535
2019-05-07 16:20:00,0.02072835
2019-05-07 16:30:00,0.008921832
2019-05-07 16:40:00,0.023745239
2019-05-07 16:50:00,0.008324772
2019-05-07 17:00:00,0.022256076
2019-05-07 17:10:00,0.008409113
2019-05-07 17:20:00,0.027106196
2019-05-07 17:30:00,0.0076814294
2019-05-07 17:40:00,0.02560553
2019-05-07 17:50:00,0.008397788
2019-05-07 18:00:00,0.029228687
2019-05-07 18:10:00,0.007960647
2019-05-07 18:20:00,0.026981264
2019-05-07 18:30:00,0.008513331
2019-05-07 18:40:00,0.031164944
2019-05-07 18:50:00,0.008284867
2019-05-07 19:00:00,0.028828979
2019-05-07 19:10:00,0.00865528
2019-05-07 19:20:00,0.032566935
2019-05-07 19:30:00,0.008470237
2019-05-07 19:40:00,0.03099686
2019-05-07 19:50:00,0.009063423
2019-05-07 20:00:00,0.033305526
2019-05-07 20:10:00,0.008263797
2019-05-07 20:20:00,0.032325625
2019-05-07 20:30:00,0.0096440315
2019-05-07 20:40:00,0.034083307
2019-05-07 20:50:00,0.008337051
2019-05-07 21:00:00,0.031766266
2019-05-07 21:10:00,0.009522021
2019-05-07 21:20:00,0.03341493
2019-05-07 21:30:00,0.008525491
2019-05-07 21:40:00,0.031711787
2019-05-07 21:50:00,0.008968413
2019-05-07 22:00:00,0.034828544
2019-05-07 22:10:00,0.008977622
2019-05-07 22:20:00,0.03609416
2019-05-07 22:30:00,0.010061771
2019-05-07 22:40:00,0.038921982
2019-05-07 22:50:00,0.009331346
2019-05-07 23:00:00,0.036846817
2019-05-07 23:10:00,0.010544062
2019-05-07 23:20:00,0.037787616
2019-05-07 23:30:00,0.009538621
2019-05-07 23:40:00,0.038827866
2019-05-07 23:50:00,0.010827154
2019-05-08 00:00:00,0.042005897
2019-05-08 00:10:00,0.010637313
2019-05-08 00:20:00,0.042002976
2019-05-08 00:30:00,0.011207163
2019-05-08 00:40:00,0.044490606
2019-05-08 00:50:00,0.011375785
2019-05-08 01:00:00,0.04624644
2019-05-08 01:10:00,0.012064844
2019-05-08 01:20:00,0.04614365
2019-05-08 01:30:00,0.0121174455
2019-05-08 01:40:00,0.046972215
2019-05-08 01:50:00,0.013006926
2019-05-08 02:00:00,0.04774478
2019-05-08 02:10:00,0.012727827
2019-05-08 02:20:00,0.04577747
2019-05-08 02:30:00,0.013895273
2019-05-08 02:40:00,0.04729855
2019-05-08 02:50:00,0.013059825
2019-05-08 03:00:00,0.04612267
2019-05-08 03:10:00,0.013212711
2019-05-08 03:20:00,0.046091765
2019-05-08 03:30:00,0.012824625
2019-05-08 03:40:00,0.044798493
2019-05-08 03:50:00,0.012974024
2019-05-08 04:00:00,0.044670314
2019-05-08 04:10:00,0.01269871
2019-05-08 04:20:00,0.045030147
2019-05-08 04:30:00,0.013289303
2019-05-08 04:40:00,0.043369114
2019-05-08 04:50:00,0.012610316
2019-05-08 05:00:00,0.04240924
2019-05-08 05:10:00,0.012946039
2019-05-08 05:20:00,0.041716456
2019-05-08 05:30:00,0.012158632
2019-05-08 05:40:00,0.03854838
2019-05-08 05:50:00,0.011939406
2019-05-08 06:00:00,0.037379146
2019-05-08 06:10:00,0.011007041
2019-05-08 06:20:00,0.03669554
2019-05-08 06:30:00,0.011475086
2019-05-08 06:40:00,0.037835747
2019-05-08 06:50:00,0.012042642
2019-05-08 07:00:00,0.038838297
2019-05-08 07:10:00,0.011571735
2019-05-08 07:20:00,0.03779155
2019-05-08 07:30:00,0.01136148
2019-05-08 07:40:00,0.036720484
2019-05-08 07:50:00,0.012153715
2019-05-08 08:00:00,0.03753051
2019-05-08 08:10:00,0.012938768
2019-05-08 08:20:00,0.036239803
2019-05-08 08:30:00,0.012795061
2019-05-08 08:40:00,0.036274165
2019-05-08 08:50:00,0.013959497
2019-05-08 09:00:00,0.035051733
2019-05-08 09:10:00,0.014262021
2019-05-08 09:20:00,0.033656
2019-05-08 09:30:00,0.014117539
2019-05-08 09:40:00,0.033355832
2019-05-08 09:50:00,0.014594525
2019-05-08 10:00:00,0.031674415
2019-05-08 10:10:00,0.014581591
2019-05-08 10:20:00,0.03281164
2019-05-08 10:30:00,0.011988342
2019-05-08 10:40:00,0.034320563
2019-05-08 10:50:00,0.015203804
2019-05-08 11:00:00,0.033385366
2019-05-08 11:10:00,0.013863146
2019-05-08 11:20:00,0.033055693
2019-05-08 11:30:00,0.014691949
2019-05-08 11:40:00,0.033566713
2019-05-08 11:50:00,0.014035553
2019-05-08 12:00:00,0.0332489
2019-05-08 12:10:00,0.014645934
2019-05-08 12:20:00,0.031072676
2019-05-08 12:30:00,0.013505876
2019-05-08 12:40:00,0.032161713
2019-05-08 12:50:00,0.014325172
2019-05-08 13:00:00,0.029036999
2019-05-08 13:10:00,0.01376608
2019-05-08 13:20:00,0.029267162
2019-05-08 13:30:00,0.014013857
2019-05-08 13:40:00,0.026693046
2019-05-08 13:50:00,0.012066156
2019-05-08 14:00:00,0.027196795
2019-05-08 14:10:00,0.011815995
2019-05-08 14:20:00,0.025722653
2019-05-08 14:30:00,0.010566533
2019-05-08 14:40:00,0.025950521
2019-05-08 14:50:00,0.011130452
2019-05-08 15:00:00,0.02521953
2019-05-08 15:10:00,0.010344893
2019-05-08 15:20:00,0.026229799
2019-05-08 15:30:00,0.010980248
2019-05-08 15:40:00,0.023848742
2019-05-08 15:50:00,0.009784073
2019-05-08 16:00:00,0.024417132
2019-05-08 16:10:00,0.010512471
2019-05-08 16:20:00,0.021980137
2019-05-08 16:30:00,0.009629607
2019-05-08 16:40:00,0.022948444
2019-05-08 16:50:00,0.011562198
2019-05-08 17:00:00,0.022245556
2019-05-08 17:10:00,0.010250568
2019-05-08 17:20:00,0.022653311
2019-05-08 17:30:00,0.011232436
2019-05-08 17:40:00,0.020983458
2019-05-08 17:50:00,0.010054886
2019-05-08 18:00:00,0.022099644
2019-05-08 18:10:00,0.01143226
2019-05-08 18:20:00,0.021472543
2019-05-08 18:30:00,0.010243714
2019-05-08 18:40:00,0.022242486
2019-05-08 18:50:00,0.011322111
2019-05-08 19:00:00,0.021240413
2019-05-08 19:10:00,0.010091454
2019-05-08 19:20:00,0.02083993
2019-05-08 19:30:00,0.011317879
2019-05-08 19:40:00,0.020719677
2019-05-08 19:50:00,0.0104441345
2019-05-08 20:00:00,0.021005094
2019-05-08 20:10:00,0.012093425
2019-05-08 20:20:00,0.019773692
2019-05-08 20:30:00,0.010491401
2019-05-08 20:40:00,0.018795848
2019-05-08 20:50:00,0.011708766
2019-05-08 21:00:00,0.017195702
2019-05-08 21:10:00,0.01025793
2019-05-08 21:20:00,0.017317533
2019-05-08 21:30:00,0.01267305
2019-05-08 21:40:00,0.017898023
2019-05-08 21:50:00,0.011122316
2019-05-08 22:00:00,0.01758039
2019-05-08 22:10:00,0.012735367
2019-05-08 22:20:00,0.017756283
2019-05-08 22:30:00,0.0108448565
2019-05-08 22:40:00,0.016798794
2019-05-08 22:50:00,0.012615532
2019-05-08 23:00:00,0.016876042
2019-05-08 23:10:00,0.012049943
2019-05-08 23:20:00,0.01669401
2019-05-08 23:30:00,0.0133907795
2019-05-08 23:40:00,0.017166018
2019-05-08 23:50:00,0.012519509
2019-05-09 00:00:00,0.016359836
2019-05-09 00:10:00,0.014828831
2019-05-09 00:20:00,0.016902328
2019-05-09 00:30:00,0.01290068
2019-05-09 00:40:00,0.01570201
2019-05-09 00:50:00,0.015488565
2019-05-09 01:00:00,0.017221212
2019-05-09 01:10:00,0.014321893
2019-05-09 01:20:00,0.015179545
2019-05-09 01:30:00,0.015889496
2019-05-09 01:40:00,0.016154349
2019-05-09 01:50:00,0.013901174
2019-05-09 02:00:00,0.015221804
2019-05-09 02:10:00,0.015829086
2019-05-09 02:20:00,0.01666513
2019-05-09 02:30:00,0.014195979
2019-05-09 02:40:00,0.016183317
2019-05-09 02:50:00,0.016775697
2019-05-09 03:00:00,0.01759097
2019-05-09 03:10:00,0.015975595
2019-05-09 03:20:00,0.016496778
2019-05-09 03:30:00,0.01717624
2019-05-09 03:40:00,0.017589003
2019-05-09 03:50:00,0.015741318
2019-05-09 04:00:00,0.017110258
2019-05-09 04:10:00,0.017471105
2019-05-09 04:20:00,0.018104225
2019-05-09 04:30:00,0.016237319
2019-05-09 04:40:00,0.017861694
2019-05-09 04:50:00,0.018311441
2019-05-09 05:00:00,0.019007355
2019-05-09 05:10:00,0.016938627
2019-05-09 05:20:00,0.01808986
2019-05-09 05:30:00,0.0187473
2019-05-09 05:40:00,0.019132674
2019-05-09 05:50:00,0.017295867
2019-05-09 06:00:00,0.018248498
2019-05-09 06:10:00,0.019357085
2019-05-09 06:20:00,0.019386739
2019-05-09 06:30:00,0.01773268
2019-05-09 06:40:00,0.01824528
2019-05-09 06:50:00,0.017263055
2019-05-09 07:00:00,0.018017858
2019-05-09 07:10:00,0.014278948
2019-05-09 07:20:00,0.01495564
2019-05-09 07:30:00,0.011046082
2019-05-09 07:40:00,0.014604092
2019-05-09 07:50:00,0.009836823
2019-05-09 08:00:00,0.012245595
2019-05-09 08:10:00,0.009878635
2019-05-09 08:20:00,0.013338119
2019-05-09 08:30:00,0.0095855
2019-05-09 08:40:00,0.012364596
2019-05-09 08:50:00,0.010952443
2019-05-09 09:00:00,0.013579786
2019-05-09 09:10:00,0.010251045
2019-05-09 09:20:00,0.012709945
2019-05-09 09:30:00,0.010797262
2019-05-09 09:40:00,0.013962954
2019-05-09 09:50:00,0.010075718
2019-05-09 10:00:00,0.012901783
2019-05-09 10:10:00,0.010498822
2019-05-09 10:20:00,0.014700294
2019-05-09 10:30:00,0.010252267
2019-05-09 10:40:00,0.012557834
2019-05-09 10:50:00,0.0105826855
2019-05-09 11:00:00,0.013171047
2019-05-09 11:10:00,0.010368854
2019-05-09 11:20:00,0.012815833
2019-05-09 11:30:00,0.011173308
2019-05-09 11:40:00,0.016075045
2019-05-09 11:50:00,0.011634916
2019-05-09 12:00:00,0.013856083
2019-05-09 12:10:00,0.011568755
2019-05-09 12:20:00,0.01707375
2019-05-09 12:30:00,0.012064964
2019-05-09 12:40:00,0.015515745
2019-05-09 12:50:00,0.012767434
2019-05-09 13:00:00,0.017166883
2019-05-09 13:10:00,0.012883306
2019-05-09 13:20:00,0.01466158
2019-05-09 13:30:00,0.0129112005
2019-05-09 13:40:00,0.015990704
2019-05-09 13:50:00,0.013112336
2019-05-09 14:00:00,0.01470381
2019-05-09 14:10:00,0.013739079
2019-05-09 14:20:00,0.016120166
2019-05-09 14:30:00,0.013863981
2019-05-09 14:40:00,0.013849497
2019-05-09 14:50:00,0.01505664
2019-05-09 15:00:00,0.01808694
2019-05-09 15:10:00,0.015860975
2019-05-09 15:20:00,0.0156112015
2019-05-09 15:30:00,0.0149516165
2019-05-09 15:40:00,0.017342448
2019-05-09 15:50:00,0.014769167
2019-05-09 16:00:00,0.015359223
2019-05-09 16:10:00,0.015995204
2019-05-09 16:20:00,0.01908809
2019-05-09 16:30:00,0.016143233
2019-05-09 16:40:00,0.017392516
2019-05-09 16:50:00,0.016881794
2019-05-09 17:00:00,0.01913187
2019-05-09 17:10:00,0.017280817
2019-05-09 17:20:00,0.01676634
2019-05-09 17:30:00,0.016634256
2019-05-09 17:40:00,0.018954545
2019-05-09 17:50:00,0.018514723
2019-05-09 18:00:00,0.01708132
2019-05-09 18:10:00,0.018455833
2019-05-09 18:20:00,0.019620687
2019-05-09 18:30:00,0.01906702
2019-05-09 18:40:00,0.017124504
2019-05-09 18:50:00,0.018408954
2019-05-09 19:00:00,0.020467997
2019-05-09 19:10:00,0.02032137
2019-05-09 19:20:00,0.018068671
2019-05-09 19:30:00,0.020492703
2019-05-09 19:40:00,0.022800833
2019-05-09 19:50:00,0.021470547
2019-05-09 20:00:00,0.019095778
2019-05-09 20:10:00,0.021068215
2019-05-09 20:20:00,0.022593796
2019-05-09 20:30:00,0.022978365
2019-05-09 20:40:00,0.019950718
2019-05-09 20:50:00,0.023082644
2019-05-09 21:00:00,0.02324462
2019-05-09 21:10:00,0.025870949
2019-05-09 21:20:00,0.020322204
2019-05-09 21:30:00,0.02289015
2019-05-09 21:40:00,0.021367043
2019-05-09 21:50:00,0.02562815
2019-05-09 22:00:00,0.019492775
2019-05-09 22:10:00,0.023198664
2019-05-09 22:20:00,0.023300737
2019-05-09 22:30:00,0.024144322
2019-05-09 22:40:00,0.020685524
2019-05-09 22:50:00,0.0241746
2019-05-09 23:00:00,0.02408886
2019-05-09 23:10:00,0.026412487
2019-05-09 23:20:00,0.021897495
2019-05-09 23:30:00,0.023257196
2019-05-09 23:40:00,0.026106328
2019-05-09 23:50:00,0.026523024
2019-05-10 00:00:00,0.02327308
2019-05-10 00:10:00,0.025990367
2019-05-10 00:20:00,0.026229948
2019-05-10 00:30:00,0.028435737
2019-05-10 00:40:00,0.025211602
2019-05-10 00:50:00,0.027135223
2019-05-10 01:00:00,0.028185308
2019-05-10 01:10:00,0.028027207
2019-05-10 01:20:00,0.026547939
2019-05-10 01:30:00,0.02960375
2019-05-10 01:40:00,0.030578196
2019-05-10 01:50:00,0.031816065
2019-05-10 02:00:00,0.02879718
2019-05-10 02:10:00,0.032127053
2019-05-10 02:20:00,0.03236541
2019-05-10 02:30:00,0.03309375
2019-05-10 02:40:00,0.030974686
2019-05-10 02:50:00,0.035556972
2019-05-10 03:00:00,0.0374842
2019-05-10 03:10:00,0.037460685
2019-05-10 03:20:00,0.03895414
2019-05-10 03:30:00,0.037198454
2019-05-10 03:40:00,0.0433504
2019-05-10 03:50:00,0.03951472
2019-05-10 04:00:00,0.041659206
2019-05-10 04:10:00,0.040471613
2019-05-10 04:20:00,0.04629451
2019-05-10 04:30:00,0.043515027
2019-05-10 04:40:00,0.04597783
2019-05-10 04:50:00,0.048615247
2019-05-10 05:00:00,0.054222554
2019-05-10 05:10:00,0.0519841
2019-05-10 05:20:00,0.054730177
2019-05-10 05:30:00,0.05308184
2019-05-10 05:40:00,0.0565964
2019-05-10 05:50:00,0.056961894
2019-05-10 06:00:00,0.056782335
2019-05-10 06:10:00,0.05979052
2019-05-10 06:20:00,0.06452516
2019-05-10 06:30:00,0.062173516
2019-05-10 06:40:00,0.06645101
2019-05-10 06:50:00,0.06793925
2019-05-10 07:00:00,0.071034014
2019-05-10 07:10:00,0.07218367
2019-05-10 07:20:00,0.075406164
2019-05-10 07:30:00,0.08223015
2019-05-10 07:40:00,0.0844377
2019-05-10 07:50:00,0.08787683
2019-05-10 08:00:00,0.091486305
2019-05-10 08:10:00,0.09714973
2019-05-10 08:20:00,0.09884176
2019-05-10 08:30:00,0.1032159
2019-05-10 08:40:00,0.10493985
2019-05-10 08:50:00,0.11260387
2019-05-10 09:00:00,0.11219284
2019-05-10 09:10:00,0.11625168
2019-05-10 09:20:00,0.11837059
2019-05-10 09:30:00,0.12701595
2019-05-10 09:40:00,0.12134707
2019-05-10 09:50:00,0.12601295
2019-05-10 10:00:00,0.12980959
2019-05-10 10:10:00,0.13957566
2019-05-10 10:20:00,0.13792345
2019-05-10 10:30:00,0.13792023
2019-05-10 10:40:00,0.14302287
2019-05-10 10:50:00,0.15525106
2019-05-10 11:00:00,0.15819928
2019-05-10 11:10:00,0.15763482
2019-05-10 11:20:00,0.16442204
2019-05-10 11:30:00,0.17334422
2019-05-10 11:40:00,0.17032069
2019-05-10 11:50:00,0.17886424
2019-05-10 12:00:00,0.17981371
2019-05-10 12:10:00,0.18532532
2019-05-10 12:20:00,0.19054961
2019-05-10 12:30:00,0.18213016
2019-05-10 12:40:00,0.19270483
2019-05-10 12:50:00,0.21038273
2019-05-10 13:00:00,0.20893669
2019-05-10 13:10:00,0.20770493
2019-05-10 13:20:00,0.23197252
2019-05-10 13:30:00,0.2465483
2019-05-10 13:40:00,0.23957583
2019-05-10 13:50:00,0.24265537
2019-05-10 14:00:00,0.2552424
2019-05-10 14:10:00,0.2883806
2019-05-10 14:20:00,0.26187003
2019-05-10 14:30:00,0.28372717
2019-05-10 14:40:00,0.27603617
2019-05-10 14:50:00,0.30717373
2019-05-10 15:00:00,0.27510712
2019-05-10 15:10:00,0.31142715
2019-05-10 15:20:00,0.3086427
2019-05-10 15:30:00,0.3102557
2019-05-10 15:40:00,0.30584085
2019-05-10 15:50:00,0.29601017
2019-05-10 16:00:00,0.30879897
2019-05-10 16:10:00,0.28630316
2019-05-10 16:20:00,0.31221288
2019-05-10 16:30:00,0.2840495
2019-05-10 16:40:00,0.32068884
2019-05-10 16:50:00,0.3049028
2019-05-10 17:00:00,0.32828456
2019-05-10 17:10:00,0.29031783
2019-05-10 17:20:00,0.3393587
2019-05-10 17:30:00,0.3145806
2019-05-10 17:40:00,0.36614817
2019-05-10 17:50:00,0.30153632
2019-05-10 18:00:00,0.3679629
2019-05-10 18:10:00,0.31093067
2019-05-10 18:20:00,0.36238194
2019-05-10 18:30:00,0.2995025
2019-05-10 18:40:00,0.38288683
2019-05-10 18:50:00,0.31895435
2019-05-10 19:00:00,0.38477284
2019-05-10 19:10:00,0.31328204
2019-05-10 19:20:00,0.39612392
2019-05-10 19:30:00,0.31683975
2019-05-10 19:40:00,0.39240634
2019-05-10 19:50:00,0.30786523
2019-05-10 20:00:00,0.40680602
2019-05-10 20:10:00,0.30338293
2019-05-10 20:20:00,0.4036328
2019-05-10 20:30:00,0.31250674
2019-05-10 20:40:00,0.4291945
2019-05-10 20:50:00,0.30756837
2019-05-10 21:00:00,0.42118704
2019-05-10 21:10:00,0.29776868
2019-05-10 21:20:00,0.43466914
2019-05-10 21:30:00,0.30817813
2019-05-10 21:40:00,0.44074827
2019-05-10 21:50:00,0.31103277
2019-05-10 22:00:00,0.46080846
2019-05-10 22:10:00,0.32616526
2019-05-10 22:20:00,0.4617331
2019-05-10 22:30:00,0.32543504
2019-05-10 22:40:00,0.47742248
2019-05-10 22:50:00,0.33716846
2019-05-10 23:00:00,0.47850892
2019-05-10 23:10:00,0.32963192
2019-05-10 23:20:00,0.48709095
2019-05-10 23:30:00,0.34355122
2019-05-10 23:40:00,0.4914869
2019-05-10 23:50:00,0.34334877
2019-05-11 00:00:00,0.5027027
2019-05-11 00:10:00,0.35701245
2019-05-11 00:20:00,0.4986381
2019-05-11 00:30:00,0.34895724
2019-05-11 00:40:00,0.5251721
2019-05-11 00:50:00,0.3682519
2019-05-11 01:00:00,0.5296411
2019-05-11 01:10:00,0.37537804
2019-05-11 01:20:00,0.53403497
2019-05-11 01:30:00,0.37402165
2019-05-11 01:40:00,0.5274446
2019-05-11 01:50:00,0.38757706
2019-05-11 02:00:00,0.54998606
2019-05-11 02:10:00,0.38614053
2019-05-11 02:20:00,0.5489819
2019-05-11 02:30:00,0.39295548
2019-05-11 02:40:00,0.57426804
2019-05-11 02:50:00,0.4062008
2019-05-11 03:00:00,0.5678296
2019-05-11 03:10:00,0.40162298
2019-05-11 03:20:00,0.5815666
2019-05-11 03:30:00,0.41479647
2019-05-11 03:40:00,0.59437656
2019-05-11 03:50:00,0.42078176
2019-05-11 04:00:00,0.6007804
2019-05-11 04:10:00,0.43479735
2019-05-11 04:20:00,0.60728705
2019-05-11 04:30:00,0.4098507
2019-05-11 04:40:00,0.62062913
2019-05-11 04:50:00,0.43650934
2019-05-11 05:00:00,0.6277317
2019-05-11 05:10:00,0.48846003
2019-05-11 05:20:00,0.6353513
2019-05-11 05:30:00,0.49588728
2019-05-11 05:40:00,0.6546581
2019-05-11 05:50:00,0.48448327
2019-05-11 06:00:00,0.6571322
2019-05-11 06:10:00,0.50408983
2019-05-11 06:20:00,0.6516657
2019-05-11 06:30:00,0.509835
2019-05-11 06:50:00,0.6568628
2019-05-11 07:00:00,0.5185671
2019-05-11 07:10:00,0.6624407
2019-05-11 07:20:00,0.5202678
2019-05-11 07:30:00,0.6793907
2019-05-11 07:40:00,0.5336457
2019-05-11 07:50:00,0.6865744
2019-05-11 08:00:00,0.5395064
2019-05-11 08:10:00,0.6934239
2019-05-11 08:20:00,0.556677
2019-05-11 08:30:00,0.69512415
2019-05-11 08:40:00,0.54864836
2019-05-11 08:50:00,0.68931156
2019-05-11 09:00:00,0.5676562
2019-05-11 09:10:00,0.69207776
2019-05-11 09:20:00,0.56953657
2019-05-11 09:30:00,0.7029675
2019-05-11 09:40:00,0.58335304
2019-05-11 09:50:00,0.71130955
2019-05-11 10:00:00,0.57662195
2019-05-11 10:10:00,0.705855
2019-05-11 10:20:00,0.5806656
2019-05-11 10:30:00,0.703753
2019-05-11 10:40:00,0.57136935
2019-05-11 10:50:00,0.69436896
2019-05-11 11:00:00,0.5717974
2019-05-11 11:10:00,0.6903646
2019-05-11 11:20:00,0.5536287
2019-05-11 11:30:00,0.69076586
2019-05-11 11:40:00,0.560391
2019-05-11 11:50:00,0.6828151
2019-05-11 12:00:00,0.54056376
2019-05-11 12:10:00,0.6677961
2019-05-11 12:20:00,0.53012794
2019-05-11 12:30:00,0.67735666
2019-05-11 12:40:00,0.5370466
2019-05-11 12:50:00,0.66902727
2019-05-11 13:00:00,0.51542526
2019-05-11 13:10:00,0.6523632
2019-05-11 13:20:00,0.5144052
2019-05-11 13:30:00,0.6517383
2019-05-11 13:40:00,0.5063983
2019-05-11 13:50:00,0.633576
2019-05-11 14:00:00,0.50253814
2019-05-11 14:10:00,0.6334688
2019-05-11 14:20:00,0.4959394
2019-05-11 14:30:00,0.63057166
2019-05-11 14:40:00,0.45029226
2019-05-11 14:50:00,0.5998198
2019-05-11 15:00:00,0.458796
2019-05-11 15:10:00,0.60639083
2019-05-11 15:20:00,0.47475
2019-05-11 15:30:00,0.59506
2019-05-11 15:40:00,0.47200722
2019-05-11 15:50:00,0.59492433
2019-05-11 16:00:00,0.47664973
2019-05-11 16:10:00,0.580909
2019-05-11 16:20:00,0.47369763
2019-05-11 16:30:00,0.58827573
2019-05-11 16:40:00,0.5043251
2019-05-11 16:50:00,0.5841422
2019-05-11 17:00:00,0.44216388
2019-05-11 17:10:00,0.5178784
2019-05-11 17:20:00,0.41785133
2019-05-11 17:30:00,0.45516965
2019-05-11 17:40:00,0.44154885
2019-05-11 17:50:00,0.4545705
2019-05-11 18:00:00,0.42282328
2019-05-11 18:10:00,0.4678528
2019-05-11 18:20:00,0.41534787
2019-05-11 18:30:00,0.4238496
2019-05-11 18:40:00,0.40284586
2019-05-11 18:50:00,0.4507399
2019-05-11 19:00:00,0.4072428
2019-05-11 19:10:00,0.4437923
2019-05-11 19:20:00,0.42143863
2019-05-11 19:30:00,0.450922
2019-05-11 19:40:00,0.42310536
2019-05-11 19:50:00,0.43249866
2019-05-11 20:00:00,0.4269017
2019-05-11 20:10:00,0.44156978
2019-05-11 20:20:00,0.41866755
2019-05-11 20:30:00,0.42342848
2019-05-11 20:40:00,0.40407687
2019-05-11 20:50:00,0.42952088
2019-05-11 21:00:00,0.4141193
2019-05-11 21:10:00,0.43202975
2019-05-11 21:20:00,0.41761816
2019-05-11 21:30:00,0.43915546
2019-05-11 21:40:00,0.423449
2019-05-11 21:50:00,0.41945463
2019-05-11 22:00:00,0.4207763
2019-05-11 22:10:00,0.4213083
2019-05-11 22:20:00,0.42775315
2019-05-11 22:30:00,0.40409404
2019-05-11 22:40:00,0.42920613
2019-05-11 22:50:00,0.40293387
2019-05-11 23:00:00,0.43865773
2019-05-11 23:10:00,0.37321198
2019-05-11 23:20:00,0.42149907
2019-05-11 23:30:00,0.3702541
2019-05-11 23:40:00,0.36839324
2019-05-11 23:50:00,0.33823127
2019-05-12 00:00:00,0.33647013
2019-05-12 00:10:00,0.32541257
2019-05-12 00:20:00,0.2922426
2019-05-12 00:30:00,0.30450314
2019-05-12 00:40:00,0.2744248
2019-05-12 00:50:00,0.30482668
2019-05-12 01:00:00,0.25311723
2019-05-12 01:10:00,0.2740221
2019-05-12 01:20:00,0.2422046
2019-05-12 01:30:00,0.28007627
2019-05-12 01:40:00,0.22528878
2019-05-12 01:50:00,0.2277222
2019-05-12 02:00:00,0.2056526
2019-05-12 02:10:00,0.2252655
2019-05-12 02:20:00,0.20212677
2019-05-12 02:30:00,0.19334581
2019-05-12 02:40:00,0.18693513
2019-05-12 02:50:00,0.19601923
2019-05-12 03:00:00,0.18655273
2019-05-12 03:10:00,0.17875388
2019-05-12 03:20:00,0.17628795
2019-05-12 03:30:00,0.19258752
2019-05-12 03:40:00,0.17569825
2019-05-12 03:50:00,0.16909155
2019-05-12 04:00:00,0.1700319
2019-05-12 04:10:00,0.18687427
2019-05-12 04:20:00,0.15531155
2019-05-12 04:30:00,0.1590299
2019-05-12 04:40:00,0.12956306
2019-05-12 04:50:00,0.16855249
2019-05-12 05:00:00,0.11769864
2019-05-12 05:10:00,0.14561558
2019-05-12 05:20:00,0.10829988
2019-05-12 05:30:00,0.13492131
2019-05-12 05:40:00,0.087258846
2019-05-12 05:50:00,0.090154976
2019-05-12 06:00:00,0.060500145
2019-05-12 06:10:00,0.052823633
2019-05-12 06:20:00,0.040564656
2019-05-12 06:30:00,0.03530523
2019-05-12 06:40:00,0.029456824
2019-05-12 06:50:00,0.026825756
2019-05-12 07:00:00,0.025293708
2019-05-12 07:10:00,0.023531318
2019-05-12 07:20:00,0.02512601
2019-05-12 07:30:00,0.030134201
2019-05-12 07:40:00,0.023955613
2019-05-12 07:50:00,0.024053425
2019-05-12 08:00:00,0.023130268
2019-05-12 08:10:00,0.02657336
2019-05-12 08:20:00,0.020609438
2019-05-12 08:30:00,0.019947737
2019-05-12 08:40:00,0.019630969
2019-05-12 08:50:00,0.021845281
2019-05-12 09:00:00,0.017432034
2019-05-12 09:10:00,0.016336739
2019-05-12 09:20:00,0.016468972
2019-05-12 09:30:00,0.016472846
2019-05-12 09:40:00,0.01381883
2019-05-12 09:50:00,0.011760503
2019-05-12 10:00:00,0.012465119
2019-05-12 10:10:00,0.012075484
2019-05-12 10:20:00,0.009916842
2019-05-12 10:30:00,0.0090461075
2019-05-12 10:40:00,0.009469211
2019-05-12 10:50:00,0.009992719
2019-05-12 11:00:00,0.008771956
2019-05-12 11:10:00,0.0078119338
2019-05-12 11:20:00,0.008318812
2019-05-12 11:30:00,0.008283913
2019-05-12 11:40:00,0.0071989
2019-05-12 11:50:00,0.0061990917
2019-05-12 12:00:00,0.0066211224
2019-05-12 12:10:00,0.005466044
2019-05-12 12:20:00,0.0049062073
2019-05-12 12:30:00,0.004019767
2019-05-12 12:40:00,0.004098177
2019-05-12 12:50:00,0.0038344264
2019-05-12 13:00:00,0.003132403
2019-05-12 13:10:00,0.0029728115
2019-05-12 13:20:00,0.0026720166
2019-05-12 13:30:00,0.0032233894
2019-05-12 13:40:00,0.002409041
2019-05-12 13:50:00,0.0021534264
2019-05-12 14:00:00,0.0019363463
2019-05-12 14:10:00,0.0021758974
2019-05-12 14:20:00,0.0015066564
2019-05-12 14:30:00,0.0016299486
2019-05-12 14:40:00,0.0014454126
2019-05-12 14:50:00,0.0017069876
2019-05-12 15:00:00,0.0012695789
2019-05-12 15:10:00,0.0014721751
2019-05-12 15:20:00,0.0013407767
2019-05-12 15:30:00,0.0015435815
2019-05-12 15:40:00,0.0011667013
2019-05-12 15:50:00,0.0013548732
2019-05-12 16:00:00,0.0012003481
2019-05-12 16:10:00,0.0014449656
2019-05-12 16:20:00,0.0010027885
2019-05-12 16:30:00,0.0011589229
2019-05-12 16:40:00,0.0009415746
2019-05-12 16:50:00,0.0012111664
2019-05-12 17:00:00,0.0008467436
2019-05-12 17:10:00,0.0011163652
2019-05-12 17:20:00,0.0009262264
2019-05-12 17:30:00,0.0012452006
2019-05-12 17:40:00,0.00085288286
2019-05-12 17:50:00,0.0011198223
2019-05-12 18:00:00,0.0009691715
2019-05-12 18:10:00,0.0012272596
2019-05-12 18:20:00,0.0008292198
2019-05-12 18:30:00,0.0010906458
2019-05-12 18:40:00,0.00088369846
2019-05-12 18:50:00,0.0011632442
2019-05-12 19:00:00,0.0007941127
2019-05-12 19:10:00,0.0009768903
2019-05-12 19:20:00,0.00079110265
2019-05-12 19:30:00,0.00095173717
2019-05-12 19:40:00,0.0006378591
2019-05-12 19:50:00,0.0008735955
2019-05-12 20:00:00,0.0006586611
2019-05-12 20:10:00,0.00084778666
2019-05-12 20:20:00,0.00056147575
2019-05-12 20:30:00,0.0008444488
2019-05-12 20:40:00,0.00065243244
2019-05-12 20:50:00,0.00091049075
2019-05-12 21:00:00,0.0006002486
2019-05-12 21:10:00,0.0009166002
2019-05-12 21:20:00,0.0006300211
2019-05-12 21:30:00,0.00095909834
2019-05-12 21:40:00,0.0005609393
2019-05-12 21:50:00,0.000862062
2019-05-12 22:00:00,0.0005659759
2019-05-12 22:10:00,0.00080662966
2019-05-12 22:20:00,0.0005116761
2019-05-12 22:30:00,0.00081950426
2019-05-12 22:40:00,0.00056150556
2019-05-12 22:50:00,0.0008094013
2019-05-12 23:00:00,0.0005117655
2019-05-12 23:10:00,0.0008405745
2019-05-12 23:20:00,0.00059360266
2019-05-12 23:30:00,0.0007878244
2019-05-12 23:40:00,0.0005453825
2019-05-12 23:50:00,0.0008701682
2019-05-13 00:00:00,0.0006175637
2019-05-13 00:10:00,0.00093621016
2019-05-13 00:20:00,0.00061506033
2019-05-13 00:30:00,0.0010823011
2019-05-13 00:40:00,0.00073742867
2019-05-13 00:50:00,0.0010611117
2019-05-13 01:00:00,0.0007200837
2019-05-13 01:10:00,0.0013458729
2019-05-13 01:20:00,0.00085631013
2019-05-13 01:30:00,0.0011757314
2019-05-13 01:40:00,0.0007748008
2019-05-13 01:50:00,0.0013101101
2019-05-13 02:00:00,0.00084897876
2019-05-13 02:10:00,0.0010729134
2019-05-13 02:20:00,0.0007644892
2019-05-13 02:30:00,0.0011749268
2019-05-13 02:40:00,0.0008511245
2019-05-13 02:50:00,0.0011939704
2019-05-13 03:00:00,0.0008838177
2019-05-13 03:10:00,0.0013681948
2019-05-13 03:20:00,0.0010197759
2019-05-13 03:30:00,0.0013982952
2019-05-13 03:40:00,0.0009954572
2019-05-13 03:50:00,0.0013915598
2019-05-13 04:00:00,0.0009778738
2019-05-13 04:10:00,0.0013117194
2019-05-13 04:20:00,0.001014173
2019-05-13 04:30:00,0.0013929904
2019-05-13 04:40:00,0.0010375679
2019-05-13 04:50:00,0.0014062822
2019-05-13 05:00:00,0.0011391342
2019-05-13 05:10:00,0.0017066002
2019-05-13 05:20:00,0.0012321472
2019-05-13 05:30:00,0.0016821027
2019-05-13 05:40:00,0.0012297332
2019-05-13 05:50:00,0.0020161867
2019-05-13 06:00:00,0.0013814569
2019-05-13 06:10:00,0.0023173094
2019-05-13 06:20:00,0.0016123056
2019-05-13 06:30:00,0.002838552
2019-05-13 06:40:00,0.002061516
2019-05-13 06:50:00,0.0032805204
2019-05-13 07:00:00,0.0020247996
2019-05-13 07:10:00,0.00429821
2019-05-13 07:20:00,0.0018526912
2019-05-13 07:30:00,0.0042255223
2019-05-13 07:40:00,0.003289044
2019-05-13 07:50:00,0.0049849153
2019-05-13 08:00:00,0.0035734475
2019-05-13 08:10:00,0.0046328306
2019-05-13 08:20:00,0.0037352145
2019-05-13 08:30:00,0.005684614
2019-05-13 08:40:00,0.0036837757
2019-05-13 08:50:00,0.0058282316
2019-05-13 09:00:00,0.004027307
2019-05-13 09:10:00,0.00647974
2019-05-13 09:20:00,0.004096508
2019-05-13 09:30:00,0.007038504
2019-05-13 09:40:00,0.004929006
2019-05-13 09:50:00,0.008959025
2019-05-13 10:00:00,0.0049298108
2019-05-13 10:10:00,0.009727776
2019-05-13 10:20:00,0.005333662
2019-05-13 10:30:00,0.009115458
2019-05-13 10:40:00,0.005331576
2019-05-13 10:50:00,0.008875817
2019-05-13 11:00:00,0.006053686
2019-05-13 11:10:00,0.008672923
2019-05-13 11:20:00,0.005412698
2019-05-13 11:30:00,0.008177608
2019-05-13 11:40:00,0.006158948
2019-05-13 11:50:00,0.008789629
2019-05-13 12:00:00,0.0061437786
2019-05-13 12:10:00,0.010297805
2019-05-13 12:20:00,0.006788492
2019-05-13 12:30:00,0.010377377
2019-05-13 12:40:00,0.007923156
2019-05-13 12:50:00,0.014407545
2019-05-13 13:00:00,0.0108837485
2019-05-13 13:10:00,0.015962541
2019-05-13 13:20:00,0.012831271
2019-05-13 13:30:00,0.019987255
2019-05-13 13:40:00,0.01869455
2019-05-13 13:50:00,0.021760672
2019-05-13 14:00:00,0.015215874
2019-05-13 14:10:00,0.030088156
2019-05-13 14:20:00,0.022555202
2019-05-13 14:30:00,0.030848175
2019-05-13 14:40:00,0.020921469
2019-05-13 14:50:00,0.02860266
2019-05-13 15:00:00,0.023836821
2019-05-13 15:10:00,0.033449292
2019-05-13 15:20:00,0.022443771
2019-05-13 15:30:00,0.032505184
2019-05-13 15:40:00,0.025434643
2019-05-13 15:50:00,0.038132817
2019-05-13 16:00:00,0.025630653
2019-05-13 16:10:00,0.04123637
2019-05-13 16:20:00,0.029292494
2019-05-13 16:30:00,0.04310125
2019-05-13 16:40:00,0.029777259
2019-05-13 16:50:00,0.041347682
2019-05-13 17:00:00,0.036632687
2019-05-13 17:10:00,0.05161956
2019-05-13 17:20:00,0.037065983
2019-05-13 17:30:00,0.048146963
2019-05-13 17:40:00,0.040650606
2019-05-13 17:50:00,0.05505407
2019-05-13 18:00:00,0.040643632
2019-05-13 18:10:00,0.05266276
2019-05-13 18:20:00,0.045985222
2019-05-13 18:30:00,0.063185155
2019-05-13 18:40:00,0.047181696
2019-05-13 18:50:00,0.060866565
2019-05-13 19:00:00,0.053337783
2019-05-13 19:10:00,0.07012501
2019-05-13 19:20:00,0.05744192
2019-05-13 19:30:00,0.07321733
2019-05-13 19:40:00,0.0730713
2019-05-13 19:50:00,0.08495191
2019-05-13 20:00:00,0.07742345
2019-05-13 20:10:00,0.08476871
2019-05-13 20:20:00,0.097696275
2019-05-13 20:30:00,0.10576248
2019-05-13 20:40:00,0.0974215
2019-05-13 20:50:00,0.101053506
2019-05-13 21:00:00,0.10572067
2019-05-13 21:10:00,0.11238459
2019-05-13 21:20:00,0.1058341
2019-05-13 21:30:00,0.10620135
2019-05-13 21:40:00,0.114943385
2019-05-13 21:50:00,0.11436644
2019-05-13 22:00:00,0.11020541
2019-05-13 22:10:00,0.108326435
2019-05-13 22:20:00,0.11870292
2019-05-13 22:30:00,0.1115005
2019-05-13 22:40:00,0.11314651
2019-05-13 22:50:00,0.10770565
2019-05-13 23:00:00,0.12333152
2019-05-13 23:10:00,0.11411771
2019-05-13 23:20:00,0.10832566
2019-05-13 23:30:00,0.10512945
2019-05-13 23:40:00,0.11539665
2019-05-13 23:50:00,0.110767275
2019-05-14 00:00:00,0.10572243
2019-05-14 00:10:00,0.089435846
2019-05-14 00:20:00,0.11960113
2019-05-14 00:30:00,0.09075695
2019-05-14 00:40:00,0.09220368
2019-05-14 00:50:00,0.079471886
2019-05-14 01:00:00,0.0944618
2019-05-14 01:10:00,0.073979884
2019-05-14 01:20:00,0.06387758
2019-05-14 01:30:00,0.064392984
2019-05-14 01:40:00,0.066435695
2019-05-14 01:50:00,0.07093364
2019-05-14 02:00:00,0.06925377
2019-05-14 02:10:00,0.074012786
2019-05-14 02:20:00,0.08024028
2019-05-14 02:30:00,0.080047965
2019-05-14 02:40:00,0.08140674
2019-05-14 02:50:00,0.077065885
2019-05-14 03:00:00,0.08782852
2019-05-14 03:10:00,0.08080819
2019-05-14 03:20:00,0.08941218
2019-05-14 03:30:00,0.07880494
2019-05-14 03:40:00,0.10428658
2019-05-14 03:50:00,0.08954525
2019-05-14 04:00:00,0.113894105
2019-05-14 04:10:00,0.083893865
2019-05-14 04:20:00,0.10342479
2019-05-14 04:30:00,0.08865672
2019-05-14 04:40:00,0.10764682
2019-05-14 04:50:00,0.08631137
2019-05-14 05:00:00,0.11216301
2019-05-14 05:10:00,0.101073325
2019-05-14 05:20:00,0.12047744
2019-05-14 05:30:00,0.09842917
2019-05-14 05:40:00,0.1284006
2019-05-14 05:50:00,0.106850564
2019-05-14 06:00:00,0.123539
2019-05-14 06:10:00,0.09399596
2019-05-14 06:20:00,0.13391858
2019-05-14 06:30:00,0.11383867
2019-05-14 06:40:00,0.13416898
2019-05-14 06:50:00,0.111041635
2019-05-14 07:00:00,0.13974226
2019-05-14 07:10:00,0.12569559
2019-05-14 07:20:00,0.14451095
2019-05-14 07:30:00,0.12314847
2019-05-14 07:40:00,0.14876345
2019-05-14 07:50:00,0.13577896
2019-05-14 08:00:00,0.15020037
2019-05-14 08:10:00,0.13221473
2019-05-14 08:20:00,0.15751469
2019-05-14 08:30:00,0.14626804
2019-05-14 08:40:00,0.15858448
2019-05-14 08:50:00,0.13211203
2019-05-14 09:00:00,0.1723181
2019-05-14 09:10:00,0.15761852
2019-05-14 09:20:00,0.18247107
2019-05-14 09:30:00,0.16290435
2019-05-14 09:40:00,0.18640164
2019-05-14 09:50:00,0.16816598
2019-05-14 10:00:00,0.19290054
2019-05-14 10:10:00,0.15842068
2019-05-14 10:20:00,0.19228584
2019-05-14 10:30:00,0.17247841
2019-05-14 10:40:00,0.21156836
2019-05-14 10:50:00,0.1798408
2019-05-14 11:00:00,0.21272257
2019-05-14 11:10:00,0.20031631
2019-05-14 11:20:00,0.23187307
2019-05-14 11:30:00,0.19029805
2019-05-14 11:40:00,0.23722598
2019-05-14 11:50:00,0.212214
2019-05-14 12:00:00,0.27521393
2019-05-14 12:10:00,0.21178049
2019-05-14 12:20:00,0.28644943
2019-05-14 12:30:00,0.2414414
2019-05-14 12:40:00,0.2979884
2019-05-14 12:50:00,0.21941409
2019-05-14 13:00:00,0.3044095
2019-05-14 13:10:00,0.24678588
2019-05-14 13:20:00,0.32535616
2019-05-14 13:30:00,0.25390106
2019-05-14 13:40:00,0.34102094
2019-05-14 13:50:00,0.2842289
2019-05-14 14:00:00,0.36160338
2019-05-14 14:10:00,0.29624885
2019-05-14 14:20:00,0.37350315
2019-05-14 14:30:00,0.32102552
2019-05-14 14:40:00,0.38183245
2019-05-14 14:50:00,0.31005895
2019-05-14 15:00:00,0.38494578
2019-05-14 15:10:00,0.32592267
2019-05-14 15:20:00,0.40387943
2019-05-14 15:30:00,0.3199156
2019-05-14 15:40:00,0.41439775
2019-05-14 15:50:00,0.33151513
2019-05-14 16:00:00,0.43985352
2019-05-14 16:10:00,0.34620214
2019-05-14 16:20:00,0.4540209
2019-05-14 16:30:00,0.38830143
2019-05-14 16:40:00,0.472917
2019-05-14 16:50:00,0.388769
2019-05-14 17:00:00,0.48234072
2019-05-14 17:10:00,0.4164598
2019-05-14 17:20:00,0.5172985
2019-05-14 17:30:00,0.42962727
2019-05-14 17:40:00,0.5209242
2019-05-14 17:50:00,0.4654038
2019-05-14 18:00:00,0.54678845
2019-05-14 18:10:00,0.5096548
2019-05-14 18:20:00,0.5432355
2019-05-14 18:30:00,0.52222514
2019-05-14 18:40:00,0.5686772
2019-05-14 18:50:00,0.52731746
2019-05-14 19:00:00,0.6189458
2019-05-14 19:10:00,0.62690496
2019-05-14 19:20:00,0.6367763
2019-05-14 19:30:00,0.61483335
2019-05-14 19:40:00,0.63087696
2019-05-14 19:50:00,0.6363189
2019-05-14 20:00:00,0.6403868
2019-05-14 20:10:00,0.63655317
2019-05-14 20:20:00,0.64551616
2019-05-14 20:30:00,0.64486164
2019-05-14 20:40:00,0.65472746
2019-05-14 20:50:00,0.6405192
2019-05-14 21:00:00,0.64435315
2019-05-14 21:10:00,0.62919205
2019-05-14 21:20:00,0.6369613
2019-05-14 21:30:00,0.6146867
2019-05-14 21:40:00,0.6451682
2019-05-14 21:50:00,0.6281096
2019-05-14 22:00:00,0.6568435
2019-05-14 22:10:00,0.6206907
2019-05-14 22:20:00,0.62444496
2019-05-14 22:30:00,0.63091916
2019-05-14 22:40:00,0.6441148
2019-05-14 22:50:00,0.62492645
2019-05-14 23:00:00,0.6240052
2019-05-14 23:10:00,0.6231205
2019-05-14 23:20:00,0.66396356
2019-05-14 23:30:00,0.6136686
2019-05-14 23:40:00,0.6447313
2019-05-14 23:50:00,0.6104778
2019-05-15 00:00:00,0.638821
2019-05-15 00:10:00,0.6127137
2019-05-15 00:20:00,0.6414511
2019-05-15 00:30:00,0.6174694
2019-05-15 00:40:00,0.64031
2019-05-15 00:50:00,0.6192596
2019-05-15 01:00:00,0.6475524
2019-05-15 01:10:00,0.6360705
2019-05-15 01:20:00,0.6503097
2019-05-15 01:30:00,0.61649096
2019-05-15 01:40:00,0.6488424
2019-05-15 01:50:00,0.62082875
2019-05-15 02:00:00,0.635172
2019-05-15 02:10:00,0.6042777
2019-05-15 02:20:00,0.6347867
2019-05-15 02:30:00,0.6224056
2019-05-15 02:40:00,0.63911366
2019-05-15 02:50:00,0.61286545
2019-05-15 03:00:00,0.64118296
2019-05-15 03:10:00,0.62605953
2019-05-15 03:20:00,0.6414376
2019-05-15 03:30:00,0.62630385
2019-05-15 03:40:00,0.64660263
2019-05-15 03:50:00,0.63422817
2019-05-15 04:00:00,0.6466959
2019-05-15 04:10:00,0.63448995
2019-05-15 04:20:00,0.6557941
2019-05-15 04:30:00,0.6470273
2019-05-15 04:40:00,0.657507
2019-05-15 04:50:00,0.6448798
2019-05-15 05:00:00,0.6712097
2019-05-15 05:10:00,0.6584803
2019-05-15 05:20:00,0.6726934
2019-05-15 05:30:00,0.65445745
2019-05-15 05:40:00,0.6790485
2019-05-15 05:50:00,0.6623229
2019-05-15 06:00:00,0.67949903
2019-05-15 06:10:00,0.6697295
2019-05-15 06:20:00,0.6965911
2019-05-15 06:30:00,0.68138075
2019-05-15 06:40:00,0.69618297
2019-05-15 06:50:00,0.69316316
2019-05-15 07:00:00,0.7134819
2019-05-15 07:10:00,0.70630854
2019-05-15 07:20:00,0.7201391
2019-05-15 07:30:00,0.69620866
2019-05-15 07:40:00,0.7206476
2019-05-15 07:50:00,0.7159772
2019-05-15 08:00:00,0.73651636
2019-05-15 08:10:00,0.73025227
2019-05-15 08:20:00,0.7575266
2019-05-15 08:30:00,0.74458873
2019-05-15 08:40:00,0.77901924
2019-05-15 08:50:00,0.7376399
2019-05-15 09:00:00,0.7902919
2019-05-15 09:10:00,0.739814
2019-05-15 09:20:00,0.7556343
2019-05-15 09:30:00,0.7398427
2019-05-15 09:40:00,0.73884094
2019-05-15 09:50:00,0.72821015
2019-05-15 10:00:00,0.73372245
2019-05-15 10:10:00,0.73931456
2019-05-15 10:20:00,0.73386234
2019-05-15 10:30:00,0.73308307
2019-05-15 10:40:00,0.6919848
2019-05-15 10:50:00,0.7188472
2019-05-15 11:00:00,0.6806693
2019-05-15 11:10:00,0.71360344
2019-05-15 11:20:00,0.6811424
2019-05-15 11:30:00,0.7039938
2019-05-15 11:40:00,0.68985474
2019-05-15 11:50:00,0.6943183
2019-05-15 12:00:00,0.6730149
2019-05-15 12:10:00,0.6819968
2019-05-15 12:20:00,0.67099005
2019-05-15 12:30:00,0.67570126
2019-05-15 12:40:00,0.6540565
2019-05-15 12:50:00,0.65880615
2019-05-15 13:00:00,0.6528771
2019-05-15 13:10:00,0.6518326
2019-05-15 13:20:00,0.63337827
2019-05-15 13:30:00,0.6302122
2019-05-15 13:40:00,0.6334927
2019-05-15 13:50:00,0.6356674
2019-05-15 14:00:00,0.61468047
2019-05-15 14:10:00,0.6165836
2019-05-15 14:20:00,0.61360306
2019-05-15 14:30:00,0.618465
2019-05-15 14:40:00,0.5971003
2019-05-15 14:50:00,0.5894544
2019-05-15 15:00:00,0.58707345
2019-05-15 15:10:00,0.5855733
2019-05-15 15:20:00,0.5618338
2019-05-15 15:30:00,0.55307424
2019-05-15 15:40:00,0.5516689
2019-05-15 15:50:00,0.54720706
2019-05-15 16:00:00,0.525723
2019-05-15 16:10:00,0.5213817
2019-05-15 16:20:00,0.5301973
2019-05-15 16:30:00,0.5294867
2019-05-15 16:40:00,0.505085
2019-05-15 16:50:00,0.5169382
2019-05-15 17:00:00,0.5081997
2019-05-15 17:10:00,0.5228839
2019-05-15 17:20:00,0.4824462
2019-05-15 17:30:00,0.50427115
2019-05-15 17:40:00,0.48371336
2019-05-15 17:50:00,0.50698817
2019-05-15 18:00:00,0.45824298
2019-05-15 18:10:00,0.48664907
2019-05-15 18:20:00,0.47221196
2019-05-15 18:30:00,0.48447964
2019-05-15 18:40:00,0.44625473
2019-05-15 18:50:00,0.4670555
2019-05-15 19:00:00,0.45854488
2019-05-15 19:10:00,0.46509475
2019-05-15 19:20:00,0.41827628
2019-05-15 19:30:00,0.43617627
2019-05-15 19:40:00,0.38688543
2019-05-15 19:50:00,0.4130863
2019-05-15 20:00:00,0.3704892
2019-05-15 20:10:00,0.39995387
2019-05-15 20:20:00,0.3851143
2019-05-15 20:30:00,0.39180052
2019-05-15 20:40:00,0.36113125
2019-05-15 20:50:00,0.3732379
2019-05-15 21:00:00,0.35388213
2019-05-15 21:10:00,0.35042232
2019-05-15 21:20:00,0.31747648
2019-05-15 21:30:00,0.35409805
2019-05-15 21:40:00,0.337178
2019-05-15 21:50:00,0.33719692
2019-05-15 22:00:00,0.30831328
2019-05-15 22:10:00,0.34159413
2019-05-15 22:20:00,0.3317988
2019-05-15 22:30:00,0.32452303
2019-05-15 22:40:00,0.28088462
2019-05-15 22:50:00,0.3257643
2019-05-15 23:00:00,0.29483777
2019-05-15 23:10:00,0.3094192
2019-05-15 23:20:00,0.25740165
2019-05-15 23:30:00,0.3169006
2019-05-15 23:40:00,0.27710038
2019-05-15 23:50:00,0.29578352
2019-05-16 00:00:00,0.24213415
2019-05-16 00:10:00,0.30343634
2019-05-16 00:20:00,0.25867045
2019-05-16 00:30:00,0.26177132
2019-05-16 00:40:00,0.19927797
2019-05-16 00:50:00,0.26762676
2019-05-16 01:00:00,0.21456102
2019-05-16 01:10:00,0.23277861
2019-05-16 01:20:00,0.17139158
2019-05-16 01:30:00,0.24313408
2019-05-16 01:40:00,0.18855801
2019-05-16 01:50:00,0.21232471
2019-05-16 02:00:00,0.15391403
2019-05-16 02:10:00,0.22830534
2019-05-16 02:20:00,0.16920671
2019-05-16 02:30:00,0.19702756
2019-05-16 02:40:00,0.14204448
2019-05-16 02:50:00,0.21600294
2019-05-16 03:00:00,0.15555811
2019-05-16 03:10:00,0.18175238
2019-05-16 03:20:00,0.12583241
2019-05-16 03:30:00,0.19773042
2019-05-16 03:40:00,0.13578507
2019-05-16 03:50:00,0.1615783
2019-05-16 04:00:00,0.10432148
2019-05-16 04:10:00,0.17106381
2019-05-16 04:20:00,0.115257025
2019-05-16 04:30:00,0.14089665
2019-05-16 04:40:00,0.100649685
2019-05-16 04:50:00,0.1589962
2019-05-16 05:00:00,0.11210489
2019-05-16 05:10:00,0.13611564
2019-05-16 05:20:00,0.092336684
2019-05-16 05:30:00,0.14911938
2019-05-16 05:40:00,0.10091126
2019-05-16 05:50:00,0.12416297
2019-05-16 06:00:00,0.08211988
2019-05-16 06:10:00,0.13483298
2019-05-16 06:20:00,0.08842692
2019-05-16 06:30:00,0.11077356
2019-05-16 06:40:00,0.07560626
2019-05-16 06:50:00,0.12831777
2019-05-16 07:00:00,0.084227055
2019-05-16 07:10:00,0.10368061
2019-05-16 07:20:00,0.072027594
2019-05-16 07:30:00,0.12551728
2019-05-16 07:40:00,0.08222869
2019-05-16 07:50:00,0.10606417
2019-05-16 08:00:00,0.06842792
2019-05-16 08:10:00,0.1198349
2019-05-16 08:20:00,0.076404035
2019-05-16 08:30:00,0.101543844
2019-05-16 08:40:00,0.06858054
2019-05-16 08:50:00,0.12226194
2019-05-16 09:00:00,0.07334143
2019-05-16 09:10:00,0.09688166
2019-05-16 09:20:00,0.06385723
2019-05-16 09:30:00,0.11498129
2019-05-16 09:40:00,0.07302302
2019-05-16 09:50:00,0.09221718
2019-05-16 10:00:00,0.06378034
2019-05-16 10:10:00,0.11170077
2019-05-16 10:20:00,0.069943756
2019-05-16 10:30:00,0.0888564
2019-05-16 10:40:00,0.064184874
2019-05-16 10:50:00,0.106378734
2019-05-16 11:00:00,0.065310776
2019-05-16 11:10:00,0.07950586
2019-05-16 11:20:00,0.054884613
2019-05-16 11:30:00,0.09115806
2019-05-16 11:40:00,0.057378918
2019-05-16 11:50:00,0.071293205
2019-05-16 12:00:00,0.049984455
2019-05-16 12:10:00,0.08594525
2019-05-16 12:20:00,0.054169774
2019-05-16 12:30:00,0.0665209
2019-05-16 12:40:00,0.048181623
2019-05-16 12:50:00,0.08088842
2019-05-16 13:00:00,0.051890522
2019-05-16 13:10:00,0.06355971
2019-05-16 13:20:00,0.047979116
2019-05-16 13:30:00,0.08126712
2019-05-16 13:40:00,0.050611705
2019-05-16 13:50:00,0.06245312
2019-05-16 14:00:00,0.04569584
2019-05-16 14:10:00,0.081219524
2019-05-16 14:20:00,0.050202012
2019-05-16 14:30:00,0.06363973
2019-05-16 14:40:00,0.0449678
2019-05-16 14:50:00,0.0834358
2019-05-16 15:00:00,0.04974842
2019-05-16 15:10:00,0.06932959
2019-05-16 15:20:00,0.048295677
2019-05-16 15:30:00,0.08993927
2019-05-16 15:40:00,0.05254212
2019-05-16 15:50:00,0.071110725
2019-05-16 16:00:00,0.05147782
2019-05-16 16:10:00,0.09692046
2019-05-16 16:20:00,0.054499328
2019-05-16 16:30:00,0.07689917
2019-05-16 16:40:00,0.054919988
2019-05-16 16:50:00,0.10557783
2019-05-16 17:00:00,0.06294221
2019-05-16 17:10:00,0.08601144
2019-05-16 17:20:00,0.058586508
2019-05-16 17:30:00,0.11563018
2019-05-16 17:40:00,0.067281574
2019-05-16 17:50:00,0.09204033
2019-05-16 18:00:00,0.06408259
2019-05-16 18:10:00,0.121694416
2019-05-16 18:20:00,0.06911889
2019-05-16 18:30:00,0.09855378
2019-05-16 18:40:00,0.062251866
2019-05-16 18:50:00,0.12126878
2019-05-16 19:00:00,0.070854634
2019-05-16 19:10:00,0.100881666
2019-05-16 19:20:00,0.06891084
2019-05-16 19:30:00,0.12999612
2019-05-16 19:40:00,0.07205862
2019-05-16 19:50:00,0.10269377
2019-05-16 20:00:00,0.06888795
2019-05-16 20:10:00,0.13372853
2019-05-16 20:20:00,0.070553094
2019-05-16 20:30:00,0.102577865
2019-05-16 20:40:00,0.067769796
2019-05-16 20:50:00,0.12935546
2019-05-16 21:00:00,0.07056877
2019-05-16 21:10:00,0.10453096
2019-05-16 21:20:00,0.06501138
2019-05-16 21:30:00,0.12626502
2019-05-16 21:40:00,0.0684506
2019-05-16 21:50:00,0.10365087
2019-05-16 22:00:00,0.07231045
2019-05-16 22:10:00,0.13144088
2019-05-16 22:20:00,0.072300464
2019-05-16 22:30:00,0.08585709
2019-05-16 22:40:00,0.07321218
2019-05-16 22:50:00,0.121818095
2019-05-16 23:00:00,0.07414922
2019-05-16 23:10:00,0.09932035
2019-05-16 23:20:00,0.07696906
2019-05-16 23:30:00,0.08876908
2019-05-16 23:40:00,0.060986996
2019-05-16 23:50:00,0.06967163
2019-05-17 00:00:00,0.058454752
2019-05-17 00:10:00,0.07427144
2019-05-17 00:20:00,0.05090031
2019-05-17 00:30:00,0.059646457
2019-05-17 00:40:00,0.05681613
2019-05-17 00:50:00,0.068666905
2019-05-17 01:00:00,0.05476865
2019-05-17 01:10:00,0.06240976
2019-05-17 01:20:00,0.0593282
2019-05-17 01:30:00,0.07026029
2019-05-17 01:40:00,0.05540639
2019-05-17 01:50:00,0.058397263
2019-05-17 02:00:00,0.056055576
2019-05-17 02:10:00,0.071648836
2019-05-17 02:20:00,0.04894948
2019-05-17 02:30:00,0.056883067
2019-05-17 02:40:00,0.05408883
2019-05-17 02:50:00,0.06386146
2019-05-17 03:00:00,0.055534124
2019-05-17 03:10:00,0.057656974
2019-05-17 03:20:00,0.054478645
2019-05-17 03:30:00,0.05954069
2019-05-17 03:40:00,0.051939964
2019-05-17 03:50:00,0.053774297
2019-05-17 04:00:00,0.05566129
2019-05-17 04:10:00,0.059398055
2019-05-17 04:20:00,0.05228871
2019-05-17 04:30:00,0.053629637
2019-05-17 04:40:00,0.0560551
2019-05-17 04:50:00,0.05356759
2019-05-17 05:00:00,0.04880789
2019-05-17 05:10:00,0.045684367
2019-05-17 05:20:00,0.04734698
2019-05-17 05:30:00,0.044487417
2019-05-17 05:40:00,0.04053694
2019-05-17 05:50:00,0.036162525
2019-05-17 06:00:00,0.044439524
2019-05-17 06:10:00,0.0411624
2019-05-17 06:20:00,0.041375786
2019-05-17 06:30:00,0.03956148
2019-05-17 06:40:00,0.04904166
2019-05-17 06:50:00,0.04211405
2019-05-17 07:00:00,0.046671122
2019-05-17 07:10:00,0.0386464
2019-05-17 07:20:00,0.05392763
2019-05-17 07:30:00,0.043701917
2019-05-17 07:40:00,0.050607353
2019-05-17 07:50:00,0.039595664
2019-05-17 08:00:00,0.057663888
2019-05-17 08:10:00,0.04104376
2019-05-17 08:20:00,0.04984051
2019-05-17 08:30:00,0.03854981
2019-05-17 08:40:00,0.059225827
2019-05-17 08:50:00,0.043867707
2019-05-17 09:00:00,0.053852916
2019-05-17 09:10:00,0.04038292
2019-05-17 09:20:00,0.060666114
2019-05-17 09:30:00,0.042546332
2019-05-17 09:40:00,0.055418402
2019-05-17 09:50:00,0.039495647
2019-05-17 10:00:00,0.061875433
2019-05-17 10:10:00,0.04202348
2019-05-17 10:20:00,0.05663863
2019-05-17 10:30:00,0.039168626
2019-05-17 10:40:00,0.06428552
2019-05-17 10:50:00,0.043747753
2019-05-17 11:00:00,0.056113392
2019-05-17 11:10:00,0.04002461
2019-05-17 11:20:00,0.061894447
2019-05-17 11:30:00,0.04249561
2019-05-17 11:40:00,0.05770132
2019-05-17 11:50:00,0.039765865
2019-05-17 12:00:00,0.06317988
2019-05-17 12:10:00,0.045173407
2019-05-17 12:20:00,0.057666242
2019-05-17 12:30:00,0.0431841
2019-05-17 12:40:00,0.067415684
2019-05-17 12:50:00,0.04410982
2019-05-17 13:00:00,0.06284529
2019-05-17 13:10:00,0.038988233
2019-05-17 13:20:00,0.053231955
2019-05-17 13:30:00,0.027479261
2019-05-17 13:40:00,0.03789857
2019-05-17 13:50:00,0.014225721
2019-05-17 14:00:00,0.025353998
2019-05-17 14:10:00,0.011503816
2019-05-17 14:20:00,0.020762384
2019-05-17 14:30:00,0.008617401
2019-05-17 14:40:00,0.017659247
2019-05-17 14:50:00,0.007274121
2019-05-17 15:00:00,0.009797037
2019-05-17 15:10:00,0.00490731
2019-05-17 15:20:00,0.0034894347
2019-05-17 15:30:00,0.003629297
2019-05-17 15:40:00,0.0017668605
2019-05-17 15:50:00,0.002509743
2019-05-17 16:00:00,0.0012730956
2019-05-17 16:10:00,0.002429247
2019-05-17 16:20:00,0.0011144578
2019-05-17 16:30:00,0.0021587908
2019-05-17 16:40:00,0.001712501
2019-05-17 16:50:00,0.002568394
2019-05-17 17:00:00,0.0012370646
2019-05-17 17:10:00,0.002050221
2019-05-17 17:20:00,0.001507163
2019-05-17 17:30:00,0.0023134649
2019-05-17 17:40:00,0.0010201931
2019-05-17 17:50:00,0.0017286241
2019-05-17 18:00:00,0.0011762977
2019-05-17 18:10:00,0.0018846989
2019-05-17 18:20:00,0.00082576275
2019-05-17 18:30:00,0.0014803708
2019-05-17 18:40:00,0.0009101927
2019-05-17 18:50:00,0.0015663803
2019-05-17 19:00:00,0.0005687177
2019-05-17 19:10:00,0.0011644363
2019-05-17 19:20:00,0.00060361624
2019-05-17 19:30:00,0.0010978878
2019-05-17 19:40:00,0.00035625696
2019-05-17 19:50:00,0.00078848004
2019-05-17 20:00:00,0.00044360757
2019-05-17 20:10:00,0.0009302199
2019-05-17 20:20:00,0.00026726723
2019-05-17 20:30:00,0.0007237792
2019-05-17 20:40:00,0.00032418966
2019-05-17 20:50:00,0.0008300245
2019-05-17 21:00:00,0.00018170476
2019-05-17 21:10:00,0.0005610287
2019-05-17 21:20:00,0.00019207597
2019-05-17 21:30:00,0.0005760491
2019-05-17 21:40:00,0.00011424616
2019-05-17 21:50:00,0.0003888607
2019-05-17 22:00:00,0.00015425682
2019-05-17 22:10:00,0.0004145205
2019-05-17 22:20:00,8.915839e-05
2019-05-17 22:30:00,0.00027567148
2019-05-17 22:40:00,0.00013452768
2019-05-17 22:50:00,0.0003209114
2019-05-17 23:00:00,6.95725e-05
2019-05-17 23:10:00,0.00021252036
2019-05-17 23:20:00,7.73937e-05
2019-05-17 23:30:00,0.00022920966
2019-05-17 23:40:00,4.339162e-05
2019-05-17 23:50:00,0.00017219782
2019-05-18 00:00:00,5.5556397e-05
2019-05-18 00:10:00,0.00019976497
2019-05-18 00:20:00,3.250037e-05
2019-05-18 00:30:00,0.00013953447
2019-05-18 00:40:00,4.8608406e-05
2019-05-18 00:50:00,0.00018396974
2019-05-18 01:00:00,2.7189542e-05
2019-05-18 01:10:00,0.00012257174
2019-05-18 01:20:00,3.9123268e-05
2019-05-18 01:30:00,0.00015559793
2019-05-18 01:40:00,1.9745059e-05
2019-05-18 01:50:00,0.00010459669
2019-05-18 02:00:00,2.9328225e-05
2019-05-18 02:10:00,0.00013640523
2019-05-18 02:20:00,1.584049e-05
2019-05-18 02:30:00,0.00010856625
2019-05-18 02:40:00,2.7851927e-05
2019-05-18 02:50:00,0.00013279915
2019-05-18 03:00:00,1.583712e-05
2019-05-18 03:10:00,9.292949e-05
2019-05-18 03:20:00,2.101039e-05
2019-05-18 03:30:00,0.0001125771
2019-05-18 03:40:00,9.936889e-06
2019-05-18 03:50:00,6.94061e-05
2019-05-18 04:00:00,1.6894966e-05
2019-05-18 04:10:00,0.000102443984
2019-05-18 04:20:00,1.0109817e-05
2019-05-18 04:30:00,7.1430855e-05
2019-05-18 04:40:00,1.4972949e-05
2019-05-18 04:50:00,0.00010792869
2019-05-18 05:00:00,9.588657e-06
2019-05-18 05:10:00,8.199373e-05
2019-05-18 05:20:00,1.4526875e-05
2019-05-18 05:30:00,0.00011500821
2019-05-18 05:40:00,8.949962e-06
2019-05-18 05:50:00,8.616067e-05
2019-05-18 06:00:00,1.5674495e-05
2019-05-18 06:10:00,0.00013750792
2019-05-18 06:20:00,1.0772204e-05
2019-05-18 06:30:00,9.797168e-05
2019-05-18 06:40:00,1.6001477e-05
2019-05-18 06:50:00,0.0001423955
2019-05-18 07:00:00,9.380723e-06
2019-05-18 07:10:00,0.00010086718
2019-05-18 07:20:00,1.5963951e-05
2019-05-18 07:30:00,0.00014615059
2019-05-18 07:40:00,8.752021e-06
2019-05-18 07:50:00,0.00011962555
2019-05-18 08:00:00,1.6973907e-05
2019-05-18 08:10:00,0.00017294288
2019-05-18 08:20:00,1.050975e-05
2019-05-18 08:30:00,0.00013768673
2019-05-18 08:40:00,1.7632658e-05
2019-05-18 08:50:00,0.00016868114
2019-05-18 09:00:00,1.1471742e-05
2019-05-18 09:10:00,0.00012940168
2019-05-18 09:20:00,2.192974e-05
2019-05-18 09:30:00,0.00018176436
2019-05-18 09:40:00,1.3475957e-05
2019-05-18 09:50:00,0.00013068318
2019-05-18 10:00:00,2.3185163e-05
2019-05-18 10:10:00,0.00019040704
2019-05-18 10:20:00,1.4328729e-05
2019-05-18 10:30:00,0.00015258789
2019-05-18 10:40:00,2.3810979e-05
2019-05-18 10:50:00,0.00019964576
2019-05-18 11:00:00,1.5531114e-05
2019-05-18 11:10:00,0.00016105175
2019-05-18 11:20:00,2.6507923e-05
2019-05-18 11:30:00,0.00022190809
2019-05-18 11:40:00,1.7152368e-05
2019-05-18 11:50:00,0.00017246604
2019-05-18 12:00:00,3.270605e-05
2019-05-18 12:10:00,0.00023809075
2019-05-18 12:20:00,2.1951899e-05
2019-05-18 12:30:00,0.00018846989
2019-05-18 12:40:00,4.1583397e-05
2019-05-18 12:50:00,0.00027567148
2019-05-18 13:00:00,2.7377428e-05
2019-05-18 13:10:00,0.00021880865
2019-05-18 13:20:00,4.2004853e-05
2019-05-18 13:30:00,0.00031596422
2019-05-18 13:40:00,3.0303907e-05
2019-05-18 13:50:00,0.00028070807
2019-05-18 14:00:00,6.202577e-05
2019-05-18 14:10:00,0.0004788041
2019-05-18 14:20:00,5.2335345e-05
2019-05-18 14:30:00,0.00043421984
2019-05-18 14:40:00,0.000107651955
2019-05-18 14:50:00,0.0006029904
2019-05-18 15:00:00,7.709542e-05
2019-05-18 15:10:00,0.00051289797
2019-05-18 15:20:00,0.00015082955
2019-05-18 15:30:00,0.0006541014
2019-05-18 15:40:00,0.00011879381
2019-05-18 15:50:00,0.0005892515
2019-05-18 16:00:00,0.00024023652
2019-05-18 16:10:00,0.00083884597
2019-05-18 16:20:00,0.00015377998
2019-05-18 16:30:00,0.0006302893
2019-05-18 16:40:00,0.00024306774
2019-05-18 16:50:00,0.0008328259
2019-05-18 17:00:00,0.00018417835
2019-05-18 17:10:00,0.0008351803
2019-05-18 17:20:00,0.0003246069
2019-05-18 17:30:00,0.0009062886
2019-05-18 17:40:00,0.000166893
2019-05-18 17:50:00,0.0007867813
2019-05-18 18:00:00,0.00037127733
2019-05-18 18:10:00,0.0013396442
2019-05-18 18:20:00,0.00028714538
2019-05-18 18:30:00,0.0012292564
2019-05-18 18:40:00,0.0004786551
2019-05-18 18:50:00,0.001457125
2019-05-18 19:00:00,0.00034540892
2019-05-18 19:10:00,0.0012131929
2019-05-18 19:20:00,0.00069737434
2019-05-18 19:30:00,0.0017383397
2019-05-18 19:40:00,0.0005289912
2019-05-18 19:50:00,0.0016698241
2019-05-18 20:00:00,0.0007753968
2019-05-18 20:10:00,0.0023584068
2019-05-18 20:20:00,0.00070402026
2019-05-18 20:30:00,0.002446115
2019-05-18 20:40:00,0.0011394024
2019-05-18 20:50:00,0.0040938556
2019-05-18 21:00:00,0.0010573268
2019-05-18 21:10:00,0.0039531887
2019-05-18 21:20:00,0.0021526217
2019-05-18 21:30:00,0.005869597
2019-05-18 21:40:00,0.002704531
2019-05-18 21:50:00,0.0060303807
2019-05-18 22:00:00,0.0055787563
2019-05-18 22:10:00,0.008454531
2019-05-18 22:20:00,0.0058937967
2019-05-18 22:30:00,0.00807485
2019-05-18 22:40:00,0.010173768
2019-05-18 22:50:00,0.012547672
2019-05-18 23:00:00,0.015402377
2019-05-18 23:10:00,0.012752652
2019-05-18 23:20:00,0.01635328
2019-05-18 23:30:00,0.014187217
2019-05-18 23:40:00,0.014612347
2019-05-18 23:50:00,0.012513429
2019-05-19 00:00:00,0.015794873
2019-05-19 00:10:00,0.013120353
2019-05-19 00:20:00,0.01387918
2019-05-19 00:30:00,0.01204589
2019-05-19 00:40:00,0.015081197
2019-05-19 00:50:00,0.012753487
2019-05-19 01:00:00,0.014119089
2019-05-19 01:10:00,0.01209414
2019-05-19 01:20:00,0.015694171
2019-05-19 01:30:00,0.012051195
2019-05-19 01:40:00,0.0141996145
2019-05-19 01:50:00,0.012178659
2019-05-19 02:00:00,0.015751153
2019-05-19 02:10:00,0.011522561
2019-05-19 02:20:00,0.014059097
2019-05-19 02:30:00,0.0131266415
2019-05-19 02:40:00,0.01552102
2019-05-19 02:50:00,0.013754487
2019-05-19 03:00:00,0.013982773
2019-05-19 03:10:00,0.013404459
2019-05-19 03:20:00,0.015806556
2019-05-19 03:30:00,0.013599366
2019-05-19 03:40:00,0.014556289
2019-05-19 03:50:00,0.01364398
2019-05-19 04:00:00,0.016516715
2019-05-19 04:10:00,0.014624029
2019-05-19 04:20:00,0.014997214
2019-05-19 04:30:00,0.013968468
2019-05-19 04:40:00,0.016470224
2019-05-19 04:50:00,0.015482098
2019-05-19 05:00:00,0.01608023
2019-05-19 05:10:00,0.015033424
2019-05-19 05:20:00,0.016878635
2019-05-19 05:30:00,0.015581399
2019-05-19 05:40:00,0.015421927
2019-05-19 05:50:00,0.015292674
2019-05-19 06:00:00,0.016947597
2019-05-19 06:10:00,0.01628825
2019-05-19 06:20:00,0.015737206
2019-05-19 06:30:00,0.017043531
2019-05-19 06:40:00,0.017850101
2019-05-19 06:50:00,0.017610818
2019-05-19 07:00:00,0.01676625
2019-05-19 07:10:00,0.017593086
2019-05-19 07:20:00,0.020318389
2019-05-19 07:30:00,0.018810242
2019-05-19 07:40:00,0.019181818
2019-05-19 07:50:00,0.018665016
2019-05-19 08:00:00,0.021046758
2019-05-19 08:10:00,0.01955378
2019-05-19 08:20:00,0.01914668
2019-05-19 08:30:00,0.018878132
2019-05-19 08:40:00,0.021385878
2019-05-19 08:50:00,0.018791467
2019-05-19 09:00:00,0.02025652
2019-05-19 09:10:00,0.01856184
2019-05-19 09:20:00,0.02279991
2019-05-19 09:30:00,0.019159794
2019-05-19 09:40:00,0.020167649
2019-05-19 09:50:00,0.018833011
2019-05-19 10:00:00,0.023902625
2019-05-19 10:10:00,0.02016905
2019-05-19 10:20:00,0.022407383
2019-05-19 10:30:00,0.019724011
2019-05-19 10:40:00,0.025999367
2019-05-19 10:50:00,0.019589007
2019-05-19 11:00:00,0.02566868
2019-05-19 11:10:00,0.020170689
2019-05-19 11:20:00,0.0303725
2019-05-19 11:30:00,0.020617008
2019-05-19 11:40:00,0.026471764
2019-05-19 11:50:00,0.022449434
2019-05-19 12:00:00,0.03120315
2019-05-19 12:10:00,0.021351248
2019-05-19 12:20:00,0.029204369
2019-05-19 12:30:00,0.023224473
2019-05-19 12:40:00,0.033869386
2019-05-19 12:50:00,0.022470862
2019-05-19 13:00:00,0.029961437
2019-05-19 13:10:00,0.02402851
2019-05-19 13:20:00,0.03545797
2019-05-19 13:30:00,0.024736822
2019-05-19 13:40:00,0.03393489
2019-05-19 13:50:00,0.025939614
2019-05-19 14:00:00,0.039550602
2019-05-19 14:10:00,0.025067478
2019-05-19 14:20:00,0.03402534
2019-05-19 14:30:00,0.026514947
2019-05-19 14:40:00,0.038488567
2019-05-19 14:50:00,0.024213344
2019-05-19 15:00:00,0.035051614
2019-05-19 15:10:00,0.027548045
2019-05-19 15:20:00,0.040263355
2019-05-19 15:30:00,0.026774496
2019-05-19 15:40:00,0.03766644
2019-05-19 15:50:00,0.03037116
2019-05-19 16:00:00,0.042087376
2019-05-19 16:10:00,0.032866478
2019-05-19 16:20:00,0.038871557
2019-05-19 16:30:00,0.031870693
2019-05-19 16:40:00,0.04172772
2019-05-19 16:50:00,0.03071925
2019-05-19 17:00:00,0.042717963
2019-05-19 17:10:00,0.032875657
2019-05-19 17:20:00,0.044662237
2019-05-19 17:30:00,0.03177488
2019-05-19 17:40:00,0.042295545
2019-05-19 17:50:00,0.033289284
2019-05-19 18:00:00,0.044219345
2019-05-19 18:10:00,0.031052023
2019-05-19 18:20:00,0.039918154
2019-05-19 18:30:00,0.034325123
2019-05-19 18:40:00,0.044787407
2019-05-19 18:50:00,0.034750074
2019-05-19 19:00:00,0.042923182
2019-05-19 19:10:00,0.039078265
2019-05-19 19:20:00,0.04926735
2019-05-19 19:30:00,0.037877083
2019-05-19 19:40:00,0.044300944
2019-05-19 19:50:00,0.039295673
2019-05-19 20:00:00,0.049128354
2019-05-19 20:10:00,0.037534356
2019-05-19 20:20:00,0.044676095
2019-05-19 20:30:00,0.04119137
2019-05-19 20:40:00,0.050697953
2019-05-19 20:50:00,0.040310264
2019-05-19 21:00:00,0.047382653
2019-05-19 21:10:00,0.045633227
2019-05-19 21:20:00,0.047677577
2019-05-19 21:30:00,0.045344383
2019-05-19 21:40:00,0.04521832
2019-05-19 21:50:00,0.048973113
2019-05-19 22:00:00,0.051306844
2019-05-19 22:10:00,0.047505856
2019-05-19 22:20:00,0.045611173
2019-05-19 22:30:00,0.054434538
2019-05-19 22:40:00,0.043753862
2019-05-19 22:50:00,0.05078447
2019-05-19 23:00:00,0.043664783
2019-05-19 23:10:00,0.052348137
2019-05-19 23:20:00,0.04443589
2019-05-19 23:30:00,0.054653257
2019-05-19 23:40:00,0.041830063
2019-05-19 23:50:00,0.05478424
2019-05-20 00:00:00,0.04633963
2019-05-20 00:10:00,0.05835989
2019-05-20 00:20:00,0.046864152
2019-05-20 00:30:00,0.058010757
2019-05-20 00:40:00,0.047489077
2019-05-20 00:50:00,0.058703363
2019-05-20 01:00:00,0.043773174
2019-05-20 01:10:00,0.061790198
2019-05-20 01:20:00,0.050940603
2019-05-20 01:30:00,0.063684285
2019-05-20 01:40:00,0.051616788
2019-05-20 01:50:00,0.06855446
2019-05-20 02:00:00,0.051403373
2019-05-20 02:10:00,0.06713307
2019-05-20 02:20:00,0.04899648
2019-05-20 02:30:00,0.06864843
2019-05-20 02:40:00,0.049751878
2019-05-20 02:50:00,0.07391313
2019-05-20 03:00:00,0.05160153
2019-05-20 03:10:00,0.080922365
2019-05-20 03:20:00,0.057745486
2019-05-20 03:30:00,0.08523175
2019-05-20 03:40:00,0.06071523
2019-05-20 03:50:00,0.08890483
2019-05-20 04:00:00,0.05874911
2019-05-20 04:10:00,0.09866935
2019-05-20 04:20:00,0.064050645
2019-05-20 04:30:00,0.09541774
2019-05-20 04:40:00,0.06110865
2019-05-20 04:50:00,0.09773004
2019-05-20 05:00:00,0.06421593
2019-05-20 05:10:00,0.10230461
2019-05-20 05:20:00,0.0636453
2019-05-20 05:30:00,0.106894135
2019-05-20 05:40:00,0.068078846
2019-05-20 05:50:00,0.105446935
2019-05-20 06:00:00,0.06521639
2019-05-20 06:10:00,0.09869081
2019-05-20 06:20:00,0.062274396
2019-05-20 06:30:00,0.100779474
2019-05-20 06:40:00,0.06125647
2019-05-20 06:50:00,0.098585695
2019-05-20 07:00:00,0.062049717
2019-05-20 07:10:00,0.099497676
2019-05-20 07:20:00,0.051503807
2019-05-20 07:30:00,0.09865558
2019-05-20 07:40:00,0.056599557
2019-05-20 07:50:00,0.09906113
2019-05-20 08:00:00,0.056913555
2019-05-20 08:10:00,0.10045165
2019-05-20 08:20:00,0.060030192
2019-05-20 08:30:00,0.10302624
2019-05-20 08:40:00,0.054030865
2019-05-20 08:50:00,0.09537181
2019-05-20 09:00:00,0.04805714
2019-05-20 09:10:00,0.0939486
2019-05-20 09:20:00,0.04477963
2019-05-20 09:30:00,0.090756476
2019-05-20 09:40:00,0.045565605
2019-05-20 09:50:00,0.08808604
2019-05-20 10:00:00,0.042487055
2019-05-20 10:10:00,0.08492121
2019-05-20 10:20:00,0.045348912
2019-05-20 10:30:00,0.07945746
2019-05-20 10:40:00,0.041324735
2019-05-20 10:50:00,0.077989966
2019-05-20 11:00:00,0.040192038
2019-05-20 11:10:00,0.08768022
2019-05-20 11:20:00,0.040296137
2019-05-20 11:30:00,0.08565077
2019-05-20 11:40:00,0.042784452
2019-05-20 11:50:00,0.08430034
2019-05-20 12:00:00,0.041401535
2019-05-20 12:10:00,0.08172807
2019-05-20 12:20:00,0.04236713
2019-05-20 12:30:00,0.082829714
2019-05-20 12:40:00,0.039100617
2019-05-20 12:50:00,0.081642956
2019-05-20 13:00:00,0.04188183
2019-05-20 13:10:00,0.079845905
2019-05-20 13:20:00,0.03718424
2019-05-20 13:30:00,0.07169011
2019-05-20 13:40:00,0.038365692
2019-05-20 13:50:00,0.0672842
2019-05-20 14:00:00,0.03353554
2019-05-20 14:10:00,0.06284794
2019-05-20 14:20:00,0.034743965
2019-05-20 14:30:00,0.060731083
2019-05-20 14:40:00,0.031709135
2019-05-20 14:50:00,0.06365901
2019-05-20 15:00:00,0.03209278
2019-05-20 15:10:00,0.06395906
2019-05-20 15:20:00,0.03079924
2019-05-20 15:30:00,0.06674877
2019-05-20 15:40:00,0.035258144
2019-05-20 15:50:00,0.067987174
2019-05-20 16:00:00,0.03162238
2019-05-20 16:10:00,0.06700599
2019-05-20 16:20:00,0.035577983
2019-05-20 16:30:00,0.064065516
2019-05-20 16:40:00,0.029918462
2019-05-20 16:50:00,0.06212449
2019-05-20 17:00:00,0.033431023
2019-05-20 17:10:00,0.06698817
2019-05-20 17:20:00,0.029289514
2019-05-20 17:30:00,0.05884388
2019-05-20 17:40:00,0.035104394
2019-05-20 17:50:00,0.06898293
2019-05-20 18:00:00,0.029472142
2019-05-20 18:10:00,0.066378474
2019-05-20 18:20:00,0.03130561
2019-05-20 18:30:00,0.06142068
2019-05-20 18:40:00,0.02749905
2019-05-20 18:50:00,0.061112493
2019-05-20 19:00:00,0.031254858
2019-05-20 19:10:00,0.0568628
2019-05-20 19:20:00,0.026361644
2019-05-20 19:30:00,0.055038363
2019-05-20 19:40:00,0.027184248
2019-05-20 19:50:00,0.04997924
2019-05-20 20:00:00,0.02296567
2019-05-20 20:10:00,0.049185723
2019-05-20 20:20:00,0.026163608
2019-05-20 20:30:00,0.050610244
2019-05-20 20:40:00,0.022702307
2019-05-20 20:50:00,0.053263485
2019-05-20 21:00:00,0.026613325
2019-05-20 21:10:00,0.051977664
2019-05-20 21:20:00,0.024572909
2019-05-20 21:30:00,0.055376828
2019-05-20 21:40:00,0.030239493
2019-05-20 21:50:00,0.05394703
2019-05-20 22:00:00,0.027442008
2019-05-20 22:10:00,0.054558635
2019-05-20 22:20:00,0.031200051
2019-05-20 22:30:00,0.05948177
2019-05-20 22:40:00,0.029945403
2019-05-20 22:50:00,0.054601997
2019-05-20 23:00:00,0.03174478
2019-05-20 23:10:00,0.05097869
2019-05-20 23:20:00,0.028272003
2019-05-20 23:30:00,0.049235344
2019-05-20 23:40:00,0.030898064
2019-05-20 23:50:00,0.049331456
2019-05-21 00:00:00,0.027295828
2019-05-21 00:10:00,0.051431835
2019-05-21 00:20:00,0.03213373
2019-05-21 00:30:00,0.050202876
2019-05-21 00:40:00,0.028076947
2019-05-21 00:50:00,0.052949786
2019-05-21 01:00:00,0.03361544
2019-05-21 01:10:00,0.05259922
2019-05-21 01:20:00,0.030072182
2019-05-21 01:30:00,0.048672378
2019-05-21 01:40:00,0.03168246
2019-05-21 01:50:00,0.049005657
2019-05-21 02:00:00,0.029577881
2019-05-21 02:10:00,0.042947084
2019-05-21 02:20:00,0.033133596
2019-05-21 02:30:00,0.04246217
2019-05-21 02:40:00,0.02894628
2019-05-21 02:50:00,0.04159063
2019-05-21 03:00:00,0.033257633
2019-05-21 03:10:00,0.044624597
2019-05-21 03:20:00,0.0318515
2019-05-21 03:30:00,0.03820312
2019-05-21 03:40:00,0.034092903
2019-05-21 03:50:00,0.03775403
2019-05-21 04:00:00,0.031488687
2019-05-21 04:10:00,0.03399691
2019-05-21 04:20:00,0.034643948
2019-05-21 04:30:00,0.033933282
2019-05-21 04:40:00,0.032708496
2019-05-21 04:50:00,0.030291885
2019-05-21 05:00:00,0.035251707
2019-05-21 05:10:00,0.02902779
2019-05-21 05:20:00,0.034509182
2019-05-21 05:30:00,0.028090447
2019-05-21 05:40:00,0.03932467
2019-05-21 05:50:00,0.027387023
2019-05-21 06:00:00,0.036034256
2019-05-21 06:10:00,0.026711643
2019-05-21 06:20:00,0.04038593
2019-05-21 06:30:00,0.028960973
2019-05-21 06:40:00,0.036655337
2019-05-21 06:50:00,0.026248842
2019-05-21 07:00:00,0.0370124
2019-05-21 07:10:00,0.025614887
2019-05-21 07:20:00,0.03592047
2019-05-21 07:30:00,0.025276363
2019-05-21 07:40:00,0.03799188
2019-05-21 07:50:00,0.0253447
2019-05-21 08:00:00,0.035701096
2019-05-21 08:10:00,0.023306668
2019-05-21 08:20:00,0.037682205
2019-05-21 08:30:00,0.024969637
2019-05-21 08:40:00,0.03842184
2019-05-21 08:50:00,0.018846363
2019-05-21 09:00:00,0.04285547
2019-05-21 09:10:00,0.022392541
2019-05-21 09:20:00,0.03153178
2019-05-21 09:30:00,0.017110646
2019-05-21 09:40:00,0.039304316
2019-05-21 09:50:00,0.022458851
2019-05-21 10:00:00,0.035783052
2019-05-21 10:10:00,0.021472186
2019-05-21 10:20:00,0.038044095
2019-05-21 10:30:00,0.023787856
2019-05-21 10:40:00,0.036083907
2019-05-21 10:50:00,0.021621287
2019-05-21 11:00:00,0.041996658
2019-05-21 11:10:00,0.02496624
2019-05-21 11:20:00,0.039848924
2019-05-21 11:30:00,0.021360248
2019-05-21 11:40:00,0.043048292
2019-05-21 11:50:00,0.02328825
2019-05-21 12:00:00,0.042201042
2019-05-21 12:10:00,0.021123827
2019-05-21 12:20:00,0.043076694
2019-05-21 12:30:00,0.021087468
2019-05-21 12:40:00,0.039518327
2019-05-21 12:50:00,0.018233389
2019-05-21 13:00:00,0.0394409
2019-05-21 13:10:00,0.018073648
2019-05-21 13:20:00,0.03342843
2019-05-21 13:30:00,0.015472174
2019-05-21 13:40:00,0.03441003
2019-05-21 13:50:00,0.018243253
2019-05-21 14:00:00,0.03415242
2019-05-21 14:10:00,0.01677385
2019-05-21 14:20:00,0.038078845
2019-05-21 14:30:00,0.019641638
2019-05-21 14:40:00,0.03770706
2019-05-21 14:50:00,0.017404258
2019-05-21 15:00:00,0.038264066
2019-05-21 15:10:00,0.019981146
2019-05-21 15:20:00,0.038938344
2019-05-21 15:30:00,0.017705083
2019-05-21 15:40:00,0.04098767
2019-05-21 15:50:00,0.02023241
2019-05-21 16:00:00,0.04033166
2019-05-21 16:10:00,0.016195774
2019-05-21 16:20:00,0.029187918
2019-05-21 16:30:00,0.013300717
2019-05-21 16:40:00,0.024906784
2019-05-21 16:50:00,0.011001378
2019-05-21 17:00:00,0.021211177
2019-05-21 17:10:00,0.011456758
2019-05-21 17:20:00,0.026163995
2019-05-21 17:30:00,0.010923654
2019-05-21 17:40:00,0.025832921
2019-05-21 17:50:00,0.014267445
2019-05-21 18:00:00,0.029233694
2019-05-21 18:10:00,0.011466444
2019-05-21 18:20:00,0.025373876
2019-05-21 18:30:00,0.012908548
2019-05-21 18:40:00,0.02704683
2019-05-21 18:50:00,0.010863423
2019-05-21 19:00:00,0.021826833
2019-05-21 19:10:00,0.011501819
2019-05-21 19:20:00,0.024953216
2019-05-21 19:30:00,0.010423481
2019-05-21 19:40:00,0.021276712
2019-05-21 19:50:00,0.011695415
2019-05-21 20:00:00,0.022569537
2019-05-21 20:10:00,0.010442972
2019-05-21 20:20:00,0.016932726
2019-05-21 20:30:00,0.011672765
2019-05-21 20:40:00,0.020065665
2019-05-21 20:50:00,0.00997448
2019-05-21 21:00:00,0.015683442
2019-05-21 21:10:00,0.011776656
2019-05-21 21:20:00,0.019162059
2019-05-21 21:30:00,0.009169072
2019-05-21 21:40:00,0.013852835
2019-05-21 21:50:00,0.009914011
2019-05-21 22:00:00,0.015795797
2019-05-21 22:10:00,0.008701652
2019-05-21 22:20:00,0.01161319
2019-05-21 22:30:00,0.009850621
2019-05-21 22:40:00,0.014114559
2019-05-21 22:50:00,0.007871985
2019-05-21 23:00:00,0.010317266
2019-05-21 23:10:00,0.008649915
2019-05-21 23:20:00,0.014247745
2019-05-21 23:30:00,0.008401513
2019-05-21 23:40:00,0.011529386
2019-05-21 23:50:00,0.00941968
2019-05-22 00:00:00,0.014467478
2019-05-22 00:10:00,0.008713126
2019-05-22 00:20:00,0.010230631
2019-05-22 00:30:00,0.009040087
2019-05-22 00:40:00,0.013381481
2019-05-22 00:50:00,0.0077610314
2019-05-22 01:00:00,0.00867182
2019-05-22 01:10:00,0.007987112
2019-05-22 01:20:00,0.011723667
2019-05-22 01:30:00,0.007332772
2019-05-22 01:40:00,0.008341789
2019-05-22 01:50:00,0.007739514
2019-05-22 02:00:00,0.010793924
2019-05-22 02:10:00,0.007221371
2019-05-22 02:20:00,0.006958306
2019-05-22 02:30:00,0.006708145
2019-05-22 02:40:00,0.009575218
2019-05-22 02:50:00,0.006360024
2019-05-22 03:00:00,0.0057657063
2019-05-22 03:10:00,0.005661279
2019-05-22 03:20:00,0.0078597665
2019-05-22 03:30:00,0.0055253804
2019-05-22 03:40:00,0.00524047
2019-05-22 03:50:00,0.0055740476
2019-05-22 04:00:00,0.0077118874
2019-05-22 04:10:00,0.0049184263
2019-05-22 04:20:00,0.0044493973
2019-05-22 04:30:00,0.00455451
2019-05-22 04:40:00,0.0061561763
2019-05-22 04:50:00,0.0044728518
2019-05-22 05:00:00,0.003971398
2019-05-22 05:10:00,0.0041159093
2019-05-22 05:20:00,0.005972892
2019-05-22 05:30:00,0.0041877627
2019-05-22 05:40:00,0.003816396
2019-05-22 05:50:00,0.004001528
2019-05-22 06:00:00,0.0050894916
2019-05-22 06:10:00,0.0040901005
2019-05-22 06:20:00,0.003421396
2019-05-22 06:30:00,0.0038469732
2019-05-22 06:40:00,0.005010098
2019-05-22 06:50:00,0.004262984
2019-05-22 07:00:00,0.0036328733
2019-05-22 07:10:00,0.0043722093
2019-05-22 07:20:00,0.005449623
2019-05-22 07:30:00,0.004485905
2019-05-22 07:40:00,0.0036383271
2019-05-22 07:50:00,0.0043792725
2019-05-22 08:00:00,0.0054417253
2019-05-22 08:10:00,0.004619807
2019-05-22 08:20:00,0.0035085678
2019-05-22 08:30:00,0.004525423
2019-05-22 08:40:00,0.0051695406
2019-05-22 08:50:00,0.004777044
2019-05-22 09:00:00,0.0036257505
2019-05-22 09:10:00,0.0043956935
2019-05-22 09:20:00,0.0052528083
2019-05-22 09:30:00,0.0050483644
2019-05-22 09:40:00,0.0036936104
2019-05-22 09:50:00,0.0045339465
2019-05-22 10:00:00,0.0053412914
2019-05-22 10:10:00,0.00481984
2019-05-22 10:20:00,0.0036129951
2019-05-22 10:30:00,0.0046143234
2019-05-22 10:40:00,0.0055546165
2019-05-22 10:50:00,0.0053932667
2019-05-22 11:00:00,0.0041235387
2019-05-22 11:10:00,0.00504151
2019-05-22 11:20:00,0.0056819916
2019-05-22 11:30:00,0.0052701533
2019-05-22 11:40:00,0.0038394332
2019-05-22 11:50:00,0.0050266683
2019-05-22 12:00:00,0.005399972
2019-05-22 12:10:00,0.0056039095
2019-05-22 12:20:00,0.0039857924
2019-05-22 12:30:00,0.0052221715
2019-05-22 12:40:00,0.005930692
2019-05-22 12:50:00,0.005871922
2019-05-22 13:00:00,0.004358381
2019-05-22 13:10:00,0.005359024
2019-05-22 13:20:00,0.006064236
2019-05-22 13:30:00,0.0054081082
2019-05-22 13:40:00,0.0043027997
2019-05-22 13:50:00,0.004903078
2019-05-22 14:00:00,0.005840242
2019-05-22 14:10:00,0.0049634576
2019-05-22 14:20:00,0.0042735934
2019-05-22 14:30:00,0.0046725273
2019-05-22 14:40:00,0.0060577393
2019-05-22 14:50:00,0.00504303
2019-05-22 15:00:00,0.004320115
2019-05-22 15:10:00,0.00440678
2019-05-22 15:20:00,0.005971998
2019-05-22 15:30:00,0.004930079
2019-05-22 15:40:00,0.0045644045
2019-05-22 15:50:00,0.0044896305
2019-05-22 16:00:00,0.0064329207
2019-05-22 16:10:00,0.0048093796
2019-05-22 16:20:00,0.0048885643
2019-05-22 16:30:00,0.004823327
2019-05-22 16:40:00,0.0070901215
2019-05-22 16:50:00,0.005365789
2019-05-22 17:00:00,0.005868554
2019-05-22 17:10:00,0.0056967437
2019-05-22 17:20:00,0.0078036785
2019-05-22 17:30:00,0.0056150556
2019-05-22 17:40:00,0.006048143
2019-05-22 17:50:00,0.0056691766
2019-05-22 18:00:00,0.0075493753
2019-05-22 18:10:00,0.0055493712
2019-05-22 18:20:00,0.0058909953
2019-05-22 18:30:00,0.0051029325
2019-05-22 18:40:00,0.006973177
2019-05-22 18:50:00,0.004987836
2019-05-22 19:00:00,0.00572744
2019-05-22 19:10:00,0.004523635
2019-05-22 19:20:00,0.0070016384
2019-05-22 19:30:00,0.0041068792
2019-05-22 19:40:00,0.0066284537
2019-05-22 19:50:00,0.0048796833
2019-05-22 20:00:00,0.0076891184
2019-05-22 20:10:00,0.0057770014
2019-05-22 20:20:00,0.0068787634
2019-05-22 20:30:00,0.0057741404
2019-05-22 20:40:00,0.008361578
2019-05-22 20:50:00,0.0061951578
2019-05-22 21:00:00,0.007453412
2019-05-22 21:10:00,0.006223917
2019-05-22 21:20:00,0.008434385
2019-05-22 21:30:00,0.0068123937
2019-05-22 21:40:00,0.0074979067
2019-05-22 21:50:00,0.0062919855
2019-05-22 22:00:00,0.007718563
2019-05-22 22:10:00,0.0062294602
2019-05-22 22:20:00,0.0073446333
2019-05-22 22:30:00,0.0058666468
2019-05-22 22:40:00,0.0066937804
2019-05-22 22:50:00,0.005345255
2019-05-22 23:00:00,0.0073056817
2019-05-22 23:10:00,0.0067959726
2019-05-22 23:20:00,0.008772999
2019-05-22 23:30:00,0.006963134
2019-05-22 23:40:00,0.008110255
2019-05-22 23:50:00,0.006380886
2019-05-23 00:00:00,0.0069877803
2019-05-23 00:10:00,0.005372584
2019-05-23 00:20:00,0.006318599
2019-05-23 00:30:00,0.004551947
2019-05-23 00:40:00,0.0058968067
2019-05-23 00:50:00,0.0042693317
2019-05-23 01:00:00,0.006714165
2019-05-23 01:10:00,0.004919708
2019-05-23 01:20:00,0.006386131
2019-05-23 01:30:00,0.00494352
2019-05-23 01:40:00,0.006462723
2019-05-23 01:50:00,0.004982829
2019-05-23 02:00:00,0.005678028
2019-05-23 02:10:00,0.0046948493
2019-05-23 02:20:00,0.006522745
2019-05-23 02:30:00,0.005262494
2019-05-23 02:40:00,0.005904764
2019-05-23 02:50:00,0.0049545765
2019-05-23 03:00:00,0.007443309
2019-05-23 03:10:00,0.0056405067
2019-05-23 03:20:00,0.0069411397
2019-05-23 03:30:00,0.005096197
2019-05-23 03:40:00,0.0076138377
2019-05-23 03:50:00,0.0055172443
2019-05-23 04:00:00,0.0066463947
2019-05-23 04:10:00,0.005312711
2019-05-23 04:20:00,0.008390009
2019-05-23 04:30:00,0.005951792
2019-05-23 04:40:00,0.0073241293
2019-05-23 04:50:00,0.0054519176
2019-05-23 05:00:00,0.00865382
2019-05-23 05:10:00,0.006135404
2019-05-23 05:20:00,0.007689476
2019-05-23 05:30:00,0.0052543283
2019-05-23 05:40:00,0.009278834
2019-05-23 05:50:00,0.0064041913
2019-05-23 06:00:00,0.007529348
2019-05-23 06:10:00,0.0054172575
2019-05-23 06:20:00,0.008558422
2019-05-23 06:30:00,0.005984068
2019-05-23 06:40:00,0.007052362
2019-05-23 06:50:00,0.0051888525
2019-05-23 07:00:00,0.008576602
2019-05-23 07:10:00,0.006089002
2019-05-23 07:20:00,0.0070339143
2019-05-23 07:30:00,0.0054837465
2019-05-23 07:40:00,0.008682966
2019-05-23 07:50:00,0.0062612593
2019-05-23 08:00:00,0.0073638856
2019-05-23 08:10:00,0.005585462
2019-05-23 08:20:00,0.008930981
2019-05-23 08:30:00,0.0062280893
2019-05-23 08:40:00,0.007611066
2019-05-23 08:50:00,0.005689174
2019-05-23 09:00:00,0.008993596
2019-05-23 09:10:00,0.005862117
2019-05-23 09:20:00,0.0076144636
2019-05-23 09:30:00,0.005246848
2019-05-23 09:40:00,0.008954257
2019-05-23 09:50:00,0.0056494772
2019-05-23 10:00:00,0.00737983
2019-05-23 10:10:00,0.0051421523
2019-05-23 10:20:00,0.008999169
2019-05-23 10:30:00,0.0056489706
2019-05-23 10:40:00,0.0072562397
2019-05-23 10:50:00,0.005242735
2019-05-23 11:00:00,0.009505928
2019-05-23 11:10:00,0.005717784
2019-05-23 11:20:00,0.008274943
2019-05-23 11:30:00,0.0057496727
2019-05-23 11:40:00,0.010042429
2019-05-23 11:50:00,0.0063453615
2019-05-23 12:00:00,0.008480728
2019-05-23 12:10:00,0.0059904754
2019-05-23 12:20:00,0.010418266
2019-05-23 12:30:00,0.0064716637
2019-05-23 12:40:00,0.008954465
2019-05-23 12:50:00,0.0065042377
2019-05-23 13:00:00,0.011372864
2019-05-23 13:10:00,0.007152915
2019-05-23 13:20:00,0.009401172
2019-05-23 13:30:00,0.0066911876
2019-05-23 13:40:00,0.010785937
2019-05-23 13:50:00,0.006738484
2019-05-23 14:00:00,0.0093435645
2019-05-23 14:10:00,0.0063803494
2019-05-23 14:20:00,0.01047501
2019-05-23 14:30:00,0.0066261888
2019-05-23 14:40:00,0.00889793
2019-05-23 14:50:00,0.006750345
2019-05-23 15:00:00,0.01031974
2019-05-23 15:10:00,0.006836176
2019-05-23 15:20:00,0.008687884
2019-05-23 15:30:00,0.006584674
2019-05-23 15:40:00,0.010483712
2019-05-23 15:50:00,0.0066922307
2019-05-23 16:00:00,0.008462399
2019-05-23 16:10:00,0.0065143406
2019-05-23 16:20:00,0.009961128
2019-05-23 16:30:00,0.0068919957
2019-05-23 16:40:00,0.00855574
2019-05-23 16:50:00,0.0073266625
2019-05-23 17:00:00,0.009579033
2019-05-23 17:10:00,0.007134557
2019-05-23 17:20:00,0.008987606
2019-05-23 17:30:00,0.00714162
2019-05-23 17:40:00,0.0107397735
2019-05-23 17:50:00,0.0075390935
2019-05-23 18:00:00,0.0092895925
2019-05-23 18:10:00,0.0072004497
2019-05-23 18:20:00,0.011194944
2019-05-23 18:30:00,0.007959366
2019-05-23 18:40:00,0.009519517
2019-05-23 18:50:00,0.0074237287
2019-05-23 19:00:00,0.010789335
2019-05-23 19:10:00,0.0074943304
2019-05-23 19:20:00,0.009758323
2019-05-23 19:30:00,0.0076448023
2019-05-23 19:40:00,0.01187253
2019-05-23 19:50:00,0.00808692
2019-05-23 20:00:00,0.009566903
2019-05-23 20:10:00,0.008492351
2019-05-23 20:20:00,0.013033181
2019-05-23 20:30:00,0.0089888275
2019-05-23 20:40:00,0.011471152
2019-05-23 20:50:00,0.009667933
2019-05-23 21:00:00,0.014134198
2019-05-23 21:10:00,0.010314852
2019-05-23 21:20:00,0.012524754
2019-05-23 21:30:00,0.010391325
2019-05-23 21:40:00,0.015225798
2019-05-23 21:50:00,0.010582417
2019-05-23 22:00:00,0.013203502
2019-05-23 22:10:00,0.010933399
2019-05-23 22:20:00,0.015623182
2019-05-23 22:30:00,0.011876494
2019-05-23 22:40:00,0.01486057
2019-05-23 22:50:00,0.0123665035
2019-05-23 23:00:00,0.017233104
2019-05-23 23:10:00,0.012925357
2019-05-23 23:20:00,0.015951931
2019-05-23 23:30:00,0.013217658
2019-05-23 23:40:00,0.019299269
2019-05-23 23:50:00,0.01545617
2019-05-24 00:00:00,0.018397301
2019-05-24 00:10:00,0.015763253
2019-05-24 00:20:00,0.021339744
2019-05-24 00:30:00,0.017077327
2019-05-24 00:40:00,0.02065131
2019-05-24 00:50:00,0.018081456
2019-05-24 01:00:00,0.024408758
2019-05-24 01:10:00,0.018127024
2019-05-24 01:20:00,0.022844225
2019-05-24 01:30:00,0.020109892
2019-05-24 01:40:00,0.026221573
2019-05-24 01:50:00,0.020141691
2019-05-24 02:00:00,0.025704175
2019-05-24 02:10:00,0.022117555
2019-05-24 02:20:00,0.025606245
2019-05-24 02:30:00,0.019739747
2019-05-24 02:40:00,0.025274158
2019-05-24 02:50:00,0.025376767
2019-05-24 03:00:00,0.032674342
2019-05-24 03:10:00,0.024894446
2019-05-24 03:20:00,0.03357616
2019-05-24 03:30:00,0.02472514
2019-05-24 03:40:00,0.033730388
2019-05-24 03:50:00,0.025156945
2019-05-24 04:00:00,0.034319848
2019-05-24 04:10:00,0.025366098
2019-05-24 04:20:00,0.03682974
2019-05-24 04:30:00,0.024967879
2019-05-24 04:40:00,0.038861513
2019-05-24 04:50:00,0.02965033
2019-05-24 05:00:00,0.04280746
2019-05-24 05:10:00,0.028950095
2019-05-24 05:20:00,0.043818235
2019-05-24 05:30:00,0.036176473
2019-05-24 05:40:00,0.045500338
2019-05-24 05:50:00,0.03435707
2019-05-24 06:00:00,0.048115104
2019-05-24 06:10:00,0.039582163
2019-05-24 06:20:00,0.04480949
2019-05-24 06:30:00,0.035262376
2019-05-24 06:40:00,0.059134275
2019-05-24 06:50:00,0.058414042
2019-05-24 07:00:00,0.06878722
2019-05-24 07:10:00,0.04971659
2019-05-24 07:20:00,0.0684641
2019-05-24 07:30:00,0.05788842
2019-05-24 07:40:00,0.06714669
2019-05-24 07:50:00,0.05021566
2019-05-24 08:00:00,0.06792498
2019-05-24 08:10:00,0.057920307
2019-05-24 08:20:00,0.06575605
2019-05-24 08:30:00,0.0510875
2019-05-24 08:40:00,0.064551204
2019-05-24 08:50:00,0.056440562
2019-05-24 09:00:00,0.064863354
2019-05-24 09:10:00,0.05060184
2019-05-24 09:20:00,0.06444669
2019-05-24 09:30:00,0.05683747
2019-05-24 09:40:00,0.060666412
2019-05-24 09:50:00,0.048505753
2019-05-24 10:00:00,0.06007269
2019-05-24 10:10:00,0.05329302
2019-05-24 10:20:00,0.050458103
2019-05-24 10:30:00,0.024601161
2019-05-24 10:40:00,0.04959798
2019-05-24 10:50:00,0.024395257
2019-05-24 11:00:00,0.0402593
2019-05-24 11:10:00,0.011283815
2019-05-24 11:20:00,0.040637165
2019-05-24 11:30:00,0.01207602
2019-05-24 11:40:00,0.038935155
2019-05-24 11:50:00,0.00795719
2019-05-24 12:00:00,0.02947247
2019-05-24 12:10:00,0.006647706
2019-05-24 12:20:00,0.022186726
2019-05-24 12:30:00,0.003898412
2019-05-24 12:40:00,0.014956951
2019-05-24 12:50:00,0.0041380525
2019-05-24 13:00:00,0.012967885
2019-05-24 13:10:00,0.002444297
2019-05-24 13:20:00,0.01477921
2019-05-24 13:30:00,0.004264593
2019-05-24 13:40:00,0.016058415
2019-05-24 13:50:00,0.0026316345
2019-05-24 14:00:00,0.015450209
2019-05-24 14:10:00,0.0038987994
2019-05-24 14:20:00,0.013984382
2019-05-24 14:30:00,0.002044499
2019-05-24 14:40:00,0.01196593
2019-05-24 14:50:00,0.0029288232
2019-05-24 15:00:00,0.0119407475
2019-05-24 15:10:00,0.0017973483
2019-05-24 15:20:00,0.01079911
2019-05-24 15:30:00,0.0025798976
2019-05-24 15:40:00,0.010176957
2019-05-24 15:50:00,0.0013073683
2019-05-24 16:00:00,0.009177804
2019-05-24 16:10:00,0.0019489825
2019-05-24 16:20:00,0.008799702
2019-05-24 16:30:00,0.0009998083
2019-05-24 16:40:00,0.007998258
2019-05-24 16:50:00,0.0014007986
2019-05-24 17:00:00,0.008286744
2019-05-24 17:10:00,0.0008918643
2019-05-24 17:20:00,0.0068208277
2019-05-24 17:30:00,0.00146842
2019-05-24 17:40:00,0.0075556636
2019-05-24 17:50:00,0.00078457594
2019-05-24 18:00:00,0.006206006
2019-05-24 18:10:00,0.001134485
2019-05-24 18:20:00,0.0056206584
2019-05-24 18:30:00,0.0005117357
2019-05-24 18:40:00,0.0046474338
2019-05-24 18:50:00,0.00084349513
2019-05-24 19:00:00,0.004811287
2019-05-24 19:10:00,0.0003887713
2019-05-24 19:20:00,0.004653722
2019-05-24 19:30:00,0.00066807866
2019-05-24 19:40:00,0.0044903457
2019-05-24 19:50:00,0.0003168583
2019-05-24 20:00:00,0.0036565661
2019-05-24 20:10:00,0.00045117736
2019-05-24 20:20:00,0.0031276047
2019-05-24 20:30:00,0.00018626451
2019-05-24 20:40:00,0.0025871992
2019-05-24 20:50:00,0.00032153726
2019-05-24 21:00:00,0.0027053356
2019-05-24 21:10:00,0.00014543533
2019-05-24 21:20:00,0.002553463
2019-05-24 21:30:00,0.00031515956
2019-05-24 21:40:00,0.0026443005
2019-05-24 21:50:00,0.00015226007
2019-05-24 22:00:00,0.002482593
2019-05-24 22:10:00,0.00025466084
2019-05-24 22:20:00,0.002416551
2019-05-24 22:30:00,0.00012561679
2019-05-24 22:40:00,0.0020707846
2019-05-24 22:50:00,0.00023803115
2019-05-24 23:00:00,0.0019720793
2019-05-24 23:10:00,0.000111649584
2019-05-24 23:20:00,0.0018396676
2019-05-24 23:30:00,0.00023508072
2019-05-24 23:40:00,0.0019646287
2019-05-24 23:50:00,0.00010371731
2019-05-25 00:00:00,0.0019435287
2019-05-25 00:10:00,0.00020131469
2019-05-25 00:20:00,0.0019279122
2019-05-25 00:30:00,9.479635e-05
2019-05-25 00:40:00,0.0017314553
2019-05-25 00:50:00,0.00017562509
2019-05-25 01:00:00,0.0018509626
2019-05-25 01:10:00,9.6302494e-05
2019-05-25 01:20:00,0.0015855134
2019-05-25 01:30:00,0.00020191073
2019-05-25 01:40:00,0.0016033053
2019-05-25 01:50:00,9.4111936e-05
2019-05-25 02:00:00,0.0014640093
2019-05-25 02:10:00,0.00016909838
2019-05-25 02:20:00,0.0014001429
2019-05-25 02:30:00,7.7601304e-05
2019-05-25 02:40:00,0.0013754964
2019-05-25 02:50:00,0.00015959144
2019-05-25 03:00:00,0.001439333
2019-05-25 03:10:00,8.728544e-05
2019-05-25 03:20:00,0.001424849
2019-05-25 03:30:00,0.00016516447
2019-05-25 03:40:00,0.0013029575
2019-05-25 03:50:00,6.9031485e-05
2019-05-25 04:00:00,0.0010848343
2019-05-25 04:10:00,0.0001322627
2019-05-25 04:20:00,0.0010933876
2019-05-25 04:30:00,6.922794e-05
2019-05-25 04:40:00,0.001016885
2019-05-25 04:50:00,0.00013637543
2019-05-25 05:00:00,0.0010670722
2019-05-25 05:10:00,7.236549e-05
2019-05-25 05:20:00,0.001098454
2019-05-25 05:30:00,0.00014832616
2019-05-25 05:40:00,0.0011617541
2019-05-25 05:50:00,7.382325e-05
2019-05-25 06:00:00,0.0010524094
2019-05-25 06:10:00,0.00014105439
2019-05-25 06:20:00,0.0011116862
2019-05-25 06:30:00,7.3813535e-05
2019-05-25 06:40:00,0.0010781884
2019-05-25 06:50:00,0.00015506148
2019-05-25 07:00:00,0.0011873841
2019-05-25 07:10:00,8.571597e-05
2019-05-25 07:20:00,0.00097104907
2019-05-25 07:30:00,0.00016245246
2019-05-25 07:40:00,0.0009962916
2019-05-25 07:50:00,8.565492e-05
2019-05-25 08:00:00,0.0009198785
2019-05-25 08:10:00,0.00015345216
2019-05-25 08:20:00,0.00097477436
2019-05-25 08:30:00,7.694125e-05
2019-05-25 08:40:00,0.0009582341
2019-05-25 08:50:00,0.0001489222
2019-05-25 09:00:00,0.0010017753
2019-05-25 09:10:00,8.911291e-05
2019-05-25 09:20:00,0.0010212958
2019-05-25 09:30:00,0.00017255545
2019-05-25 09:40:00,0.0010520816
2019-05-25 09:50:00,0.0001036225
2019-05-25 10:00:00,0.0009481013
2019-05-25 10:10:00,0.00018721819
2019-05-25 10:20:00,0.001024276
2019-05-25 10:30:00,0.00012889504
2019-05-25 10:40:00,0.0009304881
2019-05-25 10:50:00,0.00025436282
2019-05-25 11:00:00,0.0010769367
2019-05-25 11:10:00,0.0001912713
2019-05-25 11:20:00,0.0010754168
2019-05-25 11:30:00,0.0003271401
2019-05-25 11:40:00,0.0010854602
2019-05-25 11:50:00,0.00021612644
2019-05-25 12:00:00,0.0011103153
2019-05-25 12:10:00,0.00037252903
2019-05-25 12:20:00,0.0013227165
2019-05-25 12:30:00,0.0002772808
2019-05-25 12:40:00,0.0014195144
2019-05-25 12:50:00,0.0005193651
2019-05-25 13:00:00,0.0017029047
2019-05-25 13:10:00,0.00034478307
2019-05-25 13:20:00,0.001442939
2019-05-25 13:30:00,0.00047630072
2019-05-25 13:40:00,0.0016223788
2019-05-25 13:50:00,0.00037452579
2019-05-25 14:00:00,0.0015506744
2019-05-25 14:10:00,0.00059336424
2019-05-25 14:20:00,0.0018197596
2019-05-25 14:30:00,0.00044184923
2019-05-25 14:40:00,0.0019411743
2019-05-25 14:50:00,0.00071549416
2019-05-25 15:00:00,0.0019339621
2019-05-25 15:10:00,0.00052428246
2019-05-25 15:20:00,0.0018720329
2019-05-25 15:30:00,0.0008303523
2019-05-25 15:40:00,0.0022657812
2019-05-25 15:50:00,0.0006222725
2019-05-25 16:00:00,0.0022557378
2019-05-25 16:10:00,0.0010410249
2019-05-25 16:20:00,0.0028425753
2019-05-25 16:30:00,0.0008830726
2019-05-25 16:40:00,0.0026446283
2019-05-25 16:50:00,0.0012842417
2019-05-25 17:00:00,0.0033473969
2019-05-25 17:10:00,0.0014782846
2019-05-25 17:20:00,0.0032108426
2019-05-25 17:30:00,0.0014556944
2019-05-25 17:40:00,0.003359735
2019-05-25 17:50:00,0.0009899139
2019-05-25 18:00:00,0.00327155
2019-05-25 18:10:00,0.0010545254
2019-05-25 18:20:00,0.0041072965
2019-05-25 18:30:00,0.00090771914
2019-05-25 18:40:00,0.0037789047
2019-05-25 18:50:00,0.0010987818
2019-05-25 19:00:00,0.0021458864
2019-05-25 19:10:00,0.00062298775
2019-05-25 19:20:00,0.002381295
2019-05-25 19:30:00,0.002461046
2019-05-25 19:40:00,0.0080423355
2019-05-25 19:50:00,0.00280267
2019-05-25 20:00:00,0.007336676
2019-05-25 20:10:00,0.0026644766
2019-05-25 20:20:00,0.008409888
2019-05-25 20:30:00,0.0027695
2019-05-25 20:40:00,0.0081059635
2019-05-25 20:50:00,0.0026058257
2019-05-25 21:00:00,0.008962035
2019-05-25 21:10:00,0.002378881
2019-05-25 21:20:00,0.0076309144
2019-05-25 21:30:00,0.0022608936
2019-05-25 21:40:00,0.008847415
2019-05-25 21:50:00,0.0020269454
2019-05-25 22:00:00,0.008238077
2019-05-25 22:10:00,0.0020748079
2019-05-25 22:20:00,0.01006633
2019-05-25 22:30:00,0.0021526515
2019-05-25 22:40:00,0.009726256
2019-05-25 22:50:00,0.0019872189
2019-05-25 23:00:00,0.010907829
2019-05-25 23:10:00,0.0016894639
2019-05-25 23:20:00,0.00930348
2019-05-25 23:30:00,0.0015488565
2019-05-25 23:40:00,0.010472387
2019-05-25 23:50:00,0.0013579726
2019-05-26 00:00:00,0.009475946
2019-05-26 00:10:00,0.0013141036
2019-05-26 00:20:00,0.010845125
2019-05-26 00:30:00,0.0012893975
2019-05-26 00:40:00,0.009269267
2019-05-26 00:50:00,0.0013149083
2019-05-26 01:00:00,0.0124928355
2019-05-26 01:10:00,0.0014359355
2019-05-26 01:20:00,0.011116356
2019-05-26 01:30:00,0.0012956262
2019-05-26 01:40:00,0.012515485
2019-05-26 01:50:00,0.0012817681
2019-05-26 02:00:00,0.011555582
2019-05-26 02:10:00,0.0011872053
2019-05-26 02:20:00,0.013456613
2019-05-26 02:30:00,0.0010982156
2019-05-26 02:40:00,0.011381954
2019-05-26 02:50:00,0.0010841489
2019-05-26 03:00:00,0.013538778
2019-05-26 03:10:00,0.001142174
2019-05-26 03:20:00,0.011431128
2019-05-26 03:30:00,0.00085383654
2019-05-26 03:40:00,0.011891484
2019-05-26 03:50:00,0.00093099475
2019-05-26 04:00:00,0.010754913
2019-05-26 04:10:00,0.00076782703
2019-05-26 04:20:00,0.01169914
2019-05-26 04:30:00,0.00078216195
2019-05-26 04:40:00,0.010529339
2019-05-26 04:50:00,0.00074508786
2019-05-26 05:00:00,0.0100899935
2019-05-26 05:10:00,0.0006953776
2019-05-26 05:20:00,0.008635789
2019-05-26 05:30:00,0.00059601665
2019-05-26 05:40:00,0.00868994
2019-05-26 05:50:00,0.00057536364
2019-05-26 06:00:00,0.008752018
2019-05-26 06:10:00,0.00055351853
2019-05-26 06:20:00,0.010183245
2019-05-26 06:30:00,0.0006585419
2019-05-26 06:40:00,0.009756863
2019-05-26 06:50:00,0.00059118867
2019-05-26 07:00:00,0.010487765
2019-05-26 07:10:00,0.00067204237
2019-05-26 07:20:00,0.0105142
2019-05-26 07:30:00,0.0005289018
2019-05-26 07:40:00,0.010798961
2019-05-26 07:50:00,0.0005801022
2019-05-26 08:00:00,0.011336595
2019-05-26 08:10:00,0.0005700886
2019-05-26 08:20:00,0.011178821
2019-05-26 08:30:00,0.0006412864
2019-05-26 08:40:00,0.012049347
2019-05-26 08:50:00,0.00059098005
2019-05-26 09:00:00,0.011986077
2019-05-26 09:10:00,0.0006160736
2019-05-26 09:20:00,0.011752397
2019-05-26 09:30:00,0.0005647242
2019-05-26 09:40:00,0.012887746
2019-05-26 09:50:00,0.0006453395
2019-05-26 10:00:00,0.013218045
2019-05-26 10:10:00,0.00058829784
2019-05-26 10:20:00,0.01189062
2019-05-26 10:30:00,0.0006096661
2019-05-26 10:40:00,0.0138935745
2019-05-26 10:50:00,0.00060009956
2019-05-26 11:00:00,0.011184305
2019-05-26 11:10:00,0.0005969703
2019-05-26 11:20:00,0.012343317
2019-05-26 11:30:00,0.0005904436
2019-05-26 11:40:00,0.010924637
2019-05-26 11:50:00,0.000693053
2019-05-26 12:00:00,0.012465596
2019-05-26 12:10:00,0.00068473816
2019-05-26 12:20:00,0.013021648
2019-05-26 12:30:00,0.000819087
2019-05-26 12:40:00,0.013868004
2019-05-26 12:50:00,0.0007649064
2019-05-26 13:00:00,0.013615638
2019-05-26 13:10:00,0.0008456707
2019-05-26 13:20:00,0.015589118
2019-05-26 13:30:00,0.00077182055
2019-05-26 13:40:00,0.015201479
2019-05-26 13:50:00,0.00081828237
2019-05-26 14:00:00,0.016593635
2019-05-26 14:10:00,0.00083580613
2019-05-26 14:20:00,0.015924841
2019-05-26 14:30:00,0.0010579228
2019-05-26 14:40:00,0.018580228
2019-05-26 14:50:00,0.001065731
2019-05-26 15:00:00,0.016657531
2019-05-26 15:10:00,0.0012163818
2019-05-26 15:20:00,0.017225564
2019-05-26 15:30:00,0.0010919571
2019-05-26 15:40:00,0.015818328
2019-05-26 15:50:00,0.0011226833
2019-05-26 16:00:00,0.016088903
2019-05-26 16:10:00,0.0011136234
2019-05-26 16:20:00,0.015350401
2019-05-26 16:30:00,0.001265049
2019-05-26 16:40:00,0.016519815
2019-05-26 16:50:00,0.0013533235
2019-05-26 17:00:00,0.016216576
2019-05-26 17:10:00,0.0015834272
2019-05-26 17:20:00,0.017635673
2019-05-26 17:30:00,0.0017457306
2019-05-26 17:40:00,0.017492115
2019-05-26 17:50:00,0.0022423565
2019-05-26 18:00:00,0.02040729
2019-05-26 18:10:00,0.002563566
2019-05-26 18:20:00,0.022754014
2019-05-26 18:30:00,0.0033298135
2019-05-26 18:40:00,0.023498744
2019-05-26 18:50:00,0.003486544
2019-05-26 19:00:00,0.02388814
2019-05-26 19:10:00,0.0039772093
2019-05-26 19:20:00,0.025740325
2019-05-26 19:30:00,0.0042105615
2019-05-26 19:40:00,0.024568379
2019-05-26 19:50:00,0.0053244233
2019-05-26 20:00:00,0.028454393
2019-05-26 20:10:00,0.0056044757
2019-05-26 20:20:00,0.028410167
2019-05-26 20:30:00,0.0064507723
2019-05-26 20:40:00,0.031931132
2019-05-26 20:50:00,0.0064512193
2019-05-26 21:00:00,0.031057745
2019-05-26 21:10:00,0.007905722
2019-05-26 21:20:00,0.03401369
2019-05-26 21:30:00,0.008729279
2019-05-26 21:40:00,0.034573942
2019-05-26 21:50:00,0.011007488
2019-05-26 22:00:00,0.038048953
2019-05-26 22:10:00,0.011793137
2019-05-26 22:20:00,0.037208527
2019-05-26 22:30:00,0.013100088
2019-05-26 22:40:00,0.04182008
2019-05-26 22:50:00,0.013545543
2019-05-26 23:00:00,0.032091856
2019-05-26 23:10:00,0.014528602
2019-05-26 23:20:00,0.033767134
2019-05-26 23:30:00,0.016352683
2019-05-26 23:40:00,0.033632576
2019-05-26 23:50:00,0.021005332
2019-05-27 00:00:00,0.038203597
2019-05-27 00:10:00,0.02560851
2019-05-27 00:20:00,0.038859457
2019-05-27 00:30:00,0.036669582
2019-05-27 00:40:00,0.043674797
2019-05-27 00:50:00,0.043459177
2019-05-27 01:00:00,0.046334326
2019-05-27 01:10:00,0.050114423
2019-05-27 01:20:00,0.049636394
2019-05-27 01:30:00,0.060114563
2019-05-27 01:40:00,0.048606694
2019-05-27 01:50:00,0.06713474
2019-05-27 02:00:00,0.05392006
2019-05-27 02:10:00,0.07932085
2019-05-27 02:20:00,0.051375628
2019-05-27 02:30:00,0.08938873
2019-05-27 02:40:00,0.06306952
2019-05-27 02:50:00,0.101318896
2019-05-27 03:00:00,0.06356397
2019-05-27 03:10:00,0.11424464
2019-05-27 03:20:00,0.07629362
2019-05-27 03:30:00,0.118715584
2019-05-27 03:40:00,0.074171245
2019-05-27 03:50:00,0.12488508
2019-05-27 04:00:00,0.07665452
2019-05-27 04:10:00,0.13045233
2019-05-27 04:20:00,0.07363179
2019-05-27 04:30:00,0.14265454
2019-05-27 04:40:00,0.08025822
2019-05-27 04:50:00,0.14833888
2019-05-27 05:00:00,0.07725978
2019-05-27 05:10:00,0.1562481
2019-05-27 05:20:00,0.08746567
2019-05-27 05:30:00,0.16920689
2019-05-27 05:40:00,0.08657035
2019-05-27 05:50:00,0.1724005
2019-05-27 06:00:00,0.097307175
2019-05-27 06:10:00,0.18617395
2019-05-27 06:20:00,0.09843239
2019-05-27 06:30:00,0.19342533
2019-05-27 06:40:00,0.1078853
2019-05-27 06:50:00,0.20582762
2019-05-27 07:00:00,0.103402734
2019-05-27 07:10:00,0.20833188
2019-05-27 07:20:00,0.114095956
2019-05-27 07:30:00,0.22712031
2019-05-27 07:40:00,0.10742074
2019-05-27 07:50:00,0.22428173
2019-05-27 08:00:00,0.114118695
2019-05-27 08:10:00,0.23295271
2019-05-27 08:20:00,0.115841895
2019-05-27 08:30:00,0.24033824
2019-05-27 08:40:00,0.13591558
2019-05-27 08:50:00,0.26515317
2019-05-27 09:00:00,0.1364559
2019-05-27 09:10:00,0.27177578
2019-05-27 09:20:00,0.14345992
2019-05-27 09:30:00,0.29111618
2019-05-27 09:40:00,0.14834818
2019-05-27 09:50:00,0.30741096
2019-05-27 10:00:00,0.16532403
2019-05-27 10:10:00,0.34570765
2019-05-27 10:20:00,0.17453176
2019-05-27 10:30:00,0.3473513
2019-05-27 10:40:00,0.18724808
2019-05-27 10:50:00,0.37014085
2019-05-27 11:00:00,0.18713847
2019-05-27 11:10:00,0.3564939
2019-05-27 11:20:00,0.20378152
2019-05-27 11:30:00,0.38891566
2019-05-27 11:40:00,0.2119174
2019-05-27 11:50:00,0.3880609
2019-05-27 12:00:00,0.22562322
2019-05-27 12:10:00,0.4336803
2019-05-27 12:20:00,0.25788337
2019-05-27 12:30:00,0.4363055
2019-05-27 12:40:00,0.25331932
2019-05-27 12:50:00,0.44663873
2019-05-27 13:00:00,0.25284386
2019-05-27 13:10:00,0.41633302
2019-05-27 13:20:00,0.22172523
2019-05-27 13:30:00,0.4178269
2019-05-27 13:40:00,0.23101431
2019-05-27 13:50:00,0.3976741
2019-05-27 14:00:00,0.20670918
2019-05-27 14:10:00,0.4142544
2019-05-27 14:20:00,0.19810838
2019-05-27 14:30:00,0.367977
2019-05-27 14:40:00,0.18937719
2019-05-27 14:50:00,0.37920594
2019-05-27 15:00:00,0.21484369
2019-05-27 15:10:00,0.34774777
2019-05-27 15:20:00,0.19107538
2019-05-27 15:30:00,0.36051327
2019-05-27 15:40:00,0.19330016
2019-05-27 15:50:00,0.34637496
2019-05-27 16:00:00,0.19303465
2019-05-27 16:10:00,0.3470015
2019-05-27 16:20:00,0.19949636
2019-05-27 16:30:00,0.34840274
2019-05-27 16:40:00,0.18113112
2019-05-27 16:50:00,0.34323388
2019-05-27 17:00:00,0.21382454
2019-05-27 17:10:00,0.34529063
2019-05-27 17:20:00,0.18000376
2019-05-27 17:30:00,0.34857154
2019-05-27 17:40:00,0.20250091
2019-05-27 17:50:00,0.33226871
2019-05-27 18:00:00,0.18740425
2019-05-27 18:10:00,0.32467985
2019-05-27 18:20:00,0.19902039
2019-05-27 18:30:00,0.31637466
2019-05-27 18:40:00,0.18122509
2019-05-27 18:50:00,0.308447
2019-05-27 19:00:00,0.1824354
2019-05-27 19:10:00,0.3166353
2019-05-27 19:20:00,0.16270825
2019-05-27 19:30:00,0.30811548
2019-05-27 19:40:00,0.17309138
2019-05-27 19:50:00,0.29772437
2019-05-27 20:00:00,0.15890506
2019-05-27 20:10:00,0.28269356
2019-05-27 20:20:00,0.1665099
2019-05-27 20:30:00,0.26487926
2019-05-27 20:40:00,0.1513001
2019-05-27 20:50:00,0.27267426
2019-05-27 21:00:00,0.16534418
2019-05-27 21:10:00,0.27624345
2019-05-27 21:20:00,0.14005595
2019-05-27 21:30:00,0.25406423
2019-05-27 21:40:00,0.14656526
2019-05-27 21:50:00,0.26621655
2019-05-27 22:00:00,0.14513409
2019-05-27 22:10:00,0.25876492
2019-05-27 22:20:00,0.15979189
2019-05-27 22:30:00,0.26761362
2019-05-27 22:40:00,0.15590948
2019-05-27 22:50:00,0.27723178
2019-05-27 23:00:00,0.18946072
2019-05-27 23:10:00,0.27715707
2019-05-27 23:20:00,0.17434257
2019-05-27 23:30:00,0.26424688
2019-05-27 23:40:00,0.17798167
2019-05-27 23:50:00,0.25056106
2019-05-28 00:00:00,0.17218131
2019-05-28 00:10:00,0.23842895
2019-05-28 00:20:00,0.17007047
2019-05-28 00:30:00,0.23124
2019-05-28 00:40:00,0.16139597
2019-05-28 00:50:00,0.22090843
2019-05-28 01:00:00,0.15946189
2019-05-28 01:10:00,0.21698555
2019-05-28 01:20:00,0.15069315
2019-05-28 01:30:00,0.2029579
2019-05-28 01:40:00,0.1488727
2019-05-28 01:50:00,0.20099568
2019-05-28 02:00:00,0.13874787
2019-05-28 02:10:00,0.18932989
2019-05-28 02:20:00,0.13242725
2019-05-28 02:30:00,0.18157801
2019-05-28 02:40:00,0.12701297
2019-05-28 02:50:00,0.16391864
2019-05-28 03:00:00,0.12253341
2019-05-28 03:10:00,0.15930542
2019-05-28 03:20:00,0.115353495
2019-05-28 03:30:00,0.14675963
2019-05-28 03:40:00,0.113714635
2019-05-28 03:50:00,0.14308739
2019-05-28 04:00:00,0.11320987
2019-05-28 04:10:00,0.13230976
2019-05-28 04:20:00,0.10301271
2019-05-28 04:30:00,0.12468469
2019-05-28 04:40:00,0.097985
2019-05-28 04:50:00,0.11730513
2019-05-28 05:00:00,0.0954079
2019-05-28 05:10:00,0.12542814
2019-05-28 05:20:00,0.10371554
2019-05-28 05:30:00,0.12310085
2019-05-28 05:40:00,0.108810425
2019-05-28 05:50:00,0.12922412
2019-05-28 06:00:00,0.1147849
2019-05-28 06:10:00,0.109755486
2019-05-28 06:20:00,0.09662983
2019-05-28 06:30:00,0.10889706
2019-05-28 06:40:00,0.09595081
2019-05-28 06:50:00,0.10283753
2019-05-28 07:00:00,0.09650418
2019-05-28 07:10:00,0.10746634
2019-05-28 07:20:00,0.107486784
2019-05-28 07:30:00,0.103645355
2019-05-28 07:40:00,0.09980196
2019-05-28 07:50:00,0.11152169
2019-05-28 08:00:00,0.10557982
2019-05-28 08:10:00,0.10680643
2019-05-28 08:20:00,0.09465915
2019-05-28 08:30:00,0.11062378
2019-05-28 08:40:00,0.10787296
2019-05-28 08:50:00,0.10406494
2019-05-28 09:00:00,0.09990394
2019-05-28 09:10:00,0.114507735
2019-05-28 09:20:00,0.108163625
2019-05-28 09:30:00,0.09764996
2019-05-28 09:40:00,0.09506619
2019-05-28 09:50:00,0.1018655
2019-05-28 10:00:00,0.10220286
2019-05-28 10:10:00,0.09731224
2019-05-28 10:20:00,0.09869623
2019-05-28 10:30:00,0.10446477
2019-05-28 10:40:00,0.10025868
2019-05-28 10:50:00,0.09306365
2019-05-28 11:00:00,0.09678173
2019-05-28 11:10:00,0.10393548
2019-05-28 11:20:00,0.11287519
2019-05-28 11:30:00,0.09365958
2019-05-28 11:40:00,0.099812806
2019-05-28 11:50:00,0.09064296
2019-05-28 12:00:00,0.107967645
2019-05-28 12:10:00,0.08750135
2019-05-28 12:20:00,0.09695488
2019-05-28 12:30:00,0.09130269
2019-05-28 12:40:00,0.109259784
2019-05-28 12:50:00,0.08925694
2019-05-28 13:00:00,0.101457626
2019-05-28 13:10:00,0.1061064
2019-05-28 13:20:00,0.10759899
2019-05-28 13:30:00,0.09151301
2019-05-28 13:40:00,0.09843382
2019-05-28 13:50:00,0.09910613
2019-05-28 14:00:00,0.10590646
2019-05-28 14:10:00,0.08698219
2019-05-28 14:20:00,0.090357065
2019-05-28 14:30:00,0.08945048
2019-05-28 14:40:00,0.093037486
2019-05-28 14:50:00,0.0773153
2019-05-28 15:00:00,0.08819288
2019-05-28 15:10:00,0.0869371
2019-05-28 15:20:00,0.09467709
2019-05-28 15:30:00,0.07563642
2019-05-28 15:40:00,0.086999476
2019-05-28 15:50:00,0.08354956
2019-05-28 16:00:00,0.09265837
2019-05-28 16:10:00,0.07315788
2019-05-28 16:20:00,0.07863805
2019-05-28 16:30:00,0.082828045
2019-05-28 16:40:00,0.08651331
2019-05-28 16:50:00,0.075317204
2019-05-28 17:00:00,0.07376775
2019-05-28 17:10:00,0.08201766
2019-05-28 17:20:00,0.07645449
2019-05-28 17:30:00,0.07315642
2019-05-28 17:40:00,0.07515025
2019-05-28 17:50:00,0.08210313
2019-05-28 18:00:00,0.07725978
2019-05-28 18:10:00,0.06978741
2019-05-28 18:20:00,0.07160866
2019-05-28 18:30:00,0.07901162
2019-05-28 18:40:00,0.073010296
2019-05-28 18:50:00,0.07483375
2019-05-28 19:00:00,0.067709774
2019-05-28 19:10:00,0.084218234
2019-05-28 19:20:00,0.07186255
2019-05-28 19:30:00,0.07138777
2019-05-28 19:40:00,0.05905351
2019-05-28 19:50:00,0.076220036
2019-05-28 20:00:00,0.06297776
2019-05-28 20:10:00,0.065639794
2019-05-28 20:20:00,0.050553113
2019-05-28 20:30:00,0.073658526
2019-05-28 20:40:00,0.055793256
2019-05-28 20:50:00,0.06467563
2019-05-28 21:00:00,0.057801545
2019-05-28 21:10:00,0.073408425
2019-05-28 21:20:00,0.058983922
2019-05-28 21:30:00,0.06300959
2019-05-28 21:40:00,0.053172678
2019-05-28 21:50:00,0.07222581
2019-05-28 22:00:00,0.05318266
2019-05-28 22:10:00,0.062463284
2019-05-28 22:20:00,0.050396293
2019-05-28 22:30:00,0.064299494
2019-05-28 22:40:00,0.054454833
2019-05-28 22:50:00,0.05751562
2019-05-28 23:00:00,0.04779032
2019-05-28 23:10:00,0.05914578
2019-05-28 23:20:00,0.04720828
2019-05-28 23:30:00,0.052566707
2019-05-28 23:40:00,0.042583317
2019-05-28 23:50:00,0.05289328
2019-05-29 00:00:00,0.041911483
2019-05-29 00:10:00,0.046527624
2019-05-29 00:20:00,0.040143788
2019-05-29 00:30:00,0.046182185
2019-05-29 00:40:00,0.041681617
2019-05-29 00:50:00,0.040890843
2019-05-29 01:00:00,0.03649035
2019-05-29 01:10:00,0.04358712
2019-05-29 01:20:00,0.036862403
2019-05-29 01:30:00,0.041697174
2019-05-29 01:40:00,0.036443472
2019-05-29 01:50:00,0.04345882
2019-05-29 02:00:00,0.037525147
2019-05-29 02:10:00,0.038734406
2019-05-29 02:20:00,0.03209415
2019-05-29 02:30:00,0.03771001
2019-05-29 02:40:00,0.0285227
2019-05-29 02:50:00,0.033859074
2019-05-29 03:00:00,0.025030106
2019-05-29 03:10:00,0.033295512
2019-05-29 03:20:00,0.018636495
2019-05-29 03:30:00,0.031135887
2019-05-29 03:40:00,0.017055094
2019-05-29 03:50:00,0.031525344
2019-05-29 04:00:00,0.017550021
2019-05-29 04:10:00,0.029164135
2019-05-29 04:20:00,0.016678363
2019-05-29 04:30:00,0.029324442
2019-05-29 04:40:00,0.018033773
2019-05-29 04:50:00,0.024826497
2019-05-29 05:00:00,0.01637137
2019-05-29 05:10:00,0.025270075
2019-05-29 05:20:00,0.01659143
2019-05-29 05:30:00,0.021831006
2019-05-29 05:40:00,0.01512
2019-05-29 05:50:00,0.019868433
2019-05-29 06:00:00,0.011723816
2019-05-29 06:10:00,0.019760817
2019-05-29 06:20:00,0.01103422
2019-05-29 06:30:00,0.02042815
2019-05-29 06:40:00,0.009705037
2019-05-29 06:50:00,0.02119881
2019-05-29 07:00:00,0.009689033
2019-05-29 07:10:00,0.019980252
2019-05-29 07:20:00,0.008867621
2019-05-29 07:30:00,0.018122137
2019-05-29 07:40:00,0.009380609
2019-05-29 07:50:00,0.019209266
2019-05-29 08:00:00,0.00882405
2019-05-29 08:10:00,0.019586176
2019-05-29 08:20:00,0.0086174905
2019-05-29 08:30:00,0.017403275
2019-05-29 08:40:00,0.008515298
2019-05-29 08:50:00,0.018987447
2019-05-29 09:00:00,0.008113116
2019-05-29 09:10:00,0.018880904
2019-05-29 09:20:00,0.00798142
2019-05-29 09:30:00,0.01989898
2019-05-29 09:40:00,0.007101506
2019-05-29 09:50:00,0.019961715
2019-05-29 10:00:00,0.0072728097
2019-05-29 10:10:00,0.018519312
2019-05-29 10:20:00,0.0066927075
2019-05-29 10:30:00,0.016674697
2019-05-29 10:40:00,0.006441921
2019-05-29 10:50:00,0.016836166
2019-05-29 11:00:00,0.006042719
2019-05-29 11:10:00,0.016784132
2019-05-29 11:20:00,0.0059862435
2019-05-29 11:30:00,0.017052144
2019-05-29 11:40:00,0.0050394237
2019-05-29 11:50:00,0.01670885
2019-05-29 12:00:00,0.005400896
2019-05-29 12:10:00,0.016322374
2019-05-29 12:20:00,0.0043527186
2019-05-29 12:30:00,0.015574008
2019-05-29 12:40:00,0.0048137307
2019-05-29 12:50:00,0.01418376
2019-05-29 13:00:00,0.0039271116
2019-05-29 13:10:00,0.013589561
2019-05-29 13:20:00,0.004240215
2019-05-29 13:30:00,0.013150662
2019-05-29 13:40:00,0.0037918687
2019-05-29 13:50:00,0.01231131
2019-05-29 14:00:00,0.0037379265
2019-05-29 14:10:00,0.0114501715
2019-05-29 14:20:00,0.003212005
2019-05-29 14:30:00,0.01020214
2019-05-29 14:40:00,0.003131628
2019-05-29 14:50:00,0.010357738
2019-05-29 15:00:00,0.002685219
2019-05-29 15:10:00,0.008992255
2019-05-29 15:20:00,0.0029155016
2019-05-29 15:30:00,0.0092229545
2019-05-29 15:40:00,0.0024975836
2019-05-29 15:50:00,0.008771926
2019-05-29 16:00:00,0.0029025674
2019-05-29 16:10:00,0.008864105
2019-05-29 16:20:00,0.002427131
2019-05-29 16:30:00,0.008317709
2019-05-29 16:40:00,0.002769947
2019-05-29 16:50:00,0.008346885
2019-05-29 17:00:00,0.0023228228
2019-05-29 17:10:00,0.007635802
2019-05-29 17:20:00,0.0029129386
2019-05-29 17:30:00,0.0076305866
2019-05-29 17:40:00,0.002331674
2019-05-29 17:50:00,0.0074057877
2019-05-29 18:00:00,0.0026126206
2019-05-29 18:10:00,0.006662965
2019-05-29 18:20:00,0.0018879473
2019-05-29 18:30:00,0.006145239
2019-05-29 18:40:00,0.0023166835
2019-05-29 18:50:00,0.0062318146
2019-05-29 19:00:00,0.0018841326
2019-05-29 19:10:00,0.0056243837
2019-05-29 19:20:00,0.0022934377
2019-05-29 19:30:00,0.0060853064
2019-05-29 19:40:00,0.001835376
2019-05-29 19:50:00,0.0054819584
2019-05-29 20:00:00,0.0021826029
2019-05-29 20:10:00,0.005783528
2019-05-29 20:20:00,0.0019095838
2019-05-29 20:30:00,0.0052447617
2019-05-29 20:40:00,0.002339542
2019-05-29 20:50:00,0.0056419373
2019-05-29 21:00:00,0.0021642745
2019-05-29 21:10:00,0.005568236
2019-05-29 21:20:00,0.0026125312
2019-05-29 21:30:00,0.0060058236
2019-05-29 21:40:00,0.0023167431
2019-05-29 21:50:00,0.005489737
2019-05-29 22:00:00,0.0027953982
2019-05-29 22:10:00,0.005834937
2019-05-29 22:20:00,0.0023412406
2019-05-29 22:30:00,0.0053292215
2019-05-29 22:40:00,0.0028004944
2019-05-29 22:50:00,0.0056348443
2019-05-29 23:00:00,0.0024705827
2019-05-29 23:10:00,0.005230248
2019-05-29 23:20:00,0.0027482808
2019-05-29 23:30:00,0.005656719
2019-05-29 23:40:00,0.0024687052
2019-05-29 23:50:00,0.005163759
2019-05-30 00:00:00,0.0029070377
2019-05-30 00:10:00,0.0053988993
2019-05-30 00:20:00,0.0026232898
2019-05-30 00:30:00,0.004938841
2019-05-30 00:40:00,0.0031095147
2019-05-30 00:50:00,0.005081326
2019-05-30 01:00:00,0.0027340055
2019-05-30 01:10:00,0.0046320856
2019-05-30 01:20:00,0.0033628345
2019-05-30 01:30:00,0.0050599873
2019-05-30 01:40:00,0.0030608475
2019-05-30 01:50:00,0.004719466
2019-05-30 02:00:00,0.0035550892
2019-05-30 02:10:00,0.005103171
2019-05-30 02:20:00,0.0034606755
2019-05-30 02:30:00,0.004702002
2019-05-30 02:40:00,0.004209399
2019-05-30 02:50:00,0.0055521727
2019-05-30 03:00:00,0.004172772
2019-05-30 03:10:00,0.005869597
2019-05-30 03:20:00,0.005671501
2019-05-30 03:30:00,0.0064620078
2019-05-30 03:40:00,0.0053055584
2019-05-30 03:50:00,0.0052572787
2019-05-30 04:00:00,0.0050625503
2019-05-30 04:10:00,0.0059722066
2019-05-30 04:20:00,0.00486058
2019-05-30 04:30:00,0.00560984
2019-05-30 04:40:00,0.0053097606
2019-05-30 04:50:00,0.0057793856
2019-05-30 05:00:00,0.0051678717
2019-05-30 05:10:00,0.006145537
2019-05-30 05:20:00,0.005266547
2019-05-30 05:30:00,0.0063920617
2019-05-30 05:40:00,0.005313903
2019-05-30 05:50:00,0.0060218573
2019-05-30 06:00:00,0.0066853166
2019-05-30 06:10:00,0.006972015
2019-05-30 06:20:00,0.006386876
2019-05-30 06:30:00,0.0066759586
2019-05-30 06:40:00,0.0069574118
2019-05-30 06:50:00,0.0071616173
2019-05-30 07:00:00,0.0070492923
2019-05-30 07:10:00,0.0072776973
2019-05-30 07:20:00,0.007769704
2019-05-30 07:30:00,0.0075224936
2019-05-30 07:40:00,0.0070913136
2019-05-30 07:50:00,0.007113844
2019-05-30 08:00:00,0.007971913
2019-05-30 08:10:00,0.008131653
2019-05-30 08:20:00,0.0073851645
2019-05-30 08:30:00,0.007866263
2019-05-30 08:40:00,0.00755316
2019-05-30 08:50:00,0.008542061
2019-05-30 09:00:00,0.0076456666
2019-05-30 09:10:00,0.008214444
2019-05-30 09:20:00,0.0077502728
2019-05-30 09:30:00,0.008841932
2019-05-30 09:40:00,0.008144498
2019-05-30 09:50:00,0.00837779
2019-05-30 10:00:00,0.008930117
2019-05-30 10:10:00,0.00939402
2019-05-30 10:20:00,0.00945738
2019-05-30 10:30:00,0.009285003
2019-05-30 10:40:00,0.00995931
2019-05-30 10:50:00,0.0098772645
2019-05-30 11:00:00,0.011524498
2019-05-30 11:10:00,0.009929001
2019-05-30 11:20:00,0.011277676
2019-05-30 11:30:00,0.011475533
2019-05-30 11:40:00,0.01203683
2019-05-30 11:50:00,0.010770321
2019-05-30 12:00:00,0.010413647
2019-05-30 12:10:00,0.011771321
2019-05-30 12:20:00,0.011056006
2019-05-30 12:30:00,0.010706246
2019-05-30 12:40:00,0.0114225745
2019-05-30 12:50:00,0.011803299
2019-05-30 13:00:00,0.011991948
2019-05-30 13:10:00,0.011654973
2019-05-30 13:20:00,0.011628449
2019-05-30 13:30:00,0.0114940405
2019-05-30 13:40:00,0.012897462
2019-05-30 13:50:00,0.010503978
2019-05-30 14:00:00,0.010778278
2019-05-30 14:10:00,0.011285871
2019-05-30 14:20:00,0.010915011
2019-05-30 14:30:00,0.01101768
2019-05-30 14:40:00,0.010876477
2019-05-30 14:50:00,0.010409057
2019-05-30 15:00:00,0.0121926665
2019-05-30 15:10:00,0.011589855
2019-05-30 15:20:00,0.010980159
2019-05-30 15:30:00,0.011315942
2019-05-30 15:40:00,0.010879815
2019-05-30 15:50:00,0.01042673
2019-05-30 16:00:00,0.009999603
2019-05-30 16:10:00,0.010735363
2019-05-30 16:20:00,0.009960592
2019-05-30 16:30:00,0.009853691
2019-05-30 16:40:00,0.009816736
2019-05-30 16:50:00,0.010787845
2019-05-30 17:00:00,0.010651916
2019-05-30 17:10:00,0.010859996
2019-05-30 17:20:00,0.009606302
2019-05-30 17:30:00,0.010946035
2019-05-30 17:40:00,0.009609729
2019-05-30 17:50:00,0.010112941
2019-05-30 18:00:00,0.009398133
2019-05-30 18:10:00,0.010567635
2019-05-30 18:20:00,0.009745806
2019-05-30 18:30:00,0.010404825
2019-05-30 18:40:00,0.009340972
2019-05-30 18:50:00,0.011146933
2019-05-30 19:00:00,0.0093503
2019-05-30 19:10:00,0.010746986
2019-05-30 19:20:00,0.0089598
2019-05-30 19:30:00,0.010849714
2019-05-30 19:40:00,0.009224206
2019-05-30 19:50:00,0.011832774
2019-05-30 20:00:00,0.009250432
2019-05-30 20:10:00,0.013025254
2019-05-30 20:20:00,0.007188678
2019-05-30 20:30:00,0.011838675
2019-05-30 20:40:00,0.006356567
2019-05-30 20:50:00,0.010929078
2019-05-30 21:00:00,0.0053147376
2019-05-30 21:10:00,0.010084063
2019-05-30 21:20:00,0.0057092607
2019-05-30 21:30:00,0.010165453
2019-05-30 21:40:00,0.006038308
2019-05-30 21:50:00,0.012059212
2019-05-30 22:00:00,0.0061379373
2019-05-30 22:10:00,0.013064921
2019-05-30 22:20:00,0.005731523
2019-05-30 22:30:00,0.011990905
2019-05-30 22:40:00,0.005383849
2019-05-30 22:50:00,0.01295504
2019-05-30 23:00:00,0.0053250194
2019-05-30 23:10:00,0.011945516
2019-05-30 23:20:00,0.005021423
2019-05-30 23:30:00,0.012130797
2019-05-30 23:40:00,0.0045691133
2019-05-30 23:50:00,0.011666805
2019-05-31 00:00:00,0.004360169
2019-05-31 00:10:00,0.012114614
2019-05-31 00:20:00,0.004601121
2019-05-31 00:30:00,0.011202902
2019-05-31 00:40:00,0.0044536293
2019-05-31 00:50:00,0.012590319
2019-05-31 01:00:00,0.0049126446
2019-05-31 01:10:00,0.01203683
2019-05-31 01:20:00,0.0042240024
2019-05-31 01:30:00,0.012245327
2019-05-31 01:40:00,0.00342834
2019-05-31 01:50:00,0.01061219
2019-05-31 02:00:00,0.0031003058
2019-05-31 02:10:00,0.011826903
2019-05-31 02:20:00,0.002755642
2019-05-31 02:30:00,0.01041159
2019-05-31 02:40:00,0.0026194751
2019-05-31 02:50:00,0.010299236
2019-05-31 03:00:00,0.0026974976
2019-05-31 03:10:00,0.009814203
2019-05-31 03:20:00,0.0027303398
2019-05-31 03:30:00,0.0109241605
2019-05-31 03:40:00,0.002737254
2019-05-31 03:50:00,0.01040563
2019-05-31 04:00:00,0.0028557777
2019-05-31 04:10:00,0.010707468
2019-05-31 04:20:00,0.0026782453
2019-05-31 04:30:00,0.008438975
2019-05-31 04:40:00,0.0025311708
2019-05-31 04:50:00,0.008396506
2019-05-31 05:00:00,0.0024786592
2019-05-31 05:10:00,0.0068213046
2019-05-31 05:20:00,0.0025015175
2019-05-31 05:30:00,0.0073417723
2019-05-31 05:40:00,0.002378434
2019-05-31 05:50:00,0.0071960688
2019-05-31 06:00:00,0.0027202666
2019-05-31 06:10:00,0.008077264
2019-05-31 06:20:00,0.0025262237
2019-05-31 06:30:00,0.007219076
2019-05-31 06:40:00,0.002533555
2019-05-31 06:50:00,0.0079083145
2019-05-31 07:00:00,0.002264917
2019-05-31 07:10:00,0.006695479
2019-05-31 07:20:00,0.002478093
2019-05-31 07:30:00,0.007693708
2019-05-31 07:40:00,0.0024643838
2019-05-31 07:50:00,0.0071387887
2019-05-31 08:00:00,0.002551049
2019-05-31 08:10:00,0.008345515
2019-05-31 08:20:00,0.0025160313
2019-05-31 08:30:00,0.007113695
2019-05-31 08:40:00,0.0027217865
2019-05-31 08:50:00,0.007394135
2019-05-31 09:00:00,0.002571106
2019-05-31 09:10:00,0.0065517128
2019-05-31 09:20:00,0.0028476715
2019-05-31 09:30:00,0.007441342
2019-05-31 09:40:00,0.0024636388
2019-05-31 09:50:00,0.0054475963
2019-05-31 10:00:00,0.0020176768
2019-05-31 10:10:00,0.005557269
2019-05-31 10:20:00,0.0017301738
2019-05-31 10:30:00,0.0041650534
2019-05-31 10:40:00,0.0017749965
2019-05-31 10:50:00,0.0046833754
2019-05-31 11:00:00,0.0017495751
2019-05-31 11:10:00,0.0045422316
2019-05-31 11:20:00,0.0019618273
2019-05-31 11:30:00,0.005014956
2019-05-31 11:40:00,0.0018086731
2019-05-31 11:50:00,0.0044920146
2019-05-31 12:00:00,0.0019879937
2019-05-31 12:10:00,0.0046560466
2019-05-31 12:20:00,0.0018914938
2019-05-31 12:30:00,0.0046940446
2019-05-31 12:40:00,0.0020126998
2019-05-31 12:50:00,0.005084634
2019-05-31 13:00:00,0.0019850135
2019-05-31 13:10:00,0.0046017766
2019-05-31 13:20:00,0.0021466017
2019-05-31 13:30:00,0.0051452518
2019-05-31 13:40:00,0.0020021498
2019-05-31 13:50:00,0.004357666
2019-05-31 14:00:00,0.0020170212
2019-05-31 14:10:00,0.0047406554
2019-05-31 14:20:00,0.0020495951
2019-05-31 14:30:00,0.0039811134
2019-05-31 14:40:00,0.002149433
2019-05-31 14:50:00,0.004402697
2019-05-31 15:00:00,0.0021138787
2019-05-31 15:10:00,0.0041217804
2019-05-31 15:20:00,0.0021523535
2019-05-31 15:30:00,0.004332155
2019-05-31 15:40:00,0.0022212863
2019-05-31 15:50:00,0.0042453706
2019-05-31 16:00:00,0.0023355782
2019-05-31 16:10:00,0.004267484
2019-05-31 16:20:00,0.0022336245
2019-05-31 16:30:00,0.0038891733
2019-05-31 16:40:00,0.0025058389
2019-05-31 16:50:00,0.004007876
2019-05-31 17:00:00,0.002688527
2019-05-31 17:10:00,0.0041402876
2019-05-31 17:20:00,0.0027189255
2019-05-31 17:30:00,0.0045720935
2019-05-31 17:40:00,0.0026863813
2019-05-31 17:50:00,0.0040551424
2019-05-31 18:00:00,0.002812326
2019-05-31 18:10:00,0.0045517087
2019-05-31 18:20:00,0.003034234
2019-05-31 18:30:00,0.004062623
2019-05-31 18:40:00,0.0028621554
2019-05-31 18:50:00,0.0043400824
2019-05-31 19:00:00,0.0028155744
2019-05-31 19:10:00,0.0041916072
2019-05-31 19:20:00,0.0032225847
2019-05-31 19:30:00,0.0044900775
2019-05-31 19:40:00,0.0033819675
2019-05-31 19:50:00,0.0040810406
2019-05-31 20:00:00,0.0032570064
2019-05-31 20:10:00,0.0046640933
2019-05-31 20:20:00,0.0036592782
2019-05-31 20:30:00,0.0042693615
2019-05-31 20:40:00,0.0039812326
2019-05-31 20:50:00,0.004888594
2019-05-31 21:00:00,0.0045124292
2019-05-31 21:10:00,0.0047357082
2019-05-31 21:20:00,0.004386902
2019-05-31 21:30:00,0.0049948096
2019-05-31 21:40:00,0.0049774945
2019-05-31 21:50:00,0.0047085285
2019-05-31 22:00:00,0.0046699345
2019-05-31 22:10:00,0.005084634
2019-05-31 22:20:00,0.0046958327
2019-05-31 22:30:00,0.00484553
2019-05-31 22:40:00,0.0047667623
2019-05-31 22:50:00,0.005251348
2019-05-31 23:00:00,0.0051449835
2019-05-31 23:10:00,0.004875511
2019-05-31 23:20:00,0.005225271
2019-05-31 23:30:00,0.0055290163
2019-05-31 23:40:00,0.0057583153
2019-05-31 23:50:00,0.005550444
2019-06-01 00:00:00,0.0059790313
2019-06-01 00:10:00,0.0059912503
2019-06-01 00:20:00,0.006500989
2019-06-01 00:30:00,0.0055047274
2019-06-01 00:40:00,0.0066597164
2019-06-01 00:50:00,0.0063735545
2019-06-01 01:00:00,0.0073700547
2019-06-01 01:10:00,0.0062284768
2019-06-01 01:20:00,0.007079184
2019-06-01 01:30:00,0.0066010356
2019-06-01 01:40:00,0.0063457787
2019-06-01 01:50:00,0.006344974
2019-06-01 02:00:00,0.0062259734
2019-06-01 02:10:00,0.0068606436
2019-06-01 02:20:00,0.006680429
2019-06-01 02:30:00,0.0067605674
2019-06-01 02:40:00,0.0073364675
2019-06-01 02:50:00,0.0073583424
2019-06-01 03:00:00,0.00835079
2019-06-01 03:10:00,0.0072160065
2019-06-01 03:20:00,0.009732962
2019-06-01 03:30:00,0.008482814
2019-06-01 03:40:00,0.010917574
2019-06-01 03:50:00,0.008154154
2019-06-01 04:00:00,0.010514945
2019-06-01 04:10:00,0.00808683
2019-06-01 04:20:00,0.0104689
2019-06-01 04:30:00,0.008364677
2019-06-01 04:40:00,0.011008471
2019-06-01 04:50:00,0.009068638
2019-06-01 05:00:00,0.0113812685
2019-06-01 05:10:00,0.009942263
2019-06-01 05:20:00,0.0117096305
2019-06-01 05:30:00,0.010764867
2019-06-01 05:40:00,0.011675239
2019-06-01 05:50:00,0.0106883645
2019-06-01 06:00:00,0.0118897855
2019-06-01 06:10:00,0.011829048
2019-06-01 06:20:00,0.011815488
2019-06-01 06:30:00,0.012398928
2019-06-01 06:40:00,0.011233002
2019-06-01 06:50:00,0.012983203
2019-06-01 07:00:00,0.01130718
2019-06-01 07:10:00,0.01311481
2019-06-01 07:20:00,0.011891305
2019-06-01 07:30:00,0.015237123
2019-06-01 07:40:00,0.012461185
2019-06-01 07:50:00,0.015307128
2019-06-01 08:00:00,0.011717856
2019-06-01 08:10:00,0.016298652
2019-06-01 08:20:00,0.012786806
2019-06-01 08:30:00,0.017637134
2019-06-01 08:40:00,0.014280647
2019-06-01 08:50:00,0.019708753
2019-06-01 09:00:00,0.01610753
2019-06-01 09:10:00,0.021536976
2019-06-01 09:20:00,0.01567918
2019-06-01 09:30:00,0.022783011
2019-06-01 09:40:00,0.016053975
2019-06-01 09:50:00,0.023190737
2019-06-01 10:00:00,0.016017914
2019-06-01 10:10:00,0.02342558
2019-06-01 10:20:00,0.0160079
2019-06-01 10:30:00,0.025060475
2019-06-01 10:40:00,0.0153615475
2019-06-01 10:50:00,0.026168257
2019-06-01 11:00:00,0.017613858
2019-06-01 11:10:00,0.027653694
2019-06-01 11:20:00,0.01754433
2019-06-01 11:30:00,0.026637584
2019-06-01 11:40:00,0.017724335
2019-06-01 11:50:00,0.028989404
2019-06-01 12:00:00,0.016376823
2019-06-01 12:10:00,0.031652927
2019-06-01 12:20:00,0.017567217
2019-06-01 12:30:00,0.030338496
2019-06-01 12:40:00,0.01588571
2019-06-01 12:50:00,0.028856963
2019-06-01 13:00:00,0.017149597
2019-06-01 13:10:00,0.029062063
2019-06-01 13:20:00,0.016402423
2019-06-01 13:30:00,0.029800236
2019-06-01 13:40:00,0.017993629
2019-06-01 13:50:00,0.030283988
2019-06-01 14:00:00,0.016922742
2019-06-01 14:10:00,0.031777978
2019-06-01 14:20:00,0.017696828
2019-06-01 14:30:00,0.032550126
2019-06-01 14:40:00,0.015994668
2019-06-01 14:50:00,0.031174958
2019-06-01 15:00:00,0.016359955
2019-06-01 15:10:00,0.031624615
2019-06-01 15:20:00,0.014242977
2019-06-01 15:30:00,0.03132239
2019-06-01 15:40:00,0.015219927
2019-06-01 15:50:00,0.032032162
2019-06-01 16:00:00,0.014373869
2019-06-01 16:10:00,0.030677438
2019-06-01 16:20:00,0.014776677
2019-06-01 16:30:00,0.033011794
2019-06-01 16:40:00,0.015350014
2019-06-01 16:50:00,0.034266353
2019-06-01 17:00:00,0.01632005
2019-06-01 17:10:00,0.037804782
2019-06-01 17:20:00,0.016186684
2019-06-01 17:30:00,0.03692344
2019-06-01 17:40:00,0.01683101
2019-06-01 17:50:00,0.03646648
2019-06-01 18:00:00,0.016380101
2019-06-01 18:10:00,0.035521716
2019-06-01 18:20:00,0.017738163
2019-06-01 18:30:00,0.037161946
2019-06-01 18:40:00,0.016577601
2019-06-01 18:50:00,0.036681652
2019-06-01 19:00:00,0.017422706
2019-06-01 19:10:00,0.035871565
2019-06-01 19:20:00,0.016161561
2019-06-01 19:30:00,0.034642488
2019-06-01 19:40:00,0.01744321
2019-06-01 19:50:00,0.034231097
2019-06-01 20:00:00,0.01564449
2019-06-01 20:10:00,0.033140004
2019-06-01 20:20:00,0.01689145
2019-06-01 20:30:00,0.035615712
2019-06-01 20:40:00,0.016234815
2019-06-01 20:50:00,0.034626693
2019-06-01 21:00:00,0.015982151
2019-06-01 21:10:00,0.03518322
2019-06-01 21:20:00,0.016861677
2019-06-01 21:30:00,0.037498176
2019-06-01 21:40:00,0.017390162
2019-06-01 21:50:00,0.03908816
2019-06-01 22:00:00,0.016428769
2019-06-01 22:10:00,0.037977934
2019-06-01 22:20:00,0.017457396
2019-06-01 22:30:00,0.03730145
2019-06-01 22:40:00,0.015919298
2019-06-01 22:50:00,0.0379858
2019-06-01 23:00:00,0.017436326
2019-06-01 23:10:00,0.039992154
2019-06-01 23:20:00,0.0162265
2019-06-01 23:30:00,0.038034976
2019-06-01 23:40:00,0.01555866
2019-06-01 23:50:00,0.03437844
2019-06-02 00:00:00,0.01411581
2019-06-02 00:10:00,0.035553098
2019-06-02 00:20:00,0.015522391
2019-06-02 00:30:00,0.034975857
2019-06-02 00:40:00,0.015064716
2019-06-02 00:50:00,0.035827577
2019-06-02 01:00:00,0.015972793
2019-06-02 01:10:00,0.034992486
2019-06-02 01:20:00,0.014748663
2019-06-02 01:30:00,0.03529355
2019-06-02 01:40:00,0.014796257
2019-06-02 01:50:00,0.031055927
2019-06-02 02:00:00,0.013479531
2019-06-02 02:10:00,0.03199172
2019-06-02 02:20:00,0.013727069
2019-06-02 02:30:00,0.029661208
2019-06-02 02:40:00,0.012900025
2019-06-02 02:50:00,0.029311031
2019-06-02 03:00:00,0.011820257
2019-06-02 03:10:00,0.027528375
2019-06-02 03:20:00,0.010958016
2019-06-02 03:30:00,0.030860454
2019-06-02 03:40:00,0.011544079
2019-06-02 03:50:00,0.029173255
2019-06-02 04:00:00,0.011450857
2019-06-02 04:10:00,0.03105715
2019-06-02 04:20:00,0.011567652
2019-06-02 04:30:00,0.02832836
2019-06-02 04:40:00,0.011153489
2019-06-02 04:50:00,0.029324472
2019-06-02 05:00:00,0.011283815
2019-06-02 05:10:00,0.029396415
2019-06-02 05:20:00,0.012547404
2019-06-02 05:30:00,0.02962321
2019-06-02 05:40:00,0.01195091
2019-06-02 05:50:00,0.027366608
2019-06-02 06:00:00,0.011799425
2019-06-02 06:10:00,0.02794531
2019-06-02 06:20:00,0.011685073
2019-06-02 06:30:00,0.026781946
2019-06-02 06:40:00,0.011591911
2019-06-02 06:50:00,0.027719319
2019-06-02 07:00:00,0.011615604
2019-06-02 07:10:00,0.02478975
2019-06-02 07:20:00,0.010888785
2019-06-02 07:30:00,0.025187075
2019-06-02 07:40:00,0.010878295
2019-06-02 07:50:00,0.021065772
2019-06-02 08:00:00,0.010117978
2019-06-02 08:10:00,0.021807253
2019-06-02 08:20:00,0.0104466975
2019-06-02 08:30:00,0.021600306
2019-06-02 08:40:00,0.010038614
2019-06-02 08:50:00,0.020614117
2019-06-02 09:00:00,0.010385871
2019-06-02 09:10:00,0.020042181
2019-06-02 09:20:00,0.010324925
2019-06-02 09:30:00,0.021205574
2019-06-02 09:40:00,0.01108256
2019-06-02 09:50:00,0.01951319
2019-06-02 10:00:00,0.0113324225
2019-06-02 10:10:00,0.020394951
2019-06-02 10:20:00,0.0111092925
2019-06-02 10:30:00,0.018023282
2019-06-02 10:40:00,0.010228425
2019-06-02 10:50:00,0.0185543
2019-06-02 11:00:00,0.010509789
2019-06-02 11:10:00,0.017824233
2019-06-02 11:20:00,0.01075241
2019-06-02 11:30:00,0.018279403
2019-06-02 11:40:00,0.010072172
2019-06-02 11:50:00,0.017662525
2019-06-02 12:00:00,0.0103444755
2019-06-02 12:10:00,0.018397212
2019-06-02 12:20:00,0.010245532
2019-06-02 12:30:00,0.017773747
2019-06-02 12:40:00,0.011101633
2019-06-02 12:50:00,0.018796831
2019-06-02 13:00:00,0.011083484
2019-06-02 13:10:00,0.017356873
2019-06-02 13:20:00,0.011263669
2019-06-02 13:30:00,0.017426997
2019-06-02 13:40:00,0.010158211
2019-06-02 13:50:00,0.015746713
2019-06-02 14:00:00,0.010807902
2019-06-02 14:10:00,0.016063422
2019-06-02 14:20:00,0.010410398
2019-06-02 14:30:00,0.015065342
2019-06-02 14:40:00,0.011545628
2019-06-02 14:50:00,0.016200185
2019-06-02 15:00:00,0.010591179
2019-06-02 15:10:00,0.014473528
2019-06-02 15:20:00,0.011033773
2019-06-02 15:30:00,0.015005797
2019-06-02 15:40:00,0.010666072
2019-06-02 15:50:00,0.014723957
2019-06-02 16:00:00,0.011402488
2019-06-02 16:10:00,0.015286118
2019-06-02 16:20:00,0.010795563
2019-06-02 16:30:00,0.014839679
2019-06-02 16:40:00,0.010959357
2019-06-02 16:50:00,0.015034169
2019-06-02 17:00:00,0.009886563
2019-06-02 17:10:00,0.015093923
2019-06-02 17:20:00,0.0106598735
2019-06-02 17:30:00,0.015346378
2019-06-02 17:40:00,0.010170102
2019-06-02 17:50:00,0.015642256
2019-06-02 18:00:00,0.012065977
2019-06-02 18:10:00,0.016925722
2019-06-02 18:20:00,0.010672301
2019-06-02 18:30:00,0.016458482
2019-06-02 18:40:00,0.011616379
2019-06-02 18:50:00,0.017810911
2019-06-02 19:00:00,0.01067239
2019-06-02 19:10:00,0.017048538
2019-06-02 19:20:00,0.011049151
2019-06-02 19:30:00,0.016969055
2019-06-02 19:40:00,0.010371178
2019-06-02 19:50:00,0.017517388
2019-06-02 20:00:00,0.0115318
2019-06-02 20:10:00,0.019939005
2019-06-02 20:20:00,0.011244237
2019-06-02 20:30:00,0.019141853
2019-06-02 20:40:00,0.011983603
2019-06-02 20:50:00,0.019945174
2019-06-02 21:00:00,0.011730492
2019-06-02 21:10:00,0.018890053
2019-06-02 21:20:00,0.012999177
2019-06-02 21:30:00,0.019361287
2019-06-02 21:40:00,0.012948751
2019-06-02 21:50:00,0.018280298
2019-06-02 22:00:00,0.01393646
2019-06-02 22:10:00,0.018270433
2019-06-02 22:20:00,0.013053596
2019-06-02 22:30:00,0.018002957
2019-06-02 22:40:00,0.013929009
2019-06-02 22:50:00,0.019138962
2019-06-02 23:00:00,0.013785243
2019-06-02 23:10:00,0.01980716
2019-06-02 23:20:00,0.01552996
2019-06-02 23:30:00,0.02018103
2019-06-02 23:40:00,0.014532387
2019-06-02 23:50:00,0.020353913
2019-06-03 00:00:00,0.015540957
2019-06-03 00:10:00,0.021061987
2019-06-03 00:20:00,0.015012741
2019-06-03 00:30:00,0.019937068
2019-06-03 00:40:00,0.016461134
2019-06-03 00:50:00,0.020625949
2019-06-03 01:00:00,0.01519084
2019-06-03 01:10:00,0.01990056
2019-06-03 01:20:00,0.01700911
2019-06-03 01:30:00,0.021695763
2019-06-03 01:40:00,0.015931994
2019-06-03 01:50:00,0.0211941
2019-06-03 02:00:00,0.017080724
2019-06-03 02:10:00,0.02136895
2019-06-03 02:20:00,0.016312212
2019-06-03 02:30:00,0.022698134
2019-06-03 02:40:00,0.018205613
2019-06-03 02:50:00,0.023035318
2019-06-03 03:00:00,0.018061459
2019-06-03 03:10:00,0.023278296
2019-06-03 03:20:00,0.019542277
2019-06-03 03:30:00,0.024367303
2019-06-03 03:40:00,0.018571407
2019-06-03 03:50:00,0.023429364
2019-06-03 04:00:00,0.020178705
2019-06-03 04:10:00,0.023262799
2019-06-03 04:20:00,0.0177373
2019-06-03 04:30:00,0.021145642
2019-06-03 04:40:00,0.018180728
2019-06-03 04:50:00,0.021800578
2019-06-03 05:00:00,0.017675757
2019-06-03 05:10:00,0.021674424
2019-06-03 05:20:00,0.018746644
2019-06-03 05:30:00,0.021581203
2019-06-03 05:40:00,0.01699853
2019-06-03 05:50:00,0.0214957
2019-06-03 06:00:00,0.017809749
2019-06-03 06:10:00,0.020023733
2019-06-03 06:20:00,0.016054839
2019-06-03 06:30:00,0.018943131
2019-06-03 06:40:00,0.015659034
2019-06-03 06:50:00,0.017141819
2019-06-03 07:00:00,0.013978392
2019-06-03 07:10:00,0.015161574
2019-06-03 07:20:00,0.01304993
2019-06-03 07:30:00,0.0144607425
2019-06-03 07:40:00,0.01180619
2019-06-03 07:50:00,0.013710082
2019-06-03 08:00:00,0.01203984
2019-06-03 08:10:00,0.012452066
2019-06-03 08:20:00,0.01088205
2019-06-03 08:30:00,0.011412293
2019-06-03 08:40:00,0.010209233
2019-06-03 08:50:00,0.010618657
2019-06-03 09:00:00,0.009341061
2019-06-03 09:10:00,0.010744721
2019-06-03 09:20:00,0.010127544
2019-06-03 09:30:00,0.011409014
2019-06-03 09:40:00,0.011033475
2019-06-03 09:50:00,0.011656553
2019-06-03 10:00:00,0.0115682185
2019-06-03 10:10:00,0.011611462
2019-06-03 10:20:00,0.011316121
2019-06-03 10:30:00,0.011395007
2019-06-03 10:40:00,0.011710793
2019-06-03 10:50:00,0.011224985
2019-06-03 11:00:00,0.011486739
2019-06-03 11:10:00,0.011012942
2019-06-03 11:20:00,0.011229157
2019-06-03 11:30:00,0.010477036
2019-06-03 11:40:00,0.011270285
2019-06-03 11:50:00,0.01078558
2019-06-03 12:00:00,0.011058897
2019-06-03 12:10:00,0.01072824
2019-06-03 12:20:00,0.011140019
2019-06-03 12:30:00,0.010680556
2019-06-03 12:40:00,0.011162639
2019-06-03 12:50:00,0.010756135
2019-06-03 13:00:00,0.011316985
2019-06-03 13:10:00,0.011154562
2019-06-03 13:20:00,0.011469513
2019-06-03 13:30:00,0.011645466
2019-06-03 13:40:00,0.012389302
2019-06-03 13:50:00,0.011350095
2019-06-03 14:00:00,0.0127213
2019-06-03 14:10:00,0.0121001005
2019-06-03 14:20:00,0.01271686
2019-06-03 14:30:00,0.012235194
2019-06-03 14:40:00,0.012416601
2019-06-03 14:50:00,0.012123525
2019-06-03 15:00:00,0.012145579
2019-06-03 15:10:00,0.0119871795
2019-06-03 15:20:00,0.011686623
2019-06-03 15:30:00,0.01280421
2019-06-03 15:40:00,0.012610465
2019-06-03 15:50:00,0.013315558
2019-06-03 16:00:00,0.01330626
2019-06-03 16:10:00,0.013825744
2019-06-03 16:20:00,0.013410926
2019-06-03 16:30:00,0.013247877
2019-06-03 16:40:00,0.013538659
2019-06-03 16:50:00,0.013515145
2019-06-03 17:00:00,0.013611823
2019-06-03 17:10:00,0.013630897
2019-06-03 17:20:00,0.01413247
2019-06-03 17:30:00,0.013619661
2019-06-03 17:40:00,0.014362931
2019-06-03 17:50:00,0.013861626
2019-06-03 18:00:00,0.014246672
2019-06-03 18:10:00,0.013492435
2019-06-03 18:20:00,0.013912797
2019-06-03 18:30:00,0.012817234
2019-06-03 18:40:00,0.01330176
2019-06-03 18:50:00,0.011875808
2019-06-03 19:00:00,0.012389183
2019-06-03 19:10:00,0.011299282
2019-06-03 19:20:00,0.012221038
2019-06-03 19:30:00,0.010954738
2019-06-03 19:40:00,0.011744082
2019-06-03 19:50:00,0.010294855
2019-06-03 20:00:00,0.011338681
2019-06-03 20:10:00,0.009639055
2019-06-03 20:20:00,0.010605067
2019-06-03 20:30:00,0.009259552
2019-06-03 20:40:00,0.010880917
2019-06-03 20:50:00,0.009231329
2019-06-03 21:00:00,0.010649145
2019-06-03 21:10:00,0.008797556
2019-06-03 21:20:00,0.011958778
2019-06-03 21:30:00,0.009033501
2019-06-03 21:40:00,0.012175739
2019-06-03 21:50:00,0.008730501
2019-06-03 22:00:00,0.013619304
2019-06-03 22:10:00,0.009106368
2019-06-03 22:20:00,0.013626307
2019-06-03 22:30:00,0.008788019
2019-06-03 22:40:00,0.014660299
2019-06-03 22:50:00,0.009279937
2019-06-03 23:00:00,0.014133453
2019-06-03 23:10:00,0.0093820095
2019-06-03 23:20:00,0.015512317
2019-06-03 23:30:00,0.009498775
2019-06-03 23:40:00,0.014633954
2019-06-03 23:50:00,0.00894326
2019-06-04 00:00:00,0.015854895
2019-06-04 00:10:00,0.009731919
2019-06-04 00:20:00,0.015527457
2019-06-04 00:30:00,0.009149283
2019-06-04 00:40:00,0.017161012
2019-06-04 00:50:00,0.009122133
2019-06-04 01:00:00,0.016259253
2019-06-04 01:10:00,0.008451223
2019-06-04 01:20:00,0.016712904
2019-06-04 01:30:00,0.008114547
2019-06-04 01:40:00,0.015339166
2019-06-04 01:50:00,0.007433772
2019-06-04 02:00:00,0.015826344
2019-06-04 02:10:00,0.0076135397
2019-06-04 02:20:00,0.014756411
2019-06-04 02:30:00,0.007203579
2019-06-04 02:40:00,0.01577571
2019-06-04 02:50:00,0.0074265003
2019-06-04 03:00:00,0.015296966
2019-06-04 03:10:00,0.006884575
2019-06-04 03:20:00,0.016544968
2019-06-04 03:30:00,0.0070618093
2019-06-04 03:40:00,0.01566106
2019-06-04 03:50:00,0.0066278577
2019-06-04 04:00:00,0.016300887
2019-06-04 04:10:00,0.0067796707
2019-06-04 04:20:00,0.015071839
2019-06-04 04:30:00,0.006398529
2019-06-04 04:40:00,0.016018242
2019-06-04 04:50:00,0.0065446496
2019-06-04 05:00:00,0.015337169
2019-06-04 05:10:00,0.0061293244
2019-06-04 05:20:00,0.015094817
2019-06-04 05:30:00,0.006190747
2019-06-04 05:40:00,0.014695644
2019-06-04 05:50:00,0.005897701
2019-06-04 06:00:00,0.014916897
2019-06-04 06:10:00,0.006021768
2019-06-04 06:20:00,0.014751673
2019-06-04 06:30:00,0.005779803
2019-06-04 06:40:00,0.01646334
2019-06-04 06:50:00,0.0063588917
2019-06-04 07:00:00,0.017021924
2019-06-04 07:10:00,0.00650689
2019-06-04 07:20:00,0.019416958
2019-06-04 07:30:00,0.007253766
2019-06-04 07:40:00,0.019442022
2019-06-04 07:50:00,0.007033676
2019-06-04 08:00:00,0.02081874
2019-06-04 08:10:00,0.007612914
2019-06-04 08:20:00,0.020304948
2019-06-04 08:30:00,0.0074694157
2019-06-04 08:40:00,0.022382557
2019-06-04 08:50:00,0.007913113
2019-06-04 09:00:00,0.022000432
2019-06-04 09:10:00,0.007819831
2019-06-04 09:20:00,0.02385819
2019-06-04 09:30:00,0.007912189
2019-06-04 09:40:00,0.022602797
2019-06-04 09:50:00,0.007869184
2019-06-04 10:00:00,0.024700522
2019-06-04 10:10:00,0.0086529255
2019-06-04 10:20:00,0.024344206
2019-06-04 10:30:00,0.00856626
2019-06-04 10:40:00,0.027287781
2019-06-04 10:50:00,0.009293199
2019-06-04 11:00:00,0.026679099
2019-06-04 11:10:00,0.008359849
2019-06-04 11:20:00,0.027986586
2019-06-04 11:30:00,0.008701503
2019-06-04 11:40:00,0.0275563
2019-06-04 11:50:00,0.0077635944
2019-06-04 12:00:00,0.030209064
2019-06-04 12:10:00,0.008469731
2019-06-04 12:20:00,0.03034392
2019-06-04 12:30:00,0.007931352
2019-06-04 12:40:00,0.034668
2019-06-04 12:50:00,0.008605838
2019-06-04 13:00:00,0.034760445
2019-06-04 13:10:00,0.008767396
2019-06-04 13:20:00,0.04188174
2019-06-04 13:30:00,0.010433137
2019-06-04 13:40:00,0.042908132
2019-06-04 13:50:00,0.010543346
2019-06-04 14:00:00,0.050474703
2019-06-04 14:10:00,0.012221813
2019-06-04 14:20:00,0.048365027
2019-06-04 14:30:00,0.012193799
2019-06-04 14:40:00,0.05879563
2019-06-04 14:50:00,0.014532894
2019-06-04 15:00:00,0.0639863
2019-06-04 15:10:00,0.0152160525
2019-06-04 15:20:00,0.07187152
2019-06-04 15:30:00,0.016678423
2019-06-04 15:40:00,0.06628209
2019-06-04 15:50:00,0.015999109
2019-06-04 16:00:00,0.07132742
2019-06-04 16:10:00,0.016088128
2019-06-04 16:20:00,0.06468645
2019-06-04 16:30:00,0.0153954625
2019-06-04 16:40:00,0.07192969
2019-06-04 16:50:00,0.016070336
2019-06-04 17:00:00,0.06692919
2019-06-04 17:10:00,0.015367538
2019-06-04 17:20:00,0.072110325
2019-06-04 17:30:00,0.015782833
2019-06-04 17:40:00,0.06517556
2019-06-04 17:50:00,0.014629662
2019-06-04 18:00:00,0.06770438
2019-06-04 18:10:00,0.0143375695
2019-06-04 18:20:00,0.060006857
2019-06-04 18:30:00,0.013370693
2019-06-04 18:40:00,0.061953753
2019-06-04 18:50:00,0.013179898
2019-06-04 19:00:00,0.055912673
2019-06-04 19:10:00,0.0124183
2019-06-04 19:20:00,0.057896793
2019-06-04 19:30:00,0.012771845
2019-06-04 19:40:00,0.053171426
2019-06-04 19:50:00,0.012673706
2019-06-04 20:00:00,0.05845186
2019-06-04 20:10:00,0.013351321
2019-06-04 20:20:00,0.05634737
2019-06-04 20:30:00,0.013443381
2019-06-04 20:40:00,0.060874492
2019-06-04 20:50:00,0.013215482
2019-06-04 21:00:00,0.056426197
2019-06-04 21:10:00,0.013104349
2019-06-04 21:20:00,0.059357524
2019-06-04 21:30:00,0.012997389
2019-06-04 21:40:00,0.054724157
2019-06-04 21:50:00,0.012873739
2019-06-04 22:00:00,0.056387126
2019-06-04 22:10:00,0.012229472
2019-06-04 22:20:00,0.05329925
2019-06-04 22:30:00,0.013291419
2019-06-04 22:40:00,0.061384767
2019-06-04 22:50:00,0.01315406
2019-06-04 23:00:00,0.05978605
2019-06-04 23:10:00,0.013567507
2019-06-04 23:20:00,0.068992406
2019-06-04 23:30:00,0.013781577
2019-06-04 23:40:00,0.06311774
2019-06-04 23:50:00,0.014146566
2019-06-05 00:00:00,0.06699237
2019-06-05 00:10:00,0.014353067
2019-06-05 00:20:00,0.05894676
2019-06-05 00:30:00,0.015718877
2019-06-05 00:40:00,0.069954515
2019-06-05 00:50:00,0.016613781
2019-06-05 01:00:00,0.06730327
2019-06-05 01:10:00,0.017448306
2019-06-05 01:20:00,0.07165679
2019-06-05 01:30:00,0.01815173
2019-06-05 01:40:00,0.069212854
2019-06-05 01:50:00,0.019564003
2019-06-05 02:00:00,0.07585046
2019-06-05 02:10:00,0.020956099
2019-06-05 02:20:00,0.07914221
2019-06-05 02:30:00,0.026046604
2019-06-05 02:40:00,0.08050972
2019-06-05 02:50:00,0.02229619
2019-06-05 03:00:00,0.08262721
2019-06-05 03:10:00,0.026307851
2019-06-05 03:20:00,0.088079095
2019-06-05 03:30:00,0.025466233
2019-06-05 03:40:00,0.08336425
2019-06-05 03:50:00,0.027461082
2019-06-05 04:00:00,0.0845204
2019-06-05 04:10:00,0.027142584
2019-06-05 04:20:00,0.08155292
2019-06-05 04:30:00,0.02764669
2019-06-05 04:40:00,0.08163959
2019-06-05 04:50:00,0.026488423
2019-06-05 05:00:00,0.077133775
2019-06-05 05:10:00,0.03199148
2019-06-05 05:20:00,0.07155782
2019-06-05 05:30:00,0.02878651
2019-06-05 05:40:00,0.07618821
2019-06-05 05:50:00,0.030958414
2019-06-05 06:00:00,0.076022506
2019-06-05 06:10:00,0.029105514
2019-06-05 06:20:00,0.0725334
2019-06-05 06:30:00,0.030793011
2019-06-05 06:40:00,0.073399365
2019-06-05 06:50:00,0.029868752
2019-06-05 07:00:00,0.070381254
2019-06-05 07:10:00,0.030105948
2019-06-05 07:20:00,0.06831598
2019-06-05 07:30:00,0.029256493
2019-06-05 07:40:00,0.066884875
2019-06-05 07:50:00,0.029998362
2019-06-05 08:00:00,0.06705284
2019-06-05 08:10:00,0.029783696
2019-06-05 08:20:00,0.06860167
2019-06-05 08:30:00,0.03271821
2019-06-05 08:40:00,0.07072711
2019-06-05 08:50:00,0.031983674
2019-06-05 09:00:00,0.07037407
2019-06-05 09:10:00,0.031491905
2019-06-05 09:20:00,0.06469488
2019-06-05 09:30:00,0.030313939
2019-06-05 09:40:00,0.06053865
2019-06-05 09:50:00,0.031781375
2019-06-05 10:00:00,0.057385027
2019-06-05 10:10:00,0.03062579
2019-06-05 10:20:00,0.055133045
2019-06-05 10:30:00,0.029679507
2019-06-05 10:40:00,0.054246336
2019-06-05 10:50:00,0.030875415
2019-06-05 11:00:00,0.049803615
2019-06-05 11:10:00,0.031221867
2019-06-05 11:20:00,0.04596585
2019-06-05 11:30:00,0.030900627
2019-06-05 11:40:00,0.04848662
2019-06-05 11:50:00,0.033068866
2019-06-05 12:00:00,0.04710102
2019-06-05 12:10:00,0.034391433
2019-06-05 12:20:00,0.047617495
2019-06-05 12:30:00,0.036698222
2019-06-05 12:40:00,0.045853645
2019-06-05 12:50:00,0.033950627
2019-06-05 13:00:00,0.04561904
2019-06-05 13:10:00,0.036201596
2019-06-05 13:20:00,0.04338053
2019-06-05 13:30:00,0.031643838
2019-06-05 13:40:00,0.042549103
2019-06-05 13:50:00,0.032646775
2019-06-05 14:00:00,0.037038684
2019-06-05 14:10:00,0.031394422
2019-06-05 14:20:00,0.03939858
2019-06-05 14:30:00,0.032818645
2019-06-05 14:40:00,0.034756064
2019-06-05 14:50:00,0.0309802
2019-06-05 15:00:00,0.03649047
2019-06-05 15:10:00,0.029851347
2019-06-05 15:20:00,0.03168142
2019-06-05 15:30:00,0.02928549
2019-06-05 15:40:00,0.033763617
2019-06-05 15:50:00,0.029019982
2019-06-05 16:00:00,0.030094922
2019-06-05 16:10:00,0.027571857
2019-06-05 16:20:00,0.03100264
2019-06-05 16:30:00,0.027385294
2019-06-05 16:40:00,0.027589649
2019-06-05 16:50:00,0.027921945
2019-06-05 17:00:00,0.028944671
2019-06-05 17:10:00,0.02543369
2019-06-05 17:20:00,0.026587129
2019-06-05 17:30:00,0.028637618
2019-06-05 17:40:00,0.028446734
2019-06-05 17:50:00,0.029895753
2019-06-05 18:00:00,0.025927514
2019-06-05 18:10:00,0.028414488
2019-06-05 18:20:00,0.028095573
2019-06-05 18:30:00,0.029791117
2019-06-05 18:40:00,0.02485925
2019-06-05 18:50:00,0.02955532
2019-06-05 19:00:00,0.02659598
2019-06-05 19:10:00,0.030142248
2019-06-05 19:20:00,0.024261534
2019-06-05 19:30:00,0.029112697
2019-06-05 19:40:00,0.02641207
2019-06-05 19:50:00,0.027147412
2019-06-05 20:00:00,0.010160148
2019-06-05 20:10:00,0.022515804
2019-06-05 20:20:00,0.01016286
2019-06-05 20:30:00,0.019641608
2019-06-05 20:40:00,0.004796684
2019-06-05 20:50:00,0.01797086
2019-06-05 21:00:00,0.0054219365
2019-06-05 21:10:00,0.017157882
2019-06-05 21:20:00,0.0058936775
2019-06-05 21:30:00,0.017730355
2019-06-05 21:40:00,0.006370336
2019-06-05 21:50:00,0.01803258
2019-06-05 22:00:00,0.0049657226
2019-06-05 22:10:00,0.017873347
2019-06-05 22:20:00,0.0046816766
2019-06-05 22:30:00,0.016013235
2019-06-05 22:40:00,0.0040507615
2019-06-05 22:50:00,0.015459746
2019-06-05 23:00:00,0.0043112338
2019-06-05 23:10:00,0.0143895745
2019-06-05 23:20:00,0.0032383502
2019-06-05 23:30:00,0.013947308
2019-06-05 23:40:00,0.003928274
2019-06-05 23:50:00,0.013500094
2019-06-06 00:00:00,0.002878666
2019-06-06 00:10:00,0.013980687
2019-06-06 00:20:00,0.0031953752
2019-06-06 00:30:00,0.012712061
2019-06-06 00:40:00,0.0026468933
2019-06-06 00:50:00,0.012868673
2019-06-06 01:00:00,0.0029658675
2019-06-06 01:10:00,0.0120949745
2019-06-06 01:20:00,0.0023463666
2019-06-06 01:30:00,0.012309015
2019-06-06 01:40:00,0.0026895404
2019-06-06 01:50:00,0.012027383
2019-06-06 02:00:00,0.0018290877
2019-06-06 02:10:00,0.011310816
2019-06-06 02:20:00,0.0019010007
2019-06-06 02:30:00,0.00997448
2019-06-06 02:40:00,0.0014497936
2019-06-06 02:50:00,0.010033727
2019-06-06 03:00:00,0.0016239583
2019-06-06 03:10:00,0.009825677
2019-06-06 03:20:00,0.0013513565
2019-06-06 03:30:00,0.010800511
2019-06-06 03:40:00,0.0015948415
2019-06-06 03:50:00,0.009914398
2019-06-06 04:00:00,0.0011583567
2019-06-06 04:10:00,0.010215819
2019-06-06 04:20:00,0.0012778044
2019-06-06 04:30:00,0.009023666
2019-06-06 04:40:00,0.0008696914
2019-06-06 04:50:00,0.009440005
2019-06-06 05:00:00,0.00111866
2019-06-06 05:10:00,0.010041922
2019-06-06 05:20:00,0.00087207556
2019-06-06 05:30:00,0.0099128485
2019-06-06 05:40:00,0.0009112954
2019-06-06 05:50:00,0.0088787675
2019-06-06 06:00:00,0.0007610321
2019-06-06 06:10:00,0.009727865
2019-06-06 06:20:00,0.000852108
2019-06-06 06:30:00,0.0088380575
2019-06-06 06:40:00,0.0006287098
2019-06-06 06:50:00,0.008800775
2019-06-06 07:00:00,0.00072303414
2019-06-06 07:10:00,0.00851205
2019-06-06 07:20:00,0.0006929934
2019-06-06 07:30:00,0.009464622
2019-06-06 07:40:00,0.00079748034
2019-06-06 07:50:00,0.008579284
2019-06-06 08:00:00,0.00062546134
2019-06-06 08:10:00,0.009064376
2019-06-06 08:20:00,0.00069612265
2019-06-06 08:30:00,0.008043617
2019-06-06 08:40:00,0.0006058216
2019-06-06 08:50:00,0.008954942
2019-06-06 09:00:00,0.0007095039
2019-06-06 09:10:00,0.008625895
2019-06-06 09:20:00,0.00059604645
2019-06-06 09:30:00,0.009438753
2019-06-06 09:40:00,0.00073325634
2019-06-06 09:50:00,0.008396447
2019-06-06 10:00:00,0.00059244037
2019-06-06 10:10:00,0.009395629
2019-06-06 10:20:00,0.0006608665
2019-06-06 10:30:00,0.008517295
2019-06-06 10:40:00,0.000600487
2019-06-06 10:50:00,0.0093173385
2019-06-06 11:00:00,0.00074112415
2019-06-06 11:10:00,0.008531332
2019-06-06 11:20:00,0.00066185
2019-06-06 11:30:00,0.009388417
2019-06-06 11:40:00,0.0007968247
2019-06-06 11:50:00,0.008869886
2019-06-06 12:00:00,0.00064748526
2019-06-06 12:10:00,0.009377062
2019-06-06 12:20:00,0.0007122457
2019-06-06 12:30:00,0.008472264
2019-06-06 12:40:00,0.00067815185
2019-06-06 12:50:00,0.00935933
2019-06-06 13:00:00,0.0007849932
2019-06-06 13:10:00,0.008987397
2019-06-06 13:20:00,0.0007458031
2019-06-06 13:30:00,0.010101289
2019-06-06 13:40:00,0.00088757277
2019-06-06 13:50:00,0.00966838
2019-06-06 14:00:00,0.0009343326
2019-06-06 14:10:00,0.0113245845
2019-06-06 14:20:00,0.0011563897
2019-06-06 14:30:00,0.011023164
2019-06-06 14:40:00,0.0011386275
2019-06-06 14:50:00,0.011757374
2019-06-06 15:00:00,0.001347065
2019-06-06 15:10:00,0.012281686
2019-06-06 15:20:00,0.0013147593
2019-06-06 15:30:00,0.012598872
2019-06-06 15:40:00,0.0014250875
2019-06-06 15:50:00,0.012622714
2019-06-06 16:00:00,0.0013427138
2019-06-06 16:10:00,0.013544619
2019-06-06 16:20:00,0.0015005171
2019-06-06 16:30:00,0.013158709
2019-06-06 16:40:00,0.0015904903
2019-06-06 16:50:00,0.01456362
2019-06-06 17:00:00,0.0017942488
2019-06-06 17:10:00,0.013061196
2019-06-06 17:20:00,0.0017624497
2019-06-06 17:30:00,0.014624804
2019-06-06 17:40:00,0.0020297468
2019-06-06 17:50:00,0.012740433
2019-06-06 18:00:00,0.0014486313
2019-06-06 18:10:00,0.012402505
2019-06-06 18:20:00,0.0014639199
2019-06-06 18:30:00,0.011850148
2019-06-06 18:40:00,0.0016081035
2019-06-06 18:50:00,0.012747735
2019-06-06 19:00:00,0.0016553998
2019-06-06 19:10:00,0.012355357
2019-06-06 19:20:00,0.0018361211
2019-06-06 19:30:00,0.012603939
2019-06-06 19:40:00,0.0018471181
2019-06-06 19:50:00,0.011957467
2019-06-06 20:00:00,0.0020659864
2019-06-06 20:10:00,0.012264937
2019-06-06 20:20:00,0.0022517443
2019-06-06 20:30:00,0.012912929
2019-06-06 20:40:00,0.002766192
2019-06-06 20:50:00,0.013924867
2019-06-06 21:00:00,0.0027387142
2019-06-06 21:10:00,0.013320506
2019-06-06 21:20:00,0.002657026
2019-06-06 21:30:00,0.013523877
2019-06-06 21:40:00,0.0024476051
2019-06-06 21:50:00,0.012434393
2019-06-06 22:00:00,0.0024461746
2019-06-06 22:10:00,0.012591481
2019-06-06 22:20:00,0.0022315383
2019-06-06 22:30:00,0.011900306
2019-06-06 22:40:00,0.0019507408
2019-06-06 22:50:00,0.010822952
2019-06-06 23:00:00,0.0017586052
2019-06-06 23:10:00,0.010554194
2019-06-06 23:20:00,0.0021201372
2019-06-06 23:30:00,0.012315154
2019-06-06 23:40:00,0.0023021996
2019-06-06 23:50:00,0.012052268
2019-06-07 00:00:00,0.0023536086
2019-06-07 00:10:00,0.011513948
2019-06-07 00:20:00,0.0023461878
2019-06-07 00:30:00,0.011197627
2019-06-07 00:40:00,0.0022220016
2019-06-07 00:50:00,0.011308342
2019-06-07 01:00:00,0.0021450818
2019-06-07 01:10:00,0.010130703
2019-06-07 01:20:00,0.0018530488
2019-06-07 01:30:00,0.008942246
2019-06-07 01:40:00,0.0017864108
2019-06-07 01:50:00,0.008067101
2019-06-07 02:00:00,0.0017104149
2019-06-07 02:10:00,0.007077962
2019-06-07 02:20:00,0.001755774
2019-06-07 02:30:00,0.0074858963
2019-06-07 02:40:00,0.0031071007
2019-06-07 02:50:00,0.010479718
2019-06-07 03:00:00,0.0032138526
2019-06-07 03:10:00,0.010516107
2019-06-07 03:20:00,0.004753411
2019-06-07 03:30:00,0.010504216
2019-06-07 03:40:00,0.005295962
2019-06-07 03:50:00,0.011193812
2019-06-07 04:00:00,0.0057763457
2019-06-07 04:10:00,0.012411028
2019-06-07 04:20:00,0.0053837895
2019-06-07 04:30:00,0.012401164
2019-06-07 04:40:00,0.0064384043
2019-06-07 04:50:00,0.014098585
2019-06-07 05:00:00,0.0068882704
2019-06-07 05:10:00,0.013294965
2019-06-07 05:20:00,0.0071346164
2019-06-07 05:30:00,0.0139219165
2019-06-07 05:40:00,0.0065221786
2019-06-07 05:50:00,0.012086123
2019-06-07 06:00:00,0.0059883296
2019-06-07 06:10:00,0.012178004
2019-06-07 06:20:00,0.0056273937
2019-06-07 06:30:00,0.010633796
2019-06-07 06:40:00,0.0058044195
2019-06-07 06:50:00,0.010999471
2019-06-07 07:00:00,0.005122125
2019-06-07 07:10:00,0.009261429
2019-06-07 07:20:00,0.00494653
2019-06-07 07:30:00,0.00931403
2019-06-07 07:40:00,0.0046738684
2019-06-07 07:50:00,0.008618861
2019-06-07 08:00:00,0.004905373
2019-06-07 08:10:00,0.009574473
2019-06-07 08:20:00,0.004660189
2019-06-07 08:30:00,0.008204132
2019-06-07 08:40:00,0.0043391287
2019-06-07 08:50:00,0.009157211
2019-06-07 09:00:00,0.0042539537
2019-06-07 09:10:00,0.008169562
2019-06-07 09:20:00,0.004187733
2019-06-07 09:30:00,0.0088710785
2019-06-07 09:40:00,0.0041027665
2019-06-07 09:50:00,0.008488923
2019-06-07 10:00:00,0.0038573444
2019-06-07 10:10:00,0.008612156
2019-06-07 10:20:00,0.0036904514
2019-06-07 10:30:00,0.007353574
2019-06-07 10:40:00,0.0038396716
2019-06-07 10:50:00,0.007874191
2019-06-07 11:00:00,0.0036239922
2019-06-07 11:10:00,0.00644812
2019-06-07 11:20:00,0.0035007596
2019-06-07 11:30:00,0.0067876875
2019-06-07 11:40:00,0.0031155646
2019-06-07 11:50:00,0.0056535006
2019-06-07 12:00:00,0.0027882755
2019-06-07 12:10:00,0.0059954226
2019-06-07 12:20:00,0.0025236905
2019-06-07 12:30:00,0.0050165355
2019-06-07 12:40:00,0.0024326444
2019-06-07 12:50:00,0.0052782
2019-06-07 13:00:00,0.002275288
2019-06-07 13:10:00,0.0045105815
2019-06-07 13:20:00,0.0022333562
2019-06-07 13:30:00,0.0050150454
2019-06-07 13:40:00,0.0022188127
2019-06-07 13:50:00,0.004736632
2019-06-07 14:00:00,0.0023106039
2019-06-07 14:10:00,0.0053469837
2019-06-07 14:20:00,0.0022853613
2019-06-07 14:30:00,0.005062163
2019-06-07 14:40:00,0.0023451447
2019-06-07 14:50:00,0.0057928264
2019-06-07 15:00:00,0.0023218095
2019-06-07 15:10:00,0.0051070154
2019-06-07 15:20:00,0.0021723509
2019-06-07 15:30:00,0.0051478148
2019-06-07 15:40:00,0.0020494163
2019-06-07 15:50:00,0.0046878755
2019-06-07 16:00:00,0.0021493733
2019-06-07 16:10:00,0.0053301454
2019-06-07 16:20:00,0.002319038
2019-06-07 16:30:00,0.0051288903
2019-06-07 16:40:00,0.0024953783
2019-06-07 16:50:00,0.006180376
2019-06-07 17:00:00,0.002675712
2019-06-07 17:10:00,0.0058998466
2019-06-07 17:20:00,0.0026625693
2019-06-07 17:30:00,0.0059138536
2019-06-07 17:40:00,0.002665937
2019-06-07 17:50:00,0.0062018037
2019-06-07 18:00:00,0.0028202236
2019-06-07 18:10:00,0.006808877
2019-06-07 18:20:00,0.0027891397
2019-06-07 18:30:00,0.0063978434
2019-06-07 18:40:00,0.0029402971
2019-06-07 18:50:00,0.007146418
2019-06-07 19:00:00,0.0029506683
2019-06-07 19:10:00,0.0059978664
2019-06-07 19:20:00,0.0030726492
2019-06-07 19:30:00,0.007253021
2019-06-07 19:40:00,0.0033474267
2019-06-07 19:50:00,0.0063815713
2019-06-07 20:00:00,0.0032771826
2019-06-07 20:10:00,0.0072166026
2019-06-07 20:20:00,0.0033543408
2019-06-07 20:30:00,0.005731076
2019-06-07 20:40:00,0.0029949248
2019-06-07 20:50:00,0.0064186454
2019-06-07 21:00:00,0.0030841827
2019-06-07 21:10:00,0.0054418147
2019-06-07 21:20:00,0.0032499433
2019-06-07 21:30:00,0.0059551895
2019-06-07 21:40:00,0.0033343434
2019-06-07 21:50:00,0.0056218505
2019-06-07 22:00:00,0.0037287176
2019-06-07 22:10:00,0.006903082
2019-06-07 22:20:00,0.0043355525
2019-06-07 22:30:00,0.006667614
2019-06-07 22:40:00,0.004732132
2019-06-07 22:50:00,0.007989764
2019-06-07 23:00:00,0.0050524473
2019-06-07 23:10:00,0.0065410137
2019-06-07 23:20:00,0.0046001375
2019-06-07 23:30:00,0.008403271
2019-06-07 23:40:00,0.005753845
2019-06-07 23:50:00,0.007516682
2019-06-08 00:00:00,0.005636841
2019-06-08 00:10:00,0.008348286
2019-06-08 00:20:00,0.0061126947
2019-06-08 00:30:00,0.0069714487
2019-06-08 00:40:00,0.0065281093
2019-06-08 00:50:00,0.00806433
2019-06-08 01:00:00,0.007062793
2019-06-08 01:10:00,0.0068451464
2019-06-08 01:20:00,0.008164972
2019-06-08 01:30:00,0.008874655
2019-06-08 01:40:00,0.009459943
2019-06-08 01:50:00,0.009563327
2019-06-08 02:00:00,0.01183784
2019-06-08 02:10:00,0.012221873
2019-06-08 02:20:00,0.012941152
2019-06-08 02:30:00,0.011229366
2019-06-08 02:40:00,0.013227314
2019-06-08 02:50:00,0.012550861
2019-06-08 03:00:00,0.01341489
2019-06-08 03:10:00,0.012463957
2019-06-08 03:20:00,0.01488173
2019-06-08 03:30:00,0.013854146
2019-06-08 03:40:00,0.016905963
2019-06-08 03:50:00,0.0137167275
2019-06-08 04:00:00,0.017302126
2019-06-08 04:10:00,0.015598357
2019-06-08 04:20:00,0.019120276
2019-06-08 04:30:00,0.014209241
2019-06-08 04:40:00,0.021585286
2019-06-08 04:50:00,0.017211676
2019-06-08 05:00:00,0.024019122
2019-06-08 05:10:00,0.016823202
2019-06-08 05:20:00,0.034092724
2019-06-08 05:30:00,0.022070825
2019-06-08 05:40:00,0.032534838
2019-06-08 05:50:00,0.01911518
2019-06-08 06:00:00,0.03186983
2019-06-08 06:10:00,0.019958586
2019-06-08 06:20:00,0.030853808
2019-06-08 06:30:00,0.017897785
2019-06-08 06:40:00,0.033964068
2019-06-08 06:50:00,0.02064386
2019-06-08 07:00:00,0.033538938
2019-06-08 07:10:00,0.01893887
2019-06-08 07:20:00,0.036050588
2019-06-08 07:30:00,0.022065282
2019-06-08 07:40:00,0.03324014
2019-06-08 07:50:00,0.019198775
2019-06-08 08:00:00,0.033982754
2019-06-08 08:10:00,0.024376243
2019-06-08 08:20:00,0.03699401
2019-06-08 08:30:00,0.026073694
2019-06-08 08:40:00,0.034347087
2019-06-08 08:50:00,0.02622649
2019-06-08 09:00:00,0.03548625
2019-06-08 09:10:00,0.023679167
2019-06-08 09:20:00,0.036099136
2019-06-08 09:30:00,0.024383724
2019-06-08 09:40:00,0.03389439
2019-06-08 09:50:00,0.021874934
2019-06-08 10:00:00,0.03458348
2019-06-08 10:10:00,0.022929102
2019-06-08 10:20:00,0.03328961
2019-06-08 10:30:00,0.020941794
2019-06-08 10:40:00,0.03247261
2019-06-08 10:50:00,0.021337599
2019-06-08 11:00:00,0.029123992
2019-06-08 11:10:00,0.01897946
2019-06-08 11:20:00,0.029953748
2019-06-08 11:30:00,0.020049274
2019-06-08 11:40:00,0.028002143
2019-06-08 11:50:00,0.018874735
2019-06-08 12:00:00,0.029886484
2019-06-08 12:10:00,0.01942265
2019-06-08 12:20:00,0.028041989
2019-06-08 12:30:00,0.019058019
2019-06-08 12:40:00,0.030825138
2019-06-08 12:50:00,0.020265758
2019-06-08 13:00:00,0.02917558
2019-06-08 13:10:00,0.018661857
2019-06-08 13:20:00,0.029171199
2019-06-08 13:30:00,0.020880193
2019-06-08 13:40:00,0.030635327
2019-06-08 13:50:00,0.020291895
2019-06-08 14:00:00,0.031077474
2019-06-08 14:10:00,0.0212802
2019-06-08 14:20:00,0.028728515
2019-06-08 14:30:00,0.020342588
2019-06-08 14:40:00,0.03012988
2019-06-08 14:50:00,0.020931035
2019-06-08 15:00:00,0.028473377
2019-06-08 15:10:00,0.020514876
2019-06-08 15:20:00,0.032473326
2019-06-08 15:30:00,0.022430092
2019-06-08 15:40:00,0.030157119
2019-06-08 15:50:00,0.019545078
2019-06-08 16:00:00,0.030128807
2019-06-08 16:10:00,0.020121217
2019-06-08 16:20:00,0.03000611
2019-06-08 16:30:00,0.01848343
2019-06-08 16:40:00,0.034832567
2019-06-08 16:50:00,0.02012211
2019-06-08 17:00:00,0.030535787
2019-06-08 17:10:00,0.018409431
2019-06-08 17:20:00,0.032771617
2019-06-08 17:30:00,0.019892126
2019-06-08 17:40:00,0.02974841
2019-06-08 17:50:00,0.018213809
2019-06-08 18:00:00,0.03278768
2019-06-08 18:10:00,0.021058798
2019-06-08 18:20:00,0.031287998
2019-06-08 18:30:00,0.019958407
2019-06-08 18:40:00,0.03472185
2019-06-08 18:50:00,0.022788465
2019-06-08 19:00:00,0.03368029
2019-06-08 19:10:00,0.02144736
2019-06-08 19:20:00,0.035808355
2019-06-08 19:30:00,0.022375792
2019-06-08 19:40:00,0.039585114
2019-06-08 19:50:00,0.024214
2019-06-08 20:00:00,0.040221274
2019-06-08 20:10:00,0.026056409
2019-06-08 20:20:00,0.03568536
2019-06-08 20:30:00,0.022071004
2019-06-08 20:40:00,0.03998676
2019-06-08 20:50:00,0.024191886
2019-06-08 21:00:00,0.033368766
2019-06-08 21:10:00,0.020909846
2019-06-08 21:20:00,0.03402111
2019-06-08 21:30:00,0.022519022
2019-06-08 21:40:00,0.03016162
2019-06-08 21:50:00,0.019443542
2019-06-08 22:00:00,0.030912519
2019-06-08 22:10:00,0.020572633
2019-06-08 22:20:00,0.028543085
2019-06-08 22:30:00,0.019294143
2019-06-08 22:40:00,0.03036803
2019-06-08 22:50:00,0.02175504
2019-06-08 23:00:00,0.026891738
2019-06-08 23:10:00,0.018801361
2019-06-08 23:20:00,0.027213842
2019-06-08 23:30:00,0.020616978
2019-06-08 23:40:00,0.020633072
2019-06-08 23:50:00,0.017692983
2019-06-09 00:00:00,0.021679401
2019-06-09 00:10:00,0.02116093
2019-06-09 00:20:00,0.019550562
2019-06-09 00:30:00,0.01954323
2019-06-09 00:40:00,0.020872444
2019-06-09 00:50:00,0.022449434
2019-06-09 01:00:00,0.019479781
2019-06-09 01:10:00,0.019259572
2019-06-09 01:20:00,0.019719929
2019-06-09 01:30:00,0.021402895
2019-06-09 01:40:00,0.017295599
2019-06-09 01:50:00,0.018093765
2019-06-09 02:00:00,0.017346084
2019-06-09 02:10:00,0.020366311
2019-06-09 02:20:00,0.015979975
2019-06-09 02:30:00,0.019274175
2019-06-09 02:40:00,0.016985983
2019-06-09 02:50:00,0.023119003
2019-06-09 03:00:00,0.015776038
2019-06-09 03:10:00,0.019145101
2019-06-09 03:20:00,0.016794145
2019-06-09 03:30:00,0.022406697
2019-06-09 03:40:00,0.015383303
2019-06-09 03:50:00,0.019066572
2019-06-09 04:00:00,0.016265363
2019-06-09 04:10:00,0.023537517
2019-06-09 04:20:00,0.01576972
2019-06-09 04:30:00,0.022933394
2019-06-09 04:40:00,0.018172413
2019-06-09 04:50:00,0.024130672
2019-06-09 05:00:00,0.01645711
2019-06-09 05:10:00,0.02053386
2019-06-09 05:20:00,0.017342448
2019-06-09 05:30:00,0.02103901
2019-06-09 05:40:00,0.015267819
2019-06-09 05:50:00,0.018294126
2019-06-09 06:00:00,0.016670376
2019-06-09 06:10:00,0.0217157
2019-06-09 06:20:00,0.016461432
2019-06-09 06:30:00,0.018134028
2019-06-09 06:40:00,0.015170544
2019-06-09 06:50:00,0.020778686
2019-06-09 07:00:00,0.014489174
2019-06-09 07:10:00,0.02090013
2019-06-09 07:20:00,0.015834033
2019-06-09 07:30:00,0.02293095
2019-06-09 07:40:00,0.017690688
2019-06-09 07:50:00,0.021836162
2019-06-09 08:00:00,0.014975786
2019-06-09 08:10:00,0.023082316
2019-06-09 08:20:00,0.016409129
2019-06-09 08:30:00,0.021668434
2019-06-09 08:40:00,0.014510423
2019-06-09 08:50:00,0.020642042
2019-06-09 09:00:00,0.014506668
2019-06-09 09:10:00,0.019993186
2019-06-09 09:20:00,0.013163477
2019-06-09 09:30:00,0.019384593
2019-06-09 09:40:00,0.0128555
2019-06-09 09:50:00,0.01917857
2019-06-09 10:00:00,0.012832105
2019-06-09 10:10:00,0.019526213
2019-06-09 10:20:00,0.01213634
2019-06-09 10:30:00,0.016676873
2019-06-09 10:40:00,0.0127391815
2019-06-09 10:50:00,0.018342525
2019-06-09 11:00:00,0.012750506
2019-06-09 11:10:00,0.017530203
2019-06-09 11:20:00,0.012489647
2019-06-09 11:30:00,0.017508984
2019-06-09 11:40:00,0.0118435025
2019-06-09 11:50:00,0.015108168
2019-06-09 12:00:00,0.010537952
2019-06-09 12:10:00,0.01646471
2019-06-09 12:20:00,0.011606127
2019-06-09 12:30:00,0.01532194
2019-06-09 12:40:00,0.011611342
2019-06-09 12:50:00,0.017031282
2019-06-09 13:00:00,0.012894243
2019-06-09 13:10:00,0.01633215
2019-06-09 13:20:00,0.013077408
2019-06-09 13:30:00,0.016759157
2019-06-09 13:40:00,0.014056593
2019-06-09 13:50:00,0.016046524
2019-06-09 14:00:00,0.013013184
2019-06-09 14:10:00,0.017645031
2019-06-09 14:20:00,0.014708698
2019-06-09 14:30:00,0.017803073
2019-06-09 14:40:00,0.01545018
2019-06-09 14:50:00,0.019566715
2019-06-09 15:00:00,0.01573366
2019-06-09 15:10:00,0.01706341
2019-06-09 15:20:00,0.015698254
2019-06-09 15:30:00,0.020197451
2019-06-09 15:40:00,0.017286152
2019-06-09 15:50:00,0.021502554
2019-06-09 16:00:00,0.016758233
2019-06-09 16:10:00,0.022169024
2019-06-09 16:20:00,0.019814134
2019-06-09 16:30:00,0.021085769
2019-06-09 16:40:00,0.018550247
2019-06-09 16:50:00,0.021559834
2019-06-09 17:00:00,0.019978166
2019-06-09 17:10:00,0.02187574
2019-06-09 17:20:00,0.0200935
2019-06-09 17:30:00,0.023236483
2019-06-09 17:40:00,0.020659715
2019-06-09 17:50:00,0.021974206
2019-06-09 18:00:00,0.020468652
2019-06-09 18:10:00,0.024798721
2019-06-09 18:20:00,0.0227803
2019-06-09 18:30:00,0.024084598
2019-06-09 18:40:00,0.021196842
2019-06-09 18:50:00,0.025107294
2019-06-09 19:00:00,0.02089414
2019-06-09 19:10:00,0.02359131
2019-06-09 19:20:00,0.021475792
2019-06-09 19:30:00,0.026002765
2019-06-09 19:40:00,0.02268958
2019-06-09 19:50:00,0.026355624
2019-06-09 20:00:00,0.022835135
2019-06-09 20:10:00,0.027047992
2019-06-09 20:20:00,0.024460196
2019-06-09 20:30:00,0.028359383
2019-06-09 20:40:00,0.023157775
2019-06-09 20:50:00,0.02395612
2019-06-09 21:00:00,0.021638721
2019-06-09 21:10:00,0.020925611
2019-06-09 21:20:00,0.015791863
2019-06-09 21:30:00,0.018621057
2019-06-09 21:40:00,0.0146635175
2019-06-09 21:50:00,0.017178327
2019-06-09 22:00:00,0.013387948
2019-06-09 22:10:00,0.018339127
2019-06-09 22:20:00,0.01467213
2019-06-09 22:30:00,0.018738031
2019-06-09 22:40:00,0.013985813
2019-06-09 22:50:00,0.013265163
2019-06-09 23:00:00,0.013236582
2019-06-09 23:10:00,0.012384146
2019-06-09 23:20:00,0.011875749
2019-06-09 23:30:00,0.008897752
2019-06-09 23:40:00,0.011945337
2019-06-09 23:50:00,0.0094919205
2019-06-10 00:00:00,0.012320161
2019-06-10 00:10:00,0.009719104
2019-06-10 00:20:00,0.012725234
2019-06-10 00:30:00,0.010109007
2019-06-10 00:40:00,0.011886656
2019-06-10 00:50:00,0.0084246695
2019-06-10 01:00:00,0.011014372
2019-06-10 01:10:00,0.008840382
2019-06-10 01:20:00,0.011342466
2019-06-10 01:30:00,0.007831007
2019-06-10 01:40:00,0.010597289
2019-06-10 01:50:00,0.008082509
2019-06-10 02:00:00,0.008880079
2019-06-10 02:10:00,0.0062456727
2019-06-10 02:20:00,0.00760749
2019-06-10 02:30:00,0.0064767003
2019-06-10 02:40:00,0.006172776
2019-06-10 02:50:00,0.005245745
2019-06-10 03:00:00,0.0057926774
2019-06-10 03:10:00,0.0057407916
2019-06-10 03:20:00,0.005978763
2019-06-10 03:30:00,0.005199194
2019-06-10 03:40:00,0.006173581
2019-06-10 03:50:00,0.005886197
2019-06-10 04:00:00,0.005945027
2019-06-10 04:10:00,0.004999399
2019-06-10 04:20:00,0.006029874
2019-06-10 04:30:00,0.0055586696
2019-06-10 04:40:00,0.0056805313
2019-06-10 04:50:00,0.004404813
2019-06-10 05:00:00,0.0056420863
2019-06-10 05:10:00,0.004933417
2019-06-10 05:20:00,0.005605936
2019-06-10 05:30:00,0.004080057
2019-06-10 05:40:00,0.005598724
2019-06-10 05:50:00,0.0045570433
2019-06-10 06:00:00,0.0054607093
2019-06-10 06:10:00,0.0041602254
2019-06-10 06:20:00,0.0055936277
2019-06-10 06:30:00,0.004740447
2019-06-10 06:40:00,0.005467087
2019-06-10 06:50:00,0.0037974417
2019-06-10 07:00:00,0.0055731535
2019-06-10 07:10:00,0.0042238533
2019-06-10 07:20:00,0.004948318
2019-06-10 07:30:00,0.003183931
2019-06-10 07:40:00,0.004770577
2019-06-10 07:50:00,0.0035165846
2019-06-10 08:00:00,0.0044754446
2019-06-10 08:10:00,0.0029978454
2019-06-10 08:20:00,0.0044273436
2019-06-10 08:30:00,0.0036726296
2019-06-10 08:40:00,0.0045318007
2019-06-10 08:50:00,0.0027793348
2019-06-10 09:00:00,0.0042143166
2019-06-10 09:10:00,0.0024962723
2019-06-10 09:20:00,0.003886044
2019-06-10 09:30:00,0.0018731356
2019-06-10 09:40:00,0.0038996935
2019-06-10 09:50:00,0.0019641817
2019-06-10 10:00:00,0.0042672157
2019-06-10 10:10:00,0.0018915534
2019-06-10 10:20:00,0.0038159788
2019-06-10 10:30:00,0.0019667745
2019-06-10 10:40:00,0.003299147
2019-06-10 10:50:00,0.0015848577
2019-06-10 11:00:00,0.00310421
2019-06-10 11:10:00,0.001725018
2019-06-10 11:20:00,0.002952963
2019-06-10 11:30:00,0.001585424
2019-06-10 11:40:00,0.0031207204
2019-06-10 11:50:00,0.0018854737
2019-06-10 12:00:00,0.0031654835
2019-06-10 12:10:00,0.0016575456
2019-06-10 12:20:00,0.0029930174
2019-06-10 12:30:00,0.0016948879
2019-06-10 12:40:00,0.0028896332
2019-06-10 12:50:00,0.0014365315
2019-06-10 13:00:00,0.0027850866
2019-06-10 13:10:00,0.0015723109
2019-06-10 13:20:00,0.0029298067
2019-06-10 13:30:00,0.0014549792
2019-06-10 13:40:00,0.0029236674
2019-06-10 13:50:00,0.0015711784
2019-06-10 14:00:00,0.0029776692
2019-06-10 14:10:00,0.0014210641
2019-06-10 14:20:00,0.0028791428
2019-06-10 14:30:00,0.0014923215
2019-06-10 14:40:00,0.0028681755
2019-06-10 14:50:00,0.001337856
2019-06-10 15:00:00,0.0029179752
2019-06-10 15:10:00,0.0014553666
2019-06-10 15:20:00,0.0029823184
2019-06-10 15:30:00,0.001463294
2019-06-10 15:40:00,0.0032020211
2019-06-10 15:50:00,0.0015831888
2019-06-10 16:00:00,0.002999574
2019-06-10 16:10:00,0.0014669895
2019-06-10 16:20:00,0.0028826892
2019-06-10 16:30:00,0.0015021265
2019-06-10 16:40:00,0.0029448569
2019-06-10 16:50:00,0.0014121532
2019-06-10 17:00:00,0.0030444562
2019-06-10 17:10:00,0.0014168322
2019-06-10 17:20:00,0.0028970242
2019-06-10 17:30:00,0.0013629794
2019-06-10 17:40:00,0.0029839575
2019-06-10 17:50:00,0.0013302565
2019-06-10 18:00:00,0.0029188395
2019-06-10 18:10:00,0.001360029
2019-06-10 18:20:00,0.00305444
2019-06-10 18:30:00,0.0013602078
2019-06-10 18:40:00,0.0028958023
2019-06-10 18:50:00,0.0013508201
2019-06-10 19:00:00,0.00310722
2019-06-10 19:10:00,0.0013562441
2019-06-10 19:20:00,0.0031370223
2019-06-10 19:30:00,0.0014058053
2019-06-10 19:40:00,0.0031772256
2019-06-10 19:50:00,0.0014401972
2019-06-10 20:00:00,0.003301084
2019-06-10 20:10:00,0.0015620291
2019-06-10 20:20:00,0.0035383701
2019-06-10 20:30:00,0.0015333593
2019-06-10 20:40:00,0.0036325157
2019-06-10 20:50:00,0.0017021298
2019-06-10 21:00:00,0.0038312376
2019-06-10 21:10:00,0.0015680194
2019-06-10 21:20:00,0.0038836002
2019-06-10 21:30:00,0.0017645359
2019-06-10 21:40:00,0.0042348504
2019-06-10 21:50:00,0.0017754436
2019-06-10 22:00:00,0.004431337
2019-06-10 22:10:00,0.0019923449
2019-06-10 22:20:00,0.0045770705
2019-06-10 22:30:00,0.001860708
2019-06-10 22:40:00,0.004701525
2019-06-10 22:50:00,0.0021217465
2019-06-10 23:00:00,0.0050013065
2019-06-10 23:10:00,0.001996696
2019-06-10 23:20:00,0.0052072406
2019-06-10 23:30:00,0.0024187267
2019-06-10 23:40:00,0.005422741
2019-06-10 23:50:00,0.0023800135
2019-06-11 00:00:00,0.005483985
2019-06-11 00:10:00,0.0026705265
2019-06-11 00:20:00,0.0056063235
2019-06-11 00:30:00,0.002531737
2019-06-11 00:40:00,0.005766183
2019-06-11 00:50:00,0.0029852986
2019-06-11 01:00:00,0.0061204433
2019-06-11 01:10:00,0.0027374923
2019-06-11 01:20:00,0.006702155
2019-06-11 01:30:00,0.0029235482
2019-06-11 01:40:00,0.0071435273
2019-06-11 01:50:00,0.0024576783
2019-06-11 02:00:00,0.007129252
2019-06-11 02:10:00,0.0029394925
2019-06-11 02:20:00,0.007829726
2019-06-11 02:30:00,0.0027535856
2019-06-11 02:40:00,0.008308828
2019-06-11 02:50:00,0.0033866167
2019-06-11 03:00:00,0.008589715
2019-06-11 03:10:00,0.0031382143
2019-06-11 03:20:00,0.008856386
2019-06-11 03:30:00,0.0039612055
2019-06-11 03:40:00,0.00993073
2019-06-11 03:50:00,0.0037929416
2019-06-11 04:00:00,0.012023956
2019-06-11 04:10:00,0.0045953393
2019-06-11 04:20:00,0.012480319
2019-06-11 04:30:00,0.004279405
2019-06-11 04:40:00,0.013729483
2019-06-11 04:50:00,0.005589634
2019-06-11 05:00:00,0.013528734
2019-06-11 05:10:00,0.0045402944
2019-06-11 05:20:00,0.014766961
2019-06-11 05:30:00,0.006458789
2019-06-11 05:40:00,0.014691174
2019-06-11 05:50:00,0.0061333776
2019-06-11 06:00:00,0.014724404
2019-06-11 06:10:00,0.0077642202
2019-06-11 06:20:00,0.013297349
2019-06-11 06:30:00,0.0065313876
2019-06-11 06:40:00,0.013668865
2019-06-11 06:50:00,0.008412391
2019-06-11 07:00:00,0.013724923
2019-06-11 07:10:00,0.006796211
2019-06-11 07:20:00,0.015024215
2019-06-11 07:30:00,0.009017795
2019-06-11 07:40:00,0.013784915
2019-06-11 07:50:00,0.007539779
2019-06-11 08:00:00,0.014714718
2019-06-11 08:10:00,0.00945133
2019-06-11 08:20:00,0.014528632
2019-06-11 08:30:00,0.007812053
2019-06-11 08:40:00,0.017788917
2019-06-11 08:50:00,0.009872258
2019-06-11 09:00:00,0.016691744
2019-06-11 09:10:00,0.009139746
2019-06-11 09:20:00,0.019987017
2019-06-11 09:30:00,0.011015534
2019-06-11 09:40:00,0.017405808
2019-06-11 09:50:00,0.009835184
2019-06-11 10:00:00,0.019118994
2019-06-11 10:10:00,0.011099577
2019-06-11 10:20:00,0.016229898
2019-06-11 10:30:00,0.00904724
2019-06-11 10:40:00,0.01792851
2019-06-11 10:50:00,0.0104598105
2019-06-11 11:00:00,0.0150176585
2019-06-11 11:10:00,0.008917123
2019-06-11 11:20:00,0.015974522
2019-06-11 11:30:00,0.010193974
2019-06-11 11:40:00,0.014261574
2019-06-11 11:50:00,0.00814718
2019-06-11 12:00:00,0.01523295
2019-06-11 12:10:00,0.008923769
2019-06-11 12:20:00,0.013105452
2019-06-11 12:30:00,0.008101791
2019-06-11 12:40:00,0.014053017
2019-06-11 12:50:00,0.009049624
2019-06-11 13:00:00,0.012401998
2019-06-11 13:10:00,0.007849306
2019-06-11 13:20:00,0.013638705
2019-06-11 13:30:00,0.008443356
2019-06-11 13:40:00,0.011741668
2019-06-11 13:50:00,0.0070341527
2019-06-11 14:00:00,0.013221115
2019-06-11 14:10:00,0.0077747703
2019-06-11 14:20:00,0.0118092
2019-06-11 14:30:00,0.008066356
2019-06-11 14:40:00,0.013694823
2019-06-11 14:50:00,0.008938402
2019-06-11 15:00:00,0.0122077465
2019-06-11 15:10:00,0.008408189
2019-06-11 15:20:00,0.013965726
2019-06-11 15:30:00,0.009746343
2019-06-11 15:40:00,0.012469202
2019-06-11 15:50:00,0.01032564
2019-06-11 16:00:00,0.015391946
2019-06-11 16:10:00,0.010488927
2019-06-11 16:20:00,0.011924565
2019-06-11 16:30:00,0.010714412
2019-06-11 16:40:00,0.012895763
2019-06-11 16:50:00,0.011104435
2019-06-11 17:00:00,0.010963082
2019-06-11 17:10:00,0.01206997
2019-06-11 17:20:00,0.013505995
2019-06-11 17:30:00,0.014344573
2019-06-11 17:40:00,0.011606395
2019-06-11 17:50:00,0.0136650205
2019-06-11 18:00:00,0.012762725
2019-06-11 18:10:00,0.0135783255
2019-06-11 18:20:00,0.007967681
2019-06-11 18:30:00,0.012714952
2019-06-11 18:40:00,0.009306014
2019-06-11 18:50:00,0.012444198
2019-06-11 19:00:00,0.0065209568
2019-06-11 19:10:00,0.012449056
2019-06-11 19:20:00,0.008236706
2019-06-11 19:30:00,0.012476087
2019-06-11 19:40:00,0.0067359507
2019-06-11 19:50:00,0.011959225
2019-06-11 20:00:00,0.0082552135
2019-06-11 20:10:00,0.011862606
2019-06-11 20:20:00,0.0065368116
2019-06-11 20:30:00,0.012276024
2019-06-11 20:40:00,0.007943362
2019-06-11 20:50:00,0.01213786
2019-06-11 21:00:00,0.006723881
2019-06-11 21:10:00,0.012160063
2019-06-11 21:20:00,0.008602709
2019-06-11 21:30:00,0.01240015
2019-06-11 21:40:00,0.006446421
2019-06-11 21:50:00,0.012096167
2019-06-11 22:00:00,0.0077815056
2019-06-11 22:10:00,0.011636496
2019-06-11 22:20:00,0.0057397187
2019-06-11 22:30:00,0.011603057
2019-06-11 22:40:00,0.007046759
2019-06-11 22:50:00,0.01162976
2019-06-11 23:00:00,0.0058555305
2019-06-11 23:10:00,0.012522817
2019-06-11 23:20:00,0.0069701076
2019-06-11 23:30:00,0.011517435
2019-06-11 23:40:00,0.005083233
2019-06-11 23:50:00,0.011481106
2019-06-12 00:00:00,0.0059378147
2019-06-12 00:10:00,0.0107599795
2019-06-12 00:20:00,0.004642725
2019-06-12 00:30:00,0.0111757815
2019-06-12 00:40:00,0.0058386326
2019-06-12 00:50:00,0.010803729
2019-06-12 01:00:00,0.0045203567
2019-06-12 01:10:00,0.011408389
2019-06-12 01:20:00,0.005565554
2019-06-12 01:30:00,0.011918902
2019-06-12 01:40:00,0.0046734214
2019-06-12 01:50:00,0.012539417
2019-06-12 02:00:00,0.0058442056
2019-06-12 02:10:00,0.012503326
2019-06-12 02:20:00,0.0045649707
2019-06-12 02:30:00,0.013689548
2019-06-12 02:40:00,0.005457014
2019-06-12 02:50:00,0.010862142
2019-06-12 03:00:00,0.0039874613
2019-06-12 03:10:00,0.011069834
2019-06-12 03:20:00,0.0048252344
2019-06-12 03:30:00,0.009548485
2019-06-12 03:40:00,0.0039099455
2019-06-12 03:50:00,0.010783792
2019-06-12 04:00:00,0.0046628118
2019-06-12 04:10:00,0.009733677
2019-06-12 04:20:00,0.0037108064
2019-06-12 04:30:00,0.010510474
2019-06-12 04:40:00,0.004377246
2019-06-12 04:50:00,0.009620994
2019-06-12 05:00:00,0.0034219623
2019-06-12 05:10:00,0.01118502
2019-06-12 05:20:00,0.004505217
2019-06-12 05:30:00,0.010776967
2019-06-12 05:40:00,0.0038708448
2019-06-12 05:50:00,0.012196928
2019-06-12 06:00:00,0.004742056
2019-06-12 06:10:00,0.011728495
2019-06-12 06:20:00,0.0037529469
2019-06-12 06:30:00,0.0124898255
2019-06-12 06:40:00,0.0048919916
2019-06-12 06:50:00,0.0117046535
2019-06-12 07:00:00,0.0040295124
2019-06-12 07:10:00,0.0134678185
2019-06-12 07:20:00,0.0048331916
2019-06-12 07:30:00,0.013164967
2019-06-12 07:40:00,0.0043417513
2019-06-12 07:50:00,0.0150131285
2019-06-12 08:00:00,0.005284488
2019-06-12 08:10:00,0.013902605
2019-06-12 08:20:00,0.004467696
2019-06-12 08:30:00,0.017017871
2019-06-12 08:40:00,0.005913615
2019-06-12 08:50:00,0.017973006
2019-06-12 09:00:00,0.005265087
2019-06-12 09:10:00,0.01837948
2019-06-12 09:20:00,0.006597519
2019-06-12 09:30:00,0.01759398
2019-06-12 09:40:00,0.0059731007
2019-06-12 09:50:00,0.0178594
2019-06-12 10:00:00,0.0077486634
2019-06-12 10:10:00,0.021310061
2019-06-12 10:20:00,0.0066911876
2019-06-12 10:30:00,0.024046808
2019-06-12 10:40:00,0.007993281
2019-06-12 10:50:00,0.023088843
2019-06-12 11:00:00,0.007545233
2019-06-12 11:10:00,0.027850121
2019-06-12 11:20:00,0.009131134
2019-06-12 11:30:00,0.02491051
2019-06-12 11:40:00,0.008369029
2019-06-12 11:50:00,0.028324127
2019-06-12 12:00:00,0.009428531
2019-06-12 12:10:00,0.024976969
2019-06-12 12:20:00,0.009006798
2019-06-12 12:30:00,0.030573487
2019-06-12 12:40:00,0.0106239915
2019-06-12 12:50:00,0.02757001
2019-06-12 13:00:00,0.010415584
2019-06-12 13:10:00,0.030913591
2019-06-12 13:20:00,0.01199311
2019-06-12 13:30:00,0.028545678
2019-06-12 13:40:00,0.012351066
2019-06-12 13:50:00,0.032786638
2019-06-12 14:00:00,0.012085795
2019-06-12 14:10:00,0.028751254
2019-06-12 14:20:00,0.012944311
2019-06-12 14:30:00,0.033615947
2019-06-12 14:40:00,0.015316188
2019-06-12 14:50:00,0.029044509
2019-06-12 15:00:00,0.0138275325
2019-06-12 15:10:00,0.035646826
2019-06-12 15:20:00,0.014631718
2019-06-12 15:30:00,0.033356458
2019-06-12 15:40:00,0.014663428
2019-06-12 15:50:00,0.03807175
2019-06-12 16:00:00,0.01596877
2019-06-12 16:10:00,0.035478234
2019-06-12 16:20:00,0.01492843
2019-06-12 16:30:00,0.03982413
2019-06-12 16:40:00,0.016566694
2019-06-12 16:50:00,0.038805842
2019-06-12 17:00:00,0.017137378
2019-06-12 17:10:00,0.04333502
2019-06-12 17:20:00,0.018997788
2019-06-12 17:30:00,0.040793628
2019-06-12 17:40:00,0.019724727
2019-06-12 17:50:00,0.044669688
2019-06-12 18:00:00,0.021620303
2019-06-12 18:10:00,0.046934754
2019-06-12 18:20:00,0.021974891
2019-06-12 18:30:00,0.051217556
2019-06-12 18:40:00,0.0205957
2019-06-12 18:50:00,0.049943924
2019-06-12 19:00:00,0.020943403
2019-06-12 19:10:00,0.05159986
2019-06-12 19:20:00,0.019253403
2019-06-12 19:30:00,0.048947453
2019-06-12 19:40:00,0.019947112
2019-06-12 19:50:00,0.054341167
2019-06-12 20:00:00,0.020182043
2019-06-12 20:10:00,0.05038184
2019-06-12 20:20:00,0.02150017
2019-06-12 20:30:00,0.057378262
2019-06-12 20:40:00,0.020988673
2019-06-12 20:50:00,0.053265333
2019-06-12 21:00:00,0.021939576
2019-06-12 21:10:00,0.05400771
2019-06-12 21:20:00,0.019995928
2019-06-12 21:30:00,0.055180788
2019-06-12 21:40:00,0.023413926
2019-06-12 21:50:00,0.055225223
2019-06-12 22:00:00,0.021542907
2019-06-12 22:10:00,0.05351025
2019-06-12 22:20:00,0.023924619
2019-06-12 22:30:00,0.05414319
2019-06-12 22:40:00,0.019696027
2019-06-12 22:50:00,0.052384347
2019-06-12 23:00:00,0.022581428
2019-06-12 23:10:00,0.051683158
2019-06-12 23:20:00,0.021499425
2019-06-12 23:30:00,0.05025065
2019-06-12 23:40:00,0.02313283
2019-06-12 23:50:00,0.049389035
2019-06-13 00:00:00,0.0204314
2019-06-13 00:10:00,0.04883945
2019-06-13 00:20:00,0.026077658
2019-06-13 00:30:00,0.04742542
2019-06-13 00:40:00,0.02270642
2019-06-13 00:50:00,0.04602468
2019-06-13 01:00:00,0.02542755
2019-06-13 01:10:00,0.04608774
2019-06-13 01:20:00,0.022882402
2019-06-13 01:30:00,0.04201433
2019-06-13 01:40:00,0.02669236
2019-06-13 01:50:00,0.045084238
2019-06-13 02:00:00,0.025224
2019-06-13 02:10:00,0.044398785
2019-06-13 02:20:00,0.031083971
2019-06-13 02:30:00,0.044744164
2019-06-13 02:40:00,0.02547419
2019-06-13 02:50:00,0.04381281
2019-06-13 03:00:00,0.029401839
2019-06-13 03:10:00,0.04247421
2019-06-13 03:20:00,0.02447468
2019-06-13 03:30:00,0.043361038
2019-06-13 03:40:00,0.029238105
2019-06-13 03:50:00,0.04910615
2019-06-13 04:00:00,0.026124746
2019-06-13 04:10:00,0.051503986
2019-06-13 04:20:00,0.029767126
2019-06-13 04:30:00,0.0536595
2019-06-13 04:40:00,0.026215613
2019-06-13 04:50:00,0.05445528
2019-06-13 05:00:00,0.031119734
2019-06-13 05:10:00,0.053740412
2019-06-13 05:20:00,0.0262222
2019-06-13 05:30:00,0.05141458
2019-06-13 05:40:00,0.029723704
2019-06-13 05:50:00,0.049470067
2019-06-13 06:00:00,0.025556356
2019-06-13 06:10:00,0.050952673
2019-06-13 06:20:00,0.030693918
2019-06-13 06:30:00,0.052268147
2019-06-13 06:40:00,0.026145577
2019-06-13 06:50:00,0.05365956
2019-06-13 07:00:00,0.033546627
2019-06-13 07:10:00,0.056025237
2019-06-13 07:20:00,0.027165025
2019-06-13 07:30:00,0.054798454
2019-06-13 07:40:00,0.029832304
2019-06-13 07:50:00,0.053712577
2019-06-13 08:00:00,0.0256387
2019-06-13 08:10:00,0.054365247
2019-06-13 08:20:00,0.02812779
2019-06-13 08:30:00,0.05224693
2019-06-13 08:40:00,0.02429673
2019-06-13 08:50:00,0.054464817
2019-06-13 09:00:00,0.025709927
2019-06-13 09:10:00,0.05117005
2019-06-13 09:20:00,0.02267164
2019-06-13 09:30:00,0.05637738
2019-06-13 09:40:00,0.023674011
2019-06-13 09:50:00,0.051321477
2019-06-13 10:00:00,0.022902668
2019-06-13 10:10:00,0.058065563
2019-06-13 10:20:00,0.025227875
2019-06-13 10:30:00,0.05453539
2019-06-13 10:40:00,0.0240376
2019-06-13 10:50:00,0.06047982
2019-06-13 11:00:00,0.0257501
2019-06-13 11:10:00,0.053718537
2019-06-13 11:20:00,0.027845204
2019-06-13 11:30:00,0.05994752
2019-06-13 11:40:00,0.028168142
2019-06-13 11:50:00,0.05715227
2019-06-13 12:00:00,0.02585882
2019-06-13 12:10:00,0.05864048
2019-06-13 12:20:00,0.025477916
2019-06-13 12:30:00,0.050777525
2019-06-13 12:40:00,0.02282983
2019-06-13 12:50:00,0.048564166
2019-06-13 13:00:00,0.02412793
2019-06-13 13:10:00,0.04061082
2019-06-13 13:20:00,0.02295661
2019-06-13 13:30:00,0.038212985
2019-06-13 13:40:00,0.024415582
2019-06-13 13:50:00,0.038128197
2019-06-13 14:00:00,0.021761984
2019-06-13 14:10:00,0.0396401
2019-06-13 14:20:00,0.021983206
2019-06-13 14:30:00,0.037071973
2019-06-13 14:40:00,0.01941827
2019-06-13 14:50:00,0.036708444
2019-06-13 15:00:00,0.019911915
2019-06-13 15:10:00,0.032631278
2019-06-13 15:20:00,0.018266022
2019-06-13 15:30:00,0.030110091
2019-06-13 15:40:00,0.019191474
2019-06-13 15:50:00,0.02769044
2019-06-13 16:00:00,0.01788944
2019-06-13 16:10:00,0.026549786
2019-06-13 16:20:00,0.018075347
2019-06-13 16:30:00,0.023644477
2019-06-13 16:40:00,0.016963243
2019-06-13 16:50:00,0.02472353
2019-06-13 17:00:00,0.017954558
2019-06-13 17:10:00,0.024229437
2019-06-13 17:20:00,0.01764834
2019-06-13 17:30:00,0.024324685
2019-06-13 17:40:00,0.017104268
2019-06-13 17:50:00,0.022160739
2019-06-13 18:00:00,0.015965164
2019-06-13 18:10:00,0.022548467
2019-06-13 18:20:00,0.016709566
2019-06-13 18:30:00,0.022478491
2019-06-13 18:40:00,0.017064422
2019-06-13 18:50:00,0.022963732
2019-06-13 19:00:00,0.018705845
2019-06-13 19:10:00,0.022732407
2019-06-13 19:20:00,0.019356132
2019-06-13 19:30:00,0.024437368
2019-06-13 19:40:00,0.018810153
2019-06-13 19:50:00,0.022343636
2019-06-13 20:00:00,0.018384278
2019-06-13 20:10:00,0.023639888
2019-06-13 20:20:00,0.018013239
2019-06-13 20:30:00,0.021354407
2019-06-13 20:40:00,0.017076373
2019-06-13 20:50:00,0.021160841
2019-06-13 21:00:00,0.016991347
2019-06-13 21:10:00,0.02160737
2019-06-13 21:20:00,0.01597315
2019-06-13 21:30:00,0.022738963
2019-06-13 21:40:00,0.016046643
2019-06-13 21:50:00,0.02283886
2019-06-13 22:00:00,0.017277002
2019-06-13 22:10:00,0.023398936
2019-06-13 22:20:00,0.017191231
2019-06-13 22:30:00,0.022422284
2019-06-13 22:40:00,0.018276125
2019-06-13 22:50:00,0.022233337
2019-06-13 23:00:00,0.018549293
2019-06-13 23:10:00,0.0213162
2019-06-13 23:20:00,0.018922329
2019-06-13 23:30:00,0.021151692
2019-06-13 23:40:00,0.018240541
2019-06-13 23:50:00,0.020103604
2019-06-14 00:00:00,0.01739791
2019-06-14 00:10:00,0.020844132
2019-06-14 00:20:00,0.016575485
2019-06-14 00:30:00,0.02132386
2019-06-14 00:40:00,0.014807671
2019-06-14 00:50:00,0.019965202
2019-06-14 01:00:00,0.014431447
2019-06-14 01:10:00,0.019190371
2019-06-14 01:20:00,0.015799522
2019-06-14 01:30:00,0.019797891
2019-06-14 01:40:00,0.015603781
2019-06-14 01:50:00,0.019325286
2019-06-14 02:00:00,0.017300993
2019-06-14 02:10:00,0.020669788
2019-06-14 02:20:00,0.01670298
2019-06-14 02:30:00,0.019940585
2019-06-14 02:40:00,0.018662632
2019-06-14 02:50:00,0.01990208
2019-06-14 03:00:00,0.016884416
2019-06-14 03:10:00,0.019067377
2019-06-14 03:20:00,0.017323226
2019-06-14 03:30:00,0.017998636
2019-06-14 03:40:00,0.01559487
2019-06-14 03:50:00,0.017086178
2019-06-14 04:00:00,0.017166764
2019-06-14 04:10:00,0.017782092
2019-06-14 04:20:00,0.01563263
2019-06-14 04:30:00,0.017837793
2019-06-14 04:40:00,0.017329097
2019-06-14 04:50:00,0.018333614
2019-06-14 05:00:00,0.014675438
2019-06-14 05:10:00,0.017462283
2019-06-14 05:20:00,0.015862733
2019-06-14 05:30:00,0.01683411
2019-06-14 05:40:00,0.014109343
2019-06-14 05:50:00,0.016526222
2019-06-14 06:00:00,0.015157133
2019-06-14 06:10:00,0.017095774
2019-06-14 06:20:00,0.013359308
2019-06-14 06:30:00,0.017409861
2019-06-14 06:40:00,0.016279966
2019-06-14 06:50:00,0.017965883
2019-06-14 07:00:00,0.014100075
2019-06-14 07:10:00,0.017061412
2019-06-14 07:20:00,0.01597932
2019-06-14 07:30:00,0.017796814
2019-06-14 07:40:00,0.014104784
2019-06-14 07:50:00,0.018031776
2019-06-14 08:00:00,0.016837507
2019-06-14 08:10:00,0.018706799
2019-06-14 08:20:00,0.014939457
2019-06-14 08:30:00,0.017978728
2019-06-14 08:40:00,0.01735586
2019-06-14 08:50:00,0.017993033
2019-06-14 09:00:00,0.015178055
2019-06-14 09:10:00,0.018183202
2019-06-14 09:20:00,0.017336607
2019-06-14 09:30:00,0.019547611
2019-06-14 09:40:00,0.015667528
2019-06-14 09:50:00,0.01917845
2019-06-14 10:00:00,0.01708138
2019-06-14 10:10:00,0.020477086
2019-06-14 10:20:00,0.016198099
2019-06-14 10:30:00,0.02009517
2019-06-14 10:40:00,0.01733622
2019-06-14 10:50:00,0.020950615
2019-06-14 11:00:00,0.01489073
2019-06-14 11:10:00,0.018986285
2019-06-14 11:20:00,0.015255779
2019-06-14 11:30:00,0.019555926
2019-06-14 11:40:00,0.013932705
2019-06-14 11:50:00,0.018483132
2019-06-14 12:00:00,0.015708268
2019-06-14 12:10:00,0.02027747
2019-06-14 12:20:00,0.014286131
2019-06-14 12:30:00,0.01953122
2019-06-14 12:40:00,0.016718924
2019-06-14 12:50:00,0.021175325
2019-06-14 13:00:00,0.016248196
2019-06-14 13:10:00,0.020362496
2019-06-14 13:20:00,0.018563837
2019-06-14 13:30:00,0.021369398
2019-06-14 13:40:00,0.016153812
2019-06-14 13:50:00,0.020004302
2019-06-14 14:00:00,0.0162687
2019-06-14 14:10:00,0.019785315
2019-06-14 14:20:00,0.012811452
2019-06-14 14:30:00,0.01864174
2019-06-14 14:40:00,0.013070494
2019-06-14 14:50:00,0.018980771
2019-06-14 15:00:00,0.012393475
2019-06-14 15:10:00,0.016908169
2019-06-14 15:20:00,0.012329698
2019-06-14 15:30:00,0.016931236
2019-06-14 15:40:00,0.011449873
2019-06-14 15:50:00,0.015991509
2019-06-14 16:00:00,0.013389796
2019-06-14 16:10:00,0.015137345
2019-06-14 16:20:00,0.0134782195
2019-06-14 16:30:00,0.017394215
2019-06-14 16:40:00,0.0150462985
2019-06-14 16:50:00,0.017882913
2019-06-14 17:00:00,0.014494389
2019-06-14 17:10:00,0.015898377
2019-06-14 17:20:00,0.014122844
2019-06-14 17:30:00,0.014962107
2019-06-14 17:40:00,0.014147103
2019-06-14 17:50:00,0.014739692
2019-06-14 18:00:00,0.013283908
2019-06-14 18:10:00,0.014117062
2019-06-14 18:20:00,0.013071239
2019-06-14 18:30:00,0.012668848
2019-06-14 18:40:00,0.012552768
2019-06-14 18:50:00,0.012537181
2019-06-14 19:00:00,0.01259771
2019-06-14 19:10:00,0.011792451
2019-06-14 19:20:00,0.012557298
2019-06-14 19:30:00,0.012030184
2019-06-14 19:40:00,0.012003452
2019-06-14 19:50:00,0.011445284
2019-06-14 20:00:00,0.011153281
2019-06-14 20:10:00,0.011201233
2019-06-14 20:20:00,0.011724889
2019-06-14 20:30:00,0.012375265
2019-06-14 20:40:00,0.012218714
2019-06-14 20:50:00,0.012577623
2019-06-14 21:00:00,0.012659788
2019-06-14 21:10:00,0.013736665
2019-06-14 21:20:00,0.012780249
2019-06-14 21:30:00,0.012174696
2019-06-14 21:40:00,0.01305449
2019-06-14 21:50:00,0.012635946
2019-06-14 22:00:00,0.0130444765
2019-06-14 22:10:00,0.011884928
2019-06-14 22:20:00,0.0126127
2019-06-14 22:30:00,0.011807442
2019-06-14 22:40:00,0.011955559
2019-06-14 22:50:00,0.010955274
2019-06-14 23:00:00,0.01286608
2019-06-14 23:10:00,0.011534303
2019-06-14 23:20:00,0.012400329
2019-06-14 23:30:00,0.011050761
2019-06-14 23:40:00,0.0129645765
2019-06-14 23:50:00,0.0112556815
2019-06-15 00:00:00,0.012782723
2019-06-15 00:10:00,0.010912001
2019-06-15 00:20:00,0.013743401
2019-06-15 00:30:00,0.011773318
2019-06-15 00:40:00,0.0137607455
2019-06-15 00:50:00,0.012187362
2019-06-15 01:00:00,0.014980614
2019-06-15 01:10:00,0.011937082
2019-06-15 01:20:00,0.014246464
2019-06-15 01:30:00,0.011362851
2019-06-15 01:40:00,0.015986055
2019-06-15 01:50:00,0.011431456
2019-06-15 02:00:00,0.014490247
2019-06-15 02:10:00,0.010730356
2019-06-15 02:20:00,0.015956938
2019-06-15 02:30:00,0.011020601
2019-06-15 02:40:00,0.0146256685
2019-06-15 02:50:00,0.011028171
2019-06-15 03:00:00,0.016272753
2019-06-15 03:10:00,0.010898501
2019-06-15 03:20:00,0.01590833
2019-06-15 03:30:00,0.011337817
2019-06-15 03:40:00,0.017178029
2019-06-15 03:50:00,0.011758953
2019-06-15 04:00:00,0.015562326
2019-06-15 04:10:00,0.011339635
2019-06-15 04:20:00,0.017684579
2019-06-15 04:30:00,0.011933178
2019-06-15 04:40:00,0.016407311
2019-06-15 04:50:00,0.0112683475
2019-06-15 05:00:00,0.018694073
2019-06-15 05:10:00,0.011864126
2019-06-15 05:20:00,0.016868055
2019-06-15 05:30:00,0.011888087
2019-06-15 05:40:00,0.018582791
2019-06-15 05:50:00,0.011670738
2019-06-15 06:00:00,0.01817432
2019-06-15 06:10:00,0.012559503
2019-06-15 06:20:00,0.020528257
2019-06-15 06:30:00,0.011403114
2019-06-15 06:40:00,0.019051313
2019-06-15 06:50:00,0.012266934
2019-06-15 07:00:00,0.022894561
2019-06-15 07:10:00,0.012682259
2019-06-15 07:20:00,0.020043999
2019-06-15 07:30:00,0.012889802
2019-06-15 07:40:00,0.023560256
2019-06-15 07:50:00,0.012355864
2019-06-15 08:00:00,0.020483434
2019-06-15 08:10:00,0.01190576
2019-06-15 08:20:00,0.023139536
2019-06-15 08:30:00,0.01245904
2019-06-15 08:40:00,0.021621644
2019-06-15 08:50:00,0.012823045
2019-06-15 09:00:00,0.024216086
2019-06-15 09:10:00,0.013148367
2019-06-15 09:20:00,0.022711784
2019-06-15 09:30:00,0.013051093
2019-06-15 09:40:00,0.026178986
2019-06-15 09:50:00,0.012969762
2019-06-15 10:00:00,0.025292069
2019-06-15 10:10:00,0.0129190385
2019-06-15 10:20:00,0.027017355
2019-06-15 10:30:00,0.0137192905
2019-06-15 10:40:00,0.026390791
2019-06-15 10:50:00,0.014903039
2019-06-15 11:00:00,0.028862089
2019-06-15 11:10:00,0.0155949
2019-06-15 11:20:00,0.025660932
2019-06-15 11:30:00,0.014231861
2019-06-15 11:40:00,0.028323025
2019-06-15 11:50:00,0.014803469
2019-06-15 12:00:00,0.032176018
2019-06-15 12:10:00,0.014552414
2019-06-15 12:20:00,0.03118065
2019-06-15 12:30:00,0.015204072
2019-06-15 12:40:00,0.0303289
2019-06-15 12:50:00,0.015493304
2019-06-15 13:00:00,0.032598555
2019-06-15 13:10:00,0.015928864
2019-06-15 13:20:00,0.03087774
2019-06-15 13:30:00,0.015348017
2019-06-15 13:40:00,0.034151882
2019-06-15 13:50:00,0.016251564
2019-06-15 14:00:00,0.03195885
2019-06-15 14:10:00,0.016428351
2019-06-15 14:20:00,0.035948485
2019-06-15 14:30:00,0.016679347
2019-06-15 14:40:00,0.033374995
2019-06-15 14:50:00,0.016004145
2019-06-15 15:00:00,0.037735462
2019-06-15 15:10:00,0.017923117
2019-06-15 15:20:00,0.036982477
2019-06-15 15:30:00,0.016626626
2019-06-15 15:40:00,0.039244175
2019-06-15 15:50:00,0.017608732
2019-06-15 16:00:00,0.036032706
2019-06-15 16:10:00,0.016499192
2019-06-15 16:20:00,0.03775695
2019-06-15 16:30:00,0.017049551
2019-06-15 16:40:00,0.035977602
2019-06-15 16:50:00,0.0175094
2019-06-15 17:00:00,0.040195018
2019-06-15 17:10:00,0.018577218
2019-06-15 17:20:00,0.03759867
2019-06-15 17:30:00,0.01789695
2019-06-15 17:40:00,0.040143043
2019-06-15 17:50:00,0.01839614
2019-06-15 18:00:00,0.0395194
2019-06-15 18:10:00,0.0174084
2019-06-15 18:20:00,0.04532364
2019-06-15 18:30:00,0.019294739
2019-06-15 18:40:00,0.042176604
2019-06-15 18:50:00,0.018369257
2019-06-15 19:00:00,0.04410422
2019-06-15 19:10:00,0.021644533
2019-06-15 19:20:00,0.044640988
2019-06-15 19:30:00,0.019743264
2019-06-15 19:40:00,0.045653462
2019-06-15 19:50:00,0.020114303
2019-06-15 20:00:00,0.0433726
2019-06-15 20:10:00,0.019687712
2019-06-15 20:20:00,0.04204738
2019-06-15 20:30:00,0.020388633
2019-06-15 20:40:00,0.04192826
2019-06-15 20:50:00,0.020458251
2019-06-15 21:00:00,0.04673016
2019-06-15 21:10:00,0.024387628
2019-06-15 21:20:00,0.043888032
2019-06-15 21:30:00,0.02330339
2019-06-15 21:40:00,0.04630968
2019-06-15 21:50:00,0.023765653
2019-06-15 22:00:00,0.05943376
2019-06-15 22:10:00,0.027689248
2019-06-15 22:20:00,0.051611185
2019-06-15 22:30:00,0.028304428
2019-06-15 22:40:00,0.056756526
2019-06-15 22:50:00,0.029139906
2019-06-15 23:00:00,0.05205363
2019-06-15 23:10:00,0.030553728
2019-06-15 23:20:00,0.0540528
2019-06-15 23:30:00,0.030009806
2019-06-15 23:40:00,0.050851434
2019-06-15 23:50:00,0.03080234
2019-06-16 00:00:00,0.052125186
2019-06-16 00:10:00,0.032116413
2019-06-16 00:20:00,0.04763925
2019-06-16 00:30:00,0.033715606
2019-06-16 00:40:00,0.050101012
2019-06-16 00:50:00,0.023964226
2019-06-16 01:00:00,0.04104376
2019-06-16 01:10:00,0.023231268
2019-06-16 01:20:00,0.04691115
2019-06-16 01:30:00,0.017962933
2019-06-16 01:40:00,0.040933162
2019-06-16 01:50:00,0.018965691
2019-06-16 02:00:00,0.04728052
2019-06-16 02:10:00,0.020505816
2019-06-16 02:20:00,0.03996274
2019-06-16 02:30:00,0.017544001
2019-06-16 02:40:00,0.043025494
2019-06-16 02:50:00,0.016313165
2019-06-16 03:00:00,0.040843546
2019-06-16 03:10:00,0.0143093765
2019-06-16 03:20:00,0.043569803
2019-06-16 03:30:00,0.012990534
2019-06-16 03:40:00,0.040569454
2019-06-16 03:50:00,0.013198674
2019-06-16 04:00:00,0.04076761
2019-06-16 04:10:00,0.012226194
2019-06-16 04:20:00,0.03556305
2019-06-16 04:30:00,0.012405276
2019-06-16 04:40:00,0.039978355
2019-06-16 04:50:00,0.012196541
2019-06-16 05:00:00,0.03584215
2019-06-16 05:10:00,0.011688679
2019-06-16 05:20:00,0.038993806
2019-06-16 05:30:00,0.010527313
2019-06-16 05:40:00,0.034236968
2019-06-16 05:50:00,0.0113532245
2019-06-16 06:00:00,0.03798139
2019-06-16 06:10:00,0.010033041
2019-06-16 06:20:00,0.035633147
2019-06-16 06:30:00,0.010187775
2019-06-16 06:40:00,0.03814426
2019-06-16 06:50:00,0.009043008
2019-06-16 07:00:00,0.03445986
2019-06-16 07:10:00,0.00962618
2019-06-16 07:20:00,0.037389725
2019-06-16 07:30:00,0.008467883
2019-06-16 07:40:00,0.033566654
2019-06-16 07:50:00,0.008599162
2019-06-16 08:00:00,0.036273003
2019-06-16 08:10:00,0.008070201
2019-06-16 08:20:00,0.033331305
2019-06-16 08:30:00,0.008122444
2019-06-16 08:40:00,0.03443688
2019-06-16 08:50:00,0.0069079697
2019-06-16 09:00:00,0.031946123
2019-06-16 09:10:00,0.0074632764
2019-06-16 09:20:00,0.034071386
2019-06-16 09:30:00,0.006363064
2019-06-16 09:40:00,0.030631036
2019-06-16 09:50:00,0.0068792105
2019-06-16 10:00:00,0.033168912
2019-06-16 10:10:00,0.006356746
2019-06-16 10:20:00,0.029509515
2019-06-16 10:30:00,0.0067201257
2019-06-16 10:40:00,0.03233871
2019-06-16 10:50:00,0.006017089
2019-06-16 11:00:00,0.03032273
2019-06-16 11:10:00,0.0062188804
2019-06-16 11:20:00,0.032096148
2019-06-16 11:30:00,0.0057030916
2019-06-16 11:40:00,0.02967006
2019-06-16 11:50:00,0.0059356093
2019-06-16 12:00:00,0.03208053
2019-06-16 12:10:00,0.0054934025
2019-06-16 12:20:00,0.028071761
2019-06-16 12:30:00,0.0054843724
2019-06-16 12:40:00,0.028859735
2019-06-16 12:50:00,0.0054266155
2019-06-16 13:00:00,0.02640289
2019-06-16 13:10:00,0.0057687163
2019-06-16 13:20:00,0.028185636
2019-06-16 13:30:00,0.0053417683
2019-06-16 13:40:00,0.02607128
2019-06-16 13:50:00,0.005701989
2019-06-16 14:00:00,0.02788946
2019-06-16 14:10:00,0.0053628385
2019-06-16 14:20:00,0.025262237
2019-06-16 14:30:00,0.0051041245
2019-06-16 14:40:00,0.027700275
2019-06-16 14:50:00,0.0045945644
2019-06-16 15:00:00,0.025524288
2019-06-16 15:10:00,0.0048106015
2019-06-16 15:20:00,0.02945134
2019-06-16 15:30:00,0.0052368045
2019-06-16 15:40:00,0.02800858
2019-06-16 15:50:00,0.0054552853
2019-06-16 16:00:00,0.02846405
2019-06-16 16:10:00,0.005276382
2019-06-16 16:20:00,0.025658756
2019-06-16 16:30:00,0.0053193867
2019-06-16 16:40:00,0.02726984
2019-06-16 16:50:00,0.005051911
2019-06-16 17:00:00,0.026021749
2019-06-16 17:10:00,0.005343646
2019-06-16 17:20:00,0.028481811
2019-06-16 17:30:00,0.0050671697
2019-06-16 17:40:00,0.024575919
2019-06-16 17:50:00,0.0052695274
2019-06-16 18:00:00,0.02816391
2019-06-16 18:10:00,0.005108744
2019-06-16 18:20:00,0.02701205
2019-06-16 18:30:00,0.0047912896
2019-06-16 18:40:00,0.028715402
2019-06-16 18:50:00,0.0054003894
2019-06-16 19:00:00,0.0273135
2019-06-16 19:10:00,0.0056914687
2019-06-16 19:20:00,0.028740168
2019-06-16 19:30:00,0.0057675242
2019-06-16 19:40:00,0.027656823
2019-06-16 19:50:00,0.006133944
2019-06-16 20:00:00,0.029401839
2019-06-16 20:10:00,0.0061639845
2019-06-16 20:20:00,0.026980042
2019-06-16 20:30:00,0.006066084
2019-06-16 20:40:00,0.02862066
2019-06-16 20:50:00,0.005915016
2019-06-16 21:00:00,0.025958747
2019-06-16 21:10:00,0.005966991
2019-06-16 21:20:00,0.027604848
2019-06-16 21:30:00,0.0062702
2019-06-16 21:40:00,0.027448326
2019-06-16 21:50:00,0.0065774024
2019-06-16 22:00:00,0.029815406
2019-06-16 22:10:00,0.0069850683
2019-06-16 22:20:00,0.028062463
2019-06-16 22:30:00,0.006735146
2019-06-16 22:40:00,0.030090034
2019-06-16 22:50:00,0.006850183
2019-06-16 23:00:00,0.028302908
2019-06-16 23:10:00,0.006754279
2019-06-16 23:20:00,0.028448135
2019-06-16 23:30:00,0.007252693
2019-06-16 23:40:00,0.026407063
2019-06-16 23:50:00,0.006988853
2019-06-17 00:00:00,0.027694136
2019-06-17 00:10:00,0.007734865
2019-06-17 00:20:00,0.026558101
2019-06-17 00:30:00,0.007789165
2019-06-17 00:40:00,0.030396193
2019-06-17 00:50:00,0.0085944235
2019-06-17 01:00:00,0.02765274
2019-06-17 01:10:00,0.008643299
2019-06-17 01:20:00,0.026493728
2019-06-17 01:30:00,0.011065781
2019-06-17 01:40:00,0.026663989
2019-06-17 01:50:00,0.010521531
2019-06-17 02:00:00,0.026542157
2019-06-17 02:10:00,0.011227846
2019-06-17 02:20:00,0.025365174
2019-06-17 02:30:00,0.010966301
2019-06-17 02:40:00,0.026565194
2019-06-17 02:50:00,0.0119840205
2019-06-17 03:00:00,0.02610764
2019-06-17 03:10:00,0.012531668
2019-06-17 03:20:00,0.02773571
2019-06-17 03:30:00,0.013294965
2019-06-17 03:40:00,0.027197272
2019-06-17 03:50:00,0.013040721
2019-06-17 04:00:00,0.02870372
2019-06-17 04:10:00,0.014577478
2019-06-17 04:20:00,0.028626084
2019-06-17 04:30:00,0.014763594
2019-06-17 04:40:00,0.029638827
2019-06-17 04:50:00,0.017389506
2019-06-17 05:00:00,0.02928862
2019-06-17 05:10:00,0.016524494
2019-06-17 05:20:00,0.027626246
2019-06-17 05:30:00,0.016807795
2019-06-17 05:40:00,0.027470022
2019-06-17 05:50:00,0.015737504
2019-06-17 06:00:00,0.026107103
2019-06-17 06:10:00,0.016688526
2019-06-17 06:20:00,0.02609086
2019-06-17 06:30:00,0.016736954
2019-06-17 06:40:00,0.026722282
2019-06-17 06:50:00,0.018930018
2019-06-17 07:00:00,0.02768284
2019-06-17 07:10:00,0.017518312
2019-06-17 07:20:00,0.028622359
2019-06-17 07:30:00,0.023982674
2019-06-17 07:40:00,0.028324306
2019-06-17 07:50:00,0.022455782
2019-06-17 08:00:00,0.029264927
2019-06-17 08:10:00,0.025416404
2019-06-17 08:20:00,0.02783525
2019-06-17 08:30:00,0.0264844
2019-06-17 08:40:00,0.028539807
2019-06-17 08:50:00,0.029152274
2019-06-17 09:00:00,0.027070463
2019-06-17 09:10:00,0.029368699
2019-06-17 09:20:00,0.027487606
2019-06-17 09:30:00,0.031972498
2019-06-17 09:40:00,0.027159452
2019-06-17 09:50:00,0.03990403
2019-06-17 10:00:00,0.030320823
2019-06-17 10:10:00,0.039504588
2019-06-17 10:20:00,0.029755056
2019-06-17 10:30:00,0.037663728
2019-06-17 10:40:00,0.030536622
2019-06-17 10:50:00,0.039589047
2019-06-17 11:00:00,0.027828485
2019-06-17 11:10:00,0.0360564
2019-06-17 11:20:00,0.028857589
2019-06-17 11:30:00,0.041419715
2019-06-17 11:40:00,0.028569669
2019-06-17 11:50:00,0.036936164
2019-06-17 12:00:00,0.029177517
2019-06-17 12:10:00,0.03886628
2019-06-17 12:20:00,0.021869838
2019-06-17 12:30:00,0.03630349
2019-06-17 12:40:00,0.022597909
2019-06-17 12:50:00,0.035346717
2019-06-17 13:00:00,0.01788646
2019-06-17 13:10:00,0.037261218
2019-06-17 13:20:00,0.01929894
2019-06-17 13:30:00,0.037704587
2019-06-17 13:40:00,0.017542839
2019-06-17 13:50:00,0.03497213
2019-06-17 14:00:00,0.018448263
2019-06-17 14:10:00,0.036119938
2019-06-17 14:20:00,0.016846389
2019-06-17 14:30:00,0.03342122
2019-06-17 14:40:00,0.01693374
2019-06-17 14:50:00,0.035229802
2019-06-17 15:00:00,0.016175568
2019-06-17 15:10:00,0.03272131
2019-06-17 15:20:00,0.01556614
2019-06-17 15:30:00,0.033735096
2019-06-17 15:40:00,0.014534086
2019-06-17 15:50:00,0.031977683
2019-06-17 16:00:00,0.015901625
2019-06-17 16:10:00,0.031952113
2019-06-17 16:20:00,0.015575916
2019-06-17 16:30:00,0.031588078
2019-06-17 16:40:00,0.015281022
2019-06-17 16:50:00,0.03238973
2019-06-17 17:00:00,0.014399946
2019-06-17 17:10:00,0.030139953
2019-06-17 17:20:00,0.014278084
2019-06-17 17:30:00,0.03158188
2019-06-17 17:40:00,0.013601273
2019-06-17 17:50:00,0.031305194
2019-06-17 18:00:00,0.015497267
2019-06-17 18:10:00,0.03333044
2019-06-17 18:20:00,0.013958633
2019-06-17 18:30:00,0.03110084
2019-06-17 18:40:00,0.015101433
2019-06-17 18:50:00,0.03377253
2019-06-17 19:00:00,0.014062136
2019-06-17 19:10:00,0.032609016
2019-06-17 19:20:00,0.015169054
2019-06-17 19:30:00,0.035586506
2019-06-17 19:40:00,0.014806986
2019-06-17 19:50:00,0.035710186
2019-06-17 20:00:00,0.016374111
2019-06-17 20:10:00,0.03581187
2019-06-17 20:20:00,0.013923019
2019-06-17 20:30:00,0.033570945
2019-06-17 20:40:00,0.01454097
2019-06-17 20:50:00,0.035355628
2019-06-17 21:00:00,0.012390107
2019-06-17 21:10:00,0.032940507
2019-06-17 21:20:00,0.012615621
2019-06-17 21:30:00,0.03503099
2019-06-17 21:40:00,0.011487752
2019-06-17 21:50:00,0.033884168
2019-06-17 22:00:00,0.012281299
2019-06-17 22:10:00,0.0330669
2019-06-17 22:20:00,0.010563612
2019-06-17 22:30:00,0.030439109
2019-06-17 22:40:00,0.011277825
2019-06-17 22:50:00,0.031205386
2019-06-17 23:00:00,0.009938508
2019-06-17 23:10:00,0.029833108
2019-06-17 23:20:00,0.010464311
2019-06-17 23:30:00,0.028880388
2019-06-17 23:40:00,0.009747237
2019-06-17 23:50:00,0.02846244
2019-06-18 00:00:00,0.011106193
2019-06-18 00:10:00,0.02860704
2019-06-18 00:20:00,0.009745091
2019-06-18 00:30:00,0.027570069
2019-06-18 00:40:00,0.011175215
2019-06-18 00:50:00,0.02932313
2019-06-18 01:00:00,0.010580957
2019-06-18 01:10:00,0.028510958
2019-06-18 01:20:00,0.011751026
2019-06-18 01:30:00,0.027176112
2019-06-18 01:40:00,0.009651601
2019-06-18 01:50:00,0.025323808
2019-06-18 02:00:00,0.010435045
2019-06-18 02:10:00,0.021795899
2019-06-18 02:20:00,0.00800392
2019-06-18 02:30:00,0.021202773
2019-06-18 02:40:00,0.008616656
2019-06-18 02:50:00,0.021143079
2019-06-18 03:00:00,0.00772959
2019-06-18 03:10:00,0.019954324
2019-06-18 03:20:00,0.008751184
2019-06-18 03:30:00,0.021208525
2019-06-18 03:40:00,0.00831002
2019-06-18 03:50:00,0.020038545
2019-06-18 04:00:00,0.008336365
2019-06-18 04:10:00,0.019239068
2019-06-18 04:20:00,0.007600993
2019-06-18 04:30:00,0.019262522
2019-06-18 04:40:00,0.008540422
2019-06-18 04:50:00,0.02040118
2019-06-18 05:00:00,0.007899851
2019-06-18 05:10:00,0.019477755
2019-06-18 05:20:00,0.008497983
2019-06-18 05:30:00,0.019399762
2019-06-18 05:40:00,0.007414192
2019-06-18 05:50:00,0.01703474
2019-06-18 06:00:00,0.007733375
2019-06-18 06:10:00,0.017097682
2019-06-18 06:20:00,0.0074019134
2019-06-18 06:30:00,0.015503764
2019-06-18 06:40:00,0.007747531
2019-06-18 06:50:00,0.016221851
2019-06-18 07:00:00,0.0070053935
2019-06-18 07:10:00,0.015215248
2019-06-18 07:20:00,0.007252544
2019-06-18 07:30:00,0.015152395
2019-06-18 07:40:00,0.00648129
2019-06-18 07:50:00,0.013892561
2019-06-18 08:00:00,0.0069054663
2019-06-18 08:10:00,0.012887031
2019-06-18 08:20:00,0.006696403
2019-06-18 08:30:00,0.011621773
2019-06-18 08:40:00,0.0068976283
2019-06-18 08:50:00,0.011562973
2019-06-18 09:00:00,0.006758809
2019-06-18 09:10:00,0.010718942
2019-06-18 09:20:00,0.007116854
2019-06-18 09:30:00,0.011761636
2019-06-18 09:40:00,0.007192731
2019-06-18 09:50:00,0.011061072
2019-06-18 10:00:00,0.0077046454
2019-06-18 10:10:00,0.012619048
2019-06-18 10:20:00,0.0073131025
2019-06-18 10:30:00,0.011807382
2019-06-18 10:40:00,0.007451415
2019-06-18 10:50:00,0.0131237805
2019-06-18 11:00:00,0.0076999664
2019-06-18 11:10:00,0.012547642
2019-06-18 11:20:00,0.007921308
2019-06-18 11:30:00,0.01310268
2019-06-18 11:40:00,0.00760442
2019-06-18 11:50:00,0.012085766
2019-06-18 12:00:00,0.007914543
2019-06-18 12:10:00,0.013204783
2019-06-18 12:20:00,0.0080212355
2019-06-18 12:30:00,0.013058692
2019-06-18 12:40:00,0.008653343
2019-06-18 12:50:00,0.01505658
2019-06-18 13:00:00,0.008849919
2019-06-18 13:10:00,0.014843911
2019-06-18 13:20:00,0.010304987
2019-06-18 13:30:00,0.01655978
2019-06-18 13:40:00,0.010065764
2019-06-18 13:50:00,0.01521042
2019-06-18 14:00:00,0.010660529
2019-06-18 14:10:00,0.016550511
2019-06-18 14:20:00,0.010466337
2019-06-18 14:30:00,0.01517728
2019-06-18 14:40:00,0.010483414
2019-06-18 14:50:00,0.017129868
2019-06-18 15:00:00,0.01036194
2019-06-18 15:10:00,0.016101658
2019-06-18 15:20:00,0.009907514
2019-06-18 15:30:00,0.01796636
2019-06-18 15:40:00,0.01054436
2019-06-18 15:50:00,0.014662057
2019-06-18 16:00:00,0.010082334
2019-06-18 16:10:00,0.01666531
2019-06-18 16:20:00,0.010574788
2019-06-18 16:30:00,0.014831215
2019-06-18 16:40:00,0.010245532
2019-06-18 16:50:00,0.016276032
2019-06-18 17:00:00,0.010900319
2019-06-18 17:10:00,0.014868349
2019-06-18 17:20:00,0.010833323
2019-06-18 17:30:00,0.015654266
2019-06-18 17:40:00,0.010738969
2019-06-18 17:50:00,0.013703942
2019-06-18 18:00:00,0.010856926
2019-06-18 18:10:00,0.0150107145
2019-06-18 18:20:00,0.011289299
2019-06-18 18:30:00,0.014219493
2019-06-18 18:40:00,0.0106475055
2019-06-18 18:50:00,0.017181039
2019-06-18 19:00:00,0.012551576
2019-06-18 19:10:00,0.015163213
2019-06-18 19:20:00,0.0122874975
2019-06-18 19:30:00,0.01705867
2019-06-18 19:40:00,0.012778729
2019-06-18 19:50:00,0.014837593
2019-06-18 20:00:00,0.013254553
2019-06-18 20:10:00,0.016237378
2019-06-18 20:20:00,0.012795687
2019-06-18 20:30:00,0.014253914
2019-06-18 20:40:00,0.012370199
2019-06-18 20:50:00,0.015117973
2019-06-18 21:00:00,0.012507707
2019-06-18 21:10:00,0.013022333
2019-06-18 21:20:00,0.011733264
2019-06-18 21:30:00,0.014355272
2019-06-18 21:40:00,0.011961281
2019-06-18 21:50:00,0.012976378
2019-06-18 22:00:00,0.011654854
2019-06-18 22:10:00,0.014217317
2019-06-18 22:20:00,0.011973649
2019-06-18 22:30:00,0.013332933
2019-06-18 22:40:00,0.011187136
2019-06-18 22:50:00,0.014635712
2019-06-18 23:00:00,0.011514574
2019-06-18 23:10:00,0.0130274
2019-06-18 23:20:00,0.011319429
2019-06-18 23:30:00,0.0147103965
2019-06-18 23:40:00,0.011246324
2019-06-18 23:50:00,0.012968123
2019-06-19 00:00:00,0.010356903
2019-06-19 00:10:00,0.014155805
2019-06-19 00:20:00,0.010232121
2019-06-19 00:30:00,0.012861699
2019-06-19 00:40:00,0.009499133
2019-06-19 00:50:00,0.014369011
2019-06-19 01:00:00,0.010303229
2019-06-19 01:10:00,0.012673497
2019-06-19 01:20:00,0.0103673935
2019-06-19 01:30:00,0.014541328
2019-06-19 01:40:00,0.010410577
2019-06-19 01:50:00,0.012658596
2019-06-19 02:00:00,0.010275453
2019-06-19 02:10:00,0.01303798
2019-06-19 02:20:00,0.010861129
2019-06-19 02:30:00,0.011621654
2019-06-19 02:40:00,0.008957803
2019-06-19 02:50:00,0.013648272
2019-06-19 03:00:00,0.010029018
2019-06-19 03:10:00,0.012442708
2019-06-19 03:20:00,0.0098057985
2019-06-19 03:30:00,0.0143455565
2019-06-19 03:40:00,0.010227919
2019-06-19 03:50:00,0.012871295
2019-06-19 04:00:00,0.009336084
2019-06-19 04:10:00,0.013432771
2019-06-19 04:20:00,0.009868085
2019-06-19 04:30:00,0.011867672
2019-06-19 04:40:00,0.009400934
2019-06-19 04:50:00,0.014633507
2019-06-19 05:00:00,0.00993827
2019-06-19 05:10:00,0.013602376
2019-06-19 05:20:00,0.009430975
2019-06-19 05:30:00,0.016261548
2019-06-19 05:40:00,0.01041314
2019-06-19 05:50:00,0.014784962
2019-06-19 06:00:00,0.010189325
2019-06-19 06:10:00,0.016170293
2019-06-19 06:20:00,0.010498017
2019-06-19 06:30:00,0.015838534
2019-06-19 06:40:00,0.009836912
2019-06-19 06:50:00,0.017480433
2019-06-19 07:00:00,0.01006332
2019-06-19 07:10:00,0.012345016
2019-06-19 07:20:00,0.009910166
2019-06-19 07:30:00,0.013451666
2019-06-19 07:40:00,0.009842396
2019-06-19 07:50:00,0.010788351
2019-06-19 08:00:00,0.009719402
2019-06-19 08:10:00,0.012584001
2019-06-19 08:20:00,0.009791881
2019-06-19 08:30:00,0.0104177
2019-06-19 08:40:00,0.010013521
2019-06-19 08:50:00,0.0125640035
2019-06-19 09:00:00,0.011110365
2019-06-19 09:10:00,0.009920627
2019-06-19 09:20:00,0.011626035
2019-06-19 09:30:00,0.012694716
2019-06-19 09:40:00,0.010251075
2019-06-19 09:50:00,0.010607064
2019-06-19 10:00:00,0.010414243
2019-06-19 10:10:00,0.012153596
2019-06-19 10:20:00,0.010083228
2019-06-19 10:30:00,0.009430319
2019-06-19 10:40:00,0.010829002
2019-06-19 10:50:00,0.011919022
2019-06-19 11:00:00,0.009776711
2019-06-19 11:10:00,0.008728921
2019-06-19 11:20:00,0.009499639
2019-06-19 11:30:00,0.0098540485
2019-06-19 11:40:00,0.00896436
2019-06-19 11:50:00,0.009096175
2019-06-19 12:00:00,0.010938883
2019-06-19 12:10:00,0.010835052
2019-06-19 12:20:00,0.01106137
2019-06-19 12:30:00,0.010249883
2019-06-19 12:40:00,0.012392789
2019-06-19 12:50:00,0.012005597
2019-06-19 13:00:00,0.011921763
2019-06-19 13:10:00,0.010842621
2019-06-19 13:20:00,0.013615668
2019-06-19 13:30:00,0.011842549
2019-06-19 13:40:00,0.0130831
2019-06-19 13:50:00,0.011462897
2019-06-19 14:00:00,0.014626801
2019-06-19 14:10:00,0.013240308
2019-06-19 14:20:00,0.013126612
2019-06-19 14:30:00,0.012382835
2019-06-19 14:40:00,0.015211225
2019-06-19 14:50:00,0.014200449
2019-06-19 15:00:00,0.01535368
2019-06-19 15:10:00,0.014731079
2019-06-19 15:20:00,0.017833114
2019-06-19 15:30:00,0.01669243
2019-06-19 15:40:00,0.016974032
2019-06-19 15:50:00,0.016738385
2019-06-19 16:00:00,0.019605845
2019-06-19 16:10:00,0.01776281
2019-06-19 16:20:00,0.0194453
2019-06-19 16:30:00,0.01775524
2019-06-19 16:40:00,0.021216571
2019-06-19 16:50:00,0.019118607
2019-06-19 17:00:00,0.020198047
2019-06-19 17:10:00,0.017431468
2019-06-19 17:20:00,0.023623824
2019-06-19 17:30:00,0.01895094
2019-06-19 17:40:00,0.021723002
2019-06-19 17:50:00,0.018513143
2019-06-19 18:00:00,0.026263624
2019-06-19 18:10:00,0.020151913
2019-06-19 18:20:00,0.023164302
2019-06-19 18:30:00,0.019711465
2019-06-19 18:40:00,0.028972626
2019-06-19 18:50:00,0.020955116
2019-06-19 19:00:00,0.028105617
2019-06-19 19:10:00,0.021353781
2019-06-19 19:20:00,0.0329192
2019-06-19 19:30:00,0.023076743
2019-06-19 19:40:00,0.031305194
2019-06-19 19:50:00,0.023592532
2019-06-19 20:00:00,0.036097556
2019-06-19 20:10:00,0.025763065
2019-06-19 20:20:00,0.03561452
2019-06-19 20:30:00,0.026285142
2019-06-19 20:40:00,0.04132554
2019-06-19 20:50:00,0.028209895
2019-06-19 21:00:00,0.04181543
2019-06-19 21:10:00,0.029030561
2019-06-19 21:20:00,0.052638292
2019-06-19 21:30:00,0.033240467
2019-06-19 21:40:00,0.051483333
2019-06-19 21:50:00,0.03593248
2019-06-19 22:00:00,0.061174124
2019-06-19 22:10:00,0.040718734
2019-06-19 22:20:00,0.060975373
2019-06-19 22:30:00,0.041755736
2019-06-19 22:40:00,0.07681382
2019-06-19 22:50:00,0.045358837
2019-06-19 23:00:00,0.07456285
2019-06-19 23:10:00,0.048077255
2019-06-19 23:20:00,0.08403897
2019-06-19 23:30:00,0.053266525
2019-06-19 23:40:00,0.08257422
2019-06-19 23:50:00,0.0625059
2019-06-20 00:00:00,0.10073942
2019-06-20 00:10:00,0.065130174
2019-06-20 00:20:00,0.0997113
2019-06-20 00:30:00,0.06759882
2019-06-20 00:40:00,0.11537999
2019-06-20 00:50:00,0.07958013
2019-06-20 01:00:00,0.11801976
2019-06-20 01:10:00,0.08376181
2019-06-20 01:20:00,0.13770303
2019-06-20 01:30:00,0.091501445
2019-06-20 01:40:00,0.13887814
2019-06-20 01:50:00,0.09585115
2019-06-20 02:00:00,0.1655314
2019-06-20 02:10:00,0.102699906
2019-06-20 02:20:00,0.1581758
2019-06-20 02:30:00,0.107485205
2019-06-20 02:40:00,0.18927842
2019-06-20 02:50:00,0.12009671
2019-06-20 03:00:00,0.1879335
2019-06-20 03:10:00,0.12621209
2019-06-20 03:20:00,0.22231299
2019-06-20 03:30:00,0.13533309
2019-06-20 03:40:00,0.22643921
2019-06-20 03:50:00,0.15490505
2019-06-20 04:00:00,0.25464088
2019-06-20 04:10:00,0.16036764
2019-06-20 04:20:00,0.25518897
2019-06-20 04:30:00,0.16916081
2019-06-20 04:40:00,0.28424716
2019-06-20 04:50:00,0.18209231
2019-06-20 05:00:00,0.2813105
2019-06-20 05:10:00,0.18357137
2019-06-20 05:20:00,0.31459936
2019-06-20 05:30:00,0.19193316
2019-06-20 05:40:00,0.30125463
2019-06-20 05:50:00,0.20914751
2019-06-20 06:00:00,0.3366869
2019-06-20 06:10:00,0.2237719
2019-06-20 06:20:00,0.33729905
2019-06-20 06:30:00,0.228091
2019-06-20 06:40:00,0.36888415
2019-06-20 06:50:00,0.24186212
2019-06-20 07:00:00,0.36303118
2019-06-20 07:10:00,0.27037662
2019-06-20 07:20:00,0.40700042
2019-06-20 07:30:00,0.28634185
2019-06-20 07:40:00,0.3595265
2019-06-20 07:50:00,0.29820716
2019-06-20 08:00:00,0.41492537
2019-06-20 08:10:00,0.31153893
2019-06-20 08:20:00,0.41542292
2019-06-20 08:30:00,0.33926356
2019-06-20 08:40:00,0.4599342
2019-06-20 08:50:00,0.34457678
2019-06-20 09:00:00,0.4452309
2019-06-20 09:10:00,0.38044623
2019-06-20 09:20:00,0.4800669
2019-06-20 09:30:00,0.39149275
2019-06-20 09:40:00,0.4765476
2019-06-20 09:50:00,0.41044593
2019-06-20 10:00:00,0.5209765
2019-06-20 10:10:00,0.41895854
2019-06-20 10:20:00,0.5132181
2019-06-20 10:30:00,0.45933318
2019-06-20 10:40:00,0.55617756
2019-06-20 10:50:00,0.43801725
2019-06-20 11:00:00,0.5482692
2019-06-20 11:10:00,0.4630754
2019-06-20 11:20:00,0.57322
2019-06-20 11:30:00,0.42620996
2019-06-20 11:40:00,0.56797296
2019-06-20 11:50:00,0.4371841
2019-06-20 12:00:00,0.5882647
2019-06-20 12:10:00,0.44602475
2019-06-20 12:20:00,0.58466935
2019-06-20 12:30:00,0.44090542
2019-06-20 12:40:00,0.60187906
2019-06-20 12:50:00,0.42945033
2019-06-20 13:00:00,0.60105884
2019-06-20 13:10:00,0.46241134
2019-06-20 13:20:00,0.62635654
2019-06-20 13:30:00,0.44980437
2019-06-20 13:40:00,0.6257979
2019-06-20 13:50:00,0.49033594
2019-06-20 14:00:00,0.612512
2019-06-20 14:10:00,0.4336254
2019-06-20 14:20:00,0.61265635
2019-06-20 14:30:00,0.48570994
2019-06-20 14:40:00,0.5792913
2019-06-20 14:50:00,0.44331485
2019-06-20 15:00:00,0.5820074
2019-06-20 15:10:00,0.4718946
2019-06-20 15:20:00,0.5815081
2019-06-20 15:30:00,0.46710342
2019-06-20 15:40:00,0.5869943
2019-06-20 15:50:00,0.5074615
2019-06-20 16:00:00,0.5767229
2019-06-20 16:10:00,0.4627759
2019-06-20 16:20:00,0.58612436
2019-06-20 16:30:00,0.49241304
2019-06-20 16:40:00,0.57111
2019-06-20 16:50:00,0.44439504
2019-06-20 17:00:00,0.5825445
2019-06-20 17:10:00,0.4595995
2019-06-20 17:20:00,0.55054414
2019-06-20 17:30:00,0.41186187
2019-06-20 17:40:00,0.54041046
2019-06-20 17:50:00,0.42639616
2019-06-20 18:00:00,0.5127585
2019-06-20 18:10:00,0.36436045
2019-06-20 18:20:00,0.5291113
2019-06-20 18:30:00,0.3865744
2019-06-20 18:40:00,0.4985409
2019-06-20 18:50:00,0.3438766
2019-06-20 19:00:00,0.49481863
2019-06-20 19:10:00,0.3481937
2019-06-20 19:20:00,0.4548747
2019-06-20 19:30:00,0.30152476
2019-06-20 19:40:00,0.4530818
2019-06-20 19:50:00,0.30457187
2019-06-20 20:00:00,0.41232806
2019-06-20 20:10:00,0.26590714
2019-06-20 20:20:00,0.4089861
2019-06-20 20:30:00,0.26970428
2019-06-20 20:40:00,0.3789289
2019-06-20 20:50:00,0.23449808
2019-06-20 21:00:00,0.3917996
2019-06-20 21:10:00,0.24305895
2019-06-20 21:20:00,0.36371446
2019-06-20 21:30:00,0.21353742
2019-06-20 21:40:00,0.364488
2019-06-20 21:50:00,0.21984786
2019-06-20 22:00:00,0.3283118
2019-06-20 22:10:00,0.18995923
2019-06-20 22:20:00,0.32950857
2019-06-20 22:30:00,0.19404855
2019-06-20 22:40:00,0.29631883
2019-06-20 22:50:00,0.16378537
2019-06-20 23:00:00,0.2977193
2019-06-20 23:10:00,0.15923253
2019-06-20 23:20:00,0.26702458
2019-06-20 23:30:00,0.13776922
2019-06-20 23:40:00,0.26814967
2019-06-20 23:50:00,0.12581593
2019-06-21 00:00:00,0.23924792
2019-06-21 00:10:00,0.106588304
2019-06-21 00:20:00,0.24261326
2019-06-21 00:30:00,0.10526955
2019-06-21 00:40:00,0.21753359
2019-06-21 00:50:00,0.0908795
2019-06-21 01:00:00,0.21883604
2019-06-21 01:10:00,0.09062499
2019-06-21 01:20:00,0.19735065
2019-06-21 01:30:00,0.07686663
2019-06-21 01:40:00,0.1802246
2019-06-21 01:50:00,0.07041988
2019-06-21 02:00:00,0.15451235
2019-06-21 02:10:00,0.05276662
2019-06-21 02:20:00,0.13593686
2019-06-21 02:30:00,0.048583776
2019-06-21 02:40:00,0.119819224
2019-06-21 02:50:00,0.03953579
2019-06-21 03:00:00,0.114147395
2019-06-21 03:10:00,0.039802045
2019-06-21 03:20:00,0.102754325
2019-06-21 03:30:00,0.033864707
2019-06-21 03:40:00,0.09766498
2019-06-21 03:50:00,0.034997046
2019-06-21 04:00:00,0.088044554
2019-06-21 04:10:00,0.028271139
2019-06-21 04:20:00,0.08451608
2019-06-21 04:30:00,0.027797818
2019-06-21 04:40:00,0.07934958
2019-06-21 04:50:00,0.020837843
2019-06-21 05:00:00,0.07364634
2019-06-21 05:10:00,0.019826919
2019-06-21 05:20:00,0.065559566
2019-06-21 05:30:00,0.01477313
2019-06-21 05:40:00,0.061405122
2019-06-21 05:50:00,0.015652657
2019-06-21 06:00:00,0.056928486
2019-06-21 06:10:00,0.012400478
2019-06-21 06:20:00,0.053750575
2019-06-21 06:30:00,0.013122827
2019-06-21 06:40:00,0.0481849
2019-06-21 06:50:00,0.010189831
2019-06-21 07:00:00,0.044975102
2019-06-21 07:10:00,0.011217594
2019-06-21 07:20:00,0.04038176
2019-06-21 07:30:00,0.008629352
2019-06-21 07:40:00,0.03715512
2019-06-21 07:50:00,0.009039313
2019-06-21 08:00:00,0.034238786
2019-06-21 08:10:00,0.0069483817
2019-06-21 08:20:00,0.031647325
2019-06-21 08:30:00,0.007839501
2019-06-21 08:40:00,0.028128326
2019-06-21 09:00:00,0.006226212
2019-06-21 09:10:00,0.02584821
2019-06-21 09:20:00,0.0069969296
2019-06-21 09:30:00,0.024297386
2019-06-21 09:40:00,0.0054799914
2019-06-21 09:50:00,0.023304254
2019-06-21 10:00:00,0.006083101
2019-06-21 10:10:00,0.020839304
2019-06-21 10:20:00,0.004548967
2019-06-21 10:30:00,0.019369245
2019-06-21 10:40:00,0.0052052736
2019-06-21 10:50:00,0.017027736
2019-06-21 11:00:00,0.0040994883
2019-06-21 11:10:00,0.01602766
2019-06-21 11:20:00,0.0046337247
2019-06-21 11:30:00,0.014926761
2019-06-21 11:40:00,0.0038856268
2019-06-21 11:50:00,0.014634401
2019-06-21 12:00:00,0.0046361983
2019-06-21 12:10:00,0.013805538
2019-06-21 12:20:00,0.0038129687
2019-06-21 12:30:00,0.0137268305
2019-06-21 12:40:00,0.004405737
2019-06-21 12:50:00,0.013007373
2019-06-21 13:00:00,0.0035741031
2019-06-21 13:10:00,0.012664884
2019-06-21 13:20:00,0.003914982
2019-06-21 13:30:00,0.009795666
2019-06-21 13:40:00,0.0030687451
2019-06-21 13:50:00,0.011431873
2019-06-21 14:00:00,0.0036289096
2019-06-21 14:10:00,0.011035383
2019-06-21 14:20:00,0.0031478703
2019-06-21 14:30:00,0.01096192
2019-06-21 14:40:00,0.0036440194
2019-06-21 14:50:00,0.010942668
2019-06-21 15:00:00,0.0031996071
2019-06-21 15:10:00,0.011252284
2019-06-21 15:20:00,0.0037277043
2019-06-21 15:30:00,0.01062727
2019-06-21 15:40:00,0.0031563342
2019-06-21 15:50:00,0.010344207
2019-06-21 16:00:00,0.003908545
2019-06-21 16:10:00,0.009803265
2019-06-21 16:20:00,0.0033248365
2019-06-21 16:30:00,0.009742439
2019-06-21 16:40:00,0.0038419664
2019-06-21 16:50:00,0.00913021
2019-06-21 17:00:00,0.0032486618
2019-06-21 17:10:00,0.008913636
2019-06-21 17:20:00,0.003919661
2019-06-21 17:30:00,0.008807391
2019-06-21 17:40:00,0.003627032
2019-06-21 17:50:00,0.009003609
2019-06-21 18:00:00,0.00437814
2019-06-21 18:10:00,0.009132773
2019-06-21 18:20:00,0.004161507
2019-06-21 18:30:00,0.009019405
2019-06-21 18:40:00,0.0053035915
2019-06-21 18:50:00,0.009210646
2019-06-21 19:00:00,0.0047278106
2019-06-21 19:10:00,0.009554148
2019-06-21 19:20:00,0.005577475
2019-06-21 19:30:00,0.009045601
2019-06-21 19:40:00,0.005028099
2019-06-21 19:50:00,0.008956999
2019-06-21 20:00:00,0.0053887665
2019-06-21 20:10:00,0.007438779
2019-06-21 20:20:00,0.005311936
2019-06-21 20:30:00,0.00692755
2019-06-21 20:40:00,0.0058625937
2019-06-21 20:50:00,0.0076740384
2019-06-21 21:00:00,0.005824983
2019-06-21 21:10:00,0.007452965
2019-06-21 21:20:00,0.0066326857
2019-06-21 21:30:00,0.0088125765
2019-06-21 21:40:00,0.00671944
2019-06-21 21:50:00,0.008841127
2019-06-21 22:00:00,0.008218586
2019-06-21 22:10:00,0.008630663
2019-06-21 22:20:00,0.0078009367
2019-06-21 22:30:00,0.008249909
2019-06-21 22:40:00,0.007915676
2019-06-21 22:50:00,0.0077040195
2019-06-21 23:00:00,0.007074505
2019-06-21 23:10:00,0.007577002
2019-06-21 23:20:00,0.007747501
2019-06-21 23:30:00,0.0075793564
2019-06-21 23:40:00,0.007801801
2019-06-21 23:50:00,0.007458955
2019-06-22 00:00:00,0.008680612
2019-06-22 00:10:00,0.0072919726
2019-06-22 00:20:00,0.008210868
2019-06-22 00:30:00,0.0072878897
2019-06-22 00:40:00,0.008868992
2019-06-22 00:50:00,0.0074780583
2019-06-22 01:00:00,0.0089588165
2019-06-22 01:10:00,0.008157909
2019-06-22 01:20:00,0.00990355
2019-06-22 01:30:00,0.008256048
2019-06-22 01:40:00,0.009949803
2019-06-22 01:50:00,0.0083729625
2019-06-22 02:00:00,0.010392338
2019-06-22 02:10:00,0.0075335503
2019-06-22 02:20:00,0.00987637
2019-06-22 02:30:00,0.008352041
2019-06-22 02:40:00,0.010602891
2019-06-22 02:50:00,0.008333534
2019-06-22 03:00:00,0.010441542
2019-06-22 03:10:00,0.009179294
2019-06-22 03:20:00,0.012058377
2019-06-22 03:30:00,0.008734494
2019-06-22 03:40:00,0.0116895735
2019-06-22 03:50:00,0.008723855
2019-06-22 04:00:00,0.012423456
2019-06-22 04:10:00,0.007866263
2019-06-22 04:20:00,0.012168676
2019-06-22 04:30:00,0.008141279
2019-06-22 04:40:00,0.012567759
2019-06-22 04:50:00,0.007857442
2019-06-22 05:00:00,0.010701627
2019-06-22 05:10:00,0.0077952743
2019-06-22 05:20:00,0.0110836625
2019-06-22 05:30:00,0.0073165298
2019-06-22 05:40:00,0.010255188
2019-06-22 05:50:00,0.00826031
2019-06-22 06:00:00,0.012228668
2019-06-22 06:10:00,0.0078119636
2019-06-22 06:20:00,0.012441546
2019-06-22 06:30:00,0.008233875
2019-06-22 06:40:00,0.013738036
2019-06-22 06:50:00,0.008223653
2019-06-22 07:00:00,0.013595521
2019-06-22 07:10:00,0.008743286
2019-06-22 07:20:00,0.014581442
2019-06-22 07:30:00,0.008520007
2019-06-22 07:40:00,0.01462999
2019-06-22 07:50:00,0.008715779
2019-06-22 08:00:00,0.01508221
2019-06-22 08:10:00,0.009129643
2019-06-22 08:20:00,0.016844481
2019-06-22 08:30:00,0.0104388
2019-06-22 08:40:00,0.018080235
2019-06-22 08:50:00,0.010196149
2019-06-22 09:00:00,0.01895076
2019-06-22 09:10:00,0.011428207
2019-06-22 09:20:00,0.020525306
2019-06-22 09:30:00,0.011814237
2019-06-22 09:40:00,0.024107963
2019-06-22 09:50:00,0.012916505
2019-06-22 10:00:00,0.022001624
2019-06-22 10:10:00,0.012334138
2019-06-22 10:20:00,0.024809837
2019-06-22 10:30:00,0.014036298
2019-06-22 10:40:00,0.024448603
2019-06-22 10:50:00,0.013136119
2019-06-22 11:00:00,0.024851412
2019-06-22 11:10:00,0.013887405
2019-06-22 11:20:00,0.024751186
2019-06-22 11:30:00,0.013687551
2019-06-22 11:40:00,0.027915
2019-06-22 11:50:00,0.014784813
2019-06-22 12:00:00,0.027858198
2019-06-22 12:10:00,0.0137604475
2019-06-22 12:20:00,0.030678391
2019-06-22 12:30:00,0.0153552
2019-06-22 12:40:00,0.030605972
2019-06-22 12:50:00,0.0154616535
2019-06-22 13:00:00,0.034627497
2019-06-22 13:10:00,0.016851842
2019-06-22 13:20:00,0.032047987
2019-06-22 13:30:00,0.015702963
2019-06-22 13:40:00,0.032945544
2019-06-22 13:50:00,0.016146272
2019-06-22 14:00:00,0.031698525
2019-06-22 14:10:00,0.016531974
2019-06-22 14:20:00,0.032776684
2019-06-22 14:30:00,0.017920762
2019-06-22 14:40:00,0.032456756
2019-06-22 14:50:00,0.017017215
2019-06-22 15:00:00,0.032702327
2019-06-22 15:10:00,0.018338054
2019-06-22 15:20:00,0.032152385
2019-06-22 15:30:00,0.01850149
2019-06-22 15:40:00,0.03279203
2019-06-22 15:50:00,0.018941075
2019-06-22 16:00:00,0.030505419
2019-06-22 16:10:00,0.018300027
2019-06-22 16:20:00,0.03203702
2019-06-22 16:30:00,0.018831998
2019-06-22 16:40:00,0.031226426
2019-06-22 16:50:00,0.020980954
2019-06-22 17:00:00,0.032081097
2019-06-22 17:10:00,0.02144894
2019-06-22 17:20:00,0.03148964
2019-06-22 17:30:00,0.022034347
2019-06-22 17:40:00,0.028565973
2019-06-22 17:50:00,0.020782411
2019-06-22 18:00:00,0.028704762
2019-06-22 18:10:00,0.02192992
2019-06-22 18:20:00,0.031241447
2019-06-22 18:30:00,0.0231255
2019-06-22 18:40:00,0.028649926
2019-06-22 18:50:00,0.023677915
2019-06-22 19:00:00,0.030267239
2019-06-22 19:10:00,0.02422908
2019-06-22 19:20:00,0.030583411
2019-06-22 19:30:00,0.02362597
2019-06-22 19:40:00,0.02950126
2019-06-22 19:50:00,0.022782952
2019-06-22 20:00:00,0.03147933
2019-06-22 20:10:00,0.024259508
2019-06-22 20:20:00,0.030775666
2019-06-22 20:30:00,0.02543652
2019-06-22 20:40:00,0.030798674
2019-06-22 20:50:00,0.022307605
2019-06-22 21:00:00,0.025149882
2019-06-22 21:10:00,0.018851727
2019-06-22 21:20:00,0.023510426
2019-06-22 21:30:00,0.016437173
2019-06-22 21:40:00,0.019719124
2019-06-22 21:50:00,0.016512632
2019-06-22 22:00:00,0.018930018
2019-06-22 22:10:00,0.018133193
2019-06-22 22:20:00,0.022577614
2019-06-22 22:30:00,0.019580483
2019-06-22 22:40:00,0.020403385
2019-06-22 22:50:00,0.019569159
2019-06-22 23:00:00,0.021000981
2019-06-22 23:10:00,0.018845797
2019-06-22 23:20:00,0.020436466
2019-06-22 23:30:00,0.019904137
2019-06-22 23:40:00,0.021421462
2019-06-22 23:50:00,0.019595176
2019-06-23 00:00:00,0.021481365
2019-06-23 00:10:00,0.020351231
2019-06-23 00:20:00,0.021556705
2019-06-23 00:30:00,0.021056712
2019-06-23 00:40:00,0.019738972
2019-06-23 00:50:00,0.02022624
2019-06-23 01:00:00,0.019607991
2019-06-23 01:10:00,0.01962778
2019-06-23 01:20:00,0.019704789
2019-06-23 01:30:00,0.021216422
2019-06-23 01:40:00,0.02014473
2019-06-23 01:50:00,0.018293202
2019-06-23 02:00:00,0.01814416
2019-06-23 02:10:00,0.01887241
2019-06-23 02:20:00,0.017430156
2019-06-23 02:30:00,0.016824216
2019-06-23 02:40:00,0.016625434
2019-06-23 02:50:00,0.017605573
2019-06-23 03:00:00,0.016990185
2019-06-23 03:10:00,0.017496139
2019-06-23 03:20:00,0.017361104
2019-06-23 03:30:00,0.018853575
2019-06-23 03:40:00,0.018024951
2019-06-23 03:50:00,0.01824364
2019-06-23 04:00:00,0.017157197
2019-06-23 04:10:00,0.019366711
2019-06-23 04:20:00,0.01737231
2019-06-23 04:30:00,0.019496232
2019-06-23 04:40:00,0.016864985
2019-06-23 04:50:00,0.019893944
2019-06-23 05:00:00,0.01762116
2019-06-23 05:10:00,0.014545292
2019-06-23 05:20:00,0.01564455
2019-06-23 05:30:00,0.017187774
2019-06-23 05:40:00,0.017491192
2019-06-23 05:50:00,0.019060284
2019-06-23 06:00:00,0.016645193
2019-06-23 06:10:00,0.016956687
2019-06-23 06:20:00,0.016241014
2019-06-23 06:30:00,0.0187487
2019-06-23 06:40:00,0.01605329
2019-06-23 06:50:00,0.019015104
2019-06-23 07:00:00,0.015737861
2019-06-23 07:10:00,0.017233402
2019-06-23 07:20:00,0.0144331455
2019-06-23 07:30:00,0.01894471
2019-06-23 07:40:00,0.01374796
2019-06-23 07:50:00,0.015973061
2019-06-23 08:00:00,0.014033169
2019-06-23 08:10:00,0.018355876
2019-06-23 08:20:00,0.014618844
2019-06-23 08:30:00,0.01571688
2019-06-23 08:40:00,0.0129413605
2019-06-23 08:50:00,0.01664263
2019-06-23 09:00:00,0.013444364
2019-06-23 09:10:00,0.01522541
2019-06-23 09:20:00,0.01226458
2019-06-23 09:30:00,0.016400427
2019-06-23 09:40:00,0.012203068
2019-06-23 09:50:00,0.0147250295
2019-06-23 10:00:00,0.0119740665
2019-06-23 10:10:00,0.016948432
2019-06-23 10:20:00,0.012636006
2019-06-23 10:30:00,0.014500916
2019-06-23 10:40:00,0.011731207
2019-06-23 10:50:00,0.015271574
2019-06-23 11:00:00,0.011746019
2019-06-23 11:10:00,0.014397651
2019-06-23 11:20:00,0.011505365
2019-06-23 11:30:00,0.016472608
2019-06-23 11:40:00,0.013150275
2019-06-23 11:50:00,0.014760464
2019-06-23 12:00:00,0.0131088495
2019-06-23 12:10:00,0.015936047
2019-06-23 12:20:00,0.013380557
2019-06-23 12:30:00,0.01453957
2019-06-23 12:40:00,0.012146503
2019-06-23 12:50:00,0.01608798
2019-06-23 13:00:00,0.01270932
2019-06-23 13:10:00,0.014509231
2019-06-23 13:20:00,0.012037396
2019-06-23 13:30:00,0.017318279
2019-06-23 13:40:00,0.013297379
2019-06-23 13:50:00,0.01563701
2019-06-23 14:00:00,0.012689203
2019-06-23 14:10:00,0.01697129
2019-06-23 14:20:00,0.013071656
2019-06-23 14:30:00,0.015524417
2019-06-23 14:40:00,0.012750298
2019-06-23 14:50:00,0.018292338
2019-06-23 15:00:00,0.013916075
2019-06-23 15:10:00,0.017210662
2019-06-23 15:20:00,0.013526082
2019-06-23 15:30:00,0.019548804
2019-06-23 15:40:00,0.015016049
2019-06-23 15:50:00,0.018253714
2019-06-23 16:00:00,0.014027357
2019-06-23 16:10:00,0.02052331
2019-06-23 16:20:00,0.0142991245
2019-06-23 16:30:00,0.018639296
2019-06-23 16:40:00,0.013827473
2019-06-23 16:50:00,0.019897044
2019-06-23 17:00:00,0.013518333
2019-06-23 17:10:00,0.018174142
2019-06-23 17:20:00,0.011174798
2019-06-23 17:30:00,0.019714236
2019-06-23 17:40:00,0.011686146
2019-06-23 17:50:00,0.018257052
2019-06-23 18:00:00,0.010311931
2019-06-23 18:10:00,0.020199716
2019-06-23 18:20:00,0.010961354
2019-06-23 18:30:00,0.019196987
2019-06-23 18:40:00,0.010685682
2019-06-23 18:50:00,0.02062735
2019-06-23 19:00:00,0.010970682
2019-06-23 19:10:00,0.018316329
2019-06-23 19:20:00,0.009377241
2019-06-23 19:30:00,0.018276572
2019-06-23 19:40:00,0.010244876
2019-06-23 19:50:00,0.016789585
2019-06-23 20:00:00,0.0104827285
2019-06-23 20:10:00,0.018520266
2019-06-23 20:20:00,0.010436505
2019-06-23 20:30:00,0.017119288
2019-06-23 20:40:00,0.010043234
2019-06-23 20:50:00,0.019402653
2019-06-23 21:00:00,0.010393292
2019-06-23 21:10:00,0.019086868
2019-06-23 21:20:00,0.0101163685
2019-06-23 21:30:00,0.021286637
2019-06-23 21:40:00,0.011141807
2019-06-23 21:50:00,0.02068618
2019-06-23 22:00:00,0.010339618
2019-06-23 22:10:00,0.021521747
2019-06-23 22:20:00,0.010578424
2019-06-23 22:30:00,0.020130694
2019-06-23 22:40:00,0.010193646
2019-06-23 22:50:00,0.021255732
2019-06-23 23:00:00,0.010350287
2019-06-23 23:10:00,0.019847333
2019-06-23 23:20:00,0.009885341
2019-06-23 23:30:00,0.020821244
2019-06-23 23:40:00,0.009446174
2019-06-23 23:50:00,0.017735183
2019-06-24 00:00:00,0.008889198
2019-06-24 00:10:00,0.019785166
2019-06-24 00:20:00,0.009428471
2019-06-24 00:30:00,0.017664492
2019-06-24 00:40:00,0.009193361
2019-06-24 00:50:00,0.019443065
2019-06-24 01:00:00,0.009566188
2019-06-24 01:10:00,0.019517004
2019-06-24 01:20:00,0.009383529
2019-06-24 01:30:00,0.0190517
2019-06-24 01:40:00,0.0088198185
2019-06-24 01:50:00,0.01756692
2019-06-24 02:00:00,0.008418798
2019-06-24 02:10:00,0.016668886
2019-06-24 02:20:00,0.008071125
2019-06-24 02:30:00,0.016177028
2019-06-24 02:40:00,0.00846225
2019-06-24 02:50:00,0.018049628
2019-06-24 03:00:00,0.006863743
2019-06-24 03:10:00,0.017585784
2019-06-24 03:20:00,0.0064907074
2019-06-24 03:30:00,0.019357651
2019-06-24 03:40:00,0.0055676103
2019-06-24 03:50:00,0.021151662
2019-06-24 04:00:00,0.0064849854
2019-06-24 04:10:00,0.024015069
2019-06-24 04:20:00,0.007706225
2019-06-24 04:30:00,0.025346845
2019-06-24 04:40:00,0.007885188
2019-06-24 04:50:00,0.025030017
2019-06-24 05:00:00,0.0068559647
2019-06-24 05:10:00,0.023905307
2019-06-24 05:20:00,0.0068945885
2019-06-24 05:30:00,0.023674667
2019-06-24 05:40:00,0.0062705576
2019-06-24 05:50:00,0.025092095
2019-06-24 06:00:00,0.0071875453
2019-06-24 06:10:00,0.025805533
2019-06-24 06:20:00,0.006667882
2019-06-24 06:30:00,0.027378708
2019-06-24 06:40:00,0.0072434247
2019-06-24 06:50:00,0.026926547
2019-06-24 07:00:00,0.0063278675
2019-06-24 07:10:00,0.026770562
2019-06-24 07:20:00,0.0069548786
2019-06-24 07:30:00,0.027483642
2019-06-24 07:40:00,0.0062464178
2019-06-24 07:50:00,0.027674466
2019-06-24 08:00:00,0.0070624948
2019-06-24 08:10:00,0.028277874
2019-06-24 08:20:00,0.006589204
2019-06-24 08:30:00,0.029778928
2019-06-24 08:40:00,0.0070599616
2019-06-24 08:50:00,0.028505355
2019-06-24 09:00:00,0.0060993135
2019-06-24 09:10:00,0.031037867
2019-06-24 09:20:00,0.006840706
2019-06-24 09:30:00,0.032328844
2019-06-24 09:40:00,0.0064994097
2019-06-24 09:50:00,0.03304118
2019-06-24 10:00:00,0.0070471168
2019-06-24 10:10:00,0.032573283
2019-06-24 10:20:00,0.0066800117
2019-06-24 10:30:00,0.03466159
2019-06-24 10:40:00,0.0071778297
2019-06-24 10:50:00,0.03533405
2019-06-24 11:00:00,0.0062518716
2019-06-24 11:10:00,0.036854655
2019-06-24 11:20:00,0.007211983
2019-06-24 11:30:00,0.03809023
2019-06-24 11:40:00,0.0066695213
2019-06-24 11:50:00,0.03823489
2019-06-24 12:00:00,0.007215947
2019-06-24 12:10:00,0.036134064
2019-06-24 12:20:00,0.006812662
2019-06-24 12:30:00,0.038209915
2019-06-24 12:40:00,0.007411331
2019-06-24 12:50:00,0.03647518
2019-06-24 13:00:00,0.0071086586
2019-06-24 13:10:00,0.03652677
2019-06-24 13:20:00,0.007917285
2019-06-24 13:30:00,0.035409927
2019-06-24 13:40:00,0.0073907375
2019-06-24 13:50:00,0.037472963
2019-06-24 14:00:00,0.0083269775
2019-06-24 14:10:00,0.035935402
2019-06-24 14:20:00,0.0083985925
2019-06-24 14:30:00,0.035333246
2019-06-24 14:40:00,0.009155333
2019-06-24 14:50:00,0.033774823
2019-06-24 15:00:00,0.008100599
2019-06-24 15:10:00,0.033271253
2019-06-24 15:20:00,0.008680046
2019-06-24 15:30:00,0.03223911
2019-06-24 15:40:00,0.008385986
2019-06-24 15:50:00,0.034365863
2019-06-24 16:00:00,0.009218097
2019-06-24 16:10:00,0.03270322
2019-06-24 16:20:00,0.008792281
2019-06-24 16:30:00,0.034117877
2019-06-24 16:40:00,0.00948441
2019-06-24 16:50:00,0.031240612
2019-06-24 17:00:00,0.009104222
2019-06-24 17:10:00,0.032366812
2019-06-24 17:20:00,0.00914824
2019-06-24 17:30:00,0.030699283
2019-06-24 17:40:00,0.009272754
2019-06-24 17:50:00,0.033046156
2019-06-24 18:00:00,0.011024296
2019-06-24 18:10:00,0.031336397
2019-06-24 18:20:00,0.010671139
2019-06-24 18:30:00,0.0352481
2019-06-24 18:40:00,0.011329234
2019-06-24 18:50:00,0.03397301
2019-06-24 19:00:00,0.010644704
2019-06-24 19:10:00,0.03285414
2019-06-24 19:20:00,0.011192352
2019-06-24 19:30:00,0.029600233
2019-06-24 19:40:00,0.010435998
2019-06-24 19:50:00,0.032654613
2019-06-24 20:00:00,0.0122843385
2019-06-24 20:10:00,0.029869288
2019-06-24 20:20:00,0.011282861
2019-06-24 20:30:00,0.030800879
2019-06-24 20:40:00,0.011758983
2019-06-24 20:50:00,0.026117027
2019-06-24 21:00:00,0.010917544
2019-06-24 21:10:00,0.029467523
2019-06-24 21:20:00,0.013213158
2019-06-24 21:30:00,0.026199937
2019-06-24 21:40:00,0.011456072
2019-06-24 21:50:00,0.027656645
2019-06-24 22:00:00,0.0133983195
2019-06-24 22:10:00,0.024189979
2019-06-24 22:20:00,0.011449933
2019-06-24 22:30:00,0.02598697
2019-06-24 22:40:00,0.012914687
2019-06-24 22:50:00,0.023827225
2019-06-24 23:00:00,0.011382729
2019-06-24 23:10:00,0.026745588
2019-06-24 23:20:00,0.013422877
2019-06-24 23:30:00,0.023970425
2019-06-24 23:40:00,0.012960434
2019-06-24 23:50:00,0.027910382
2019-06-25 00:00:00,0.01531148
2019-06-25 00:10:00,0.025054485
2019-06-25 00:20:00,0.013992131
2019-06-25 00:30:00,0.026918262
2019-06-25 00:40:00,0.015779078
2019-06-25 00:50:00,0.02367255
2019-06-25 01:00:00,0.014045477
2019-06-25 01:10:00,0.025696427
2019-06-25 01:20:00,0.015997767
2019-06-25 01:30:00,0.023222953
2019-06-25 01:40:00,0.016687334
2019-06-25 01:50:00,0.028321147
2019-06-25 02:00:00,0.01879543
2019-06-25 02:10:00,0.02563107
2019-06-25 02:20:00,0.018019408
2019-06-25 02:30:00,0.029842138
2019-06-25 02:40:00,0.020107716
2019-06-25 02:50:00,0.026116997
2019-06-25 03:00:00,0.019504368
2019-06-25 03:10:00,0.0309937
2019-06-25 03:20:00,0.021164328
2019-06-25 03:30:00,0.026282758
2019-06-25 03:40:00,0.021236628
2019-06-25 03:50:00,0.029843152
2019-06-25 04:00:00,0.022907406
2019-06-25 04:10:00,0.023845822
2019-06-25 04:20:00,0.018847674
2019-06-25 04:30:00,0.02828905
2019-06-25 04:40:00,0.020288348
2019-06-25 04:50:00,0.024908751
2019-06-25 05:00:00,0.019419879
2019-06-25 05:10:00,0.02937305
2019-06-25 05:20:00,0.023035944
2019-06-25 05:30:00,0.025649011
2019-06-25 05:40:00,0.02139467
2019-06-25 05:50:00,0.028963536
2019-06-25 06:00:00,0.01955524
2019-06-25 06:10:00,0.02402851
2019-06-25 06:20:00,0.019893944
2019-06-25 06:30:00,0.029256284
2019-06-25 06:40:00,0.018887639
2019-06-25 06:50:00,0.024477243
2019-06-25 07:00:00,0.018794984
2019-06-25 07:10:00,0.027118802
2019-06-25 07:20:00,0.019024014
2019-06-25 07:30:00,0.026080608
2019-06-25 07:40:00,0.018692493
2019-06-25 07:50:00,0.030780017
2019-06-25 08:00:00,0.018656313
2019-06-25 08:10:00,0.028264642
2019-06-25 08:20:00,0.020297319
2019-06-25 08:30:00,0.032138884
2019-06-25 08:40:00,0.01972735
2019-06-25 08:50:00,0.03021717
2019-06-25 09:00:00,0.02123323
2019-06-25 09:10:00,0.03361988
2019-06-25 09:20:00,0.020102441
2019-06-25 09:30:00,0.029392242
2019-06-25 09:40:00,0.022161007
2019-06-25 09:50:00,0.03182617
2019-06-25 10:00:00,0.020908386
2019-06-25 10:10:00,0.028109908
2019-06-25 10:20:00,0.022156656
2019-06-25 10:30:00,0.029479831
2019-06-25 10:40:00,0.023658663
2019-06-25 10:50:00,0.023675889
2019-06-25 11:00:00,0.024688601
2019-06-25 11:10:00,0.0252752
2019-06-25 11:20:00,0.022636384
2019-06-25 11:30:00,0.021404326
2019-06-25 11:40:00,0.025701791
2019-06-25 11:50:00,0.022991747
2019-06-25 12:00:00,0.023527563
2019-06-25 12:10:00,0.022128642
2019-06-25 12:20:00,0.024651408
2019-06-25 12:30:00,0.022128135
2019-06-25 12:40:00,0.02188307
2019-06-25 12:50:00,0.019099176
2019-06-25 13:00:00,0.022635758
2019-06-25 13:10:00,0.020876467
2019-06-25 13:20:00,0.021024346
2019-06-25 13:30:00,0.02002561
2019-06-25 13:40:00,0.021671802
2019-06-25 13:50:00,0.021116883
2019-06-25 14:00:00,0.020434499
2019-06-25 14:10:00,0.019297391
2019-06-25 14:20:00,0.021127641
2019-06-25 14:30:00,0.020329386
2019-06-25 14:40:00,0.017956197
2019-06-25 14:50:00,0.018912762
2019-06-25 15:00:00,0.019034475
2019-06-25 15:10:00,0.019522935
2019-06-25 15:20:00,0.015635133
2019-06-25 15:30:00,0.018106788
2019-06-25 15:40:00,0.017615527
2019-06-25 15:50:00,0.017887384
2019-06-25 16:00:00,0.01526621
2019-06-25 16:10:00,0.01730299
2019-06-25 16:20:00,0.017057776
2019-06-25 16:30:00,0.018107593
2019-06-25 16:40:00,0.014687419
2019-06-25 16:50:00,0.016990334
2019-06-25 17:00:00,0.016838044
2019-06-25 17:10:00,0.017325103
2019-06-25 17:20:00,0.014359981
2019-06-25 17:30:00,0.016928345
2019-06-25 17:40:00,0.016396105
2019-06-25 17:50:00,0.016877264
2019-06-25 18:00:00,0.013661593
2019-06-25 18:10:00,0.01634723
2019-06-25 18:20:00,0.015858442
2019-06-25 18:30:00,0.01602596
2019-06-25 18:40:00,0.0127569735
2019-06-25 18:50:00,0.015156925
2019-06-25 19:00:00,0.01479125
2019-06-25 19:10:00,0.01602006
2019-06-25 19:20:00,0.012943447
2019-06-25 19:30:00,0.015610248
2019-06-25 19:40:00,0.015089452
2019-06-25 19:50:00,0.016334027
2019-06-25 20:00:00,0.012193024
2019-06-25 20:10:00,0.018128276
2019-06-25 20:20:00,0.015049905
2019-06-25 20:30:00,0.01673299
2019-06-25 20:40:00,0.012498051
2019-06-25 20:50:00,0.01666373
2019-06-25 21:00:00,0.014199913
2019-06-25 21:10:00,0.01732713
2019-06-25 21:20:00,0.011829823
2019-06-25 21:30:00,0.018152088
2019-06-25 21:40:00,0.0138631165
2019-06-25 21:50:00,0.01875192
2019-06-25 22:00:00,0.012284547
2019-06-25 22:10:00,0.018386185
2019-06-25 22:20:00,0.014590442
2019-06-25 22:30:00,0.01884672
2019-06-25 22:40:00,0.012410343
2019-06-25 22:50:00,0.01816541
2019-06-25 23:00:00,0.014280707
2019-06-25 23:10:00,0.01848641
2019-06-25 23:20:00,0.011819601
2019-06-25 23:30:00,0.018873125
2019-06-25 23:40:00,0.014421672
2019-06-25 23:50:00,0.020348608
2019-06-26 00:00:00,0.011936814
2019-06-26 00:10:00,0.020786107
2019-06-26 00:20:00,0.015512645
2019-06-26 00:30:00,0.019870788
2019-06-26 00:40:00,0.011874467
2019-06-26 00:50:00,0.021199375
2019-06-26 01:00:00,0.014929712
2019-06-26 01:10:00,0.021834314
2019-06-26 01:20:00,0.013659239
2019-06-26 01:30:00,0.022611618
2019-06-26 01:40:00,0.015238404
2019-06-26 01:50:00,0.021438032
2019-06-26 02:00:00,0.012962669
2019-06-26 02:10:00,0.02104029
2019-06-26 02:20:00,0.015639633
2019-06-26 02:30:00,0.021023959
2019-06-26 02:40:00,0.014096469
2019-06-26 02:50:00,0.021340162
2019-06-26 03:00:00,0.016920328
2019-06-26 03:10:00,0.022130936
2019-06-26 03:20:00,0.0124260485
2019-06-26 03:30:00,0.021830082
2019-06-26 03:40:00,0.0142712
2019-06-26 03:50:00,0.022541642
2019-06-26 04:00:00,0.012551397
2019-06-26 04:10:00,0.023535281
2019-06-26 04:20:00,0.016124189
2019-06-26 04:30:00,0.024995744
2019-06-26 04:40:00,0.014066368
2019-06-26 04:50:00,0.025228918
2019-06-26 05:00:00,0.017400056
2019-06-26 05:10:00,0.025689244
2019-06-26 05:20:00,0.014435291
2019-06-26 05:30:00,0.02586782
2019-06-26 05:40:00,0.017852455
2019-06-26 05:50:00,0.025673002
2019-06-26 06:00:00,0.014943361
2019-06-26 06:10:00,0.025174469
2019-06-26 06:20:00,0.017739087
2019-06-26 06:30:00,0.026195407
2019-06-26 06:40:00,0.016280591
2019-06-26 06:50:00,0.026197582
2019-06-26 07:00:00,0.018648863
2019-06-26 07:10:00,0.026813269
2019-06-26 07:20:00,0.016877562
2019-06-26 07:30:00,0.027482241
2019-06-26 07:40:00,0.020853758
2019-06-26 07:50:00,0.028698832
2019-06-26 08:00:00,0.01859957
2019-06-26 08:10:00,0.028575063
2019-06-26 08:20:00,0.020151645
2019-06-26 08:30:00,0.027810544
2019-06-26 08:40:00,0.017919302
2019-06-26 08:50:00,0.025983036
2019-06-26 09:00:00,0.014739484
2019-06-26 09:10:00,0.0261046
2019-06-26 09:20:00,0.013133585
2019-06-26 09:30:00,0.023367554
2019-06-26 09:40:00,0.010928005
2019-06-26 09:50:00,0.02372241
2019-06-26 10:00:00,0.009902984
2019-06-26 10:10:00,0.019759685
2019-06-26 10:20:00,0.00977999
2019-06-26 10:30:00,0.020267874
2019-06-26 10:40:00,0.009938568
2019-06-26 10:50:00,0.0191755
2019-06-26 11:00:00,0.011767864
2019-06-26 11:10:00,0.021801382
2019-06-26 11:20:00,0.010680765
2019-06-26 11:30:00,0.01985374
2019-06-26 11:40:00,0.011319697
2019-06-26 11:50:00,0.023378402
2019-06-26 12:00:00,0.0113072395
2019-06-26 12:10:00,0.021149397
2019-06-26 12:20:00,0.01039058
2019-06-26 12:30:00,0.022072226
2019-06-26 12:40:00,0.009886742
2019-06-26 12:50:00,0.019937187
2019-06-26 13:00:00,0.009630203
2019-06-26 13:10:00,0.021762788
2019-06-26 13:20:00,0.009420842
2019-06-26 13:30:00,0.019419044
2019-06-26 13:40:00,0.00883615
2019-06-26 13:50:00,0.020504206
2019-06-26 14:00:00,0.009660989
2019-06-26 14:10:00,0.01769653
2019-06-26 14:20:00,0.010212988
2019-06-26 14:30:00,0.021133393
2019-06-26 14:40:00,0.009879917
2019-06-26 14:50:00,0.017110974
2019-06-26 15:00:00,0.00827226
2019-06-26 15:10:00,0.02023217
2019-06-26 15:20:00,0.008440733
2019-06-26 15:30:00,0.017501742
2019-06-26 15:40:00,0.0076284707
2019-06-26 15:50:00,0.019688606
2019-06-26 16:00:00,0.00806582
2019-06-26 16:10:00,0.015869915
2019-06-26 16:20:00,0.007735729
2019-06-26 16:30:00,0.020039946
2019-06-26 16:40:00,0.0084939
2019-06-26 16:50:00,0.018675923
2019-06-26 17:00:00,0.00731194
2019-06-26 17:10:00,0.02078408
2019-06-26 17:20:00,0.007654339
2019-06-26 17:30:00,0.019162387
2019-06-26 17:40:00,0.0071022213
2019-06-26 17:50:00,0.02119577
2019-06-26 18:00:00,0.0077362657
2019-06-26 18:10:00,0.017283112
2019-06-26 18:20:00,0.006750405
2019-06-26 18:30:00,0.01839593
2019-06-26 18:40:00,0.007366866
2019-06-26 18:50:00,0.015118092
2019-06-26 19:00:00,0.0067406595
2019-06-26 19:10:00,0.018830359
2019-06-26 19:20:00,0.0071629584
2019-06-26 19:30:00,0.015423596
2019-06-26 19:40:00,0.006017953
2019-06-26 19:50:00,0.018266082
2019-06-26 20:00:00,0.006049454
2019-06-26 20:10:00,0.01508069
2019-06-26 20:20:00,0.0048627555
2019-06-26 20:30:00,0.01861468
2019-06-26 20:40:00,0.0051099956
2019-06-26 20:50:00,0.015734404
2019-06-26 21:00:00,0.0042102635
2019-06-26 21:10:00,0.018876284
2019-06-26 21:20:00,0.0053381026
2019-06-26 21:30:00,0.0154978335
2019-06-26 21:40:00,0.0049286187
2019-06-26 21:50:00,0.017675221
2019-06-26 22:00:00,0.0056481063
2019-06-26 22:10:00,0.0144970715
2019-06-26 22:20:00,0.004942149
2019-06-26 22:30:00,0.016438484
2019-06-26 22:40:00,0.005526185
2019-06-26 22:50:00,0.014204979
2019-06-26 23:00:00,0.0045871735
2019-06-26 23:10:00,0.017021924
2019-06-26 23:20:00,0.0052700043
2019-06-26 23:30:00,0.015062571
2019-06-26 23:40:00,0.0046143234
2019-06-26 23:50:00,0.0152261555
2019-06-27 00:00:00,0.005153209
2019-06-27 00:10:00,0.012841135
2019-06-27 00:20:00,0.004432529
2019-06-27 00:30:00,0.0154673755
2019-06-27 00:40:00,0.005183339
2019-06-27 00:50:00,0.014260054
2019-06-27 01:00:00,0.004772067
2019-06-27 01:10:00,0.016379356
2019-06-27 01:20:00,0.0052149
2019-06-27 01:30:00,0.0140455365
2019-06-27 01:40:00,0.0043539107
2019-06-27 01:50:00,0.014677197
2019-06-27 02:00:00,0.0041698813
2019-06-27 02:10:00,0.010139734
2019-06-27 02:20:00,0.0033370554
2019-06-27 02:30:00,0.010970056
2019-06-27 02:40:00,0.003771782
2019-06-27 02:50:00,0.00925675
2019-06-27 03:00:00,0.0035535097
2019-06-27 03:10:00,0.010197878
2019-06-27 03:20:00,0.003869772
2019-06-27 03:30:00,0.009136289
2019-06-27 03:40:00,0.0034560561
2019-06-27 03:50:00,0.010096252
2019-06-27 04:00:00,0.0038681924
2019-06-27 04:10:00,0.009189904
2019-06-27 04:20:00,0.0035627782
2019-06-27 04:30:00,0.009947896
2019-06-27 04:40:00,0.003837794
2019-06-27 04:50:00,0.008737385
2019-06-27 05:00:00,0.0032801926
2019-06-27 05:10:00,0.00950399
2019-06-27 05:20:00,0.0036427677
2019-06-27 05:30:00,0.008676529
2019-06-27 05:40:00,0.0031151175
2019-06-27 05:50:00,0.009052992
2019-06-27 06:00:00,0.0037249923
2019-06-27 06:10:00,0.008094996
2019-06-27 06:20:00,0.0032865107
2019-06-27 06:30:00,0.0084062815
2019-06-27 06:40:00,0.0037954748
2019-06-27 06:50:00,0.007421255
2019-06-27 07:00:00,0.0033975244
2019-06-27 07:10:00,0.008492619
2019-06-27 07:20:00,0.0041821003
2019-06-27 07:30:00,0.007940978
2019-06-27 07:40:00,0.0036563277
2019-06-27 07:50:00,0.007960141
2019-06-27 08:00:00,0.003377825
2019-06-27 08:10:00,0.006979108
2019-06-27 08:20:00,0.003142655
2019-06-27 08:30:00,0.0076956153
2019-06-27 08:40:00,0.0034790635
2019-06-27 08:50:00,0.0075406134
2019-06-27 09:00:00,0.0032412112
2019-06-27 09:10:00,0.008481175
2019-06-27 09:20:00,0.0038447678
2019-06-27 09:30:00,0.00836724
2019-06-27 09:40:00,0.003620714
2019-06-27 09:50:00,0.008300573
2019-06-27 10:00:00,0.0038054585
2019-06-27 10:10:00,0.008077174
2019-06-27 10:20:00,0.003798455
2019-06-27 10:30:00,0.008315295
2019-06-27 10:40:00,0.004283875
2019-06-27 10:50:00,0.0084195435
2019-06-27 11:00:00,0.004435599
2019-06-27 11:10:00,0.009651214
2019-06-27 11:20:00,0.0048903823
2019-06-27 11:30:00,0.008888453
2019-06-27 11:40:00,0.0044531226
2019-06-27 11:50:00,0.009365588
2019-06-27 12:00:00,0.0047294497
2019-06-27 12:10:00,0.00876084
2019-06-27 12:20:00,0.0045922697
2019-06-27 12:30:00,0.009766698
2019-06-27 12:40:00,0.005251646
2019-06-27 12:50:00,0.009957731
2019-06-27 13:00:00,0.0055094063
2019-06-27 13:10:00,0.01072821
2019-06-27 13:20:00,0.006132722
2019-06-27 13:30:00,0.011062503
2019-06-27 13:40:00,0.006076753
2019-06-27 13:50:00,0.012067616
2019-06-27 14:00:00,0.006415695
2019-06-27 14:10:00,0.011209071
2019-06-27 14:20:00,0.006347358
2019-06-27 14:30:00,0.012284219
2019-06-27 14:40:00,0.0070687532
2019-06-27 14:50:00,0.01219973
2019-06-27 15:00:00,0.0071015656
2019-06-27 15:10:00,0.013132006
2019-06-27 15:20:00,0.008001208
2019-06-27 15:30:00,0.012423992
2019-06-27 15:40:00,0.008661658
2019-06-27 15:50:00,0.012222111
2019-06-27 16:00:00,0.008699864
2019-06-27 16:10:00,0.012394905
2019-06-27 16:20:00,0.01059559
2019-06-27 16:30:00,0.014380276
2019-06-27 16:40:00,0.011700153
2019-06-27 16:50:00,0.01905492
2019-06-27 17:00:00,0.015604287
2019-06-27 17:10:00,0.019735515
2019-06-27 17:20:00,0.015834719
2019-06-27 17:30:00,0.019991994
2019-06-27 17:40:00,0.015307695
2019-06-27 17:50:00,0.019656688
2019-06-27 18:00:00,0.016272366
2019-06-27 18:10:00,0.020634204
2019-06-27 18:20:00,0.015727878
2019-06-27 18:30:00,0.020851701
2019-06-27 18:40:00,0.015998483
2019-06-27 18:50:00,0.021360815
2019-06-27 19:00:00,0.016819328
2019-06-27 19:10:00,0.02159977
2019-06-27 19:20:00,0.01792267
2019-06-27 19:30:00,0.021668762
2019-06-27 19:40:00,0.017058998
2019-06-27 19:50:00,0.021153271
2019-06-27 20:00:00,0.017567396
2019-06-27 20:10:00,0.022249728
2019-06-27 20:20:00,0.019323468
2019-06-27 20:30:00,0.022843093
2019-06-27 20:40:00,0.020083219
2019-06-27 20:50:00,0.02452606
2019-06-27 21:00:00,0.02068007
2019-06-27 21:10:00,0.02655369
2019-06-27 21:20:00,0.021168232
2019-06-27 21:30:00,0.025816739
2019-06-27 21:40:00,0.021145403
2019-06-27 21:50:00,0.02525255
2019-06-27 22:00:00,0.02049306
2019-06-27 22:10:00,0.025831223
2019-06-27 22:20:00,0.02084735
2019-06-27 22:30:00,0.026468396
2019-06-27 22:40:00,0.021069437
2019-06-27 22:50:00,0.027323335
2019-06-27 23:00:00,0.021985441
2019-06-27 23:10:00,0.027631521
2019-06-27 23:20:00,0.022225857
2019-06-27 23:30:00,0.028805465
2019-06-27 23:40:00,0.024841368
2019-06-27 23:50:00,0.030455798
2019-06-28 00:00:00,0.02438268
2019-06-28 00:10:00,0.032068253
2019-06-28 00:20:00,0.024750203
2019-06-28 00:30:00,0.0312995
2019-06-28 00:40:00,0.023965329
2019-06-28 00:50:00,0.030225188
2019-06-28 01:00:00,0.023297042
2019-06-28 01:10:00,0.03028053
2019-06-28 01:20:00,0.021736324
2019-06-28 01:30:00,0.029593527
2019-06-28 01:40:00,0.022953302
2019-06-28 01:50:00,0.03257349
2019-06-28 02:00:00,0.022438377
2019-06-28 02:10:00,0.03339523
2019-06-28 02:20:00,0.02548194
2019-06-28 02:30:00,0.03142917
2019-06-28 02:40:00,0.024467409
2019-06-28 02:50:00,0.034026742
2019-06-28 03:00:00,0.03428036
2019-06-28 03:10:00,0.029530704
2019-06-28 03:20:00,0.032648653
2019-06-28 03:30:00,0.028939068
2019-06-28 03:40:00,0.03439921
2019-06-28 03:50:00,0.035743862
2019-06-28 04:00:00,0.03368315
2019-06-28 04:10:00,0.03455171
2019-06-28 04:20:00,0.035872072
2019-06-28 04:30:00,0.0362826
2019-06-28 04:40:00,0.034674883
2019-06-28 04:50:00,0.03467086
2019-06-28 05:00:00,0.033075213
2019-06-28 05:10:00,0.03468001
2019-06-28 05:20:00,0.034454077
2019-06-28 05:30:00,0.033997983
2019-06-28 05:40:00,0.036470234
2019-06-28 05:50:00,0.03679806
2019-06-28 06:00:00,0.035653323
2019-06-28 06:10:00,0.035602838
2019-06-28 06:20:00,0.03788945
2019-06-28 06:30:00,0.03906259
2019-06-28 06:40:00,0.039898753
2019-06-28 06:50:00,0.04098046
2019-06-28 07:00:00,0.042081863
2019-06-28 07:10:00,0.041206688
2019-06-28 07:20:00,0.04074195
2019-06-28 07:30:00,0.040469617
2019-06-28 07:40:00,0.042311996
2019-06-28 07:50:00,0.04207751
2019-06-28 08:00:00,0.04198435
2019-06-28 08:10:00,0.040589333
2019-06-28 08:20:00,0.0464952
2019-06-28 08:30:00,0.048659235
2019-06-28 08:40:00,0.042809635
2019-06-28 08:50:00,0.04585001
2019-06-28 09:00:00,0.047155827
2019-06-28 09:10:00,0.052483976
2019-06-28 09:20:00,0.050317556
2019-06-28 09:30:00,0.056214124
2019-06-28 09:40:00,0.058018833
2019-06-28 09:50:00,0.061944306
2019-06-28 10:00:00,0.05654818
2019-06-28 10:10:00,0.05816552
2019-06-28 10:20:00,0.06326929
2019-06-28 10:30:00,0.06820631
2019-06-28 10:40:00,0.059461772
2019-06-28 10:50:00,0.06507462
2019-06-28 11:00:00,0.064053416
2019-06-28 11:10:00,0.06727052
2019-06-28 11:20:00,0.05568549
2019-06-28 11:30:00,0.0633817
2019-06-28 11:40:00,0.0600425
2019-06-28 11:50:00,0.067511946
2019-06-28 12:00:00,0.06238398
2019-06-28 12:10:00,0.06277281
2019-06-28 12:20:00,0.067257315
2019-06-28 12:30:00,0.066149086
2019-06-28 12:40:00,0.062022388
2019-06-28 12:50:00,0.0610812
2019-06-28 13:00:00,0.06726295
2019-06-28 13:10:00,0.0685502
2019-06-28 13:20:00,0.062049627
2019-06-28 13:30:00,0.06393236
2019-06-28 13:40:00,0.06515935
2019-06-28 13:50:00,0.06882602
2019-06-28 14:00:00,0.06067851
2019-06-28 14:10:00,0.06770998
2019-06-28 14:20:00,0.06394085
2019-06-28 14:30:00,0.07094574
2019-06-28 14:40:00,0.06353167
2019-06-28 14:50:00,0.068834245
2019-06-28 15:00:00,0.07113746
2019-06-28 15:10:00,0.07805878
2019-06-28 15:20:00,0.07220361
2019-06-28 15:30:00,0.07347688
2019-06-28 15:40:00,0.08067331
2019-06-28 15:50:00,0.07264188
2019-06-28 16:00:00,0.073354036
2019-06-28 16:10:00,0.07252076
2019-06-28 16:20:00,0.07836869
2019-06-28 16:30:00,0.07534337
2019-06-28 16:40:00,0.07726756
2019-06-28 16:50:00,0.07827154
2019-06-28 17:00:00,0.08975458
2019-06-28 17:10:00,0.08747637
2019-06-28 17:20:00,0.0913178
2019-06-28 17:30:00,0.08310306
2019-06-28 17:40:00,0.094065726
2019-06-28 17:50:00,0.08859083
2019-06-28 18:00:00,0.09496188
2019-06-28 18:10:00,0.08482528
2019-06-28 18:20:00,0.09813297
2019-06-28 18:30:00,0.09281346
2019-06-28 18:40:00,0.10043934
2019-06-28 18:50:00,0.08958185
2019-06-28 19:00:00,0.10307926
2019-06-28 19:10:00,0.090090334
2019-06-28 19:20:00,0.098246634
2019-06-28 19:30:00,0.086960495
2019-06-28 19:40:00,0.10363582
2019-06-28 19:50:00,0.091435075
2019-06-28 20:00:00,0.10202065
2019-06-28 20:10:00,0.08590689
2019-06-28 20:20:00,0.10473582
2019-06-28 20:30:00,0.09150171
2019-06-28 20:40:00,0.102988064
2019-06-28 20:50:00,0.08846992
2019-06-28 21:00:00,0.11224657
2019-06-28 21:10:00,0.09577224
2019-06-28 21:20:00,0.11540425
2019-06-28 21:30:00,0.08855358
2019-06-28 21:40:00,0.11775419
2019-06-28 21:50:00,0.09238905
2019-06-28 22:00:00,0.111028165
2019-06-28 22:10:00,0.09117094
2019-06-28 22:20:00,0.116885126
2019-06-28 22:30:00,0.10092288
2019-06-28 22:40:00,0.11625484
2019-06-28 22:50:00,0.09579399
2019-06-28 23:00:00,0.11979097
2019-06-28 23:10:00,0.10270256
2019-06-28 23:20:00,0.12048644
2019-06-28 23:30:00,0.09441504
2019-06-28 23:40:00,0.12000579
2019-06-28 23:50:00,0.10120785
2019-06-29 00:00:00,0.11729592
2019-06-29 00:10:00,0.09413862
2019-06-29 00:20:00,0.122894555
2019-06-29 00:30:00,0.10633615
2019-06-29 00:40:00,0.12444046
2019-06-29 00:50:00,0.10182634
2019-06-29 01:00:00,0.124631345
2019-06-29 01:10:00,0.10494909
2019-06-29 01:20:00,0.12119374
2019-06-29 01:30:00,0.09650487
2019-06-29 01:40:00,0.12187734
2019-06-29 01:50:00,0.09879413
2019-06-29 02:00:00,0.122386575
2019-06-29 02:10:00,0.09428778
2019-06-29 02:20:00,0.122451276
2019-06-29 02:30:00,0.104147494
2019-06-29 02:40:00,0.12149054
2019-06-29 02:50:00,0.09635255
2019-06-29 03:00:00,0.115980744
2019-06-29 03:10:00,0.10941392
2019-06-29 03:20:00,0.12575945
2019-06-29 03:30:00,0.09112662
2019-06-29 03:40:00,0.11907336
2019-06-29 03:50:00,0.095574826
2019-06-29 04:00:00,0.11717829
2019-06-29 04:10:00,0.0890159
2019-06-29 04:20:00,0.12004596
2019-06-29 04:30:00,0.097491086
2019-06-29 04:40:00,0.109738946
2019-06-29 04:50:00,0.0870423
2019-06-29 05:00:00,0.10936591
2019-06-29 05:10:00,0.09418908
2019-06-29 05:20:00,0.11007056
2019-06-29 05:30:00,0.09075722
2019-06-29 05:40:00,0.09642613
2019-06-29 05:50:00,0.08121669
2019-06-29 06:00:00,0.099537045
2019-06-29 06:10:00,0.07499039
2019-06-29 06:20:00,0.100619525
2019-06-29 06:30:00,0.08197835
2019-06-29 06:40:00,0.10165003
2019-06-29 06:50:00,0.07740983
2019-06-29 07:00:00,0.10242495
2019-06-29 07:10:00,0.08219758
2019-06-29 07:20:00,0.10529032
2019-06-29 07:30:00,0.08107272
2019-06-29 07:40:00,0.09704742
2019-06-29 07:50:00,0.07875329
2019-06-29 08:00:00,0.09832013
2019-06-29 08:10:00,0.07985085
2019-06-29 08:20:00,0.09205702
2019-06-29 08:30:00,0.07804182
2019-06-29 08:40:00,0.095995605
2019-06-29 08:50:00,0.073311776
2019-06-29 09:00:00,0.094878554
2019-06-29 09:10:00,0.08080226
2019-06-29 09:20:00,0.09424603
2019-06-29 09:30:00,0.0804463
2019-06-29 09:40:00,0.0874033
2019-06-29 09:50:00,0.075654596
2019-06-29 10:00:00,0.08677068
2019-06-29 10:10:00,0.07417071
2019-06-29 10:20:00,0.08147052
2019-06-29 10:30:00,0.07130715
2019-06-29 10:40:00,0.08237824
2019-06-29 10:50:00,0.07166061
2019-06-29 11:00:00,0.079096854
2019-06-29 11:10:00,0.06863019
2019-06-29 11:20:00,0.08122432
2019-06-29 11:30:00,0.07015067
2019-06-29 11:40:00,0.07933697
2019-06-29 11:50:00,0.06967136
2019-06-29 12:00:00,0.08185282
2019-06-29 12:10:00,0.06786072
2019-06-29 12:20:00,0.08229658
2019-06-29 12:30:00,0.06485024
2019-06-29 12:40:00,0.07871023
2019-06-29 12:50:00,0.06293821
2019-06-29 13:00:00,0.07692981
2019-06-29 13:10:00,0.063329935
2019-06-29 13:20:00,0.07716063
2019-06-29 13:30:00,0.06132239
2019-06-29 13:40:00,0.07342091
2019-06-29 13:50:00,0.059728056
2019-06-29 14:00:00,0.074926645
2019-06-29 14:10:00,0.05954358
2019-06-29 14:20:00,0.07455969
2019-06-29 14:30:00,0.060873747
2019-06-29 14:40:00,0.07678524
2019-06-29 14:50:00,0.059760123
2019-06-29 15:00:00,0.07391402
2019-06-29 15:10:00,0.056775033
2019-06-29 15:20:00,0.07545045
2019-06-29 15:30:00,0.05556628
2019-06-29 15:40:00,0.07153812
2019-06-29 15:50:00,0.05173531
2019-06-29 16:00:00,0.07194269
2019-06-29 16:10:00,0.05084607
2019-06-29 16:20:00,0.06884283
2019-06-29 16:30:00,0.049300432
2019-06-29 16:40:00,0.0700911
2019-06-29 16:50:00,0.049623102
2019-06-29 17:00:00,0.06832814
2019-06-29 17:10:00,0.04861808
2019-06-29 17:20:00,0.07030648
2019-06-29 17:30:00,0.049807847
2019-06-29 17:40:00,0.068870485
2019-06-29 17:50:00,0.048243105
2019-06-29 18:00:00,0.07075116
2019-06-29 18:10:00,0.05008617
2019-06-29 18:20:00,0.06880975
2019-06-29 18:30:00,0.045772314
2019-06-29 18:40:00,0.06985077
2019-06-29 18:50:00,0.04513213
2019-06-29 19:00:00,0.06917867
2019-06-29 19:10:00,0.04340127
2019-06-29 19:20:00,0.07149562
2019-06-29 19:30:00,0.044606835
2019-06-29 19:40:00,0.06597498
2019-06-29 19:50:00,0.039871186
2019-06-29 20:00:00,0.065514475
2019-06-29 20:10:00,0.040792108
2019-06-29 20:20:00,0.06361222
2019-06-29 20:30:00,0.038455486
2019-06-29 20:40:00,0.06626502
2019-06-29 20:50:00,0.03698057
2019-06-29 21:00:00,0.064570725
2019-06-29 21:10:00,0.034108937
2019-06-29 21:20:00,0.06644693
2019-06-29 21:30:00,0.035338283
2019-06-29 21:40:00,0.060964137
2019-06-29 21:50:00,0.031288177
2019-06-29 22:00:00,0.06034124
2019-06-29 22:10:00,0.033180177
2019-06-29 22:20:00,0.053865403
2019-06-29 22:30:00,0.031934857
2019-06-29 22:40:00,0.054967076
2019-06-29 22:50:00,0.03099671
2019-06-29 23:00:00,0.054483175
2019-06-29 23:10:00,0.02951032
2019-06-29 23:20:00,0.05377555
2019-06-29 23:30:00,0.02846399
2019-06-29 23:40:00,0.0509229
2019-06-29 23:50:00,0.027530998
2019-06-30 00:00:00,0.051060826
2019-06-30 00:10:00,0.028395236
2019-06-30 00:20:00,0.049535155
2019-06-30 00:30:00,0.027074903
2019-06-30 00:40:00,0.04868722
2019-06-30 00:50:00,0.025565952
2019-06-30 01:00:00,0.04306847
2019-06-30 01:10:00,0.023714155
2019-06-30 01:20:00,0.043239057
2019-06-30 01:30:00,0.022726864
2019-06-30 01:40:00,0.038778245
2019-06-30 01:50:00,0.02165261
2019-06-30 02:00:00,0.04124376
2019-06-30 02:10:00,0.021867812
2019-06-30 02:20:00,0.03512585
2019-06-30 02:30:00,0.021076024
2019-06-30 02:40:00,0.036940306
2019-06-30 02:50:00,0.020284146
2019-06-30 03:00:00,0.032056898
2019-06-30 03:10:00,0.019240469
2019-06-30 03:20:00,0.03228882
2019-06-30 03:30:00,0.018722028
2019-06-30 03:40:00,0.028342307
2019-06-30 03:50:00,0.01696533
2019-06-30 04:00:00,0.02927211
2019-06-30 04:10:00,0.016598403
2019-06-30 04:20:00,0.027364224
2019-06-30 04:30:00,0.017282128
2019-06-30 04:40:00,0.031227529
2019-06-30 04:50:00,0.018041521
2019-06-30 05:00:00,0.025142103
2019-06-30 05:10:00,0.017894536
2019-06-30 05:20:00,0.028584689
2019-06-30 05:30:00,0.01717344
2019-06-30 05:40:00,0.024896413
2019-06-30 05:50:00,0.017940015
2019-06-30 06:00:00,0.02741465
2019-06-30 06:10:00,0.017346263
2019-06-30 06:20:00,0.023288548
2019-06-30 06:30:00,0.01744625
2019-06-30 06:40:00,0.025526822
2019-06-30 06:50:00,0.015719056
2019-06-30 07:00:00,0.021362334
2019-06-30 07:10:00,0.01570794
2019-06-30 07:20:00,0.022003949
2019-06-30 07:30:00,0.013870567
2019-06-30 07:40:00,0.019015282
2019-06-30 07:50:00,0.014007926
2019-06-30 08:00:00,0.023278683
2019-06-30 08:10:00,0.013216317
2019-06-30 08:20:00,0.020773172
2019-06-30 08:30:00,0.014069885
2019-06-30 08:40:00,0.02488494
2019-06-30 08:50:00,0.013102025
2019-06-30 09:00:00,0.02372253
2019-06-30 09:10:00,0.0145225525
2019-06-30 09:20:00,0.026283443
2019-06-30 09:30:00,0.014052659
2019-06-30 09:40:00,0.023369282
2019-06-30 09:50:00,0.014011651
2019-06-30 10:00:00,0.02577883
2019-06-30 10:10:00,0.012622207
2019-06-30 10:20:00,0.021327943
2019-06-30 10:30:00,0.013241142
2019-06-30 10:40:00,0.024879098
2019-06-30 10:50:00,0.01236257
2019-06-30 11:00:00,0.020563781
2019-06-30 11:10:00,0.011310816
2019-06-30 11:20:00,0.024220973
2019-06-30 11:30:00,0.0107041
2019-06-30 11:40:00,0.020012677
2019-06-30 11:50:00,0.011332005
2019-06-30 12:00:00,0.022002906
2019-06-30 12:10:00,0.009845644
2019-06-30 12:20:00,0.01874441
2019-06-30 12:30:00,0.010772258
2019-06-30 12:40:00,0.02018091
2019-06-30 12:50:00,0.009885609
2019-06-30 13:00:00,0.016792893
2019-06-30 13:10:00,0.010546416
2019-06-30 13:20:00,0.01881358
2019-06-30 13:30:00,0.00939095
2019-06-30 13:40:00,0.0157668
2019-06-30 13:50:00,0.009470135
2019-06-30 14:00:00,0.017011195
2019-06-30 14:10:00,0.00827688
2019-06-30 14:20:00,0.014379114
2019-06-30 14:30:00,0.008662373
2019-06-30 14:40:00,0.015767753
2019-06-30 14:50:00,0.008127868
2019-06-30 15:00:00,0.014069527
2019-06-30 15:10:00,0.008948684
2019-06-30 15:20:00,0.015604645
2019-06-30 15:30:00,0.008628786
2019-06-30 15:40:00,0.013561398
2019-06-30 15:50:00,0.009293854
2019-06-30 16:00:00,0.014483899
2019-06-30 16:10:00,0.008466572
2019-06-30 16:20:00,0.01353088
2019-06-30 16:30:00,0.008799136
2019-06-30 16:40:00,0.014384121
2019-06-30 16:50:00,0.007918835
2019-06-30 17:00:00,0.012040526
2019-06-30 17:10:00,0.007973194
2019-06-30 17:20:00,0.012915403
2019-06-30 17:30:00,0.007246077
2019-06-30 17:40:00,0.0107164085
2019-06-30 17:50:00,0.007775426
2019-06-30 18:00:00,0.012172431
2019-06-30 18:10:00,0.0073255002
2019-06-30 18:20:00,0.009824634
2019-06-30 18:30:00,0.008136272
2019-06-30 18:40:00,0.01092872
2019-06-30 18:50:00,0.008105189
2019-06-30 19:00:00,0.007020414
2019-06-30 19:10:00,0.009096533
2019-06-30 19:20:00,0.007787913
2019-06-30 19:30:00,0.00833261
2019-06-30 19:40:00,0.006423533
2019-06-30 19:50:00,0.008705378
2019-06-30 20:00:00,0.007230252
2019-06-30 20:10:00,0.007840604
2019-06-30 20:20:00,0.0063385367
2019-06-30 20:30:00,0.008291513
2019-06-30 20:40:00,0.0067044497
2019-06-30 20:50:00,0.0074979365
2019-06-30 21:00:00,0.005925864
2019-06-30 21:10:00,0.008261263
2019-06-30 21:20:00,0.006299317
2019-06-30 21:30:00,0.0076809824
2019-06-30 21:40:00,0.005690098
2019-06-30 21:50:00,0.0080167055
2019-06-30 22:00:00,0.006516993
2019-06-30 22:10:00,0.007514894
2019-06-30 22:20:00,0.005225301
2019-06-30 22:30:00,0.008328199
2019-06-30 22:40:00,0.0059831142
2019-06-30 22:50:00,0.007864267
2019-06-30 23:00:00,0.0049826205
2019-06-30 23:10:00,0.0084680915
2019-06-30 23:20:00,0.005569637
2019-06-30 23:30:00,0.0077877045
2019-06-30 23:40:00,0.004775852
2019-06-30 23:50:00,0.008530259
2019-07-01 00:00:00,0.005237758
2019-07-01 00:10:00,0.0077244043
2019-07-01 00:20:00,0.00439319
2019-07-01 00:30:00,0.008810908
2019-07-01 00:40:00,0.0050557256
2019-07-01 00:50:00,0.008961558
2019-07-01 01:00:00,0.0044241548
2019-07-01 01:10:00,0.010623723
2019-07-01 01:20:00,0.0051802695
2019-07-01 01:30:00,0.009788215
2019-07-01 01:40:00,0.0045672655
2019-07-01 01:50:00,0.010932714
2019-07-01 02:00:00,0.0050453544
2019-07-01 02:10:00,0.0107681155
2019-07-01 02:20:00,0.004632473
2019-07-01 02:30:00,0.011689365
2019-07-01 02:40:00,0.005602479
2019-07-01 02:50:00,0.011238813
2019-07-01 03:00:00,0.0047625005
2019-07-01 03:10:00,0.012074351
2019-07-01 03:20:00,0.0053532124
2019-07-01 03:30:00,0.011727661
2019-07-01 03:40:00,0.004685998
2019-07-01 03:50:00,0.012478828
2019-07-01 04:00:00,0.005631566
2019-07-01 04:10:00,0.012230575
2019-07-01 04:20:00,0.0052836537
2019-07-01 04:30:00,0.014028251
2019-07-01 04:40:00,0.006097436
2019-07-01 04:50:00,0.015391767
2019-07-01 05:00:00,0.0057797134
2019-07-01 05:10:00,0.015841335
2019-07-01 05:20:00,0.0066809654
2019-07-01 05:30:00,0.015690148
2019-07-01 05:40:00,0.00629431
2019-07-01 05:50:00,0.017209917
2019-07-01 06:00:00,0.0073610246
2019-07-01 06:10:00,0.017374665
2019-07-01 06:20:00,0.0069186687
2019-07-01 06:30:00,0.018668234
2019-07-01 06:40:00,0.008153498
2019-07-01 06:50:00,0.019578636
2019-07-01 07:00:00,0.0074882805
2019-07-01 07:10:00,0.020735264
2019-07-01 07:20:00,0.007771164
2019-07-01 07:30:00,0.020018041
2019-07-01 07:40:00,0.006951958
2019-07-01 07:50:00,0.019892126
2019-07-01 08:00:00,0.0077593327
2019-07-01 08:10:00,0.018817365
2019-07-01 08:20:00,0.007055372
2019-07-01 08:30:00,0.020206273
2019-07-01 08:40:00,0.0077086985
2019-07-01 08:50:00,0.020398438
2019-07-01 09:00:00,0.0079190135
2019-07-01 09:10:00,0.023423702
2019-07-01 09:20:00,0.008295864
2019-07-01 09:30:00,0.021728754
2019-07-01 09:40:00,0.008210033
2019-07-01 09:50:00,0.022729397
2019-07-01 10:00:00,0.009238601
2019-07-01 10:10:00,0.02585131
2019-07-01 10:20:00,0.011076987
2019-07-01 10:30:00,0.029832006
2019-07-01 10:40:00,0.0110708475
2019-07-01 10:50:00,0.02891612
2019-07-01 11:00:00,0.011094511
2019-07-01 11:10:00,0.030033827
2019-07-01 11:20:00,0.0108704865
2019-07-01 11:30:00,0.02904123
2019-07-01 11:40:00,0.011259347
2019-07-01 11:50:00,0.029188275
2019-07-01 12:00:00,0.01117605
2019-07-01 12:10:00,0.029865175
2019-07-01 12:20:00,0.011777639
2019-07-01 12:30:00,0.02979672
2019-07-01 12:40:00,0.011508673
2019-07-01 12:50:00,0.029995024
2019-07-01 13:00:00,0.012237042
2019-07-01 13:10:00,0.030716777
2019-07-01 13:20:00,0.0103010535
2019-07-01 13:30:00,0.027421683
2019-07-01 13:40:00,0.012695253
2019-07-01 13:50:00,0.0361422
2019-07-01 14:00:00,0.013779134
2019-07-01 14:10:00,0.036270797
2019-07-01 14:20:00,0.014056414
2019-07-01 14:30:00,0.03794825
2019-07-01 14:40:00,0.012924135
2019-07-01 14:50:00,0.036753327
2019-07-01 15:00:00,0.013714045
2019-07-01 15:10:00,0.038809985
2019-07-01 15:20:00,0.012970418
2019-07-01 15:30:00,0.03785777
2019-07-01 15:40:00,0.013940036
2019-07-01 15:50:00,0.041505814
2019-07-01 16:00:00,0.0145462155
2019-07-01 16:10:00,0.042598337
2019-07-01 16:20:00,0.015092164
2019-07-01 16:30:00,0.047654063
2019-07-01 16:40:00,0.015315473
2019-07-01 16:50:00,0.047476828
2019-07-01 17:00:00,0.015879452
2019-07-01 17:10:00,0.051968127
2019-07-01 17:20:00,0.016863078
2019-07-01 17:30:00,0.05462852
2019-07-01 17:40:00,0.019268423
2019-07-01 17:50:00,0.06033826
2019-07-01 18:00:00,0.020620048
2019-07-01 18:10:00,0.060891658
2019-07-01 18:20:00,0.022539347
2019-07-01 18:30:00,0.07041654
2019-07-01 18:40:00,0.025215268
2019-07-01 18:50:00,0.06850657
2019-07-01 19:00:00,0.027716875
2019-07-01 19:10:00,0.064625055
2019-07-01 19:20:00,0.030547738
2019-07-01 19:30:00,0.06309748
2019-07-01 19:40:00,0.03164062
2019-07-01 19:50:00,0.06318763
2019-07-01 20:00:00,0.03098464
2019-07-01 20:10:00,0.062234133
2019-07-01 20:20:00,0.03314802
2019-07-01 20:30:00,0.06715003
2019-07-01 20:40:00,0.039449602
2019-07-01 20:50:00,0.07809615
2019-07-01 21:00:00,0.044110984
2019-07-01 21:10:00,0.083114654
2019-07-01 21:20:00,0.046331614
2019-07-01 21:30:00,0.0834181
2019-07-01 21:40:00,0.048819095
2019-07-01 21:50:00,0.0833869
2019-07-01 22:00:00,0.055267513
2019-07-01 22:10:00,0.0863989
2019-07-01 22:20:00,0.054961503
2019-07-01 22:30:00,0.08810794
2019-07-01 22:40:00,0.054366052
2019-07-01 22:50:00,0.079072595
2019-07-01 23:00:00,0.056400448
2019-07-01 23:10:00,0.08465177
2019-07-01 23:20:00,0.063349605
2019-07-01 23:30:00,0.09010708
2019-07-01 23:40:00,0.071002305
2019-07-01 23:50:00,0.09549737
2019-07-02 00:00:00,0.0772613
2019-07-02 00:10:00,0.099136114
2019-07-02 00:20:00,0.08030626
2019-07-02 00:30:00,0.097689
2019-07-02 00:40:00,0.0849452
2019-07-02 00:50:00,0.09418079
2019-07-02 01:00:00,0.08988699
2019-07-02 01:10:00,0.09510416
2019-07-02 01:20:00,0.095097125
2019-07-02 01:30:00,0.09278005
2019-07-02 01:40:00,0.103289366
2019-07-02 01:50:00,0.09279692
2019-07-02 02:00:00,0.10789737
2019-07-02 02:10:00,0.09204984
2019-07-02 02:20:00,0.11636621
2019-07-02 02:30:00,0.08954793
2019-07-02 02:40:00,0.12109542
2019-07-02 02:50:00,0.09093213
2019-07-02 03:00:00,0.12716353
2019-07-02 03:10:00,0.088745505
2019-07-02 03:20:00,0.12783816
2019-07-02 03:30:00,0.08992359
2019-07-02 03:40:00,0.1278669
2019-07-02 03:50:00,0.09169075
2019-07-02 04:00:00,0.12948444
2019-07-02 04:10:00,0.09123129
2019-07-02 04:20:00,0.13924205
2019-07-02 04:30:00,0.09381774
2019-07-02 04:40:00,0.13302886
2019-07-02 04:50:00,0.08686784
2019-07-02 05:00:00,0.12924191
2019-07-02 05:10:00,0.08523947
2019-07-02 05:20:00,0.124005914
2019-07-02 05:30:00,0.07855463
2019-07-02 05:40:00,0.12376636
2019-07-02 05:50:00,0.0789977
2019-07-02 06:00:00,0.124623805
2019-07-02 06:10:00,0.0772585
2019-07-02 06:20:00,0.12621468
2019-07-02 06:30:00,0.08018693
2019-07-02 06:40:00,0.12798885
2019-07-02 06:50:00,0.07576364
2019-07-02 07:00:00,0.12206349
2019-07-02 07:10:00,0.075932235
2019-07-02 07:20:00,0.119455814
2019-07-02 07:30:00,0.069740295
2019-07-02 07:40:00,0.11436185
2019-07-02 07:50:00,0.06651184
2019-07-02 08:00:00,0.11032069
2019-07-02 08:10:00,0.060948014
2019-07-02 08:20:00,0.105888456
2019-07-02 08:30:00,0.06314516
2019-07-02 08:40:00,0.10103205
2019-07-02 08:50:00,0.056658
2019-07-02 09:00:00,0.09624913
2019-07-02 09:10:00,0.057526976
2019-07-02 09:20:00,0.09761089
2019-07-02 09:30:00,0.05622244
2019-07-02 09:40:00,0.09896827
2019-07-02 09:50:00,0.06158316
2019-07-02 10:00:00,0.10496479
2019-07-02 10:10:00,0.057781607
2019-07-02 10:20:00,0.108540535
2019-07-02 10:30:00,0.06288123
2019-07-02 10:40:00,0.10430497
2019-07-02 10:50:00,0.062018245
2019-07-02 11:00:00,0.10269514
2019-07-02 11:10:00,0.066771686
2019-07-02 11:20:00,0.105205
2019-07-02 11:30:00,0.05868578
2019-07-02 11:40:00,0.10260525
2019-07-02 11:50:00,0.062250793
2019-07-02 12:00:00,0.10312411
2019-07-02 12:10:00,0.056722164
2019-07-02 12:20:00,0.10212231
2019-07-02 12:30:00,0.06191972
2019-07-02 12:40:00,0.09981161
2019-07-02 12:50:00,0.056290418
2019-07-02 13:00:00,0.09773156
2019-07-02 13:10:00,0.05725664
2019-07-02 13:20:00,0.09073159
2019-07-02 13:30:00,0.04976663
2019-07-02 13:40:00,0.09113246
2019-07-02 13:50:00,0.05426371
2019-07-02 14:00:00,0.10190818
2019-07-02 14:10:00,0.05501792
2019-07-02 14:20:00,0.10208368
2019-07-02 14:30:00,0.05985287
2019-07-02 14:40:00,0.11592427
2019-07-02 14:50:00,0.056881607
2019-07-02 15:00:00,0.10789755
2019-07-02 15:10:00,0.060935825
2019-07-02 15:20:00,0.1136401
2019-07-02 15:30:00,0.05702591
2019-07-02 15:40:00,0.111849874
2019-07-02 15:50:00,0.06343278
2019-07-02 16:00:00,0.11128485
2019-07-02 16:10:00,0.059331656
2019-07-02 16:20:00,0.104566485
2019-07-02 16:30:00,0.06402162
2019-07-02 16:40:00,0.10996887
2019-07-02 16:50:00,0.059832692
2019-07-02 17:00:00,0.10194394
2019-07-02 17:10:00,0.062269628
2019-07-02 17:20:00,0.1025621
2019-07-02 17:30:00,0.05531907
2019-07-02 17:40:00,0.098792106
2019-07-02 17:50:00,0.059526473
2019-07-02 18:00:00,0.09863323
2019-07-02 18:10:00,0.054857314
2019-07-02 18:20:00,0.09039384
2019-07-02 18:30:00,0.060233355
2019-07-02 18:40:00,0.09545705
2019-07-02 18:50:00,0.059254438
2019-07-02 19:00:00,0.08709651
2019-07-02 19:10:00,0.06571919
2019-07-02 19:20:00,0.08904597
2019-07-02 19:30:00,0.06211415
2019-07-02 19:40:00,0.084759444
2019-07-02 19:50:00,0.06625277
2019-07-02 20:00:00,0.088675946
2019-07-02 20:10:00,0.062012136
2019-07-02 20:20:00,0.077911496
2019-07-02 20:30:00,0.058543026
2019-07-02 20:40:00,0.07454032
2019-07-02 20:50:00,0.051926017
2019-07-02 21:00:00,0.06655729
2019-07-02 21:10:00,0.05180651
2019-07-02 21:20:00,0.06412944
2019-07-02 21:30:00,0.037812352
2019-07-02 21:40:00,0.051600426
2019-07-02 21:50:00,0.037160307
2019-07-02 22:00:00,0.04877481
2019-07-02 22:10:00,0.02727428
2019-07-02 22:20:00,0.03906414
2019-07-02 22:30:00,0.028984845
2019-07-02 22:40:00,0.046861947
2019-07-02 22:50:00,0.03153169
2019-07-02 23:00:00,0.041222423
2019-07-02 23:10:00,0.031245261
2019-07-02 23:20:00,0.04708931
2019-07-02 23:30:00,0.03198406
2019-07-02 23:40:00,0.039198726
2019-07-02 23:50:00,0.030208409
2019-07-03 00:00:00,0.044015408
2019-07-03 00:10:00,0.027532905
2019-07-03 00:20:00,0.03692034
2019-07-03 00:30:00,0.028384924
2019-07-03 00:40:00,0.037705243
2019-07-03 00:50:00,0.02523163
2019-07-03 01:00:00,0.030594617
2019-07-03 01:10:00,0.022410363
2019-07-03 01:20:00,0.030820936
2019-07-03 01:30:00,0.020234197
2019-07-03 01:40:00,0.02526775
2019-07-03 01:50:00,0.019226998
2019-07-03 02:00:00,0.028350234
2019-07-03 02:10:00,0.019675136
2019-07-03 02:20:00,0.02631852
2019-07-03 02:30:00,0.021967739
2019-07-03 02:40:00,0.027509004
2019-07-03 02:50:00,0.020785034
2019-07-03 03:00:00,0.022605598
2019-07-03 03:10:00,0.017861724
2019-07-03 03:20:00,0.023773044
2019-07-03 03:30:00,0.01706165
2019-07-03 03:40:00,0.021629125
2019-07-03 03:50:00,0.016268998
2019-07-03 04:00:00,0.023703545
2019-07-03 04:10:00,0.01554364
2019-07-03 04:20:00,0.019737482
2019-07-03 04:30:00,0.013928771
2019-07-03 04:40:00,0.020823091
2019-07-03 04:50:00,0.013751864
2019-07-03 05:00:00,0.017614722
2019-07-03 05:10:00,0.013062775
2019-07-03 05:20:00,0.01920107
2019-07-03 05:30:00,0.012907058
2019-07-03 05:40:00,0.018118829
2019-07-03 05:50:00,0.012881309
2019-07-03 06:00:00,0.019247383
2019-07-03 06:10:00,0.012184083
2019-07-03 06:20:00,0.017208874
2019-07-03 06:30:00,0.011848807
2019-07-03 06:40:00,0.01900214
2019-07-03 06:50:00,0.012170792
2019-07-03 07:00:00,0.016721368
2019-07-03 07:10:00,0.011776209
2019-07-03 07:20:00,0.017937928
2019-07-03 07:30:00,0.01213184
2019-07-03 07:40:00,0.016598552
2019-07-03 07:50:00,0.012001723
2019-07-03 08:00:00,0.01731512
2019-07-03 08:10:00,0.011236966
2019-07-03 08:20:00,0.015162796
2019-07-03 08:30:00,0.01178962
2019-07-03 08:40:00,0.017707735
2019-07-03 08:50:00,0.012355804
2019-07-03 09:00:00,0.016779274
2019-07-03 09:10:00,0.012598783
2019-07-03 09:20:00,0.018711835
2019-07-03 09:30:00,0.011789799
2019-07-03 09:40:00,0.016596228
2019-07-03 09:50:00,0.011599153
2019-07-03 10:00:00,0.018322617
2019-07-03 10:10:00,0.01110065
2019-07-03 10:20:00,0.016970158
2019-07-03 10:30:00,0.010524601
2019-07-03 10:40:00,0.016029537
2019-07-03 10:50:00,0.011008143
2019-07-03 11:00:00,0.016589433
2019-07-03 11:10:00,0.011266053
2019-07-03 11:20:00,0.018283397
2019-07-03 11:30:00,0.010840207
2019-07-03 11:40:00,0.01671049
2019-07-03 11:50:00,0.010697633
2019-07-03 12:00:00,0.01846388
2019-07-03 12:10:00,0.011894584
2019-07-03 12:20:00,0.018667102
2019-07-03 12:30:00,0.012117088
2019-07-03 12:40:00,0.019694775
2019-07-03 12:50:00,0.012937814
2019-07-03 13:00:00,0.018107176
2019-07-03 13:10:00,0.012233853
2019-07-03 13:20:00,0.017591745
2019-07-03 13:30:00,0.011917591
2019-07-03 13:40:00,0.017726094
2019-07-03 13:50:00,0.012447923
2019-07-03 14:00:00,0.018538624
2019-07-03 14:10:00,0.012114048
2019-07-03 14:20:00,0.017283529
2019-07-03 14:30:00,0.011980385
2019-07-03 14:40:00,0.018403322
2019-07-03 14:50:00,0.012192279
2019-07-03 15:00:00,0.017509878
2019-07-03 15:10:00,0.011759162
2019-07-03 15:20:00,0.01899746
2019-07-03 15:30:00,0.012319118
2019-07-03 15:40:00,0.018667996
2019-07-03 15:50:00,0.012596011
2019-07-03 16:00:00,0.019751579
2019-07-03 16:10:00,0.01257503
2019-07-03 16:20:00,0.017010182
2019-07-03 16:30:00,0.011353105
2019-07-03 16:40:00,0.016467929
2019-07-03 16:50:00,0.0107629
2019-07-03 17:00:00,0.015449911
2019-07-03 17:10:00,0.010239959
2019-07-03 17:20:00,0.015301585
2019-07-03 17:30:00,0.010126203
2019-07-03 17:40:00,0.014238179
2019-07-03 17:50:00,0.009504974
2019-07-03 18:00:00,0.015038192
2019-07-03 18:10:00,0.00989908
2019-07-03 18:20:00,0.014186978
2019-07-03 18:30:00,0.009065747
2019-07-03 18:40:00,0.014954418
2019-07-03 18:50:00,0.009210348
2019-07-03 19:00:00,0.013553739
2019-07-03 19:10:00,0.0082401335
2019-07-03 19:20:00,0.012707293
2019-07-03 19:30:00,0.007684231
2019-07-03 19:40:00,0.011567384
2019-07-03 19:50:00,0.006937146
2019-07-03 20:00:00,0.010552406
2019-07-03 20:10:00,0.007165432
2019-07-03 20:20:00,0.011221081
2019-07-03 20:30:00,0.007426381
2019-07-03 20:40:00,0.01260969
2019-07-03 20:50:00,0.008138686
2019-07-03 21:00:00,0.011638969
2019-07-03 21:10:00,0.0075200796
2019-07-03 21:20:00,0.0121279955
2019-07-03 21:30:00,0.008465171
2019-07-03 21:40:00,0.011600643
2019-07-03 21:50:00,0.007741183
2019-07-03 22:00:00,0.012156367
2019-07-03 22:10:00,0.008606255
2019-07-03 22:20:00,0.012310386
2019-07-03 22:30:00,0.0076001883
2019-07-03 22:40:00,0.0123358965
2019-07-03 22:50:00,0.0068489313
2019-07-03 23:00:00,0.011821479
2019-07-03 23:10:00,0.0060442984
2019-07-03 23:20:00,0.011998475
2019-07-03 23:30:00,0.005453944
2019-07-03 23:40:00,0.011844993
2019-07-03 23:50:00,0.0053513646
2019-07-04 00:00:00,0.012955874
2019-07-04 00:10:00,0.005273223
2019-07-04 00:20:00,0.012509495
2019-07-04 00:30:00,0.0053899586
2019-07-04 00:40:00,0.0139244795
2019-07-04 00:50:00,0.0058831275
2019-07-04 01:00:00,0.013645321
2019-07-04 01:10:00,0.0061142743
2019-07-04 01:20:00,0.015600026
2019-07-04 01:30:00,0.0068849623
2019-07-04 01:40:00,0.015500486
2019-07-04 01:50:00,0.007023096
2019-07-04 02:00:00,0.018169403
2019-07-04 02:10:00,0.0066524744
2019-07-04 02:20:00,0.01834777
2019-07-04 02:30:00,0.0072657466
2019-07-04 02:40:00,0.020198196
2019-07-04 02:50:00,0.0073752403
2019-07-04 03:00:00,0.019753247
2019-07-04 03:10:00,0.0071222484
2019-07-04 03:20:00,0.021483988
2019-07-04 03:30:00,0.007545918
2019-07-04 03:40:00,0.02252239
2019-07-04 03:50:00,0.008220375
2019-07-04 04:00:00,0.025623053
2019-07-04 04:10:00,0.011418104
2019-07-04 04:20:00,0.025192946
2019-07-04 04:30:00,0.014542133
2019-07-04 04:40:00,0.032188624
2019-07-04 04:50:00,0.013594866
2019-07-04 05:00:00,0.036988318
2019-07-04 05:10:00,0.014451444
2019-07-04 05:20:00,0.037151158
2019-07-04 05:30:00,0.013602346
2019-07-04 05:40:00,0.033584416
2019-07-04 05:50:00,0.012997806
2019-07-04 06:00:00,0.038315177
2019-07-04 06:10:00,0.013497621
2019-07-04 06:20:00,0.036862135
2019-07-04 06:30:00,0.014713705
2019-07-04 06:40:00,0.037623733
2019-07-04 06:50:00,0.013913095
2019-07-04 07:00:00,0.037956685
2019-07-04 07:10:00,0.014778793
2019-07-04 07:20:00,0.038628936
2019-07-04 07:30:00,0.015106052
2019-07-04 07:40:00,0.038775712
2019-07-04 07:50:00,0.015390754
2019-07-04 08:00:00,0.04047826
2019-07-04 08:10:00,0.015740663
2019-07-04 08:20:00,0.03945288
2019-07-04 08:30:00,0.016500294
2019-07-04 08:40:00,0.040626764
2019-07-04 08:50:00,0.014518738
2019-07-04 09:00:00,0.03735894
2019-07-04 09:10:00,0.014089644
2019-07-04 09:20:00,0.035963565
2019-07-04 09:30:00,0.013732791
2019-07-04 09:40:00,0.03827411
2019-07-04 09:50:00,0.014710218
2019-07-04 10:00:00,0.039863914
2019-07-04 10:10:00,0.015696317
2019-07-04 10:20:00,0.04067245
2019-07-04 10:30:00,0.018106043
2019-07-04 10:40:00,0.040983737
2019-07-04 10:50:00,0.01689881
2019-07-04 11:00:00,0.04039365
2019-07-04 11:10:00,0.017606914
2019-07-04 11:20:00,0.04002419
2019-07-04 11:30:00,0.014946669
2019-07-04 11:40:00,0.03732711
2019-07-04 11:50:00,0.016392708
2019-07-04 12:00:00,0.039322734
2019-07-04 12:10:00,0.014685631
2019-07-04 12:20:00,0.036122024
2019-07-04 12:30:00,0.014763206
2019-07-04 12:40:00,0.035393476
2019-07-04 12:50:00,0.012756318
2019-07-04 13:00:00,0.035194248
2019-07-04 13:10:00,0.013149023
2019-07-04 13:20:00,0.03501907
2019-07-04 13:30:00,0.012478113
2019-07-04 13:40:00,0.033474505
2019-07-04 13:50:00,0.01124987
2019-07-04 14:00:00,0.03353864
2019-07-04 14:10:00,0.010959357
2019-07-04 14:20:00,0.03293532
2019-07-04 14:30:00,0.010660112
2019-07-04 14:40:00,0.03596911
2019-07-04 14:50:00,0.011427522
2019-07-04 15:00:00,0.036338836
2019-07-04 15:10:00,0.011141062
2019-07-04 15:20:00,0.03835383
2019-07-04 15:30:00,0.011694282
2019-07-04 15:40:00,0.03766927
2019-07-04 15:50:00,0.011341989
2019-07-04 16:00:00,0.040113956
2019-07-04 16:10:00,0.011643082
2019-07-04 16:20:00,0.03960699
2019-07-04 16:30:00,0.010893583
2019-07-04 16:40:00,0.043271273
2019-07-04 16:50:00,0.011923283
2019-07-04 17:00:00,0.038631916
2019-07-04 17:10:00,0.010387301
2019-07-04 17:20:00,0.043083787
2019-07-04 17:30:00,0.009539843
2019-07-04 17:40:00,0.035188705
2019-07-04 17:50:00,0.009182125
2019-07-04 18:00:00,0.038119376
2019-07-04 18:10:00,0.00936389
2019-07-04 18:20:00,0.031266153
2019-07-04 18:30:00,0.009118378
2019-07-04 18:40:00,0.03410986
2019-07-04 18:50:00,0.008946478
2019-07-04 19:00:00,0.031309187
2019-07-04 19:10:00,0.008456618
2019-07-04 19:20:00,0.034142286
2019-07-04 19:30:00,0.008799195
2019-07-04 19:40:00,0.030240595
2019-07-04 19:50:00,0.009321332
2019-07-04 20:00:00,0.03692636
2019-07-04 20:10:00,0.009503365
2019-07-04 20:20:00,0.036538303
2019-07-04 20:30:00,0.009459585
2019-07-04 20:40:00,0.041639894
2019-07-04 20:50:00,0.009413719
2019-07-04 21:00:00,0.036715508
2019-07-04 21:10:00,0.008923501
2019-07-04 21:20:00,0.041529566
2019-07-04 21:30:00,0.009022802
2019-07-04 21:40:00,0.035729587
2019-07-04 21:50:00,0.009295225
2019-07-04 22:00:00,0.039652616
2019-07-04 22:10:00,0.009570777
2019-07-04 22:20:00,0.03675574
2019-07-04 22:30:00,0.009753078
2019-07-04 22:40:00,0.044808537
2019-07-04 22:50:00,0.010873407
2019-07-04 23:00:00,0.044094414
2019-07-04 23:10:00,0.012601197
2019-07-04 23:20:00,0.053414017
2019-07-04 23:30:00,0.0129030645
2019-07-04 23:40:00,0.04732862
2019-07-04 23:50:00,0.014036089
2019-07-05 00:00:00,0.05757332
2019-07-05 00:10:00,0.0147848725
2019-07-05 00:20:00,0.05098325
2019-07-05 00:30:00,0.016381145
2019-07-05 00:40:00,0.06180027
2019-07-05 00:50:00,0.016616613
2019-07-05 01:00:00,0.05870846
2019-07-05 01:10:00,0.017535001
2019-07-05 01:20:00,0.07028514
2019-07-05 01:30:00,0.017642349
2019-07-05 01:40:00,0.05749911
2019-07-05 01:50:00,0.01869604
2019-07-05 02:00:00,0.07094619
2019-07-05 02:10:00,0.020088643
2019-07-05 02:20:00,0.05842483
2019-07-05 02:30:00,0.022521406
2019-07-05 02:40:00,0.07551989
2019-07-05 02:50:00,0.02122739
2019-07-05 03:00:00,0.065200895
2019-07-05 03:10:00,0.022964478
2019-07-05 03:20:00,0.07331422
2019-07-05 03:30:00,0.022802621
2019-07-05 03:40:00,0.06534752
2019-07-05 03:50:00,0.02246046
2019-07-05 04:00:00,0.07019091
2019-07-05 04:10:00,0.0236713
2019-07-05 04:20:00,0.066585034
2019-07-05 04:30:00,0.02537468
2019-07-05 04:40:00,0.08080709
2019-07-05 04:50:00,0.026900232
2019-07-05 05:00:00,0.07967374
2019-07-05 05:10:00,0.029538363
2019-07-05 05:20:00,0.08892578
2019-07-05 05:30:00,0.030522436
2019-07-05 05:40:00,0.07946539
2019-07-05 05:50:00,0.034586042
2019-07-05 06:00:00,0.08957484
2019-07-05 06:10:00,0.040459096
2019-07-05 06:20:00,0.08524078
2019-07-05 06:30:00,0.035611212
2019-07-05 06:40:00,0.086795
2019-07-05 06:50:00,0.041628927
2019-07-05 07:00:00,0.08021715
2019-07-05 07:10:00,0.039482474
2019-07-05 07:20:00,0.084502906
2019-07-05 07:30:00,0.03713146
2019-07-05 07:40:00,0.07938939
2019-07-05 07:50:00,0.04097745
2019-07-05 08:00:00,0.08620474
2019-07-05 08:10:00,0.041285247
2019-07-05 08:20:00,0.08095077
2019-07-05 08:30:00,0.041169822
2019-07-05 08:40:00,0.08537194
2019-07-05 08:50:00,0.038490653
2019-07-05 09:00:00,0.078665525
2019-07-05 09:10:00,0.03551033
2019-07-05 09:20:00,0.08398631
2019-07-05 09:30:00,0.03459856
2019-07-05 09:40:00,0.08074504
2019-07-05 09:50:00,0.0370214
2019-07-05 10:00:00,0.08553761
2019-07-05 10:10:00,0.033923626
2019-07-05 10:20:00,0.08008039
2019-07-05 10:30:00,0.037479043
2019-07-05 10:40:00,0.0860613
2019-07-05 10:50:00,0.032865584
2019-07-05 11:00:00,0.077504516
2019-07-05 11:10:00,0.033157974
2019-07-05 11:20:00,0.07479727
2019-07-05 11:30:00,0.031021625
2019-07-05 11:40:00,0.07359412
2019-07-05 11:50:00,0.034547657
2019-07-05 12:00:00,0.07508615
2019-07-05 12:10:00,0.03128293
2019-07-05 12:20:00,0.076147944
2019-07-05 12:30:00,0.028424233
2019-07-05 12:40:00,0.059317708
2019-07-05 12:50:00,0.027024627
2019-07-05 13:00:00,0.06588894
2019-07-05 13:10:00,0.02732557
2019-07-05 13:20:00,0.06277344
2019-07-05 13:30:00,0.024374634
2019-07-05 13:40:00,0.05745098
2019-07-05 13:50:00,0.02393061
2019-07-05 14:00:00,0.060399085
2019-07-05 14:10:00,0.02091533
2019-07-05 14:20:00,0.05855754
2019-07-05 14:30:00,0.022674352
2019-07-05 14:40:00,0.060335457
2019-07-05 14:50:00,0.023344845
2019-07-05 15:00:00,0.05919525
2019-07-05 15:10:00,0.02414459
2019-07-05 15:20:00,0.058851153
2019-07-05 15:30:00,0.023208976
2019-07-05 15:40:00,0.064885765
2019-07-05 15:50:00,0.026770681
2019-07-05 16:00:00,0.06444925
2019-07-05 16:10:00,0.027381033
2019-07-05 16:20:00,0.07678211
2019-07-05 16:30:00,0.02862537
2019-07-05 16:40:00,0.06967139
2019-07-05 16:50:00,0.026907325
2019-07-05 17:00:00,0.06826717
2019-07-05 17:10:00,0.026785582
2019-07-05 17:20:00,0.06558275
2019-07-05 17:30:00,0.026946515
2019-07-05 17:40:00,0.0693495
2019-07-05 17:50:00,0.025329947
2019-07-05 18:00:00,0.06668717
2019-07-05 18:10:00,0.025445819
2019-07-05 18:20:00,0.06579521
2019-07-05 18:30:00,0.023385376
2019-07-05 18:40:00,0.057580054
2019-07-05 18:50:00,0.023297876
2019-07-05 19:00:00,0.057919532
2019-07-05 19:10:00,0.020564437
2019-07-05 19:20:00,0.05098039
2019-07-05 19:30:00,0.020669997
2019-07-05 19:40:00,0.055822253
2019-07-05 19:50:00,0.02209875
2019-07-05 20:00:00,0.058145046
2019-07-05 20:10:00,0.02512765
2019-07-05 20:20:00,0.060424387
2019-07-05 20:30:00,0.02588746
2019-07-05 20:40:00,0.057672232
2019-07-05 20:50:00,0.025751144
2019-07-05 21:00:00,0.059307963
2019-07-05 21:10:00,0.02415514
2019-07-05 21:20:00,0.054858
2019-07-05 21:30:00,0.023341507
2019-07-05 21:40:00,0.05814442
2019-07-05 21:50:00,0.021219194
2019-07-05 22:00:00,0.050212204
2019-07-05 22:10:00,0.020982474
2019-07-05 22:20:00,0.05158007
2019-07-05 22:30:00,0.018853128
2019-07-05 22:40:00,0.04323271
2019-07-05 22:50:00,0.018173933
2019-07-05 23:00:00,0.043777466
2019-07-05 23:10:00,0.017947704
2019-07-05 23:20:00,0.0388259
2019-07-05 23:30:00,0.017925143
2019-07-05 23:40:00,0.039566964
2019-07-05 23:50:00,0.019449085
2019-07-06 00:00:00,0.036628544
2019-07-06 00:10:00,0.020826578
2019-07-06 00:20:00,0.043093234
2019-07-06 00:30:00,0.0199081
2019-07-06 00:40:00,0.042661667
2019-07-06 00:50:00,0.019859165
2019-07-06 01:00:00,0.04677838
2019-07-06 01:10:00,0.018439204
2019-07-06 01:20:00,0.040219158
2019-07-06 01:30:00,0.017736048
2019-07-06 01:40:00,0.04214275
2019-07-06 01:50:00,0.016639024
2019-07-06 02:00:00,0.03826505
2019-07-06 02:10:00,0.018049955
2019-07-06 02:20:00,0.042032927
2019-07-06 02:30:00,0.01644975
2019-07-06 02:40:00,0.03725922
2019-07-06 02:50:00,0.016627401
2019-07-06 03:00:00,0.0389387
2019-07-06 03:10:00,0.015213102
2019-07-06 03:20:00,0.031597823
2019-07-06 03:30:00,0.01468277
2019-07-06 03:40:00,0.03168127
2019-07-06 03:50:00,0.013580084
2019-07-06 04:00:00,0.027540296
2019-07-06 04:10:00,0.0133624375
2019-07-06 04:20:00,0.029168427
2019-07-06 04:30:00,0.011783987
2019-07-06 04:40:00,0.026280254
2019-07-06 04:50:00,0.011828721
2019-07-06 05:00:00,0.027214915
2019-07-06 05:10:00,0.010189086
2019-07-06 05:20:00,0.022981107
2019-07-06 05:30:00,0.010570139
2019-07-06 05:40:00,0.025349498
2019-07-06 05:50:00,0.009264827
2019-07-06 06:00:00,0.019873291
2019-07-06 06:10:00,0.008781612
2019-07-06 06:20:00,0.01896289
2019-07-06 06:30:00,0.0076625645
2019-07-06 06:40:00,0.016007781
2019-07-06 06:50:00,0.008420795
2019-07-06 07:00:00,0.017209202
2019-07-06 07:10:00,0.0077750683
2019-07-06 07:20:00,0.014480352
2019-07-06 07:30:00,0.007814139
2019-07-06 07:40:00,0.016085595
2019-07-06 07:50:00,0.0072680414
2019-07-06 08:00:00,0.014121503
2019-07-06 08:10:00,0.007983059
2019-07-06 08:20:00,0.0141375065
2019-07-06 08:30:00,0.0063231587
2019-07-06 08:40:00,0.012537152
2019-07-06 08:50:00,0.005088806
2019-07-06 09:00:00,0.012989223
2019-07-06 09:10:00,0.004450977
2019-07-06 09:20:00,0.0115484
2019-07-06 09:30:00,0.004332602
2019-07-06 09:40:00,0.012036175
2019-07-06 09:50:00,0.004029751
2019-07-06 10:00:00,0.010991752
2019-07-06 10:10:00,0.0046518445
2019-07-06 10:20:00,0.011696428
2019-07-06 10:30:00,0.00401327
2019-07-06 10:40:00,0.010734707
2019-07-06 10:50:00,0.004622549
2019-07-06 11:00:00,0.011365265
2019-07-06 11:10:00,0.004077047
2019-07-06 11:20:00,0.010276437
2019-07-06 11:30:00,0.004848033
2019-07-06 11:40:00,0.011431128
2019-07-06 11:50:00,0.0040224195
2019-07-06 12:00:00,0.010024935
2019-07-06 12:10:00,0.0045004487
2019-07-06 12:20:00,0.01025793
2019-07-06 12:30:00,0.0040051937
2019-07-06 12:40:00,0.009657711
2019-07-06 12:50:00,0.0042644143
2019-07-06 13:00:00,0.0101028085
2019-07-06 13:10:00,0.0037827194
2019-07-06 13:20:00,0.009654909
2019-07-06 13:30:00,0.004431784
2019-07-06 13:40:00,0.010111988
2019-07-06 13:50:00,0.0040144026
2019-07-06 14:00:00,0.009225398
2019-07-06 14:10:00,0.0045491457
2019-07-06 14:20:00,0.009815127
2019-07-06 14:30:00,0.0037910342
2019-07-06 14:40:00,0.008784324
2019-07-06 14:50:00,0.0039762557
2019-07-06 15:00:00,0.009011835
2019-07-06 15:10:00,0.0034708977
2019-07-06 15:20:00,0.00932768
2019-07-06 15:30:00,0.0036312044
2019-07-06 15:40:00,0.009675354
2019-07-06 15:50:00,0.0031659007
2019-07-06 16:00:00,0.009613186
2019-07-06 16:10:00,0.0037226677
2019-07-06 16:20:00,0.01001209
2019-07-06 16:30:00,0.0033700168
2019-07-06 16:40:00,0.009863704
2019-07-06 16:50:00,0.003899634
2019-07-06 17:00:00,0.010197848
2019-07-06 17:10:00,0.0034869313
2019-07-06 17:20:00,0.010504782
2019-07-06 17:30:00,0.0035636127
2019-07-06 17:40:00,0.010727704
2019-07-06 17:50:00,0.0031872094
2019-07-06 18:00:00,0.010119647
2019-07-06 18:10:00,0.003424704
2019-07-06 18:20:00,0.010627866
2019-07-06 18:30:00,0.0032496154
2019-07-06 18:40:00,0.010817409
2019-07-06 18:50:00,0.0033813417
2019-07-06 19:00:00,0.011507988
2019-07-06 19:10:00,0.0033842325
2019-07-06 19:20:00,0.011639953
2019-07-06 19:30:00,0.003521502
2019-07-06 19:40:00,0.011772752
2019-07-06 19:50:00,0.0031547844
2019-07-06 20:00:00,0.012141347
2019-07-06 20:10:00,0.003292948
2019-07-06 20:20:00,0.013492823
2019-07-06 20:30:00,0.0034121573
2019-07-06 20:40:00,0.014901966
2019-07-06 20:50:00,0.0035982728
2019-07-06 21:00:00,0.014433265
2019-07-06 21:10:00,0.0034796298
2019-07-06 21:20:00,0.014907151
2019-07-06 21:30:00,0.0036523938
2019-07-06 21:40:00,0.015107691
2019-07-06 21:50:00,0.0036320388
2019-07-06 22:00:00,0.016104221
2019-07-06 22:10:00,0.0037450492
2019-07-06 22:20:00,0.015987307
2019-07-06 22:30:00,0.003609091
2019-07-06 22:40:00,0.015679955
2019-07-06 22:50:00,0.0034667552
2019-07-06 23:00:00,0.01558125
2019-07-06 23:10:00,0.003398329
2019-07-06 23:20:00,0.014734805
2019-07-06 23:30:00,0.0034526885
2019-07-06 23:40:00,0.015200049
2019-07-06 23:50:00,0.003359735
2019-07-07 00:00:00,0.015547693
2019-07-07 00:10:00,0.003365308
2019-07-07 00:20:00,0.015413493
2019-07-07 00:30:00,0.0035274029
2019-07-07 00:40:00,0.015307754
2019-07-07 00:50:00,0.0030404627
2019-07-07 01:00:00,0.015161693
2019-07-07 01:10:00,0.002947867
2019-07-07 01:20:00,0.015807986
2019-07-07 01:30:00,0.0026216507
2019-07-07 01:40:00,0.015176654
2019-07-07 01:50:00,0.0025467575
2019-07-07 02:00:00,0.016418755
2019-07-07 02:10:00,0.00310117
2019-07-07 02:20:00,0.01751396
2019-07-07 02:30:00,0.0029176772
2019-07-07 02:40:00,0.016985536
2019-07-07 02:50:00,0.0029628277
2019-07-07 03:00:00,0.017573863
2019-07-07 03:10:00,0.002855301
2019-07-07 03:20:00,0.017339736
2019-07-07 03:30:00,0.0029923618
2019-07-07 03:40:00,0.017063528
2019-07-07 03:50:00,0.0028249621
2019-07-07 04:00:00,0.015510172
2019-07-07 04:10:00,0.0029357076
2019-07-07 04:20:00,0.014660776
2019-07-07 04:30:00,0.00293988
2019-07-07 04:40:00,0.011663705
2019-07-07 04:50:00,0.0029432476
2019-07-07 05:00:00,0.009955436
2019-07-07 05:10:00,0.0028258264
2019-07-07 05:20:00,0.007994413
2019-07-07 05:30:00,0.0033444166
2019-07-07 05:40:00,0.010072917
2019-07-07 05:50:00,0.0034639537
2019-07-07 06:00:00,0.011618048
2019-07-07 06:10:00,0.0035564005
2019-07-07 06:20:00,0.010981321
2019-07-07 06:30:00,0.0033906698
2019-07-07 06:40:00,0.0105775
2019-07-07 06:50:00,0.0030624568
2019-07-07 07:00:00,0.009262472
2019-07-07 07:10:00,0.0028084517
2019-07-07 07:20:00,0.0072033405
2019-07-07 07:30:00,0.0024983883
2019-07-07 07:40:00,0.006210774
2019-07-07 07:50:00,0.0023460984
2019-07-07 08:00:00,0.005117804
2019-07-07 08:10:00,0.0022873282
2019-07-07 08:20:00,0.004609078
2019-07-07 08:30:00,0.00212726
2019-07-07 08:40:00,0.0039183795
2019-07-07 08:50:00,0.0020202696
2019-07-07 09:00:00,0.0040048063
2019-07-07 09:10:00,0.0019496381
2019-07-07 09:20:00,0.004052758
2019-07-07 09:30:00,0.0023153424
2019-07-07 09:40:00,0.0042857826
2019-07-07 09:50:00,0.002268374
2019-07-07 10:00:00,0.0041593313
2019-07-07 10:10:00,0.002466768
2019-07-07 10:20:00,0.0041484237
2019-07-07 10:30:00,0.002290815
2019-07-07 10:40:00,0.0037968755
2019-07-07 10:50:00,0.0024229288
2019-07-07 11:00:00,0.0038183331
2019-07-07 11:10:00,0.0021865666
2019-07-07 11:20:00,0.003672719
2019-07-07 11:30:00,0.0022159219
2019-07-07 11:40:00,0.0037119985
2019-07-07 11:50:00,0.0020259023
2019-07-07 12:00:00,0.0036631227
2019-07-07 12:10:00,0.002448976
2019-07-07 12:20:00,0.0039093494
2019-07-07 12:30:00,0.0024392605
2019-07-07 12:40:00,0.003632903
2019-07-07 12:50:00,0.0026322901
2019-07-07 13:00:00,0.0036515594
2019-07-07 13:10:00,0.002479434
2019-07-07 13:20:00,0.0032493472
2019-07-07 13:30:00,0.0026592612
2019-07-07 13:40:00,0.0033680797
2019-07-07 13:50:00,0.0025096834
2019-07-07 14:00:00,0.0032143295
2019-07-07 14:10:00,0.0026818812
2019-07-07 14:20:00,0.0034368038
2019-07-07 14:30:00,0.0026828647
2019-07-07 14:40:00,0.003334701
2019-07-07 14:50:00,0.0028877556
2019-07-07 15:00:00,0.0034821928
2019-07-07 15:10:00,0.0028599799
2019-07-07 15:20:00,0.0031872392
2019-07-07 15:30:00,0.0034956038
2019-07-07 15:40:00,0.0034437776
2019-07-07 15:50:00,0.0034968555
2019-07-07 16:00:00,0.0029951632
2019-07-07 16:10:00,0.004296601
2019-07-07 16:20:00,0.003086865
2019-07-07 16:30:00,0.004515946
2019-07-07 16:40:00,0.0026703477
2019-07-07 16:50:00,0.0044542253
2019-07-07 17:00:00,0.002693504
2019-07-07 17:10:00,0.004283428
2019-07-07 17:20:00,0.002501905
2019-07-07 17:30:00,0.004348099
2019-07-07 17:40:00,0.0026402175
2019-07-07 17:50:00,0.0045184195
2019-07-07 18:00:00,0.0026673377
2019-07-07 18:10:00,0.00454548
2019-07-07 18:20:00,0.002787888
2019-07-07 18:30:00,0.004847318
2019-07-07 18:40:00,0.002559334
2019-07-07 18:50:00,0.0049206316
2019-07-07 19:00:00,0.0025306642
2019-07-07 19:10:00,0.0048747957
2019-07-07 19:20:00,0.0023453534
2019-07-07 19:30:00,0.004834026
2019-07-07 19:40:00,0.0025618374
2019-07-07 19:50:00,0.0047973096
2019-07-07 20:00:00,0.002330482
2019-07-07 20:10:00,0.004868686
2019-07-07 20:20:00,0.002429843
2019-07-07 20:30:00,0.004844129
2019-07-07 20:40:00,0.0023297668
2019-07-07 20:50:00,0.0050346553
2019-07-07 21:00:00,0.002399981
2019-07-07 21:10:00,0.0054172873
2019-07-07 21:20:00,0.0024117231
2019-07-07 21:30:00,0.005857229
2019-07-07 21:40:00,0.0026244223
2019-07-07 21:50:00,0.005799234
2019-07-07 22:00:00,0.0023866892
2019-07-07 22:10:00,0.0064844787
2019-07-07 22:20:00,0.0025277436
2019-07-07 22:30:00,0.0067528486
2019-07-07 22:40:00,0.0023195744
2019-07-07 22:50:00,0.0069095194
2019-07-07 23:00:00,0.002761215
2019-07-07 23:10:00,0.0070674717
2019-07-07 23:20:00,0.0025199056
2019-07-07 23:30:00,0.007102281
2019-07-07 23:40:00,0.003172189
2019-07-07 23:50:00,0.006736815
2019-07-08 00:00:00,0.0026708543
2019-07-08 00:10:00,0.0067952275
2019-07-08 00:20:00,0.0030312836
2019-07-08 00:30:00,0.0073583424
2019-07-08 00:40:00,0.0024040043
2019-07-08 00:50:00,0.0076076686
2019-07-08 01:00:00,0.003055364
2019-07-08 01:10:00,0.008158177
2019-07-08 01:20:00,0.0027083457
2019-07-08 01:30:00,0.008951902
2019-07-08 01:40:00,0.0032825768
2019-07-08 01:50:00,0.008945763
2019-07-08 02:00:00,0.0029427707
2019-07-08 02:10:00,0.00885874
2019-07-08 02:20:00,0.003675133
2019-07-08 02:30:00,0.009629667
2019-07-08 02:40:00,0.0031192899
2019-07-08 02:50:00,0.010574251
2019-07-08 03:00:00,0.0038783252
2019-07-08 03:10:00,0.012066752
2019-07-08 03:20:00,0.003550738
2019-07-08 03:30:00,0.011904061
2019-07-08 03:40:00,0.004622638
2019-07-08 03:50:00,0.012469798
2019-07-08 04:00:00,0.004221469
2019-07-08 04:10:00,0.012927443
2019-07-08 04:20:00,0.005685866
2019-07-08 04:30:00,0.01500839
2019-07-08 04:40:00,0.0057875514
2019-07-08 04:50:00,0.015679777
2019-07-08 05:00:00,0.0070474744
2019-07-08 05:10:00,0.01638046
2019-07-08 05:20:00,0.006415546
2019-07-08 05:30:00,0.017477006
2019-07-08 05:40:00,0.008722246
2019-07-08 05:50:00,0.01950568
2019-07-08 06:00:00,0.007863671
2019-07-08 06:10:00,0.019224465
2019-07-08 06:20:00,0.010164559
2019-07-08 06:30:00,0.021596551
2019-07-08 06:40:00,0.0087124705
2019-07-08 06:50:00,0.021947086
2019-07-08 07:00:00,0.011978
2019-07-08 07:10:00,0.026051909
2019-07-08 07:20:00,0.009963393
2019-07-08 07:30:00,0.02490127
2019-07-08 07:40:00,0.014958888
2019-07-08 07:50:00,0.035358608
2019-07-08 08:00:00,0.015999913
2019-07-08 08:10:00,0.034056693
2019-07-08 08:20:00,0.022818923
2019-07-08 08:30:00,0.041971177
2019-07-08 08:40:00,0.021774828
2019-07-08 08:50:00,0.0431076
2019-07-08 09:00:00,0.0299308
2019-07-08 09:10:00,0.049978316
2019-07-08 09:20:00,0.026174754
2019-07-08 09:30:00,0.04804811
2019-07-08 09:40:00,0.034825355
2019-07-08 09:50:00,0.05532059
2019-07-08 10:00:00,0.030756772
2019-07-08 10:10:00,0.05352804
2019-07-08 10:20:00,0.03967017
2019-07-08 10:30:00,0.064288795
2019-07-08 10:40:00,0.037313133
2019-07-08 10:50:00,0.06112036
2019-07-08 11:00:00,0.050990075
2019-07-08 11:10:00,0.06952986
2019-07-08 11:20:00,0.055691153
2019-07-08 11:30:00,0.07053685
2019-07-08 11:40:00,0.108902425
2019-07-08 11:50:00,0.07474798
2019-07-08 12:00:00,0.09045851
2019-07-08 12:10:00,0.074979335
2019-07-08 12:20:00,0.120758325
2019-07-08 12:30:00,0.084585786
2019-07-08 12:40:00,0.09563768
2019-07-08 12:50:00,0.0760504
2019-07-08 13:00:00,0.122739434
2019-07-08 13:10:00,0.08498564
2019-07-08 13:20:00,0.10252875
2019-07-08 13:30:00,0.08292708
2019-07-08 13:40:00,0.14177686
2019-07-08 13:50:00,0.09009737
2019-07-08 14:00:00,0.12750044
2019-07-08 14:10:00,0.08620471
2019-07-08 14:20:00,0.16496587
2019-07-08 14:30:00,0.092936665
2019-07-08 14:40:00,0.14540118
2019-07-08 14:50:00,0.08433977
2019-07-08 15:00:00,0.20393941
2019-07-08 15:10:00,0.1274741
2019-07-08 15:20:00,0.20902473
2019-07-08 15:30:00,0.12063897
2019-07-08 15:40:00,0.23628145
2019-07-08 15:50:00,0.13299587
2019-07-08 16:00:00,0.21403787
2019-07-08 16:10:00,0.12420604
2019-07-08 16:20:00,0.24113324
2019-07-08 16:30:00,0.13575047
2019-07-08 16:40:00,0.21755847
2019-07-08 16:50:00,0.11856651
2019-07-08 17:00:00,0.24777287
2019-07-08 17:10:00,0.13273215
2019-07-08 17:20:00,0.22171497
2019-07-08 17:30:00,0.12079635
2019-07-08 17:40:00,0.24647397
2019-07-08 17:50:00,0.13561532
2019-07-08 18:00:00,0.22201255
2019-07-08 18:10:00,0.12143129
2019-07-08 18:30:00,0.2474592
2019-07-08 18:40:00,0.14246592
2019-07-08 18:50:00,0.21860504
2019-07-08 19:00:00,0.12685996
2019-07-08 19:10:00,0.24963337
2019-07-08 19:20:00,0.13685808
2019-07-08 19:30:00,0.22365499
2019-07-08 19:40:00,0.12455273
2019-07-08 19:50:00,0.2528138
2019-07-08 20:00:00,0.13899511
2019-07-08 20:10:00,0.23246899
2019-07-08 20:20:00,0.12949863
2019-07-08 20:30:00,0.25581625
2019-07-08 20:40:00,0.14122355
2019-07-08 20:50:00,0.22728845
2019-07-08 21:00:00,0.12556347
2019-07-08 21:10:00,0.24519643
2019-07-08 21:20:00,0.13724592
2019-07-08 21:30:00,0.22480077
2019-07-08 21:40:00,0.12392911
2019-07-08 21:50:00,0.25036794
2019-07-08 22:00:00,0.14185718
2019-07-08 22:10:00,0.21894902
2019-07-08 22:20:00,0.10975298
2019-07-08 22:30:00,0.2294479
2019-07-08 22:40:00,0.14169803
2019-07-08 22:50:00,0.20252186
2019-07-08 23:00:00,0.118813306
2019-07-08 23:10:00,0.22699451
2019-07-08 23:20:00,0.1287722
2019-07-08 23:30:00,0.20316768
2019-07-08 23:40:00,0.118098885
2019-07-08 23:50:00,0.2310392
2019-07-09 00:00:00,0.12976873
2019-07-09 00:10:00,0.20207345
2019-07-09 00:20:00,0.11675301
2019-07-09 00:30:00,0.21554238
2019-07-09 00:40:00,0.12626684
2019-07-09 00:50:00,0.18547824
2019-07-09 01:00:00,0.10637766
2019-07-09 01:10:00,0.1927768
2019-07-09 01:20:00,0.10523677
2019-07-09 01:30:00,0.17970544
2019-07-09 01:40:00,0.10697925
2019-07-09 01:50:00,0.2112579
2019-07-09 02:00:00,0.12253624
2019-07-09 02:10:00,0.18589744
2019-07-09 02:20:00,0.11114377
2019-07-09 02:30:00,0.2046183
2019-07-09 02:40:00,0.13505727
2019-07-09 02:50:00,0.18836129
2019-07-09 03:00:00,0.12776202
2019-07-09 03:10:00,0.21449378
2019-07-09 03:20:00,0.13980743
2019-07-09 03:30:00,0.1911276
2019-07-09 03:40:00,0.123298794
2019-07-09 03:50:00,0.20074067
2019-07-09 04:00:00,0.1303064
2019-07-09 04:10:00,0.17056072
2019-07-09 04:20:00,0.11760181
2019-07-09 04:30:00,0.18188727
2019-07-09 04:40:00,0.12369272
2019-07-09 04:50:00,0.15792462
2019-07-09 05:00:00,0.111133665
2019-07-09 05:10:00,0.1698775
2019-07-09 05:20:00,0.11829516
2019-07-09 05:30:00,0.14960212
2019-07-09 05:40:00,0.110351026
2019-07-09 05:50:00,0.1579923
2019-07-09 06:00:00,0.12042594
2019-07-09 06:10:00,0.13896081
2019-07-09 06:20:00,0.114878565
2019-07-09 06:30:00,0.15701655
2019-07-09 06:40:00,0.11926401
2019-07-09 06:50:00,0.105305225
2019-07-09 07:00:00,0.12098971
2019-07-09 07:10:00,0.12455246
2019-07-09 07:20:00,0.11589202
2019-07-09 07:30:00,0.1175448
2019-07-09 07:40:00,0.10769305
2019-07-09 07:50:00,0.12283206
2019-07-09 08:00:00,0.1113756
2019-07-09 08:10:00,0.113354236
2019-07-09 08:20:00,0.10442385
2019-07-09 08:30:00,0.115746945
2019-07-09 08:40:00,0.10533756
2019-07-09 08:50:00,0.10666582
2019-07-09 09:00:00,0.1004321
2019-07-09 09:10:00,0.10860029
2019-07-09 09:20:00,0.107185334
2019-07-09 09:30:00,0.09719998
2019-07-09 09:40:00,0.097320616
2019-07-09 09:50:00,0.11185026
2019-07-09 10:00:00,0.1023249
2019-07-09 10:10:00,0.106814116
2019-07-09 10:20:00,0.09320289
2019-07-09 10:30:00,0.11297673
2019-07-09 10:40:00,0.10030031
2019-07-09 10:50:00,0.103144765
2019-07-09 11:00:00,0.0967004
2019-07-09 11:10:00,0.10816422
2019-07-09 11:20:00,0.10080361
2019-07-09 11:30:00,0.098246425
2019-07-09 11:40:00,0.08857831
2019-07-09 11:50:00,0.10690066
2019-07-09 12:00:00,0.09612268
2019-07-09 12:10:00,0.097237915
2019-07-09 12:20:00,0.08706036
2019-07-09 12:30:00,0.095707834
2019-07-09 12:40:00,0.09018695
2019-07-09 12:50:00,0.08297479
2019-07-09 13:00:00,0.08245635
2019-07-09 13:10:00,0.092224866
2019-07-09 13:20:00,0.08506104
2019-07-09 13:30:00,0.08557072
2019-07-09 13:40:00,0.07807332
2019-07-09 13:50:00,0.089218706
2019-07-09 14:00:00,0.08375591
2019-07-09 14:10:00,0.08040187
2019-07-09 14:20:00,0.081968576
2019-07-09 14:30:00,0.09595078
2019-07-09 14:40:00,0.092506856
2019-07-09 14:50:00,0.08078429
2019-07-09 15:00:00,0.07772735
2019-07-09 15:10:00,0.08775976
2019-07-09 15:20:00,0.08541861
2019-07-09 15:30:00,0.072107196
2019-07-09 15:40:00,0.07640305
2019-07-09 15:50:00,0.07976186
2019-07-09 16:00:00,0.07022959
2019-07-09 16:10:00,0.073414624
2019-07-09 16:20:00,0.06639701
2019-07-09 16:30:00,0.07662499
2019-07-09 16:40:00,0.065660834
2019-07-09 16:50:00,0.06720269
2019-07-09 17:00:00,0.06081295
2019-07-09 17:10:00,0.069414645
2019-07-09 17:20:00,0.06605041
2019-07-09 17:30:00,0.061008602
2019-07-09 17:40:00,0.0630492
2019-07-09 17:50:00,0.06635147
2019-07-09 18:00:00,0.069230795
2019-07-09 18:10:00,0.060171723
2019-07-09 18:20:00,0.05983618
2019-07-09 18:30:00,0.06459069
2019-07-09 18:40:00,0.07102814
2019-07-09 18:50:00,0.05900383
2019-07-09 19:00:00,0.05986172
2019-07-09 19:10:00,0.059885323
2019-07-09 19:20:00,0.07000044
2019-07-09 19:30:00,0.052525133
2019-07-09 19:40:00,0.062292248
2019-07-09 19:50:00,0.056571484
2019-07-09 20:00:00,0.07374856
2019-07-09 20:10:00,0.05218813
2019-07-09 20:20:00,0.06606972
2019-07-09 20:30:00,0.053862482
2019-07-09 20:40:00,0.076903045
2019-07-09 20:50:00,0.050822437
2019-07-09 21:00:00,0.07629958
2019-07-09 21:10:00,0.055656523
2019-07-09 21:20:00,0.08639306
2019-07-09 21:30:00,0.04914868
2019-07-09 21:40:00,0.07991475
2019-07-09 21:50:00,0.053956926
2019-07-09 22:00:00,0.08607188
2019-07-09 22:10:00,0.049883425
2019-07-09 22:20:00,0.08785117
2019-07-09 22:30:00,0.057293802
2019-07-09 22:40:00,0.09200537
2019-07-09 22:50:00,0.053649753
2019-07-09 23:00:00,0.08606398
2019-07-09 23:10:00,0.057381958
2019-07-09 23:20:00,0.09434405
2019-07-09 23:30:00,0.05483675
2019-07-09 23:40:00,0.086348295
2019-07-09 23:50:00,0.058158666
2019-07-10 00:00:00,0.09208909
2019-07-10 00:10:00,0.05203432
2019-07-10 00:20:00,0.08840689
2019-07-10 00:30:00,0.0556297
2019-07-10 00:40:00,0.093598425
2019-07-10 00:50:00,0.05327809
2019-07-10 01:00:00,0.09078133
2019-07-10 01:10:00,0.06039056
2019-07-10 01:20:00,0.09760153
2019-07-10 01:30:00,0.054587245
2019-07-10 01:40:00,0.09263241
2019-07-10 01:50:00,0.0606474
2019-07-10 02:00:00,0.10066348
2019-07-10 02:10:00,0.05364266
2019-07-10 02:20:00,0.09206253
2019-07-10 02:30:00,0.058181614
2019-07-10 02:40:00,0.10210067
2019-07-10 02:50:00,0.048666924
2019-07-10 03:00:00,0.08947694
2019-07-10 03:10:00,0.05045539
2019-07-10 03:20:00,0.091884464
2019-07-10 03:30:00,0.044362366
2019-07-10 03:40:00,0.08549857
2019-07-10 03:50:00,0.046983182
2019-07-10 04:00:00,0.0943459
2019-07-10 04:10:00,0.048297822
2019-07-10 04:20:00,0.08558121
2019-07-10 04:30:00,0.054228276
2019-07-10 04:40:00,0.09293717
2019-07-10 04:50:00,0.050053984
2019-07-10 05:00:00,0.08214247
2019-07-10 05:10:00,0.05047208
2019-07-10 05:20:00,0.08914101
2019-07-10 05:30:00,0.044867754
2019-07-10 05:40:00,0.08150092
2019-07-10 05:50:00,0.044075906
2019-07-10 06:00:00,0.08461639
2019-07-10 06:10:00,0.041902155
2019-07-10 06:20:00,0.076735705
2019-07-10 06:30:00,0.04381433
2019-07-10 06:40:00,0.08272967
2019-07-10 06:50:00,0.041543424
2019-07-10 07:00:00,0.07591796
2019-07-10 07:10:00,0.04872212
2019-07-10 07:20:00,0.08865917
2019-07-10 07:30:00,0.04175234
2019-07-10 07:40:00,0.07651529
2019-07-10 07:50:00,0.047697723
2019-07-10 08:00:00,0.08053833
2019-07-10 08:10:00,0.04210198
2019-07-10 08:20:00,0.07166523
2019-07-10 08:30:00,0.042402864
2019-07-10 08:40:00,0.080319315
2019-07-10 08:50:00,0.035827965
2019-07-10 09:00:00,0.067127675
2019-07-10 09:10:00,0.033866316
2019-07-10 09:20:00,0.06381497
2019-07-10 09:30:00,0.029373914
2019-07-10 09:40:00,0.060944825
2019-07-10 09:50:00,0.030858368
2019-07-10 10:00:00,0.06404653
2019-07-10 10:10:00,0.026267678
2019-07-10 10:20:00,0.05199194
2019-07-10 10:30:00,0.027457654
2019-07-10 10:40:00,0.053813934
2019-07-10 10:50:00,0.023730844
2019-07-10 11:00:00,0.047219872
2019-07-10 11:10:00,0.02425921
2019-07-10 11:20:00,0.05108711
2019-07-10 11:30:00,0.022921413
2019-07-10 11:40:00,0.045605868
2019-07-10 11:50:00,0.025144935
2019-07-10 12:00:00,0.047386527
2019-07-10 12:10:00,0.020041257
2019-07-10 12:20:00,0.041248888
2019-07-10 12:30:00,0.018555582
2019-07-10 12:40:00,0.041362464
2019-07-10 12:50:00,0.016800195
2019-07-10 13:00:00,0.036619335
2019-07-10 13:10:00,0.017910272
2019-07-10 13:20:00,0.040251017
2019-07-10 13:30:00,0.017025948
2019-07-10 13:40:00,0.033909053
2019-07-10 13:50:00,0.016845524
2019-07-10 14:00:00,0.03937432
2019-07-10 14:10:00,0.01573503
2019-07-10 14:20:00,0.03388834
2019-07-10 14:30:00,0.015048027
2019-07-10 14:40:00,0.035974354
2019-07-10 14:50:00,0.013455987
2019-07-10 15:00:00,0.029935181
2019-07-10 15:10:00,0.011828542
2019-07-10 15:20:00,0.030033827
2019-07-10 15:30:00,0.010692209
2019-07-10 15:40:00,0.024916112
2019-07-10 15:50:00,0.011062205
2019-07-10 16:00:00,0.026191175
2019-07-10 16:10:00,0.012198776
2019-07-10 16:20:00,0.028551012
2019-07-10 16:30:00,0.011478305
2019-07-10 16:40:00,0.025408387
2019-07-10 16:50:00,0.009720385
2019-07-10 17:00:00,0.022500515
2019-07-10 17:10:00,0.009494156
2019-07-10 17:20:00,0.023774713
2019-07-10 17:30:00,0.008078307
2019-07-10 17:40:00,0.019784063
2019-07-10 17:50:00,0.008077592
2019-07-10 18:00:00,0.020326227
2019-07-10 18:10:00,0.007348776
2019-07-10 18:20:00,0.017947197
2019-07-10 18:30:00,0.007996142
2019-07-10 18:40:00,0.02022034
2019-07-10 18:50:00,0.0072777867
2019-07-10 19:00:00,0.01776737
2019-07-10 19:10:00,0.007155329
2019-07-10 19:20:00,0.017532676
2019-07-10 19:30:00,0.006578326
2019-07-10 19:40:00,0.016118705
2019-07-10 19:50:00,0.0066542625
2019-07-10 20:00:00,0.016558558
2019-07-10 20:10:00,0.0061725676
2019-07-10 20:20:00,0.0142453015
2019-07-10 20:30:00,0.0061787665
2019-07-10 20:40:00,0.013507813
2019-07-10 20:50:00,0.006084323
2019-07-10 21:00:00,0.011897862
2019-07-10 21:10:00,0.006581515
2019-07-10 21:20:00,0.012785375
2019-07-10 21:30:00,0.0063617527
2019-07-10 21:40:00,0.011256903
2019-07-10 21:50:00,0.0065894723
2019-07-10 22:00:00,0.011914343
2019-07-10 22:10:00,0.006255299
2019-07-10 22:20:00,0.010552853
2019-07-10 22:30:00,0.006355047
2019-07-10 22:40:00,0.011333048
2019-07-10 22:50:00,0.005874425
2019-07-10 23:00:00,0.010719925
2019-07-10 23:10:00,0.005513072
2019-07-10 23:20:00,0.010362089
2019-07-10 23:30:00,0.005984843
2019-07-10 23:40:00,0.008924365
2019-07-10 23:50:00,0.0056149364
2019-07-11 00:00:00,0.009080261
2019-07-11 00:10:00,0.006007552
2019-07-11 00:20:00,0.009066641
2019-07-11 00:30:00,0.005880922
2019-07-11 00:40:00,0.009563088
2019-07-11 00:50:00,0.0058317184
2019-07-11 01:00:00,0.00886941
2019-07-11 01:10:00,0.0052129924
2019-07-11 01:20:00,0.009113699
2019-07-11 01:30:00,0.0051281154
2019-07-11 01:40:00,0.008214265
2019-07-11 01:50:00,0.0049298406
2019-07-11 02:00:00,0.0085737705
2019-07-11 02:10:00,0.0047924817
2019-07-11 02:20:00,0.0078006983
2019-07-11 02:30:00,0.0043598413
2019-07-11 02:40:00,0.007597953
2019-07-11 02:50:00,0.0046892166
2019-07-11 03:00:00,0.0069475174
2019-07-11 03:10:00,0.0045871735
2019-07-11 03:20:00,0.006471634
2019-07-11 03:30:00,0.0043361187
2019-07-11 03:40:00,0.0064564943
2019-07-11 03:50:00,0.0043154657
2019-07-11 04:00:00,0.006510943
2019-07-11 04:10:00,0.004621774
2019-07-11 04:20:00,0.006100774
2019-07-11 04:30:00,0.0041270554
2019-07-11 04:40:00,0.006655276
2019-07-11 04:50:00,0.00447613
2019-07-11 05:00:00,0.00646773
2019-07-11 05:10:00,0.00464195
2019-07-11 05:20:00,0.0059788227
2019-07-11 05:30:00,0.0047605336
2019-07-11 05:40:00,0.006175965
2019-07-11 05:50:00,0.004338801
2019-07-11 06:00:00,0.006694436
2019-07-11 06:10:00,0.0044427216
2019-07-11 06:20:00,0.006127864
2019-07-11 06:30:00,0.004031092
2019-07-11 06:40:00,0.0067867935
2019-07-11 06:50:00,0.0044730306
2019-07-11 07:00:00,0.005854517
2019-07-11 07:10:00,0.003898263
2019-07-11 07:20:00,0.006026238
2019-07-11 07:30:00,0.004390925
2019-07-11 07:40:00,0.00658378
2019-07-11 07:50:00,0.0043192804
2019-07-11 08:00:00,0.0072223544
2019-07-11 08:10:00,0.0048879385
2019-07-11 08:20:00,0.00714612
2019-07-11 08:30:00,0.0048618317
2019-07-11 08:40:00,0.0076190233
2019-07-11 08:50:00,0.0055345297
2019-07-11 09:00:00,0.0074783564
2019-07-11 09:10:00,0.00556916
2019-07-11 09:20:00,0.007900119
2019-07-11 09:30:00,0.006390959
2019-07-11 09:40:00,0.008386493
2019-07-11 09:50:00,0.006037891
2019-07-11 10:00:00,0.009561002
2019-07-11 10:10:00,0.007398635
2019-07-11 10:20:00,0.009086579
2019-07-11 10:30:00,0.007209927
2019-07-11 10:40:00,0.008862197
2019-07-11 10:50:00,0.007871658
2019-07-11 11:00:00,0.009136021
2019-07-11 11:10:00,0.007925183
2019-07-11 11:20:00,0.009530127
2019-07-11 11:30:00,0.008638829
2019-07-11 11:40:00,0.009285569
2019-07-11 11:50:00,0.008613139
2019-07-11 12:00:00,0.010260969
2019-07-11 12:10:00,0.009853244
2019-07-11 12:20:00,0.010423213
2019-07-11 12:30:00,0.009910256
2019-07-11 12:40:00,0.01091221
2019-07-11 12:50:00,0.012030333
2019-07-11 13:00:00,0.010597438
2019-07-11 13:10:00,0.0113069415
2019-07-11 13:20:00,0.011959732
2019-07-11 13:30:00,0.013336331
2019-07-11 13:40:00,0.011286467
2019-07-11 13:50:00,0.013009191
2019-07-11 14:00:00,0.011705101
2019-07-11 14:10:00,0.015191108
2019-07-11 14:20:00,0.013619095
2019-07-11 14:30:00,0.015534133
2019-07-11 14:40:00,0.014369756
2019-07-11 14:50:00,0.017360508
2019-07-11 15:00:00,0.015262753
2019-07-11 15:10:00,0.016906947
2019-07-11 15:20:00,0.01712501
2019-07-11 15:30:00,0.020186514
2019-07-11 15:40:00,0.017276406
2019-07-11 15:50:00,0.019627512
2019-07-11 16:00:00,0.019114256
2019-07-11 16:10:00,0.021385878
2019-07-11 16:20:00,0.01807633
2019-07-11 16:30:00,0.019459158
2019-07-11 16:40:00,0.017483115
2019-07-11 16:50:00,0.021437198
2019-07-11 17:00:00,0.017854452
2019-07-11 17:10:00,0.020546466
2019-07-11 17:20:00,0.018830419
2019-07-11 17:30:00,0.022728354
2019-07-11 17:40:00,0.019782662
2019-07-11 17:50:00,0.021672934
2019-07-11 18:00:00,0.018011063
2019-07-11 18:10:00,0.023807794
2019-07-11 18:20:00,0.018194318
2019-07-11 18:30:00,0.022726893
2019-07-11 18:40:00,0.018667668
2019-07-11 18:50:00,0.024555862
2019-07-11 19:00:00,0.019798994
2019-07-11 19:10:00,0.024319172
2019-07-11 19:20:00,0.020018727
2019-07-11 19:30:00,0.026209772
2019-07-11 19:40:00,0.020615041
2019-07-11 19:50:00,0.026062876
2019-07-11 20:00:00,0.019506276
2019-07-11 20:10:00,0.02644077
2019-07-11 20:20:00,0.020222068
2019-07-11 20:30:00,0.025053531
2019-07-11 20:40:00,0.019370526
2019-07-11 20:50:00,0.026458591
2019-07-11 21:00:00,0.02105552
2019-07-11 21:10:00,0.024867684
2019-07-11 21:20:00,0.01988718
2019-07-11 21:30:00,0.025496274
2019-07-11 21:40:00,0.02141437
2019-07-11 21:50:00,0.025654376
2019-07-11 22:00:00,0.0218893
2019-07-11 22:10:00,0.030716687
2019-07-11 22:20:00,0.023170203
2019-07-11 22:30:00,0.027752489
2019-07-11 22:40:00,0.023449719
2019-07-11 22:50:00,0.031759053
2019-07-11 23:00:00,0.022936165
2019-07-11 23:10:00,0.028660357
2019-07-11 23:20:00,0.02380988
2019-07-11 23:30:00,0.033076555
2019-07-11 23:40:00,0.026445955
2019-07-11 23:50:00,0.028455943
2019-07-12 00:00:00,0.024592638
2019-07-12 00:10:00,0.031104445
2019-07-12 00:20:00,0.026365489
2019-07-12 00:30:00,0.026608765
2019-07-12 00:40:00,0.023088247
2019-07-12 00:50:00,0.026947021
2019-07-12 01:00:00,0.0235084
2019-07-12 01:10:00,0.024393648
2019-07-12 01:20:00,0.022958457
2019-07-12 01:30:00,0.028449655
2019-07-12 01:40:00,0.025553882
2019-07-12 01:50:00,0.026901007
2019-07-12 02:00:00,0.024637908
2019-07-12 02:10:00,0.030103654
2019-07-12 02:20:00,0.02468574
2019-07-12 02:30:00,0.02922529
2019-07-12 02:40:00,0.026269048
2019-07-12 02:50:00,0.030030787
2019-07-12 03:00:00,0.02697143
2019-07-12 03:10:00,0.02904129
2019-07-12 03:20:00,0.02799198
2019-07-12 03:30:00,0.031802952
2019-07-12 03:40:00,0.029466748
2019-07-12 03:50:00,0.029188663
2019-07-12 04:00:00,0.030875087
2019-07-12 04:10:00,0.03136763
2019-07-12 04:20:00,0.03243941
2019-07-12 04:30:00,0.029689342
2019-07-12 04:40:00,0.033159375
2019-07-12 04:50:00,0.032473713
2019-07-12 05:00:00,0.035624802
2019-07-12 05:10:00,0.031537443
2019-07-12 05:20:00,0.037899435
2019-07-12 05:30:00,0.03632444
2019-07-12 05:40:00,0.03989777
2019-07-12 05:50:00,0.034996837
2019-07-12 06:00:00,0.04368499
2019-07-12 06:10:00,0.04212928
2019-07-12 06:20:00,0.043600768
2019-07-12 06:30:00,0.038448006
2019-07-12 06:40:00,0.04324171
2019-07-12 06:50:00,0.042384624
2019-07-12 07:00:00,0.04403898
2019-07-12 07:10:00,0.042013764
2019-07-12 07:20:00,0.046346247
2019-07-12 07:30:00,0.05067134
2019-07-12 07:40:00,0.047779948
2019-07-12 07:50:00,0.04783091
2019-07-12 08:00:00,0.048899382
2019-07-12 08:10:00,0.055672795
2019-07-12 08:20:00,0.049541265
2019-07-12 08:30:00,0.05658686
2019-07-12 08:40:00,0.054240435
2019-07-12 08:50:00,0.06401095
2019-07-12 09:00:00,0.05628082
2019-07-12 09:10:00,0.06297079
2019-07-12 09:20:00,0.05924654
2019-07-12 09:30:00,0.07032102
2019-07-12 09:40:00,0.061406285
2019-07-12 09:50:00,0.068710774
2019-07-12 10:00:00,0.06703034
2019-07-12 10:10:00,0.079268396
2019-07-12 10:20:00,0.073159784
2019-07-12 10:30:00,0.08206928
2019-07-12 10:40:00,0.079784304
2019-07-12 10:50:00,0.09104532
2019-07-12 11:00:00,0.07826409
2019-07-12 11:10:00,0.09525436
2019-07-12 11:20:00,0.08800566
2019-07-12 11:30:00,0.103280425
2019-07-12 11:40:00,0.089731365
2019-07-12 11:50:00,0.09880996
2019-07-12 12:00:00,0.0920786
2019-07-12 12:10:00,0.10643342
2019-07-12 12:20:00,0.09524289
2019-07-12 12:30:00,0.10106465
2019-07-12 12:40:00,0.097011894
2019-07-12 12:50:00,0.11496949
2019-07-12 13:00:00,0.104984224
2019-07-12 13:10:00,0.10544816
2019-07-12 13:20:00,0.102638215
2019-07-12 13:30:00,0.118992776
2019-07-12 13:40:00,0.10542986
2019-07-12 13:50:00,0.11305195
2019-07-12 14:00:00,0.108128965
2019-07-12 14:10:00,0.122051746
2019-07-12 14:20:00,0.11195418
2019-07-12 14:30:00,0.11341244
2019-07-12 14:40:00,0.110966414
2019-07-12 14:50:00,0.12458432
2019-07-12 15:00:00,0.114429206
2019-07-12 15:10:00,0.11026603
2019-07-12 15:20:00,0.10418776
2019-07-12 15:30:00,0.116101384
2019-07-12 15:40:00,0.10688144
2019-07-12 15:50:00,0.105247945
2019-07-12 16:00:00,0.10234785
2019-07-12 16:10:00,0.107252985
2019-07-12 16:20:00,0.099334
2019-07-12 16:30:00,0.09506917
2019-07-12 16:40:00,0.098154545
2019-07-12 16:50:00,0.10300556
2019-07-12 17:00:00,0.10028303
2019-07-12 17:10:00,0.09196064
2019-07-12 17:20:00,0.101029456
2019-07-12 17:30:00,0.097450525
2019-07-12 17:40:00,0.098224014
2019-07-12 17:50:00,0.08242634
2019-07-12 18:00:00,0.09751907
2019-07-12 18:10:00,0.08219999
2019-07-12 18:20:00,0.09318784
2019-07-12 18:30:00,0.07075745
2019-07-12 18:40:00,0.0890145
2019-07-12 18:50:00,0.07257426
2019-07-12 19:00:00,0.08835325
2019-07-12 19:10:00,0.063803345
2019-07-12 19:20:00,0.0843173
2019-07-12 19:30:00,0.065831065
2019-07-12 19:40:00,0.08593187
2019-07-12 19:50:00,0.05689773
2019-07-12 20:00:00,0.07845521
2019-07-12 20:10:00,0.06476164
2019-07-12 20:20:00,0.08319363
2019-07-12 20:30:00,0.05769676
2019-07-12 20:40:00,0.08052835
2019-07-12 20:50:00,0.066551745
2019-07-12 21:00:00,0.08595991
2019-07-12 21:10:00,0.057218134
2019-07-12 21:20:00,0.08376181
2019-07-12 21:30:00,0.065038115
2019-07-12 21:40:00,0.08548701
2019-07-12 21:50:00,0.058109164
2019-07-12 22:00:00,0.07480869
2019-07-12 22:10:00,0.05971244
2019-07-12 22:20:00,0.07336342
2019-07-12 22:30:00,0.053819597
2019-07-12 22:40:00,0.06280509
2019-07-12 22:50:00,0.0592196
2019-07-12 23:00:00,0.06676087
2019-07-12 23:10:00,0.053796172
2019-07-12 23:20:00,0.064155996
2019-07-12 23:30:00,0.05645871
2019-07-12 23:40:00,0.06854996
2019-07-12 23:50:00,0.04442638
2019-07-13 00:00:00,0.055543005
2019-07-13 00:10:00,0.055788636
2019-07-13 00:20:00,0.06014338
2019-07-13 00:30:00,0.053566843
2019-07-13 00:40:00,0.057537466
2019-07-13 00:50:00,0.056893945
2019-07-13 01:00:00,0.05913946
2019-07-13 01:10:00,0.05147344
2019-07-13 01:20:00,0.05073726
2019-07-13 01:30:00,0.05744642
2019-07-13 01:40:00,0.050327867
2019-07-13 01:50:00,0.04987505
2019-07-13 02:00:00,0.042100847
2019-07-13 02:10:00,0.049021244
2019-07-13 02:20:00,0.05108431
2019-07-13 02:30:00,0.04830861
2019-07-13 02:40:00,0.050744474
2019-07-13 02:50:00,0.05214137
2019-07-13 03:00:00,0.050531656
2019-07-13 03:10:00,0.047592252
2019-07-13 03:20:00,0.049123496
2019-07-13 03:30:00,0.04851967
2019-07-13 03:40:00,0.05175808
2019-07-13 03:50:00,0.047652423
2019-07-13 04:00:00,0.044280976
2019-07-13 04:10:00,0.04945916
2019-07-13 04:20:00,0.046086818
2019-07-13 04:30:00,0.04462263
2019-07-13 04:40:00,0.04391411
2019-07-13 04:50:00,0.04425755
2019-07-13 05:00:00,0.042820513
2019-07-13 05:10:00,0.039676636
2019-07-13 05:20:00,0.042404175
2019-07-13 05:30:00,0.041327
2019-07-13 05:40:00,0.04396847
2019-07-13 05:50:00,0.03944823
2019-07-13 06:00:00,0.042701125
2019-07-13 06:10:00,0.04104522
2019-07-13 06:20:00,0.04246357
2019-07-13 06:30:00,0.039707005
2019-07-13 06:40:00,0.04114312
2019-07-13 06:50:00,0.03985727
2019-07-13 07:00:00,0.040759742
2019-07-13 07:10:00,0.036434174
2019-07-13 07:20:00,0.040281624
2019-07-13 07:30:00,0.037165552
2019-07-13 07:40:00,0.039968878
2019-07-13 07:50:00,0.034336776
2019-07-13 08:00:00,0.037289917
2019-07-13 08:10:00,0.035596102
2019-07-13 08:20:00,0.03754753
2019-07-13 08:30:00,0.03377968
2019-07-13 08:40:00,0.033023298
2019-07-13 08:50:00,0.034656107
2019-07-13 09:00:00,0.03343007
2019-07-13 09:10:00,0.032089293
2019-07-13 09:20:00,0.032245398
2019-07-13 09:30:00,0.030552298
2019-07-13 09:40:00,0.027497351
2019-07-13 09:50:00,0.027195632
2019-07-13 10:00:00,0.026650399
2019-07-13 10:10:00,0.028803438
2019-07-13 10:20:00,0.02786538
2019-07-13 10:30:00,0.029104918
2019-07-13 10:40:00,0.029794246
2019-07-13 10:50:00,0.029827774
2019-07-13 11:00:00,0.028690338
2019-07-13 11:10:00,0.027392894
2019-07-13 11:20:00,0.026828766
2019-07-13 11:30:00,0.025520653
2019-07-13 11:40:00,0.025533497
2019-07-13 11:50:00,0.024221659
2019-07-13 12:00:00,0.02483511
2019-07-13 12:10:00,0.02202627
2019-07-13 12:20:00,0.02463004
2019-07-13 12:30:00,0.021374017
2019-07-13 12:40:00,0.02308029
2019-07-13 12:50:00,0.020791233
2019-07-13 13:00:00,0.022223413
2019-07-13 13:10:00,0.019012809
2019-07-13 13:20:00,0.021458954
2019-07-13 13:30:00,0.017504036
2019-07-13 13:40:00,0.020121396
2019-07-13 13:50:00,0.015155882
2019-07-13 14:00:00,0.017838508
2019-07-13 14:10:00,0.016581237
2019-07-13 14:20:00,0.019335568
2019-07-13 14:30:00,0.01606828
2019-07-13 14:40:00,0.018770278
2019-07-13 14:50:00,0.015762717
2019-07-13 15:00:00,0.017855227
2019-07-13 15:10:00,0.014858037
2019-07-13 15:20:00,0.017169416
2019-07-13 15:30:00,0.014229685
2019-07-13 15:40:00,0.016257495
2019-07-13 15:50:00,0.012204111
2019-07-13 16:00:00,0.015380919
2019-07-13 16:10:00,0.013008982
2019-07-13 16:20:00,0.014283806
2019-07-13 16:30:00,0.012694329
2019-07-13 16:40:00,0.013781726
2019-07-13 16:50:00,0.011800826
2019-07-13 17:00:00,0.0123871565
2019-07-13 17:10:00,0.010899097
2019-07-13 17:20:00,0.01240927
2019-07-13 17:30:00,0.010972112
2019-07-13 17:40:00,0.011589557
2019-07-13 17:50:00,0.011236399
2019-07-13 18:00:00,0.011670858
2019-07-13 18:10:00,0.011166602
2019-07-13 18:20:00,0.0111195445
2019-07-13 18:30:00,0.011173725
2019-07-13 18:40:00,0.011398613
2019-07-13 18:50:00,0.010894597
2019-07-13 19:00:00,0.010636836
2019-07-13 19:10:00,0.01065743
2019-07-13 19:20:00,0.010933846
2019-07-13 19:30:00,0.010579139
2019-07-13 19:40:00,0.010425448
2019-07-13 19:50:00,0.011188209
2019-07-13 20:00:00,0.011030525
2019-07-13 20:10:00,0.011101365
2019-07-13 20:20:00,0.010178
2019-07-13 20:30:00,0.011080891
2019-07-13 20:40:00,0.0110476315
2019-07-13 20:50:00,0.011125892
2019-07-13 21:00:00,0.010718256
2019-07-13 21:10:00,0.010401964
2019-07-13 21:20:00,0.011088014
2019-07-13 21:30:00,0.009967476
2019-07-13 21:40:00,0.010950476
2019-07-13 21:50:00,0.01064831
2019-07-13 22:00:00,0.011399984
2019-07-13 22:10:00,0.010253817
2019-07-13 22:20:00,0.011270404
2019-07-13 22:30:00,0.011370361
2019-07-13 22:40:00,0.011766106
2019-07-13 22:50:00,0.011341155
2019-07-13 23:00:00,0.0117357075
2019-07-13 23:10:00,0.011529267
2019-07-13 23:20:00,0.013044238
2019-07-13 23:30:00,0.011230439
2019-07-13 23:40:00,0.012636691
2019-07-13 23:50:00,0.012780875
2019-07-14 00:00:00,0.01299414
2019-07-14 00:10:00,0.012025267
2019-07-14 00:20:00,0.010864556
2019-07-14 00:30:00,0.011351347
2019-07-14 00:40:00,0.011738628
2019-07-14 00:50:00,0.0106060505
2019-07-14 01:00:00,0.011038661
2019-07-14 01:10:00,0.010519832
2019-07-14 01:20:00,0.012392223
2019-07-14 01:30:00,0.010990053
2019-07-14 01:40:00,0.011409372
2019-07-14 01:50:00,0.011512309
2019-07-14 02:00:00,0.012518197
2019-07-14 02:10:00,0.011206448
2019-07-14 02:20:00,0.011944622
2019-07-14 02:30:00,0.012391627
2019-07-14 02:40:00,0.012267262
2019-07-14 02:50:00,0.012413472
2019-07-14 03:00:00,0.011443138
2019-07-14 03:10:00,0.012610853
2019-07-14 03:20:00,0.012200773
2019-07-14 03:30:00,0.011606544
2019-07-14 03:40:00,0.011149317
2019-07-14 03:50:00,0.010634571
2019-07-14 04:00:00,0.011241555
2019-07-14 04:10:00,0.0102285445
2019-07-14 04:20:00,0.009966254
2019-07-14 04:30:00,0.008774996
2019-07-14 04:40:00,0.00996992
2019-07-14 04:50:00,0.008399844
2019-07-14 05:00:00,0.009404391
2019-07-14 05:10:00,0.008389205
2019-07-14 05:20:00,0.010185838
2019-07-14 05:30:00,0.008238137
2019-07-14 05:40:00,0.009364098
2019-07-14 05:50:00,0.00828144
2019-07-14 06:00:00,0.009746969
2019-07-14 06:10:00,0.008246601
2019-07-14 06:20:00,0.008954704
2019-07-14 06:30:00,0.008231521
2019-07-14 06:40:00,0.009905219
2019-07-14 06:50:00,0.008068383
2019-07-14 07:00:00,0.009522587
2019-07-14 07:10:00,0.007999331
2019-07-14 07:20:00,0.009884626
2019-07-14 07:30:00,0.008320689
2019-07-14 07:40:00,0.009696394
2019-07-14 07:50:00,0.007973522
2019-07-14 08:00:00,0.009523451
2019-07-14 08:10:00,0.007937789
2019-07-14 08:20:00,0.009428591
2019-07-14 08:30:00,0.00776127
2019-07-14 08:40:00,0.00970602
2019-07-14 08:50:00,0.008502841
2019-07-14 09:00:00,0.010066867
2019-07-14 09:10:00,0.008196324
2019-07-14 09:20:00,0.009876519
2019-07-14 09:30:00,0.008524597
2019-07-14 09:40:00,0.009515524
2019-07-14 09:50:00,0.007850438
2019-07-14 10:00:00,0.009050101
2019-07-14 10:10:00,0.008199841
2019-07-14 10:20:00,0.008930445
2019-07-14 10:30:00,0.0072171986
2019-07-14 10:40:00,0.0081523955
2019-07-14 10:50:00,0.0075728595
2019-07-14 11:00:00,0.008245766
2019-07-14 11:10:00,0.007514
2019-07-14 11:20:00,0.008186609
2019-07-14 11:30:00,0.008074939
2019-07-14 11:40:00,0.008473247
2019-07-14 11:50:00,0.0069715083
2019-07-14 12:00:00,0.007494688
2019-07-14 12:10:00,0.007389754
2019-07-14 12:20:00,0.0072870255
2019-07-14 12:30:00,0.006424576
2019-07-14 12:40:00,0.006620735
2019-07-14 12:50:00,0.0067104697
2019-07-14 13:00:00,0.0070736706
2019-07-14 13:10:00,0.0065261126
2019-07-14 13:20:00,0.0069365203
2019-07-14 13:30:00,0.006969869
2019-07-14 13:40:00,0.0074200034
2019-07-14 13:50:00,0.0068523884
2019-07-14 14:00:00,0.0068084
2019-07-14 14:10:00,0.007593155
2019-07-14 14:20:00,0.0073135197
2019-07-14 14:30:00,0.0073392987
2019-07-14 14:40:00,0.0069250762
2019-07-14 14:50:00,0.0073153377
2019-07-14 15:00:00,0.0072213113
2019-07-14 15:10:00,0.006733954
2019-07-14 15:20:00,0.0066755414
2019-07-14 15:30:00,0.0072800517
2019-07-14 15:40:00,0.0069520175
2019-07-14 15:50:00,0.006732255
2019-07-14 16:00:00,0.0069592
2019-07-14 16:10:00,0.0071205497
2019-07-14 16:20:00,0.0071599483
2019-07-14 16:30:00,0.006347686
2019-07-14 16:40:00,0.0073769093
2019-07-14 16:50:00,0.0077770352
2019-07-14 17:00:00,0.0077558756
2019-07-14 17:10:00,0.0072462857
2019-07-14 17:20:00,0.007390976
2019-07-14 17:30:00,0.007710278
2019-07-14 17:40:00,0.007677257
2019-07-14 17:50:00,0.0072318614
2019-07-14 18:00:00,0.0074886084
2019-07-14 18:10:00,0.00796169
2019-07-14 18:20:00,0.007598996
2019-07-14 18:30:00,0.0073508024
2019-07-14 18:40:00,0.0074280202
2019-07-14 18:50:00,0.008451283
2019-07-14 19:00:00,0.00769642
2019-07-14 19:10:00,0.007814854
2019-07-14 19:20:00,0.007903576
2019-07-14 19:30:00,0.008706301
2019-07-14 19:40:00,0.007899255
2019-07-14 19:50:00,0.008277446
2019-07-14 20:00:00,0.007942855
2019-07-14 20:10:00,0.009730548
2019-07-14 20:20:00,0.008196175
2019-07-14 20:30:00,0.008907467
2019-07-14 20:40:00,0.008753061
2019-07-14 20:50:00,0.010792494
2019-07-14 21:00:00,0.009373575
2019-07-14 21:10:00,0.010037303
2019-07-14 21:20:00,0.009649783
2019-07-14 21:30:00,0.01215589
2019-07-14 21:40:00,0.010070294
2019-07-14 21:50:00,0.01125738
2019-07-14 22:00:00,0.010420471
2019-07-14 22:10:00,0.013376564
2019-07-14 22:20:00,0.011179328
2019-07-14 22:30:00,0.012988001
2019-07-14 22:40:00,0.011837244
2019-07-14 22:50:00,0.0155119
2019-07-14 23:00:00,0.01216498
2019-07-14 23:10:00,0.014350057
2019-07-14 23:20:00,0.013044685
2019-07-14 23:30:00,0.017015636
2019-07-14 23:40:00,0.0137761235
2019-07-14 23:50:00,0.014772564
2019-07-15 00:00:00,0.01504305
2019-07-15 00:10:00,0.018329054
2019-07-15 00:20:00,0.015422791
2019-07-15 00:30:00,0.016213298
2019-07-15 00:40:00,0.015952617
2019-07-15 00:50:00,0.018824846
2019-07-15 01:00:00,0.016567886
2019-07-15 01:10:00,0.016498357
2019-07-15 01:20:00,0.016455859
2019-07-15 01:30:00,0.019697547
2019-07-15 01:40:00,0.01713401
2019-07-15 01:50:00,0.017484158
2019-07-15 02:00:00,0.017606229
2019-07-15 02:10:00,0.020544946
2019-07-15 02:20:00,0.017986119
2019-07-15 02:30:00,0.016248524
2019-07-15 02:40:00,0.019086123
2019-07-15 02:50:00,0.017887115
2019-07-15 03:00:00,0.019418836
2019-07-15 03:10:00,0.014909983
2019-07-15 03:20:00,0.020528287
2019-07-15 03:30:00,0.018334776
2019-07-15 03:40:00,0.020846844
2019-07-15 03:50:00,0.017034322
2019-07-15 04:00:00,0.022314578
2019-07-15 04:10:00,0.02024725
2019-07-15 04:20:00,0.02253431
2019-07-15 04:30:00,0.018941313
2019-07-15 04:40:00,0.024989992
2019-07-15 04:50:00,0.023323596
2019-07-15 05:00:00,0.025820881
2019-07-15 05:10:00,0.02011612
2019-07-15 05:20:00,0.025672764
2019-07-15 05:30:00,0.02343005
2019-07-15 05:40:00,0.025823295
2019-07-15 05:50:00,0.01945898
2019-07-15 06:00:00,0.02710846
2019-07-15 06:10:00,0.023352027
2019-07-15 06:20:00,0.028624982
2019-07-15 06:30:00,0.01968965
2019-07-15 06:40:00,0.031116396
2019-07-15 06:50:00,0.023154795
2019-07-15 07:00:00,0.03050661
2019-07-15 07:10:00,0.022696227
2019-07-15 07:20:00,0.035983384
2019-07-15 07:30:00,0.027398795
2019-07-15 07:40:00,0.03406933
2019-07-15 07:50:00,0.024837852
2019-07-15 08:00:00,0.034804553
2019-07-15 08:10:00,0.030300677
2019-07-15 08:20:00,0.036506236
2019-07-15 08:30:00,0.027169019
2019-07-15 08:40:00,0.03734538
2019-07-15 08:50:00,0.030748934
2019-07-15 09:00:00,0.036706477
2019-07-15 09:10:00,0.025972247
2019-07-15 09:20:00,0.038900763
2019-07-15 09:30:00,0.02973932
2019-07-15 09:40:00,0.038531423
2019-07-15 09:50:00,0.026551157
2019-07-15 10:00:00,0.041696787
2019-07-15 10:10:00,0.02951783
2019-07-15 10:20:00,0.041293234
2019-07-15 10:30:00,0.024943084
2019-07-15 10:40:00,0.04680386
2019-07-15 10:50:00,0.025641829
2019-07-15 11:00:00,0.044538885
2019-07-15 11:10:00,0.023088604
2019-07-15 11:20:00,0.046161294
2019-07-15 11:30:00,0.025884002
2019-07-15 11:40:00,0.050109923
2019-07-15 11:50:00,0.023469836
2019-07-15 12:00:00,0.053233296
2019-07-15 12:10:00,0.022829533
2019-07-15 12:20:00,0.049063742
2019-07-15 12:30:00,0.018574953
2019-07-15 12:40:00,0.051748246
2019-07-15 12:50:00,0.02140233
2019-07-15 13:00:00,0.04935193
2019-07-15 13:10:00,0.019647628
2019-07-15 13:20:00,0.05494836
2019-07-15 13:30:00,0.02262479
2019-07-15 13:40:00,0.04983923
2019-07-15 13:50:00,0.019549787
2019-07-15 14:00:00,0.052645147
2019-07-15 14:10:00,0.021738589
2019-07-15 14:20:00,0.04875028
2019-07-15 14:30:00,0.017154276
2019-07-15 14:40:00,0.05302903
2019-07-15 14:50:00,0.019109786
2019-07-15 15:00:00,0.05073878
2019-07-15 15:10:00,0.016313374
2019-07-15 15:20:00,0.055106282
2019-07-15 15:30:00,0.017230898
2019-07-15 15:40:00,0.04939285
2019-07-15 15:50:00,0.015705138
2019-07-15 16:00:00,0.05597219
2019-07-15 16:10:00,0.01660791
2019-07-15 16:20:00,0.051769614
2019-07-15 16:30:00,0.014560074
2019-07-15 16:40:00,0.05863428
2019-07-15 16:50:00,0.015500665
2019-07-15 17:00:00,0.051526546
2019-07-15 17:10:00,0.01462847
2019-07-15 17:20:00,0.061645538
2019-07-15 17:30:00,0.015137702
2019-07-15 17:40:00,0.0549981
2019-07-15 17:50:00,0.014170855
2019-07-15 18:00:00,0.064836055
2019-07-15 18:10:00,0.015294015
2019-07-15 18:20:00,0.05940762
2019-07-15 18:30:00,0.014098614
2019-07-15 18:40:00,0.07052916
2019-07-15 18:50:00,0.015595138
2019-07-15 19:00:00,0.06132275
2019-07-15 19:10:00,0.014731079
2019-07-15 19:20:00,0.07112548
2019-07-15 19:30:00,0.016351104
2019-07-15 19:40:00,0.06425798
2019-07-15 19:50:00,0.014277697
2019-07-15 20:00:00,0.0681628
2019-07-15 20:10:00,0.014578164
2019-07-15 20:20:00,0.060777217
2019-07-15 20:30:00,0.012884617
2019-07-15 20:40:00,0.067002445
2019-07-15 20:50:00,0.01320225
2019-07-15 21:00:00,0.054216117
2019-07-15 21:10:00,0.010593742
2019-07-15 21:20:00,0.057194084
2019-07-15 21:30:00,0.01119864
2019-07-15 21:40:00,0.048950523
2019-07-15 21:50:00,0.011449277
2019-07-15 22:00:00,0.062630266
2019-07-15 22:10:00,0.011236817
2019-07-15 22:20:00,0.052932143
2019-07-15 22:30:00,0.010898769
2019-07-15 22:40:00,0.063905776
2019-07-15 22:50:00,0.011030823
2019-07-15 23:00:00,0.05346772
2019-07-15 23:10:00,0.010880142
2019-07-15 23:20:00,0.061971694
2019-07-15 23:30:00,0.010941505
2019-07-15 23:40:00,0.054558456
2019-07-15 23:50:00,0.010937035
2019-07-16 00:00:00,0.06230396
2019-07-16 00:10:00,0.010875583
2019-07-16 00:20:00,0.055172622
2019-07-16 00:30:00,0.010751218
2019-07-16 00:40:00,0.0618307
2019-07-16 00:50:00,0.011079937
2019-07-16 01:00:00,0.057444394
2019-07-16 01:10:00,0.011383712
2019-07-16 01:20:00,0.062431842
2019-07-16 01:30:00,0.01109007
2019-07-16 01:40:00,0.054450095
2019-07-16 01:50:00,0.010522574
2019-07-16 02:00:00,0.05265096
2019-07-16 02:10:00,0.008604705
2019-07-16 02:20:00,0.052303195
2019-07-16 02:30:00,0.010439396
2019-07-16 02:40:00,0.043734044
2019-07-16 02:50:00,0.008732498
2019-07-16 03:00:00,0.043341517
2019-07-16 03:10:00,0.008916467
2019-07-16 03:20:00,0.046420634
2019-07-16 03:30:00,0.008140594
2019-07-16 03:40:00,0.039454073
2019-07-16 03:50:00,0.008339465
2019-07-16 04:00:00,0.045033276
2019-07-16 04:10:00,0.00846076
2019-07-16 04:20:00,0.043864578
2019-07-16 04:30:00,0.009910911
2019-07-16 04:40:00,0.05278513
2019-07-16 04:50:00,0.0096309185
2019-07-16 05:00:00,0.045560777
2019-07-16 05:10:00,0.009936988
2019-07-16 05:20:00,0.049802423
2019-07-16 05:30:00,0.009401858
2019-07-16 05:40:00,0.045131773
2019-07-16 05:50:00,0.010863394
2019-07-16 06:00:00,0.05381781
2019-07-16 06:10:00,0.010669678
2019-07-16 06:20:00,0.049018294
2019-07-16 06:30:00,0.012010306
2019-07-16 06:40:00,0.055198252
2019-07-16 06:50:00,0.011976033
2019-07-16 07:00:00,0.054476947
2019-07-16 07:10:00,0.014618903
2019-07-16 07:20:00,0.06165415
2019-07-16 07:30:00,0.013238072
2019-07-16 07:40:00,0.05664307
2019-07-16 07:50:00,0.015240669
2019-07-16 08:00:00,0.0657863
2019-07-16 08:10:00,0.014093369
2019-07-16 08:20:00,0.059247226
2019-07-16 08:30:00,0.016576707
2019-07-16 08:40:00,0.066673875
2019-07-16 08:50:00,0.016615063
2019-07-16 09:00:00,0.06577626
2019-07-16 09:10:00,0.019544661
2019-07-16 09:20:00,0.07404366
2019-07-16 09:30:00,0.020243943
2019-07-16 09:40:00,0.06843382
2019-07-16 09:50:00,0.022121012
2019-07-16 10:00:00,0.0804494
2019-07-16 10:10:00,0.022533566
2019-07-16 10:20:00,0.07184178
2019-07-16 10:30:00,0.025559932
2019-07-16 10:40:00,0.08087027
2019-07-16 10:50:00,0.02645886
2019-07-16 11:00:00,0.077268004
2019-07-16 11:10:00,0.03017655
2019-07-16 11:20:00,0.088354856
2019-07-16 11:30:00,0.030638129
2019-07-16 11:40:00,0.08124006
2019-07-16 11:50:00,0.03494394
2019-07-16 12:00:00,0.09748021
2019-07-16 12:10:00,0.037534654
2019-07-16 12:20:00,0.09192473
2019-07-16 12:30:00,0.041965872
2019-07-16 12:40:00,0.103085786
2019-07-16 12:50:00,0.04304111
2019-07-16 13:00:00,0.101665914
2019-07-16 13:10:00,0.046003163
2019-07-16 13:20:00,0.11246762
2019-07-16 13:30:00,0.047040373
2019-07-16 13:40:00,0.108104974
2019-07-16 13:50:00,0.05168584
2019-07-16 14:00:00,0.117890626
2019-07-16 14:10:00,0.052342415
2019-07-16 14:20:00,0.1193378
2019-07-16 14:30:00,0.058070928
2019-07-16 14:40:00,0.13177723
2019-07-16 14:50:00,0.057704985
2019-07-16 15:00:00,0.12504351
2019-07-16 15:10:00,0.0651916
2019-07-16 15:20:00,0.14090028
2019-07-16 15:30:00,0.06953806
2019-07-16 15:40:00,0.1484738
2019-07-16 15:50:00,0.079500556
2019-07-16 16:00:00,0.16169032
2019-07-16 16:10:00,0.08210072
2019-07-16 16:20:00,0.15673769
2019-07-16 16:30:00,0.08917847
2019-07-16 16:40:00,0.16734913
2019-07-16 16:50:00,0.08913559
2019-07-16 17:00:00,0.16363063
2019-07-16 17:10:00,0.09938395
2019-07-16 17:20:00,0.17731407
2019-07-16 17:30:00,0.10591206
2019-07-16 17:40:00,0.17687443
2019-07-16 17:50:00,0.11567375
2019-07-16 18:00:00,0.19551733
2019-07-16 18:10:00,0.14731723
2019-07-16 18:20:00,0.18936014
2019-07-16 18:30:00,0.15944746
2019-07-16 18:40:00,0.20784602
2019-07-16 18:50:00,0.1679219
2019-07-16 19:00:00,0.20244208
2019-07-16 19:10:00,0.179991
2019-07-16 19:20:00,0.22391
2019-07-16 19:30:00,0.19856903
2019-07-16 19:40:00,0.23573482
2019-07-16 19:50:00,0.21646997
2019-07-16 20:00:00,0.2546216
2019-07-16 20:10:00,0.21446317
2019-07-16 20:20:00,0.25306988
2019-07-16 20:30:00,0.23163608
2019-07-16 20:40:00,0.2731241
2019-07-16 20:50:00,0.23663509
2019-07-16 21:00:00,0.27491254
2019-07-16 21:10:00,0.26146054
2019-07-16 21:20:00,0.3008045
2019-07-16 21:30:00,0.2688668
2019-07-16 21:40:00,0.29718176
2019-07-16 21:50:00,0.2847104
2019-07-16 22:00:00,0.31362563
2019-07-16 22:10:00,0.28924912
2019-07-16 22:20:00,0.3160433
2019-07-16 22:30:00,0.31120187
2019-07-16 22:40:00,0.33263886
2019-07-16 22:50:00,0.3147254
2019-07-16 23:00:00,0.32476956
2019-07-16 23:10:00,0.33529764
2019-07-16 23:20:00,0.3517202
2019-07-16 23:30:00,0.35728222
2019-07-16 23:40:00,0.35362762
2019-07-16 23:50:00,0.36491212
2019-07-17 00:00:00,0.35929805
2019-07-17 00:10:00,0.36981118
2019-07-17 00:20:00,0.37964767
2019-07-17 00:30:00,0.39072964
2019-07-17 00:40:00,0.38957906
2019-07-17 00:50:00,0.40549108
2019-07-17 01:00:00,0.39932215
2019-07-17 01:10:00,0.41255125
2019-07-17 01:20:00,0.40654022
2019-07-17 01:30:00,0.41342968
2019-07-17 01:40:00,0.41292065
2019-07-17 01:50:00,0.42320308
2019-07-17 02:00:00,0.41609707
2019-07-17 02:10:00,0.41881073
2019-07-17 02:20:00,0.41911402
2019-07-17 02:30:00,0.43628883
2019-07-17 02:40:00,0.43381
2019-07-17 02:50:00,0.41193834
2019-07-17 03:00:00,0.3989874
2019-07-17 03:10:00,0.38759083
2019-07-17 03:20:00,0.42992964
2019-07-17 03:30:00,0.4635855
2019-07-17 03:40:00,0.45902154
2019-07-17 03:50:00,0.4404204
2019-07-17 04:00:00,0.45801976
2019-07-17 04:10:00,0.43740276
2019-07-17 04:20:00,0.4494277
2019-07-17 04:30:00,0.42780972
2019-07-17 04:40:00,0.45500135
2019-07-17 04:50:00,0.43946278
2019-07-17 05:00:00,0.46461993
2019-07-17 05:10:00,0.43685538
2019-07-17 05:20:00,0.46433252
2019-07-17 05:30:00,0.43283504
2019-07-17 05:40:00,0.4572613
2019-07-17 05:50:00,0.424586
2019-07-17 06:00:00,0.4533864
2019-07-17 06:10:00,0.42241013
2019-07-17 06:20:00,0.44722894
2019-07-17 06:30:00,0.40803742
2019-07-17 06:40:00,0.44372773
2019-07-17 06:50:00,0.4055118
2019-07-17 07:00:00,0.4386015
2019-07-17 07:10:00,0.39550054
2019-07-17 07:20:00,0.43569598
2019-07-17 07:30:00,0.40580103
2019-07-17 07:40:00,0.4327968
2019-07-17 07:50:00,0.3954209
2019-07-17 08:00:00,0.43048033
2019-07-17 08:10:00,0.3937594
2019-07-17 08:20:00,0.42363495
2019-07-17 08:30:00,0.38283223
2019-07-17 08:40:00,0.42034382
2019-07-17 08:50:00,0.3806788
2019-07-17 09:00:00,0.41188565
2019-07-17 09:10:00,0.36744052
2019-07-17 09:20:00,0.40672114
2019-07-17 09:30:00,0.3654433
2019-07-17 09:40:00,0.3962472
2019-07-17 09:50:00,0.34048986
2019-07-17 10:00:00,0.37956858
2019-07-17 10:10:00,0.33302772
2019-07-17 10:20:00,0.35761496
2019-07-17 10:30:00,0.30939418
2019-07-17 10:40:00,0.34701133
2019-07-17 10:50:00,0.30619645
2019-07-17 11:00:00,0.3291019
2019-07-17 11:10:00,0.280093
2019-07-17 11:20:00,0.31358576
2019-07-17 11:30:00,0.27204955
2019-07-17 11:40:00,0.29514962
2019-07-17 11:50:00,0.25245202
2019-07-17 12:00:00,0.2862152
2019-07-17 12:10:00,0.25041497
2019-07-17 12:20:00,0.2850005
2019-07-17 12:30:00,0.24198592
2019-07-17 12:40:00,0.27545494
2019-07-17 12:50:00,0.23811358
2019-07-17 13:00:00,0.2678892
2019-07-17 13:10:00,0.22334826
2019-07-17 13:20:00,0.26069036
2019-07-17 13:30:00,0.21727294
2019-07-17 13:40:00,0.255721
2019-07-17 13:50:00,0.20280564
2019-07-17 14:00:00,0.2470214
2019-07-17 14:10:00,0.19987005
2019-07-17 14:20:00,0.23634785
2019-07-17 14:30:00,0.18883494
2019-07-17 14:40:00,0.22793204
2019-07-17 14:50:00,0.18490395
2019-07-17 15:00:00,0.22183135
2019-07-17 15:10:00,0.17292023
2019-07-17 15:20:00,0.21154094
2019-07-17 15:30:00,0.16827756
2019-07-17 15:40:00,0.20402977
2019-07-17 15:50:00,0.15524104
2019-07-17 16:00:00,0.1914326
2019-07-17 16:10:00,0.14913774
2019-07-17 16:20:00,0.17992482
2019-07-17 16:30:00,0.13775143
2019-07-17 16:40:00,0.17112759
2019-07-17 16:50:00,0.1347898
2019-07-17 17:00:00,0.16432485
2019-07-17 17:10:00,0.12859163
2019-07-17 17:20:00,0.15752706
2019-07-17 17:30:00,0.1245105
2019-07-17 17:40:00,0.15177321
2019-07-17 17:50:00,0.117857456
2019-07-17 18:00:00,0.14456582
2019-07-17 18:10:00,0.11341894
2019-07-17 18:20:00,0.13908496
2019-07-17 18:30:00,0.10593486
2019-07-17 18:40:00,0.13132271
2019-07-17 18:50:00,0.102442026
2019-07-17 19:00:00,0.12760818
2019-07-17 19:10:00,0.10003543
2019-07-17 19:20:00,0.12173739
2019-07-17 19:30:00,0.09739393
2019-07-17 19:40:00,0.11681682
2019-07-17 19:50:00,0.09159532
2019-07-17 20:00:00,0.10907996
2019-07-17 20:10:00,0.08808994
2019-07-17 20:20:00,0.105519295
2019-07-17 20:30:00,0.08394411
2019-07-17 20:40:00,0.10028303
2019-07-17 20:50:00,0.08127439
2019-07-17 21:00:00,0.096273184
2019-07-17 21:10:00,0.07734847
2019-07-17 21:20:00,0.089903384
2019-07-17 21:30:00,0.07635099
2019-07-17 21:40:00,0.0872035
2019-07-17 21:50:00,0.07440311
2019-07-17 22:00:00,0.07968357
2019-07-17 22:10:00,0.072247475
2019-07-17 22:20:00,0.066474825
2019-07-17 22:30:00,0.061758846
2019-07-17 22:40:00,0.059816718
2019-07-17 22:50:00,0.05964476
2019-07-17 23:00:00,0.050515056
2019-07-17 23:10:00,0.049536407
2019-07-17 23:20:00,0.04563546
2019-07-17 23:30:00,0.04721591
2019-07-17 23:40:00,0.045791328
2019-07-17 23:50:00,0.044876933
2019-07-18 00:00:00,0.041707546
2019-07-18 00:10:00,0.04406935
2019-07-18 00:20:00,0.04203576
2019-07-18 00:30:00,0.042049587
2019-07-18 00:40:00,0.038489014
2019-07-18 00:50:00,0.040937692
2019-07-18 01:00:00,0.03932315
2019-07-18 01:10:00,0.039137125
2019-07-18 01:20:00,0.035331428
2019-07-18 01:30:00,0.038517535
2019-07-18 01:40:00,0.035279304
2019-07-18 01:50:00,0.036377043
2019-07-18 02:00:00,0.032741636
2019-07-18 02:10:00,0.036062866
2019-07-18 02:20:00,0.032783687
2019-07-18 02:30:00,0.033756584
2019-07-18 02:40:00,0.02968958
2019-07-18 02:50:00,0.033005595
2019-07-18 03:10:00,0.030370086
2019-07-18 03:20:00,0.031703442
2019-07-18 03:30:00,0.02774036
2019-07-18 03:40:00,0.031473517
2019-07-18 03:50:00,0.028337806
2019-07-18 04:00:00,0.030194253
2019-07-18 04:10:00,0.025470972
2019-07-18 04:20:00,0.029467046
2019-07-18 04:30:00,0.02515915
2019-07-18 04:40:00,0.02738601
2019-07-18 04:50:00,0.02258426
2019-07-18 05:00:00,0.027159303
2019-07-18 05:10:00,0.02320832
2019-07-18 05:20:00,0.025993586
2019-07-18 05:30:00,0.02103576
2019-07-18 05:40:00,0.026855052
2019-07-18 05:50:00,0.021236748
2019-07-18 06:00:00,0.025415212
2019-07-18 06:10:00,0.018737435
2019-07-18 06:20:00,0.025805473
2019-07-18 06:30:00,0.019313216
2019-07-18 06:40:00,0.023797363
2019-07-18 06:50:00,0.017624497
2019-07-18 07:00:00,0.024421453
2019-07-18 07:10:00,0.018160999
2019-07-18 07:20:00,0.023063958
2019-07-18 07:30:00,0.016686738
2019-07-18 07:40:00,0.022776216
2019-07-18 07:50:00,0.01743865
2019-07-18 08:00:00,0.020749927
2019-07-18 08:10:00,0.01588428
2019-07-18 08:20:00,0.021174341
2019-07-18 08:30:00,0.016958147
2019-07-18 08:40:00,0.020567834
2019-07-18 08:50:00,0.01563558
2019-07-18 09:00:00,0.02148822
2019-07-18 09:10:00,0.01690188
2019-07-18 09:20:00,0.020522088
2019-07-18 09:30:00,0.015631318
2019-07-18 09:40:00,0.0219692
2019-07-18 09:50:00,0.017473936
2019-07-18 10:00:00,0.022445828
2019-07-18 10:10:00,0.016687334
2019-07-18 10:20:00,0.024353117
2019-07-18 10:30:00,0.018793076
2019-07-18 10:40:00,0.024467468
2019-07-18 10:50:00,0.017123103
2019-07-18 11:00:00,0.023482025
2019-07-18 11:10:00,0.016637623
2019-07-18 11:20:00,0.02315703
2019-07-18 11:30:00,0.016879976
2019-07-18 11:40:00,0.026574284
2019-07-18 11:50:00,0.019167095
2019-07-18 12:00:00,0.025699168
2019-07-18 12:10:00,0.01812163
2019-07-18 12:20:00,0.026988566
2019-07-18 12:30:00,0.019815385
2019-07-18 12:40:00,0.026900351
2019-07-18 12:50:00,0.017640889
2019-07-18 13:00:00,0.028337479
2019-07-18 13:10:00,0.02034998
2019-07-18 13:20:00,0.026792765
2019-07-18 13:30:00,0.018801004
2019-07-18 13:40:00,0.027382642
2019-07-18 13:50:00,0.019528627
2019-07-18 14:00:00,0.025250286
2019-07-18 14:10:00,0.019261062
2019-07-18 14:20:00,0.025246829
2019-07-18 14:30:00,0.020225286
2019-07-18 14:40:00,0.024125725
2019-07-18 14:50:00,0.018294215
2019-07-18 15:00:00,0.02646336
2019-07-18 15:10:00,0.019911885
2019-07-18 15:20:00,0.025866657
2019-07-18 15:30:00,0.018717736
2019-07-18 15:40:00,0.027073473
2019-07-18 15:50:00,0.019513756
2019-07-18 16:00:00,0.025577933
2019-07-18 16:10:00,0.018242568
2019-07-18 16:20:00,0.026434869
2019-07-18 16:30:00,0.02014774
2019-07-18 16:40:00,0.02561444
2019-07-18 16:50:00,0.019486964
2019-07-18 17:00:00,0.02704385
2019-07-18 17:10:00,0.021811813
2019-07-18 17:20:00,0.025702924
2019-07-18 17:30:00,0.021111399
2019-07-18 17:40:00,0.026838273
2019-07-18 17:50:00,0.023045331
2019-07-18 18:00:00,0.02731973
2019-07-18 18:10:00,0.023060352
2019-07-18 18:20:00,0.029958576
2019-07-18 18:30:00,0.025186867
2019-07-18 18:40:00,0.028537571
2019-07-18 18:50:00,0.023449063
2019-07-18 19:00:00,0.029998422
2019-07-18 19:10:00,0.02458781
2019-07-18 19:20:00,0.028930426
2019-07-18 19:30:00,0.023679614
2019-07-18 19:40:00,0.027825058
2019-07-18 19:50:00,0.0231525
2019-07-18 20:00:00,0.026546389
2019-07-18 20:10:00,0.021709055
2019-07-18 20:20:00,0.025976896
2019-07-18 20:30:00,0.020283937
2019-07-18 20:40:00,0.023972154
2019-07-18 20:50:00,0.020569682
2019-07-18 21:00:00,0.025600642
2019-07-18 21:10:00,0.021522164
2019-07-18 21:20:00,0.024355143
2019-07-18 21:30:00,0.020272374
2019-07-18 21:40:00,0.025280416
2019-07-18 21:50:00,0.02199608
2019-07-18 22:00:00,0.024335772
2019-07-18 22:10:00,0.021163553
2019-07-18 22:20:00,0.023875028
2019-07-18 22:30:00,0.023141563
2019-07-18 22:40:00,0.024855524
2019-07-18 22:50:00,0.023050725
2019-07-18 23:00:00,0.024287015
2019-07-18 23:10:00,0.02497968
2019-07-18 23:20:00,0.024884999
2019-07-18 23:30:00,0.024278313
2019-07-18 23:40:00,0.025636762
2019-07-18 23:50:00,0.025457978
2019-07-19 00:00:00,0.024632365
2019-07-19 00:10:00,0.02535826
2019-07-19 00:20:00,0.0252181
2019-07-19 00:30:00,0.026040494
2019-07-19 00:40:00,0.025628597
2019-07-19 00:50:00,0.025510222
2019-07-19 01:00:00,0.026995838
2019-07-19 01:10:00,0.024124503
2019-07-19 01:20:00,0.024906993
2019-07-19 01:30:00,0.022815913
2019-07-19 01:40:00,0.025281727
2019-07-19 01:50:00,0.023296893
2019-07-19 02:00:00,0.02435419
2019-07-19 02:10:00,0.02400136
2019-07-19 02:20:00,0.02474624
2019-07-19 02:30:00,0.025920123
2019-07-19 02:40:00,0.025867522
2019-07-19 02:50:00,0.025674552
2019-07-19 03:00:00,0.026294142
2019-07-19 03:10:00,0.025405377
2019-07-19 03:20:00,0.026988298
2019-07-19 03:30:00,0.024957895
2019-07-19 03:40:00,0.024712712
2019-07-19 03:50:00,0.025008976
2019-07-19 04:00:00,0.024950683
2019-07-19 04:10:00,0.025864005
2019-07-19 04:20:00,0.024592817
2019-07-19 04:30:00,0.026761383
2019-07-19 04:40:00,0.025322646
2019-07-19 04:50:00,0.026821911
2019-07-19 05:00:00,0.024864495
2019-07-19 05:10:00,0.030413508
2019-07-19 05:20:00,0.026111692
2019-07-19 05:30:00,0.029970884
2019-07-19 05:40:00,0.02525124
2019-07-19 05:50:00,0.034233212
2019-07-19 06:00:00,0.029028088
2019-07-19 06:10:00,0.035626322
2019-07-19 06:20:00,0.029286325
2019-07-19 06:30:00,0.037145227
2019-07-19 06:40:00,0.031700402
2019-07-19 06:50:00,0.038467288
2019-07-19 07:00:00,0.031767875
2019-07-19 07:10:00,0.03678167
2019-07-19 07:20:00,0.027575493
2019-07-19 07:30:00,0.036036074
2019-07-19 07:40:00,0.029251307
2019-07-19 07:50:00,0.034733117
2019-07-19 08:00:00,0.030659735
2019-07-19 08:10:00,0.03515151
2019-07-19 08:20:00,0.029084057
2019-07-19 08:30:00,0.034550518
2019-07-19 08:40:00,0.030118823
2019-07-19 08:50:00,0.035033435
2019-07-19 09:00:00,0.029177576
2019-07-19 09:10:00,0.035525978
2019-07-19 09:20:00,0.031175643
2019-07-19 09:30:00,0.035167187
2019-07-19 09:40:00,0.029631764
2019-07-19 09:50:00,0.035594612
2019-07-19 10:00:00,0.03130701
2019-07-19 10:10:00,0.035862684
2019-07-19 10:20:00,0.029023588
2019-07-19 10:30:00,0.034683764
2019-07-19 10:40:00,0.03281498
2019-07-19 10:50:00,0.038057655
2019-07-19 11:00:00,0.03073138
2019-07-19 11:10:00,0.035220265
2019-07-19 11:20:00,0.03249654
2019-07-19 11:30:00,0.03570825
2019-07-19 11:40:00,0.030628532
2019-07-19 11:50:00,0.03484127
2019-07-19 12:00:00,0.032393187
2019-07-19 12:10:00,0.035286963
2019-07-19 12:20:00,0.030506998
2019-07-19 12:30:00,0.035945714
2019-07-19 12:40:00,0.030485183
2019-07-19 12:50:00,0.03560549
2019-07-19 13:00:00,0.030242026
2019-07-19 13:10:00,0.03472072
2019-07-19 13:20:00,0.031416208
2019-07-19 13:30:00,0.03656876
2019-07-19 13:40:00,0.029986769
2019-07-19 13:50:00,0.035766035
2019-07-19 14:00:00,0.034202665
2019-07-19 14:10:00,0.035970956
2019-07-19 14:20:00,0.029374689
2019-07-19 14:30:00,0.03517133
2019-07-19 14:40:00,0.033150077
2019-07-19 14:50:00,0.036697984
2019-07-19 15:00:00,0.032393605
2019-07-19 15:10:00,0.036396354
2019-07-19 15:20:00,0.035613388
2019-07-19 15:30:00,0.03778532
2019-07-19 15:40:00,0.03309405
2019-07-19 15:50:00,0.033262074
2019-07-19 16:00:00,0.035201162
2019-07-19 16:10:00,0.029467583
2019-07-19 16:20:00,0.032543033
2019-07-19 16:30:00,0.02791959
2019-07-19 16:40:00,0.03674069
2019-07-19 16:50:00,0.025242537
2019-07-19 17:00:00,0.033087164
2019-07-19 17:10:00,0.025639802
2019-07-19 17:20:00,0.035919815
2019-07-19 17:30:00,0.02413413
2019-07-19 17:40:00,0.033926904
2019-07-19 17:50:00,0.025318801
2019-07-19 18:00:00,0.037944585
2019-07-19 18:10:00,0.02500236
2019-07-19 18:20:00,0.035025448
2019-07-19 18:30:00,0.025990427
2019-07-19 18:40:00,0.03915274
2019-07-19 18:50:00,0.025758862
2019-07-19 19:00:00,0.035505563
2019-07-19 19:10:00,0.025049686
2019-07-19 19:20:00,0.03826785
2019-07-19 19:30:00,0.024285734
2019-07-19 19:40:00,0.036909193
2019-07-19 19:50:00,0.025158226
2019-07-19 20:00:00,0.041302502
2019-07-19 20:10:00,0.02482462
2019-07-19 20:20:00,0.037724555
2019-07-19 20:30:00,0.025960475
2019-07-19 20:40:00,0.042811632
2019-07-19 20:50:00,0.023351997
2019-07-19 21:00:00,0.042921662
2019-07-19 21:10:00,0.027876318
2019-07-19 21:20:00,0.04810798
2019-07-19 21:30:00,0.027501464
2019-07-19 21:40:00,0.044968933
2019-07-19 21:50:00,0.028016448
2019-07-19 22:00:00,0.051950544
2019-07-19 22:10:00,0.027716845
2019-07-19 22:20:00,0.04831156
2019-07-19 22:30:00,0.027860284
2019-07-19 22:40:00,0.05444458
2019-07-19 22:50:00,0.029248565
2019-07-19 23:00:00,0.053254426
2019-07-19 23:10:00,0.030730784
2019-07-19 23:20:00,0.06024885
2019-07-19 23:30:00,0.031462163
2019-07-19 23:40:00,0.052714795
2019-07-19 23:50:00,0.032085776
2019-07-20 00:00:00,0.061854213
2019-07-20 00:10:00,0.031828642
2019-07-20 00:20:00,0.058751673
2019-07-20 00:30:00,0.03211698
2019-07-20 00:40:00,0.06455597
2019-07-20 00:50:00,0.03194526
2019-07-20 01:00:00,0.059630036
2019-07-20 01:10:00,0.032238334
2019-07-20 01:20:00,0.06430754
2019-07-20 01:30:00,0.031891674
2019-07-20 01:40:00,0.060477495
2019-07-20 01:50:00,0.03368765
2019-07-20 02:00:00,0.066574484
2019-07-20 02:10:00,0.032656223
2019-07-20 02:20:00,0.06320411
2019-07-20 02:30:00,0.034992933
2019-07-20 02:40:00,0.06473175
2019-07-20 02:50:00,0.034168005
2019-07-20 03:00:00,0.06716475
2019-07-20 03:10:00,0.03598532
2019-07-20 03:20:00,0.07564834
2019-07-20 03:30:00,0.037846655
2019-07-20 03:40:00,0.07077676
2019-07-20 03:50:00,0.03939241
2019-07-20 04:00:00,0.07719624
2019-07-20 04:10:00,0.037977368
2019-07-20 04:20:00,0.074572235
2019-07-20 04:30:00,0.03969413
2019-07-20 04:40:00,0.0830805
2019-07-20 04:50:00,0.040158987
2019-07-20 05:00:00,0.0718303
2019-07-20 05:10:00,0.041954994
2019-07-20 05:20:00,0.07830745
2019-07-20 05:30:00,0.039868146
2019-07-20 05:40:00,0.07423949
2019-07-20 05:50:00,0.040109426
2019-07-20 06:00:00,0.07782528
2019-07-20 06:10:00,0.03986734
2019-07-20 06:20:00,0.07775608
2019-07-20 06:30:00,0.042862535
2019-07-20 06:40:00,0.07931432
2019-07-20 06:50:00,0.041687876
2019-07-20 07:00:00,0.079006046
2019-07-20 07:10:00,0.044186234
2019-07-20 07:20:00,0.08314952
2019-07-20 07:30:00,0.043106973
2019-07-20 07:40:00,0.072060615
2019-07-20 07:50:00,0.04495713
2019-07-20 08:00:00,0.07711935
2019-07-20 08:10:00,0.046611756
2019-07-20 08:20:00,0.07113692
2019-07-20 08:30:00,0.04835528
2019-07-20 08:40:00,0.07529682
2019-07-20 08:50:00,0.047085375
2019-07-20 09:00:00,0.0723359
2019-07-20 09:10:00,0.048802704
2019-07-20 09:20:00,0.076263875
2019-07-20 09:30:00,0.0448983
2019-07-20 09:40:00,0.07116893
2019-07-20 09:50:00,0.04891032
2019-07-20 10:00:00,0.07411671
2019-07-20 10:10:00,0.047333032
2019-07-20 10:20:00,0.07103053
2019-07-20 10:30:00,0.046912044
2019-07-20 10:40:00,0.07240331
2019-07-20 10:50:00,0.045579553
2019-07-20 11:00:00,0.069268376
2019-07-20 11:10:00,0.04743415
2019-07-20 11:20:00,0.07388413
2019-07-20 11:30:00,0.046213567
2019-07-20 11:40:00,0.070274115
2019-07-20 11:50:00,0.0470044
2019-07-20 12:00:00,0.07185358
2019-07-20 12:10:00,0.04602316
2019-07-20 12:20:00,0.0694128
2019-07-20 12:30:00,0.04646465
2019-07-20 12:40:00,0.073985696
2019-07-20 12:50:00,0.042475015
2019-07-20 13:00:00,0.06665453
2019-07-20 13:10:00,0.04314652
2019-07-20 13:20:00,0.06824228
2019-07-20 13:30:00,0.039860785
2019-07-20 13:40:00,0.06273213
2019-07-20 13:50:00,0.03981313
2019-07-20 14:00:00,0.06528318
2019-07-20 14:10:00,0.036186963
2019-07-20 14:20:00,0.06075999
2019-07-20 14:30:00,0.037428975
2019-07-20 14:40:00,0.06319994
2019-07-20 14:50:00,0.038665682
2019-07-20 15:00:00,0.05951485
2019-07-20 15:10:00,0.041562587
2019-07-20 15:20:00,0.061463863
2019-07-20 15:30:00,0.042256385
2019-07-20 15:40:00,0.05917242
2019-07-20 15:50:00,0.04416105
2019-07-20 16:00:00,0.065148324
2019-07-20 16:10:00,0.04572442
2019-07-20 16:20:00,0.060262173
2019-07-20 16:30:00,0.04678762
2019-07-20 16:40:00,0.06580219
2019-07-20 16:50:00,0.047109842
2019-07-20 17:00:00,0.059569985
2019-07-20 17:10:00,0.046963423
2019-07-20 17:20:00,0.064055264
2019-07-20 17:30:00,0.04766819
2019-07-20 17:40:00,0.062659115
2019-07-20 17:50:00,0.047852695
2019-07-20 18:00:00,0.068861514
2019-07-20 18:10:00,0.050498813
2019-07-20 18:20:00,0.06082639
2019-07-20 18:30:00,0.05073592
2019-07-20 18:40:00,0.065167755
2019-07-20 18:50:00,0.051879257
2019-07-20 19:00:00,0.0566338
2019-07-20 19:10:00,0.051730305
2019-07-20 19:20:00,0.063295364
2019-07-20 19:30:00,0.05282408
2019-07-20 19:40:00,0.056979865
2019-07-20 19:50:00,0.05188304
2019-07-20 20:00:00,0.063409984
2019-07-20 20:10:00,0.05461669
2019-07-20 20:20:00,0.05663556
2019-07-20 20:30:00,0.052725285
2019-07-20 20:40:00,0.061000377
2019-07-20 20:50:00,0.056396514
2019-07-20 21:00:00,0.05402258
2019-07-20 21:10:00,0.0535852
2019-07-20 21:20:00,0.054246843
2019-07-20 21:30:00,0.05551088
2019-07-20 21:40:00,0.047121763
2019-07-20 21:50:00,0.05151519
2019-07-20 22:00:00,0.052142948
2019-07-20 22:10:00,0.056301028
2019-07-20 22:20:00,0.04827106
2019-07-20 22:30:00,0.05404365
2019-07-20 22:40:00,0.05325508
2019-07-20 22:50:00,0.059725076
2019-07-20 23:00:00,0.04907286
2019-07-20 23:10:00,0.058687896
2019-07-20 23:20:00,0.052446276
2019-07-20 23:30:00,0.07008529
2019-07-20 23:40:00,0.048259467
2019-07-20 23:50:00,0.064367205
2019-07-21 00:00:00,0.05252123
2019-07-21 00:10:00,0.06784472
2019-07-21 00:20:00,0.046187907
2019-07-21 00:30:00,0.069515616
2019-07-21 00:40:00,0.0552046
2019-07-21 00:50:00,0.07825929
2019-07-21 01:00:00,0.04902011
2019-07-21 01:10:00,0.07249454
2019-07-21 01:20:00,0.056797206
2019-07-21 01:30:00,0.08020964
2019-07-21 01:40:00,0.05093983
2019-07-21 01:50:00,0.07236028
2019-07-21 02:00:00,0.055663437
2019-07-21 02:10:00,0.07677698
2019-07-21 02:20:00,0.044303954
2019-07-21 02:30:00,0.0682022
2019-07-21 02:40:00,0.051693887
2019-07-21 02:50:00,0.07375935
2019-07-21 03:00:00,0.04775533
2019-07-21 03:10:00,0.06415689
2019-07-21 03:20:00,0.052714825
2019-07-21 03:30:00,0.068763435
2019-07-21 03:40:00,0.04672435
2019-07-21 03:50:00,0.06169814
2019-07-21 04:00:00,0.05388385
2019-07-21 04:10:00,0.06847361
2019-07-21 04:20:00,0.04420048
2019-07-21 04:30:00,0.055565864
2019-07-21 04:40:00,0.05153814
2019-07-21 04:50:00,0.057327658
2019-07-21 05:00:00,0.03897789
2019-07-21 05:10:00,0.04918444
2019-07-21 05:20:00,0.044003308
2019-07-21 05:30:00,0.050468355
2019-07-21 05:40:00,0.039472193
2019-07-21 05:50:00,0.04692164
2019-07-21 06:00:00,0.045458138
2019-07-21 06:10:00,0.048944503
2019-07-21 06:20:00,0.042681396
2019-07-21 06:30:00,0.049368173
2019-07-21 06:40:00,0.0484868
2019-07-21 06:50:00,0.051109195
2019-07-21 07:00:00,0.044489205
2019-07-21 07:10:00,0.05075088
2019-07-21 07:20:00,0.051870942
2019-07-21 07:30:00,0.053522885
2019-07-21 07:40:00,0.048161477
2019-07-21 07:50:00,0.054175884
2019-07-21 08:00:00,0.056583285
2019-07-21 08:10:00,0.056586087
2019-07-21 08:20:00,0.051734865
2019-07-21 08:30:00,0.057572037
2019-07-21 08:40:00,0.06053534
2019-07-21 08:50:00,0.05924976
2019-07-21 09:00:00,0.057766378
2019-07-21 09:10:00,0.060442
2019-07-21 09:20:00,0.0667434
2019-07-21 09:30:00,0.062286437
2019-07-21 09:40:00,0.062085837
2019-07-21 09:50:00,0.06458372
2019-07-21 10:00:00,0.07253361
2019-07-21 10:10:00,0.064876944
2019-07-21 10:20:00,0.0653736
2019-07-21 10:30:00,0.06778997
2019-07-21 10:40:00,0.072348505
2019-07-21 10:50:00,0.06386867
2019-07-21 11:00:00,0.06667766
2019-07-21 11:10:00,0.066453785
2019-07-21 11:20:00,0.075264335
2019-07-21 11:30:00,0.06557962
2019-07-21 11:40:00,0.0695554
2019-07-21 11:50:00,0.06688079
2019-07-21 12:00:00,0.07689947
2019-07-21 12:10:00,0.06699976
2019-07-21 12:20:00,0.06880742
2019-07-21 12:30:00,0.06940928
2019-07-21 12:40:00,0.07406545
2019-07-21 12:50:00,0.06997135
2019-07-21 13:00:00,0.06756395
2019-07-21 13:10:00,0.07665399
2019-07-21 13:20:00,0.07428336
2019-07-21 13:30:00,0.07490751
2019-07-21 13:40:00,0.07504821
2019-07-21 13:50:00,0.0838677
2019-07-21 14:00:00,0.083506584
2019-07-21 14:10:00,0.08222118
2019-07-21 14:20:00,0.07898426
2019-07-21 14:30:00,0.08882266
2019-07-21 14:40:00,0.09230399
2019-07-21 14:50:00,0.08775622
2019-07-21 15:00:00,0.08828992
2019-07-21 15:10:00,0.09382847
2019-07-21 15:20:00,0.096006274
2019-07-21 15:30:00,0.0877651
2019-07-21 15:40:00,0.09569371
2019-07-21 15:50:00,0.09709203
2019-07-21 16:00:00,0.108750135
2019-07-21 16:10:00,0.09395677
2019-07-21 16:20:00,0.105391055
2019-07-21 16:30:00,0.10049367
2019-07-21 16:40:00,0.10916978
2019-07-21 16:50:00,0.09486434
2019-07-21 17:00:00,0.102187485
2019-07-21 17:10:00,0.09763473
2019-07-21 17:20:00,0.10710043
2019-07-21 17:30:00,0.09360066
2019-07-21 17:40:00,0.1054765
2019-07-21 17:50:00,0.09539002
2019-07-21 18:00:00,0.11197153
2019-07-21 18:10:00,0.09344137
2019-07-21 18:20:00,0.10967487
2019-07-21 18:30:00,0.092348546
2019-07-21 18:40:00,0.110990435
2019-07-21 18:50:00,0.0856072
2019-07-21 19:00:00,0.11234328
2019-07-21 19:10:00,0.093979776
2019-07-21 19:20:00,0.10899314
2019-07-21 19:30:00,0.08724916
2019-07-21 19:40:00,0.108204216
2019-07-21 19:50:00,0.0938718
2019-07-21 20:00:00,0.11512452
2019-07-21 20:10:00,0.0901359
2019-07-21 20:20:00,0.11019117
2019-07-21 20:30:00,0.09195089
2019-07-21 20:40:00,0.12058392
2019-07-21 20:50:00,0.09584567
2019-07-21 21:00:00,0.119583756
2019-07-21 21:10:00,0.104949445
2019-07-21 21:20:00,0.12758312
2019-07-21 21:30:00,0.10051283
2019-07-21 21:40:00,0.12496683
2019-07-21 21:50:00,0.10759795
2019-07-21 22:00:00,0.12903649
2019-07-21 22:10:00,0.09702575
2019-07-21 22:20:00,0.12490386
2019-07-21 22:30:00,0.10664195
2019-07-21 22:40:00,0.1291233
2019-07-21 22:50:00,0.09670511
2019-07-21 23:00:00,0.12881222
2019-07-21 23:10:00,0.10165405
2019-07-21 23:20:00,0.13359326
2019-07-21 23:30:00,0.09137446
2019-07-21 23:40:00,0.13747728
2019-07-21 23:50:00,0.09794021
2019-07-22 00:00:00,0.13462672
2019-07-22 00:10:00,0.08983594
2019-07-22 00:20:00,0.14027223
2019-07-22 00:30:00,0.09894657
2019-07-22 00:40:00,0.13755831
2019-07-22 00:50:00,0.09686679
2019-07-22 01:00:00,0.14264461
2019-07-22 01:10:00,0.10011077
2019-07-22 01:20:00,0.13952062
2019-07-22 01:30:00,0.09211153
2019-07-22 01:40:00,0.14180699
2019-07-22 01:50:00,0.09997466
2019-07-22 02:00:00,0.13992494
2019-07-22 02:10:00,0.089631975
2019-07-22 02:20:00,0.15132308
2019-07-22 02:30:00,0.09366107
2019-07-22 02:40:00,0.15071973
2019-07-22 02:50:00,0.08859047
2019-07-22 03:00:00,0.154699
2019-07-22 03:10:00,0.09358007
2019-07-22 03:20:00,0.14308676
2019-07-22 03:30:00,0.089529276
2019-07-22 03:40:00,0.15403676
2019-07-22 03:50:00,0.097057134
2019-07-22 04:00:00,0.14918932
2019-07-22 04:10:00,0.090195835
2019-07-22 04:20:00,0.15524626
2019-07-22 04:30:00,0.09515768
2019-07-22 04:40:00,0.13898656
2019-07-22 04:50:00,0.08876452
2019-07-22 05:00:00,0.13949001
2019-07-22 05:10:00,0.08465424
2019-07-22 05:20:00,0.13040712
2019-07-22 05:30:00,0.07742283
2019-07-22 05:40:00,0.11980116
2019-07-22 05:50:00,0.07299909
2019-07-22 06:00:00,0.109665334
2019-07-22 06:10:00,0.06701547
2019-07-22 06:20:00,0.110348016
2019-07-22 06:30:00,0.06875396
2019-07-22 06:40:00,0.10027692
2019-07-22 06:50:00,0.061303645
2019-07-22 07:00:00,0.10140541
2019-07-22 07:10:00,0.059868068
2019-07-22 07:20:00,0.0969308
2019-07-22 07:30:00,0.061285973
2019-07-22 07:40:00,0.108314216
2019-07-22 07:50:00,0.06228593
2019-07-22 08:00:00,0.08989987
2019-07-22 08:10:00,0.059190303
2019-07-22 08:20:00,0.09891647
2019-07-22 08:30:00,0.06112364
2019-07-22 08:40:00,0.089818925
2019-07-22 08:50:00,0.060106725
2019-07-22 09:00:00,0.09563449
2019-07-22 09:10:00,0.061437935
2019-07-22 09:20:00,0.08422378
2019-07-22 09:30:00,0.06260815
2019-07-22 09:40:00,0.09378511
2019-07-22 09:50:00,0.06419405
2019-07-22 10:00:00,0.0849309
2019-07-22 10:10:00,0.06722233
2019-07-22 10:20:00,0.09622094
2019-07-22 10:30:00,0.066836834
2019-07-22 10:40:00,0.093120664
2019-07-22 10:50:00,0.073791355
2019-07-22 11:00:00,0.09908211
2019-07-22 11:10:00,0.07050434
2019-07-22 11:20:00,0.09332839
2019-07-22 11:30:00,0.07177594
2019-07-22 11:40:00,0.10250756
2019-07-22 11:50:00,0.078573376
2019-07-22 12:00:00,0.10762882
2019-07-22 12:10:00,0.09619278
2019-07-22 12:20:00,0.10098925
2019-07-22 12:30:00,0.072947204
2019-07-22 12:40:00,0.08285087
2019-07-22 12:50:00,0.076980114
2019-07-22 13:00:00,0.089517236
2019-07-22 13:10:00,0.069232136
2019-07-22 13:20:00,0.07828632
2019-07-22 13:30:00,0.07081619
2019-07-22 13:40:00,0.081799746
2019-07-22 13:50:00,0.0650706
2019-07-22 14:00:00,0.07309908
2019-07-22 14:10:00,0.07355839
2019-07-22 14:20:00,0.07770437
2019-07-22 14:30:00,0.06437227
2019-07-22 14:40:00,0.073316306
2019-07-22 14:50:00,0.069185466
2019-07-22 15:00:00,0.0781014
2019-07-22 15:10:00,0.0624488
2019-07-22 15:20:00,0.07355574
2019-07-22 15:30:00,0.0718309
2019-07-22 15:40:00,0.07622957
2019-07-22 15:50:00,0.05992773
2019-07-22 16:00:00,0.065517455
2019-07-22 16:10:00,0.06490424
2019-07-22 16:20:00,0.069951415
2019-07-22 16:30:00,0.057323247
2019-07-22 16:40:00,0.06517804
2019-07-22 16:50:00,0.05929482
2019-07-22 17:00:00,0.060468644
2019-07-22 17:10:00,0.04627937
2019-07-22 17:20:00,0.05875814
2019-07-22 17:30:00,0.050415337
2019-07-22 17:40:00,0.05739644
2019-07-22 17:50:00,0.04193753
2019-07-22 18:00:00,0.053536743
2019-07-22 18:10:00,0.049382627
2019-07-22 18:20:00,0.0592269
2019-07-22 18:30:00,0.043237686
2019-07-22 18:40:00,0.053528816
2019-07-22 18:50:00,0.047043264
2019-07-22 19:00:00,0.0593403
2019-07-22 19:10:00,0.047544718
2019-07-22 19:20:00,0.05244872
2019-07-22 19:30:00,0.047539532
2019-07-22 19:40:00,0.05867502
2019-07-22 19:50:00,0.045747757
2019-07-22 20:00:00,0.06075549
2019-07-22 20:10:00,0.04890421
2019-07-22 20:20:00,0.06488824
2019-07-22 20:30:00,0.046931863
2019-07-22 20:40:00,0.06193453
2019-07-22 20:50:00,0.048689008
2019-07-22 21:00:00,0.06706637
2019-07-22 21:10:00,0.041236013
2019-07-22 21:20:00,0.06083691
2019-07-22 21:30:00,0.046146214
2019-07-22 21:40:00,0.061909676
2019-07-22 21:50:00,0.03876701
2019-07-22 22:00:00,0.05485356
2019-07-22 22:10:00,0.04190579
2019-07-22 22:20:00,0.06058356
2019-07-22 22:30:00,0.03467548
2019-07-22 22:40:00,0.05540508
2019-07-22 22:50:00,0.038534462
2019-07-22 23:00:00,0.055843353
2019-07-22 23:10:00,0.035018772
2019-07-22 23:20:00,0.05309853
2019-07-22 23:30:00,0.037665427
2019-07-22 23:40:00,0.06061527
2019-07-22 23:50:00,0.03690085
2019-07-23 00:00:00,0.05514002
2019-07-23 00:10:00,0.03878784
2019-07-23 00:20:00,0.055554897
2019-07-23 00:30:00,0.03810647
2019-07-23 00:40:00,0.059675366
2019-07-23 00:50:00,0.04510343
2019-07-23 01:00:00,0.06333017
2019-07-23 01:10:00,0.04149857
2019-07-23 01:20:00,0.06416774
2019-07-23 01:30:00,0.040088564
2019-07-23 01:40:00,0.06420082
2019-07-23 01:50:00,0.039266348
2019-07-23 02:00:00,0.062954664
2019-07-23 02:10:00,0.038063556
2019-07-23 02:20:00,0.06045276
2019-07-23 02:30:00,0.03713551
2019-07-23 02:40:00,0.060625166
2019-07-23 02:50:00,0.038619876
2019-07-23 03:00:00,0.061691374
2019-07-23 03:10:00,0.036480755
2019-07-23 03:20:00,0.06354195
2019-07-23 03:30:00,0.03689128
2019-07-23 03:40:00,0.056866735
2019-07-23 03:50:00,0.033180475
2019-07-23 04:00:00,0.05498582
2019-07-23 04:10:00,0.036315054
2019-07-23 04:20:00,0.05336696
2019-07-23 04:30:00,0.033863217
2019-07-23 04:40:00,0.053741544
2019-07-23 04:50:00,0.033780187
2019-07-23 05:00:00,0.050856978
2019-07-23 05:10:00,0.031650454
2019-07-23 05:20:00,0.04907489
2019-07-23 05:30:00,0.030882984
2019-07-23 05:40:00,0.045199424
2019-07-23 05:50:00,0.032395154
2019-07-23 06:00:00,0.045719266
2019-07-23 06:10:00,0.034496903
2019-07-23 06:20:00,0.044718117
2019-07-23 06:30:00,0.03157425
2019-07-23 06:40:00,0.041446358
2019-07-23 06:50:00,0.030177891
2019-07-23 07:00:00,0.044009566
2019-07-23 07:10:00,0.029077262
2019-07-23 07:20:00,0.04453659
2019-07-23 07:30:00,0.030094922
2019-07-23 07:40:00,0.04074946
2019-07-23 07:50:00,0.030569583
2019-07-23 08:00:00,0.040686548
2019-07-23 08:10:00,0.032996178
2019-07-23 08:20:00,0.040068537
2019-07-23 08:30:00,0.031817585
2019-07-23 08:40:00,0.038918763
2019-07-23 08:50:00,0.030118138
2019-07-23 09:00:00,0.040606856
2019-07-23 09:10:00,0.031923383
2019-07-23 09:20:00,0.03955418
2019-07-23 09:30:00,0.030450344
2019-07-23 09:40:00,0.039046615
2019-07-23 09:50:00,0.03119123
2019-07-23 10:00:00,0.03552547
2019-07-23 10:10:00,0.02879563
2019-07-23 10:20:00,0.032731593
2019-07-23 10:30:00,0.030072898
2019-07-23 10:40:00,0.03341323
2019-07-23 10:50:00,0.029034376
2019-07-23 11:00:00,0.03436908
2019-07-23 11:10:00,0.030418456
2019-07-23 11:20:00,0.0353525
2019-07-23 11:30:00,0.028917104
2019-07-23 11:40:00,0.037159562
2019-07-23 11:50:00,0.03315583
2019-07-23 12:00:00,0.0353612
2019-07-23 12:10:00,0.03164673
2019-07-23 12:20:00,0.036283344
2019-07-23 12:30:00,0.032654166
2019-07-23 12:40:00,0.034689784
2019-07-23 12:50:00,0.031107455
2019-07-23 13:00:00,0.036899954
2019-07-23 13:10:00,0.032093972
2019-07-23 13:20:00,0.031778872
2019-07-23 13:30:00,0.029009938
2019-07-23 13:40:00,0.035545945
2019-07-23 13:50:00,0.032604367
2019-07-23 14:00:00,0.031949043
2019-07-23 14:10:00,0.0324364
2019-07-23 14:20:00,0.036184967
2019-07-23 14:30:00,0.033549815
2019-07-23 14:40:00,0.032065988
2019-07-23 14:50:00,0.029478788
2019-07-23 15:00:00,0.032764196
2019-07-23 15:10:00,0.031155974
2019-07-23 15:20:00,0.031668007
2019-07-23 15:30:00,0.028104901
2019-07-23 15:40:00,0.03268376
2019-07-23 15:50:00,0.029851675
2019-07-23 16:00:00,0.031065553
2019-07-23 16:10:00,0.027890593
2019-07-23 16:20:00,0.031820267
2019-07-23 16:30:00,0.030170202
2019-07-23 16:40:00,0.03074205
2019-07-23 16:50:00,0.026973546
2019-07-23 17:00:00,0.030991226
2019-07-23 17:10:00,0.028267592
2019-07-23 17:20:00,0.030426294
2019-07-23 17:30:00,0.026916534
2019-07-23 17:40:00,0.03043273
2019-07-23 17:50:00,0.029519767
2019-07-23 18:00:00,0.0284608
2019-07-23 18:10:00,0.028132737
2019-07-23 18:20:00,0.030006886
2019-07-23 18:30:00,0.029653609
2019-07-23 18:40:00,0.03093651
2019-07-23 18:50:00,0.025728762
2019-07-23 19:00:00,0.031061739
2019-07-23 19:10:00,0.028278172
2019-07-23 19:20:00,0.032229066
2019-07-23 19:30:00,0.02761668
2019-07-23 19:40:00,0.034616888
2019-07-23 19:50:00,0.029463738
2019-07-23 20:00:00,0.035821825
2019-07-23 20:10:00,0.029439151
2019-07-23 20:20:00,0.03866926
2019-07-23 20:30:00,0.030214876
2019-07-23 20:40:00,0.038668036
2019-07-23 20:50:00,0.029798925
2019-07-23 21:00:00,0.03897345
2019-07-23 21:10:00,0.031461626
2019-07-23 21:20:00,0.03629604
2019-07-23 21:30:00,0.028146893
2019-07-23 21:40:00,0.035859734
2019-07-23 21:50:00,0.03011161
2019-07-23 22:00:00,0.032396227
2019-07-23 22:10:00,0.027365983
2019-07-23 22:20:00,0.03465399
2019-07-23 22:30:00,0.028987497
2019-07-23 22:40:00,0.03305334
2019-07-23 22:50:00,0.029210955
2019-07-23 23:00:00,0.034145504
2019-07-23 23:10:00,0.030645013
2019-07-23 23:20:00,0.03580755
2019-07-23 23:30:00,0.032656997
2019-07-23 23:40:00,0.03748384
2019-07-23 23:50:00,0.029417932
2019-07-24 00:00:00,0.03794864
2019-07-24 00:10:00,0.030819565
2019-07-24 00:20:00,0.039480627
2019-07-24 00:30:00,0.029653966
2019-07-24 00:40:00,0.04025218
2019-07-24 00:50:00,0.031150967
2019-07-24 01:00:00,0.04283628
2019-07-24 01:10:00,0.03508815
2019-07-24 01:20:00,0.043648332
2019-07-24 01:30:00,0.034943998
2019-07-24 01:40:00,0.041411817
2019-07-24 01:50:00,0.03187135
2019-07-24 02:00:00,0.041280895
2019-07-24 02:10:00,0.033311248
2019-07-24 02:20:00,0.04257527
2019-07-24 02:30:00,0.027890176
2019-07-24 02:40:00,0.03909096
2019-07-24 02:50:00,0.025158674
2019-07-24 03:00:00,0.03896901
2019-07-24 03:10:00,0.02125752
2019-07-24 03:20:00,0.036388725
2019-07-24 03:30:00,0.02055201
2019-07-24 03:40:00,0.035500884
2019-07-24 03:50:00,0.017564237
2019-07-24 04:00:00,0.033048034
2019-07-24 04:10:00,0.019109815
2019-07-24 04:20:00,0.036937892
2019-07-24 04:30:00,0.018393606
2019-07-24 04:40:00,0.034122527
2019-07-24 04:50:00,0.020553172
2019-07-24 05:00:00,0.039511204
2019-07-24 05:10:00,0.018627048
2019-07-24 05:20:00,0.035438538
2019-07-24 05:30:00,0.020171404
2019-07-24 05:40:00,0.036574036
2019-07-24 05:50:00,0.016945928
2019-07-24 06:00:00,0.032073855
2019-07-24 06:10:00,0.019824028
2019-07-24 06:20:00,0.036866874
2019-07-24 06:30:00,0.017466664
2019-07-24 06:40:00,0.03480509
2019-07-24 06:50:00,0.018781483
2019-07-24 07:00:00,0.038196176
2019-07-24 07:10:00,0.017561376
2019-07-24 07:20:00,0.03312391
2019-07-24 07:30:00,0.020077437
2019-07-24 07:40:00,0.03533283
2019-07-24 07:50:00,0.018985748
2019-07-24 08:00:00,0.034131497
2019-07-24 08:10:00,0.021918237
2019-07-24 08:20:00,0.038781285
2019-07-24 08:30:00,0.01891753
2019-07-24 08:40:00,0.033961356
2019-07-24 08:50:00,0.021693856
2019-07-24 09:00:00,0.036945403
2019-07-24 09:10:00,0.018065214
2019-07-24 09:20:00,0.031876504
2019-07-24 09:30:00,0.022289485
2019-07-24 09:40:00,0.035591274
2019-07-24 09:50:00,0.019585192
2019-07-24 10:00:00,0.033064038
2019-07-24 10:10:00,0.022470057
2019-07-24 10:20:00,0.03701079
2019-07-24 10:30:00,0.019331753
2019-07-24 10:40:00,0.034176737
2019-07-24 10:50:00,0.023588449
2019-07-24 11:00:00,0.0375444
2019-07-24 11:10:00,0.018029273
2019-07-24 11:20:00,0.035182536
2019-07-24 11:30:00,0.020233095
2019-07-24 11:40:00,0.03955424
2019-07-24 11:50:00,0.015435845
2019-07-24 12:00:00,0.035519153
2019-07-24 12:10:00,0.018499881
2019-07-24 12:20:00,0.04029119
2019-07-24 12:30:00,0.014760762
2019-07-24 12:40:00,0.037201226
2019-07-24 12:50:00,0.019017637
2019-07-24 13:00:00,0.045077056
2019-07-24 13:10:00,0.015990227
2019-07-24 13:20:00,0.03986442
2019-07-24 13:30:00,0.020459801
2019-07-24 13:40:00,0.045358002
2019-07-24 13:50:00,0.017131954
2019-07-24 14:00:00,0.042713612
2019-07-24 14:10:00,0.023161054
2019-07-24 14:20:00,0.046123534
2019-07-24 14:30:00,0.016239136
2019-07-24 14:40:00,0.04081145
2019-07-24 14:50:00,0.020433992
2019-07-24 15:00:00,0.045217544
2019-07-24 15:10:00,0.015852004
2019-07-24 15:20:00,0.04412225
2019-07-24 15:30:00,0.019857049
2019-07-24 15:40:00,0.045835584
2019-07-24 15:50:00,0.015153408
2019-07-24 16:00:00,0.041093826
2019-07-24 16:10:00,0.019454718
2019-07-24 16:20:00,0.044050097
2019-07-24 16:30:00,0.015737474
2019-07-24 16:40:00,0.042481363
2019-07-24 16:50:00,0.020422459
2019-07-24 17:00:00,0.047608525
2019-07-24 17:10:00,0.01572305
2019-07-24 17:20:00,0.04393533
2019-07-24 17:30:00,0.018925905
2019-07-24 17:40:00,0.046658278
2019-07-24 17:50:00,0.014847428
2019-07-24 18:00:00,0.03866574
2019-07-24 18:10:00,0.01954317
2019-07-24 18:20:00,0.04062128
2019-07-24 18:30:00,0.016019732
2019-07-24 18:40:00,0.035275668
2019-07-24 18:50:00,0.020476878
2019-07-24 19:00:00,0.037385434
2019-07-24 19:10:00,0.016065449
2019-07-24 19:20:00,0.030997992
2019-07-24 19:30:00,0.01986131
2019-07-24 19:40:00,0.034216017
2019-07-24 19:50:00,0.01589337
2019-07-24 20:00:00,0.032150686
2019-07-24 20:10:00,0.020618707
2019-07-24 20:20:00,0.035918206
2019-07-24 20:30:00,0.015765488
2019-07-24 20:40:00,0.02780807
2019-07-24 20:50:00,0.019477695
2019-07-24 21:00:00,0.030037075
2019-07-24 21:10:00,0.014010072
2019-07-24 21:20:00,0.022240758
2019-07-24 21:30:00,0.018018782
2019-07-24 21:40:00,0.025825083
2019-07-24 21:50:00,0.013704509
2019-07-24 22:00:00,0.02133575
2019-07-24 22:10:00,0.01809889
2019-07-24 22:20:00,0.025692016
2019-07-24 22:30:00,0.013846338
2019-07-24 22:40:00,0.01983887
2019-07-24 22:50:00,0.017284185
2019-07-24 23:00:00,0.023495883
2019-07-24 23:10:00,0.01294148
2019-07-24 23:20:00,0.017641485
2019-07-24 23:30:00,0.01593554
2019-07-24 23:40:00,0.020556957
2019-07-24 23:50:00,0.01208657
2019-07-25 00:00:00,0.016514331
2019-07-25 00:10:00,0.017826557
2019-07-25 00:20:00,0.020979196
2019-07-25 00:30:00,0.013004422
2019-07-25 00:40:00,0.01586759
2019-07-25 00:50:00,0.01656735
2019-07-25 01:00:00,0.017796874
2019-07-25 01:10:00,0.012429953
2019-07-25 01:20:00,0.013186187
2019-07-25 01:30:00,0.015479475
2019-07-25 01:40:00,0.015576035
2019-07-25 01:50:00,0.011930287
2019-07-25 02:00:00,0.01161772
2019-07-25 02:10:00,0.015580475
2019-07-25 02:20:00,0.013982415
2019-07-25 02:30:00,0.012278348
2019-07-25 02:40:00,0.010461599
2019-07-25 02:50:00,0.015582949
2019-07-25 03:00:00,0.013317525
2019-07-25 03:10:00,0.012935102
2019-07-25 03:20:00,0.009763926
2019-07-25 03:30:00,0.016492039
2019-07-25 03:40:00,0.012381166
2019-07-25 03:50:00,0.013600022
2019-07-25 04:00:00,0.009799182
2019-07-25 04:10:00,0.017139524
2019-07-25 04:20:00,0.012904882
2019-07-25 04:30:00,0.013831973
2019-07-25 04:40:00,0.010155231
2019-07-25 04:50:00,0.016848475
2019-07-25 05:00:00,0.0109704435
2019-07-25 05:10:00,0.013996124
2019-07-25 05:20:00,0.008774608
2019-07-25 05:30:00,0.015727222
2019-07-25 05:40:00,0.011623621
2019-07-25 05:50:00,0.014192373
2019-07-25 06:00:00,0.00964269
2019-07-25 06:10:00,0.0171251
2019-07-25 06:20:00,0.012209773
2019-07-25 06:30:00,0.014775872
2019-07-25 06:40:00,0.009391099
2019-07-25 06:50:00,0.017568648
2019-07-25 07:00:00,0.011599004
2019-07-25 07:10:00,0.014776617
2019-07-25 07:20:00,0.008942395
2019-07-25 08:00:00,0.017639786
2019-07-25 08:10:00,0.011304706
2019-07-25 08:20:00,0.014799148
2019-07-25 08:30:00,0.008901179
2019-07-25 08:40:00,0.016744226
2019-07-25 08:50:00,0.011397988
2019-07-25 09:00:00,0.01589343
2019-07-25 09:10:00,0.009070218
2019-07-25 09:20:00,0.017803073
2019-07-25 09:30:00,0.011391759
2019-07-25 09:40:00,0.016132623
2019-07-25 09:50:00,0.009585798
2019-07-25 10:00:00,0.020164013
2019-07-25 10:10:00,0.011933953
2019-07-25 10:20:00,0.019631624
2019-07-25 10:30:00,0.010799706
2019-07-25 10:40:00,0.023582876
2019-07-25 10:50:00,0.012777805
2019-07-25 11:00:00,0.021808594
2019-07-25 11:10:00,0.011077017
2019-07-25 11:20:00,0.022934467
2019-07-25 11:30:00,0.012577176
2019-07-25 11:40:00,0.020675302
2019-07-25 11:50:00,0.010920614
2019-07-25 12:00:00,0.02165386
2019-07-25 12:10:00,0.012466818
2019-07-25 12:20:00,0.020755023
2019-07-25 12:30:00,0.010620445
2019-07-25 12:40:00,0.022677273
2019-07-25 12:50:00,0.013001412
2019-07-25 13:00:00,0.022251606
2019-07-25 13:10:00,0.011368841
2019-07-25 13:20:00,0.022456706
2019-07-25 13:30:00,0.012927294
2019-07-25 13:40:00,0.021256834
2019-07-25 13:50:00,0.011010677
2019-07-25 14:00:00,0.02216822
2019-07-25 14:10:00,0.012550503
2019-07-25 14:20:00,0.020737886
2019-07-25 14:30:00,0.010961622
2019-07-25 14:40:00,0.021298021
2019-07-25 14:50:00,0.013097942
2019-07-25 15:00:00,0.019687563
2019-07-25 15:10:00,0.01221472
2019-07-25 15:20:00,0.021303803
2019-07-25 15:30:00,0.012915701
2019-07-25 15:40:00,0.020679086
2019-07-25 15:50:00,0.01164481
2019-07-25 16:00:00,0.02213183
2019-07-25 16:10:00,0.014568806
2019-07-25 16:20:00,0.021933943
2019-07-25 16:30:00,0.013549477
2019-07-25 16:40:00,0.022901267
2019-07-25 16:50:00,0.015379578
2019-07-25 17:00:00,0.021297634
2019-07-25 17:10:00,0.013394207
2019-07-25 17:20:00,0.021446347
2019-07-25 17:30:00,0.0152618885
2019-07-25 17:40:00,0.021556646
2019-07-25 17:50:00,0.013536602
2019-07-25 18:00:00,0.022251725
2019-07-25 18:10:00,0.01563853
2019-07-25 18:20:00,0.023127168
2019-07-25 18:30:00,0.01367864
2019-07-25 18:40:00,0.021597475
2019-07-25 18:50:00,0.015608251
2019-07-25 19:00:00,0.02243802
2019-07-25 19:10:00,0.013202846
2019-07-25 19:20:00,0.023931414
2019-07-25 19:30:00,0.015117973
2019-07-25 19:40:00,0.022125244
2019-07-25 19:50:00,0.013914615
2019-07-25 20:00:00,0.021786243
2019-07-25 20:10:00,0.01568845
2019-07-25 20:20:00,0.021274567
2019-07-25 20:30:00,0.014530748
2019-07-25 20:40:00,0.022198558
2019-07-25 20:50:00,0.016631812
2019-07-25 21:00:00,0.021468878
2019-07-25 21:10:00,0.014829278
2019-07-25 21:20:00,0.021904975
2019-07-25 21:30:00,0.016402632
2019-07-25 21:40:00,0.021024406
2019-07-25 21:50:00,0.015856743
2019-07-25 22:00:00,0.021131456
2019-07-25 22:10:00,0.017309368
2019-07-25 22:20:00,0.020633519
2019-07-25 22:30:00,0.016080737
2019-07-25 22:40:00,0.020288259
2019-07-25 22:50:00,0.01712194
2019-07-25 23:00:00,0.021179557
2019-07-25 23:10:00,0.016352355
2019-07-25 23:20:00,0.02031973
2019-07-25 23:30:00,0.017132282
2019-07-25 23:40:00,0.019097835
2019-07-25 23:50:00,0.015108436
2019-07-26 00:00:00,0.018357545
2019-07-26 00:10:00,0.015850604
2019-07-26 00:20:00,0.018147707
2019-07-26 00:30:00,0.014321148
2019-07-26 00:40:00,0.017499298
2019-07-26 00:50:00,0.016120076
2019-07-26 01:00:00,0.018010318
2019-07-26 01:10:00,0.016116679
2019-07-26 01:20:00,0.018170089
2019-07-26 01:30:00,0.01759538
2019-07-26 01:40:00,0.01793328
2019-07-26 01:50:00,0.018023342
2019-07-26 02:00:00,0.017844051
2019-07-26 02:10:00,0.019378692
2019-07-26 02:20:00,0.017399758
2019-07-26 02:30:00,0.019831866
2019-07-26 02:40:00,0.01762411
2019-07-26 02:50:00,0.021790236
2019-07-26 03:00:00,0.017335713
2019-07-26 03:10:00,0.021754503
2019-07-26 03:20:00,0.017481327
2019-07-26 03:30:00,0.022146761
2019-07-26 03:40:00,0.016796708
2019-07-26 03:50:00,0.022768468
2019-07-26 04:00:00,0.016157925
2019-07-26 04:10:00,0.022988468
2019-07-26 04:20:00,0.016660094
2019-07-26 04:30:00,0.022241235
2019-07-26 04:40:00,0.018753886
2019-07-26 04:50:00,0.030317247
2019-07-26 05:00:00,0.019302487
2019-07-26 05:10:00,0.026735246
2019-07-26 05:20:00,0.019369006
2019-07-26 05:30:00,0.02771163
2019-07-26 05:40:00,0.01867488
2019-07-26 05:50:00,0.027110636
2019-07-26 06:00:00,0.018402278
2019-07-26 06:10:00,0.027703315
2019-07-26 06:20:00,0.017438352
2019-07-26 06:30:00,0.026816458
2019-07-26 06:40:00,0.018713534
2019-07-26 06:50:00,0.027507305
2019-07-26 07:00:00,0.018408984
2019-07-26 07:10:00,0.025810182
2019-07-26 07:20:00,0.019200832
2019-07-26 07:30:00,0.02735573
2019-07-26 07:40:00,0.018187374
2019-07-26 07:50:00,0.026717871
2019-07-26 08:00:00,0.019075632
2019-07-26 08:10:00,0.028470725
2019-07-26 08:20:00,0.018639177
2019-07-26 08:30:00,0.027885318
2019-07-26 08:40:00,0.019790202
2019-07-26 08:50:00,0.03030923
2019-07-26 09:00:00,0.018698037
2019-07-26 09:10:00,0.028129876
2019-07-26 09:20:00,0.018117428
2019-07-26 09:30:00,0.030056953
2019-07-26 09:40:00,0.018524587
2019-07-26 09:50:00,0.030279338
2019-07-26 10:00:00,0.019569159
2019-07-26 10:10:00,0.03164786
2019-07-26 10:20:00,0.01871249
2019-07-26 10:30:00,0.030096978
2019-07-26 10:40:00,0.019622415
2019-07-26 10:50:00,0.03054291
2019-07-26 11:00:00,0.018256932
2019-07-26 11:10:00,0.029921234
2019-07-26 11:20:00,0.01966846
2019-07-26 11:30:00,0.030960679
2019-07-26 11:40:00,0.018598437
2019-07-26 11:50:00,0.029815733
2019-07-26 12:00:00,0.021275997
2019-07-26 12:10:00,0.030238628
2019-07-26 12:20:00,0.019113392
2019-07-26 12:30:00,0.029465586
2019-07-26 12:40:00,0.019655377
2019-07-26 12:50:00,0.03138849
2019-07-26 13:00:00,0.019626081
2019-07-26 13:10:00,0.029743463
2019-07-26 13:20:00,0.018583745
2019-07-26 13:30:00,0.029009491
2019-07-26 13:40:00,0.017973304
2019-07-26 13:50:00,0.029720217
2019-07-26 14:00:00,0.020011753
2019-07-26 14:10:00,0.0296731
2019-07-26 14:20:00,0.020192891
2019-07-26 14:30:00,0.031632423
2019-07-26 14:40:00,0.022047132
2019-07-26 14:50:00,0.030511081
2019-07-26 15:00:00,0.02075681
2019-07-26 15:10:00,0.031104386
2019-07-26 15:20:00,0.02220133
2019-07-26 15:30:00,0.03045836
2019-07-26 15:40:00,0.02088958
2019-07-26 15:50:00,0.03039959
2019-07-26 16:00:00,0.02214533
2019-07-26 16:10:00,0.030785352
2019-07-26 16:20:00,0.021340072
2019-07-26 16:30:00,0.030534565
2019-07-26 16:40:00,0.022761524
2019-07-26 16:50:00,0.030221164
2019-07-26 17:00:00,0.021873116
2019-07-26 17:10:00,0.030753464
2019-07-26 17:20:00,0.0198178
2019-07-26 17:30:00,0.030391455
2019-07-26 17:40:00,0.019109815
2019-07-26 17:50:00,0.030564636
2019-07-26 18:00:00,0.017871797
2019-07-26 18:10:00,0.031021148
2019-07-26 18:20:00,0.017441422
2019-07-26 18:30:00,0.031352133
2019-07-26 18:40:00,0.016385317
2019-07-26 18:50:00,0.030806154
2019-07-26 19:00:00,0.016134113
2019-07-26 19:10:00,0.030692011
2019-07-26 19:20:00,0.016931623
2019-07-26 19:30:00,0.031586826
2019-07-26 19:40:00,0.01673317
2019-07-26 19:50:00,0.032034755
2019-07-26 20:00:00,0.016033709
2019-07-26 20:10:00,0.030610919
2019-07-26 20:20:00,0.015482962
2019-07-26 20:30:00,0.029872805
2019-07-26 20:40:00,0.0146380365
2019-07-26 20:50:00,0.027748883
2019-07-26 21:00:00,0.014558047
2019-07-26 21:10:00,0.026703328
2019-07-26 21:20:00,0.013122737
2019-07-26 21:30:00,0.02484551
2019-07-26 21:40:00,0.012799263
2019-07-26 21:50:00,0.024320811
2019-07-26 22:00:00,0.012135714
2019-07-26 22:10:00,0.024516523
2019-07-26 22:20:00,0.013338119
2019-07-26 22:30:00,0.025077492
2019-07-26 22:40:00,0.012604713
2019-07-26 22:50:00,0.0244627
2019-07-26 23:00:00,0.01263994
2019-07-26 23:10:00,0.024909884
2019-07-26 23:20:00,0.012058407
2019-07-26 23:30:00,0.024264067
2019-07-26 23:40:00,0.0126874745
2019-07-26 23:50:00,0.024677485
2019-07-27 00:00:00,0.012081176
2019-07-27 00:10:00,0.024591327
2019-07-27 00:20:00,0.012822658
2019-07-27 00:30:00,0.024617553
2019-07-27 00:40:00,0.014523596
2019-07-27 00:50:00,0.026438743
2019-07-27 01:00:00,0.014890611
2019-07-27 01:10:00,0.025615484
2019-07-27 01:20:00,0.014191985
2019-07-27 01:30:00,0.026295453
2019-07-27 01:40:00,0.014205009
2019-07-27 01:50:00,0.024315804
2019-07-27 02:00:00,0.013749063
2019-07-27 02:10:00,0.02537918
2019-07-27 02:20:00,0.014533341
2019-07-27 02:30:00,0.02278167
2019-07-27 02:40:00,0.015901804
2019-07-27 02:50:00,0.02893436
2019-07-27 03:00:00,0.017718345
2019-07-27 03:10:00,0.029672772
2019-07-27 03:20:00,0.01626718
2019-07-27 03:30:00,0.030379176
2019-07-27 03:40:00,0.017390966
2019-07-27 03:50:00,0.030066162
2019-07-27 04:00:00,0.017338485
2019-07-27 04:10:00,0.031036943
2019-07-27 04:20:00,0.019336164
2019-07-27 04:30:00,0.02988574
2019-07-27 04:40:00,0.018190205
2019-07-27 04:50:00,0.031481028
2019-07-27 05:00:00,0.019103318
2019-07-27 05:10:00,0.03095448
2019-07-27 05:20:00,0.018147975
2019-07-27 05:30:00,0.032892555
2019-07-27 05:40:00,0.020104527
2019-07-27 05:50:00,0.034026653
2019-07-27 06:00:00,0.019837886
2019-07-27 06:10:00,0.035732478
2019-07-27 06:20:00,0.023105472
2019-07-27 06:30:00,0.0380387
2019-07-27 06:40:00,0.022151113
2019-07-27 06:50:00,0.041017383
2019-07-27 07:00:00,0.025846481
2019-07-27 07:10:00,0.043260038
2019-07-27 07:20:00,0.024179965
2019-07-27 07:30:00,0.04260543
2019-07-27 07:40:00,0.026631653
2019-07-27 07:50:00,0.04398516
2019-07-27 08:00:00,0.025101393
2019-07-27 08:10:00,0.04551035
2019-07-27 08:20:00,0.026961297
2019-07-27 08:30:00,0.04549879
2019-07-27 08:40:00,0.024959505
2019-07-27 08:50:00,0.046231836
2019-07-27 09:00:00,0.029369146
2019-07-27 09:10:00,0.04640746
2019-07-27 09:20:00,0.028869212
2019-07-27 09:30:00,0.050150126
2019-07-27 09:40:00,0.03341499
2019-07-27 09:50:00,0.050709218
2019-07-27 10:00:00,0.03196886
2019-07-27 10:10:00,0.05426368
2019-07-27 10:20:00,0.039532393
2019-07-27 10:30:00,0.058122218
2019-07-27 10:40:00,0.037341595
2019-07-27 10:50:00,0.06295082
2019-07-27 11:00:00,0.040955335
2019-07-27 11:10:00,0.06117192
2019-07-27 11:20:00,0.034776717
2019-07-27 11:30:00,0.0647434
2019-07-27 11:40:00,0.041700155
2019-07-27 11:50:00,0.065083385
2019-07-27 12:00:00,0.037556678
2019-07-27 12:10:00,0.064189345
2019-07-27 12:20:00,0.04230219
2019-07-27 12:30:00,0.06378868
2019-07-27 12:40:00,0.03649777
2019-07-27 12:50:00,0.0661746
2019-07-27 13:00:00,0.041477352
2019-07-27 13:10:00,0.06716147
2019-07-27 13:20:00,0.03613448
2019-07-27 13:30:00,0.067672044
2019-07-27 13:40:00,0.040454328
2019-07-27 13:50:00,0.06483063
2019-07-27 14:00:00,0.034657955
2019-07-27 14:10:00,0.06931949
2019-07-27 14:20:00,0.041083068
2019-07-27 14:30:00,0.06810424
2019-07-27 14:40:00,0.036179423
2019-07-27 14:50:00,0.073206425
2019-07-27 15:00:00,0.043863773
2019-07-27 15:10:00,0.07369864
2019-07-27 15:20:00,0.037593335
2019-07-27 15:30:00,0.074950874
2019-07-27 15:40:00,0.044872075
2019-07-27 15:50:00,0.07674852
2019-07-27 16:00:00,0.038232654
2019-07-27 16:10:00,0.078270495
2019-07-27 16:20:00,0.046352863
2019-07-27 16:30:00,0.077138335
2019-07-27 16:40:00,0.03853467
2019-07-27 16:50:00,0.078667134
2019-07-27 17:00:00,0.045040905
2019-07-27 17:10:00,0.07689762
2019-07-27 17:20:00,0.038155705
2019-07-27 17:30:00,0.075499535
2019-07-27 17:40:00,0.044335365
2019-07-27 17:50:00,0.07598421
2019-07-27 18:00:00,0.040207297
2019-07-27 18:10:00,0.079016894
2019-07-27 18:20:00,0.047307044
2019-07-27 18:30:00,0.082377404
2019-07-27 18:40:00,0.040743113
2019-07-27 18:50:00,0.08509499
2019-07-27 19:00:00,0.04726103
2019-07-27 19:10:00,0.08054203
2019-07-27 19:20:00,0.036758542
2019-07-27 19:30:00,0.079153
2019-07-27 19:40:00,0.04057306
2019-07-27 19:50:00,0.07909861
2019-07-27 20:00:00,0.03468761
2019-07-27 20:10:00,0.08450621
2019-07-27 20:20:00,0.041505218
2019-07-27 20:30:00,0.08123949
2019-07-27 20:40:00,0.035232455
2019-07-27 20:50:00,0.08198941
2019-07-27 21:00:00,0.043649524
2019-07-27 21:10:00,0.08253834
2019-07-27 21:20:00,0.037760913
2019-07-27 21:30:00,0.08612165
2019-07-27 21:40:00,0.045362443
2019-07-27 21:50:00,0.08263418
2019-07-27 22:00:00,0.038334906
2019-07-27 22:10:00,0.08670831
2019-07-27 22:20:00,0.046452522
2019-07-27 22:30:00,0.08807427
2019-07-27 22:40:00,0.040183753
2019-07-27 22:50:00,0.093097895
2019-07-27 23:00:00,0.04837042
2019-07-27 23:10:00,0.09380263
2019-07-27 23:20:00,0.04224783
2019-07-27 23:30:00,0.09877139
2019-07-27 23:40:00,0.050836176
2019-07-27 23:50:00,0.09249318
2019-07-28 00:00:00,0.04447046
2019-07-28 00:10:00,0.094757885
2019-07-28 00:20:00,0.05330819
2019-07-28 00:30:00,0.100085706
2019-07-28 00:40:00,0.046601802
2019-07-28 00:50:00,0.10591462
2019-07-28 01:00:00,0.059227496
2019-07-28 01:10:00,0.095175624
2019-07-28 01:20:00,0.05388263
2019-07-28 01:30:00,0.095493555
2019-07-28 01:40:00,0.062007606
2019-07-28 01:50:00,0.09009048
2019-07-28 02:00:00,0.053191066
2019-07-28 02:10:00,0.09281105
2019-07-28 02:20:00,0.06170076
2019-07-28 02:30:00,0.094448745
2019-07-28 02:40:00,0.056836843
2019-07-28 02:50:00,0.09795278
2019-07-28 03:00:00,0.06697136
2019-07-28 03:10:00,0.094115674
2019-07-28 03:20:00,0.060139984
2019-07-28 03:30:00,0.10380131
2019-07-28 03:40:00,0.069648415
2019-07-28 03:50:00,0.09631741
2019-07-28 04:00:00,0.05898705
2019-07-28 04:10:00,0.11281887
2019-07-28 04:20:00,0.07023296
2019-07-28 04:30:00,0.10459098
2019-07-28 04:40:00,0.06139624
2019-07-28 04:50:00,0.10950062
2019-07-28 05:00:00,0.07083762
2019-07-28 05:10:00,0.1015932
2019-07-28 05:20:00,0.05279234
2019-07-28 05:30:00,0.10600519
2019-07-28 05:40:00,0.06310424
2019-07-28 05:50:00,0.10482982
2019-07-28 06:00:00,0.049337506
2019-07-28 06:10:00,0.106680036
2019-07-28 06:20:00,0.05591637
2019-07-28 06:30:00,0.10054994
2019-07-28 06:40:00,0.04876697
2019-07-28 06:50:00,0.10681948
2019-07-28 07:00:00,0.057922482
2019-07-28 07:10:00,0.101260394
2019-07-28 07:20:00,0.04659149
2019-07-28 07:30:00,0.09493154
2019-07-28 07:40:00,0.049553663
2019-07-28 07:50:00,0.08708209
2019-07-28 08:00:00,0.0405761
2019-07-28 08:10:00,0.08769485
2019-07-28 08:20:00,0.044893652
2019-07-28 08:30:00,0.08315906
2019-07-28 08:40:00,0.036669493
2019-07-28 08:50:00,0.08982104
2019-07-28 09:00:00,0.043118536
2019-07-28 09:10:00,0.08343971
2019-07-28 09:20:00,0.03310144
2019-07-28 09:30:00,0.08255419
2019-07-28 09:40:00,0.035496563
2019-07-28 09:50:00,0.07482168
2019-07-28 10:00:00,0.028263122
2019-07-28 10:10:00,0.0740132
2019-07-28 10:20:00,0.031671643
2019-07-28 10:30:00,0.069648296
2019-07-28 10:40:00,0.025797099
2019-07-28 10:50:00,0.06508601
2019-07-28 11:00:00,0.030612469
2019-07-28 11:10:00,0.061234236
2019-07-28 11:20:00,0.025782406
2019-07-28 11:30:00,0.062901914
2019-07-28 11:40:00,0.028783262
2019-07-28 11:50:00,0.05717483
2019-07-28 12:00:00,0.023736387
2019-07-28 12:10:00,0.05777362
2019-07-28 12:20:00,0.026964873
2019-07-28 12:30:00,0.054288596
2019-07-28 12:40:00,0.022625208
2019-07-28 12:50:00,0.05596441
2019-07-28 13:00:00,0.025606573
2019-07-28 13:10:00,0.048095524
2019-07-28 13:20:00,0.020958751
2019-07-28 13:30:00,0.048757017
2019-07-28 13:40:00,0.023688853
2019-07-28 13:50:00,0.043740183
2019-07-28 14:00:00,0.021190673
2019-07-28 14:10:00,0.04563865
2019-07-28 14:20:00,0.023802668
2019-07-28 14:30:00,0.0415428
2019-07-28 14:40:00,0.020796418
2019-07-28 14:50:00,0.04164511
2019-07-28 15:00:00,0.021447003
2019-07-28 15:10:00,0.03601557
2019-07-28 15:20:00,0.018357068
2019-07-28 15:30:00,0.037935406
2019-07-28 15:40:00,0.018907458
2019-07-28 15:50:00,0.034005582
2019-07-28 16:00:00,0.01773259
2019-07-28 16:10:00,0.038074404
2019-07-28 16:20:00,0.020441204
2019-07-28 16:30:00,0.032190353
2019-07-28 16:40:00,0.017686456
2019-07-28 16:50:00,0.032010734
2019-07-28 17:00:00,0.020004988
2019-07-28 17:10:00,0.030009747
2019-07-28 17:20:00,0.016615212
2019-07-28 17:30:00,0.030938536
2019-07-28 17:40:00,0.017023057
2019-07-28 17:50:00,0.027297407
2019-07-28 18:00:00,0.01576221
2019-07-28 18:10:00,0.027863413
2019-07-28 18:20:00,0.017768681
2019-07-28 18:30:00,0.02586633
2019-07-28 18:40:00,0.016719133
2019-07-28 18:50:00,0.028097004
2019-07-28 19:00:00,0.017568916
2019-07-28 19:10:00,0.025244206
2019-07-28 19:20:00,0.016539633
2019-07-28 19:30:00,0.027629614
2019-07-28 19:40:00,0.01826936
2019-07-28 19:50:00,0.024151474
2019-07-28 20:00:00,0.01735869
2019-07-28 20:10:00,0.025758058
2019-07-28 20:20:00,0.018948823
2019-07-28 20:30:00,0.025525898
2019-07-28 20:40:00,0.018877089
2019-07-28 20:50:00,0.026702017
2019-07-28 21:00:00,0.02066487
2019-07-28 21:10:00,0.025092632
2019-07-28 21:20:00,0.018279552
2019-07-28 21:30:00,0.025483698
2019-07-28 21:40:00,0.019122034
2019-07-28 21:50:00,0.024640828
2019-07-28 22:00:00,0.018374026
2019-07-28 22:10:00,0.02580747
2019-07-28 22:20:00,0.019956619
2019-07-28 22:30:00,0.02626288
2019-07-28 22:40:00,0.020133823
2019-07-28 22:50:00,0.027534962
2019-07-28 23:00:00,0.02064681
2019-07-28 23:10:00,0.023940027
2019-07-28 23:20:00,0.01914242
2019-07-28 23:30:00,0.025353879
2019-07-28 23:40:00,0.020354062
2019-07-28 23:50:00,0.023442417
2019-07-29 00:00:00,0.019679815
2019-07-29 00:10:00,0.025329947
2019-07-29 00:20:00,0.021082401
2019-07-29 00:30:00,0.02391398
2019-07-29 00:40:00,0.0201509
2019-07-29 00:50:00,0.024698436
2019-07-29 01:00:00,0.020793647
2019-07-29 01:10:00,0.02406919
2019-07-29 01:20:00,0.021520525
2019-07-29 01:30:00,0.024003386
2019-07-29 01:40:00,0.022264391
2019-07-29 01:50:00,0.023588002
2019-07-29 02:00:00,0.02217257
2019-07-29 02:10:00,0.02655533
2019-07-29 02:20:00,0.024031699
2019-07-29 02:30:00,0.025320083
2019-07-29 02:40:00,0.022045583
2019-07-29 02:50:00,0.02658984
2019-07-29 03:00:00,0.023033053
2019-07-29 03:10:00,0.025989532
2019-07-29 03:20:00,0.022961795
2019-07-29 03:30:00,0.0270935
2019-07-29 03:40:00,0.024708867
2019-07-29 03:50:00,0.025831908
2019-07-29 04:00:00,0.025099397
2019-07-29 04:10:00,0.02647394
2019-07-29 04:20:00,0.02622062
2019-07-29 04:30:00,0.026333213
2019-07-29 04:40:00,0.024641603
2019-07-29 04:50:00,0.025612593
2019-07-29 05:00:00,0.02425754
2019-07-29 05:10:00,0.025221497
2019-07-29 05:20:00,0.023817062
2019-07-29 05:30:00,0.025480032
2019-07-29 05:40:00,0.023660898
2019-07-29 05:50:00,0.024583668
2019-07-29 06:00:00,0.022929907
2019-07-29 06:10:00,0.02536723
2019-07-29 06:20:00,0.024452299
2019-07-29 06:30:00,0.023999661
2019-07-29 06:40:00,0.02398482
2019-07-29 06:50:00,0.024893433
2019-07-29 07:00:00,0.02474448
2019-07-29 07:10:00,0.022887886
2019-07-29 07:20:00,0.02473721
2019-07-29 07:30:00,0.026010036
2019-07-29 07:40:00,0.026875675
2019-07-29 07:50:00,0.029092789
2019-07-29 08:00:00,0.026744634
2019-07-29 08:10:00,0.025690228
2019-07-29 08:20:00,0.027398199
2019-07-29 08:30:00,0.023900807
2019-07-29 08:40:00,0.0252828
2019-07-29 08:50:00,0.028125793
2019-07-29 09:00:00,0.028856337
2019-07-29 09:10:00,0.030186653
2019-07-29 09:20:00,0.030316353
2019-07-29 09:30:00,0.028841406
2019-07-29 09:40:00,0.02994734
2019-07-29 09:50:00,0.029887289
2019-07-29 10:00:00,0.032343477
2019-07-29 10:10:00,0.026352465
2019-07-29 10:20:00,0.031350255
2019-07-29 10:30:00,0.025580138
2019-07-29 10:40:00,0.031000137
2019-07-29 10:50:00,0.021505296
2019-07-29 11:00:00,0.029181689
2019-07-29 11:10:00,0.021513015
2019-07-29 11:20:00,0.0308142
2019-07-29 11:30:00,0.019483894
2019-07-29 11:40:00,0.03092727
2019-07-29 11:50:00,0.020651072
2019-07-29 12:00:00,0.032459408
2019-07-29 12:10:00,0.02110979
2019-07-29 12:20:00,0.030839264
2019-07-29 12:30:00,0.022100687
2019-07-29 12:40:00,0.03392023
2019-07-29 12:50:00,0.021001518
2019-07-29 13:00:00,0.031576484
2019-07-29 13:10:00,0.022274613
2019-07-29 13:20:00,0.03827545
2019-07-29 13:30:00,0.022762805
2019-07-29 13:40:00,0.03770089
2019-07-29 13:50:00,0.023201644
2019-07-29 14:00:00,0.04250738
2019-07-29 14:10:00,0.023029298
2019-07-29 14:20:00,0.03978175
2019-07-29 14:30:00,0.023955435
2019-07-29 14:40:00,0.042494267
2019-07-29 14:50:00,0.023712844
2019-07-29 15:00:00,0.03850022
2019-07-29 15:10:00,0.02505228
2019-07-29 15:20:00,0.04559487
2019-07-29 15:30:00,0.02545163
2019-07-29 15:40:00,0.04364583
2019-07-29 15:50:00,0.028140426
2019-07-29 16:00:00,0.05009237
2019-07-29 16:10:00,0.026928902
2019-07-29 16:20:00,0.04636079
2019-07-29 16:30:00,0.027990937
2019-07-29 16:40:00,0.049246997
2019-07-29 16:50:00,0.025601089
2019-07-29 17:00:00,0.045503795
2019-07-29 17:10:00,0.02792573
2019-07-29 17:20:00,0.053008646
2019-07-29 17:30:00,0.028259337
2019-07-29 17:40:00,0.048633218
2019-07-29 17:50:00,0.02923438
2019-07-29 18:00:00,0.051959097
2019-07-29 18:10:00,0.026290208
2019-07-29 18:20:00,0.044967204
2019-07-29 18:30:00,0.02803418
2019-07-29 18:40:00,0.047951758
2019-07-29 18:50:00,0.025877327
2019-07-29 19:00:00,0.04410875
2019-07-29 19:10:00,0.026829183
2019-07-29 19:20:00,0.04955259
2019-07-29 19:30:00,0.025541902
2019-07-29 19:40:00,0.0446091
2019-07-29 19:50:00,0.028042823
2019-07-29 20:00:00,0.05051458
2019-07-29 20:10:00,0.026886433
2019-07-29 20:20:00,0.046324134
2019-07-29 20:30:00,0.030052036
2019-07-29 20:40:00,0.051125437
2019-07-29 20:50:00,0.029126465
2019-07-29 21:00:00,0.049147815
2019-07-29 21:10:00,0.03214869
2019-07-29 21:20:00,0.052727997
2019-07-29 21:30:00,0.030533314
2019-07-29 21:40:00,0.047017306
2019-07-29 21:50:00,0.02995041
2019-07-29 22:00:00,0.04949245
2019-07-29 22:10:00,0.028808445
2019-07-29 22:20:00,0.040763468
2019-07-29 22:30:00,0.026050806
2019-07-29 22:40:00,0.043304622
2019-07-29 22:50:00,0.025356919
2019-07-29 23:00:00,0.03942594
2019-07-29 23:10:00,0.02656123
2019-07-29 23:20:00,0.046009988
2019-07-29 23:30:00,0.025803715
2019-07-29 23:40:00,0.04327017
2019-07-29 23:50:00,0.024469703
2019-07-30 00:00:00,0.047265768
2019-07-30 00:10:00,0.022334218
2019-07-30 00:20:00,0.039829403
2019-07-30 00:30:00,0.021954894
2019-07-30 00:40:00,0.045271695
2019-07-30 00:50:00,0.022154957
2019-07-30 01:00:00,0.039782822
2019-07-30 01:10:00,0.023236096
2019-07-30 01:20:00,0.045737416
2019-07-30 01:30:00,0.021827608
2019-07-30 01:40:00,0.038547993
2019-07-30 01:50:00,0.020736635
2019-07-30 02:00:00,0.042081922
2019-07-30 02:10:00,0.020578057
2019-07-30 02:20:00,0.035305083
2019-07-30 02:30:00,0.01929614
2019-07-30 02:40:00,0.0400694
2019-07-30 02:50:00,0.018245041
2019-07-30 03:00:00,0.03331414
2019-07-30 03:10:00,0.017163247
2019-07-30 03:20:00,0.043018073
2019-07-30 03:30:00,0.018598586
2019-07-30 03:40:00,0.03528273
2019-07-30 03:50:00,0.017081976
2019-07-30 04:00:00,0.040408403
2019-07-30 04:10:00,0.01798588
2019-07-30 04:20:00,0.029883176
2019-07-30 04:30:00,0.016356558
2019-07-30 04:40:00,0.03326291
2019-07-30 04:50:00,0.0162687
2019-07-30 05:00:00,0.025912434
2019-07-30 05:10:00,0.014232725
2019-07-30 05:20:00,0.02757147
2019-07-30 05:30:00,0.014628321
2019-07-30 05:40:00,0.023988426
2019-07-30 05:50:00,0.013452858
2019-07-30 06:00:00,0.028876662
2019-07-30 06:10:00,0.014095575
2019-07-30 06:20:00,0.021220922
2019-07-30 06:30:00,0.012783855
2019-07-30 06:40:00,0.025421798
2019-07-30 06:50:00,0.012798011
2019-07-30 07:00:00,0.02011165
2019-07-30 07:10:00,0.012323797
2019-07-30 07:20:00,0.023386478
2019-07-30 07:30:00,0.012610197
2019-07-30 07:40:00,0.018707007
2019-07-30 07:50:00,0.011459708
2019-07-30 08:00:00,0.0219737
2019-07-30 08:10:00,0.012195259
2019-07-30 08:20:00,0.017577082
2019-07-30 08:30:00,0.011267424
2019-07-30 08:40:00,0.02091688
2019-07-30 08:50:00,0.011418998
2019-07-30 09:00:00,0.016075969
2019-07-30 09:10:00,0.010485381
2019-07-30 09:20:00,0.019579738
2019-07-30 09:30:00,0.010574162
2019-07-30 09:40:00,0.015099853
2019-07-30 09:50:00,0.009806037
2019-07-30 10:00:00,0.018911898
2019-07-30 10:10:00,0.00964278
2019-07-30 10:20:00,0.014556289
2019-07-30 10:30:00,0.009091288
2019-07-30 10:40:00,0.019019753
2019-07-30 10:50:00,0.009774029
2019-07-30 11:00:00,0.0149639845
2019-07-30 11:10:00,0.009668797
2019-07-30 11:20:00,0.01788199
2019-07-30 11:30:00,0.010027707
2019-07-30 11:40:00,0.013575226
2019-07-30 11:50:00,0.009585202
2019-07-30 12:00:00,0.015921831
2019-07-30 12:10:00,0.009655923
2019-07-30 12:20:00,0.0117893815
2019-07-30 12:30:00,0.00942421
2019-07-30 12:40:00,0.012780726
2019-07-30 12:50:00,0.008896023
2019-07-30 13:00:00,0.00971663
2019-07-30 13:10:00,0.008243799
2019-07-30 13:20:00,0.0105955005
2019-07-30 13:30:00,0.007552147
2019-07-30 13:40:00,0.009537905
2019-07-30 13:50:00,0.0073791146
2019-07-30 14:00:00,0.010451287
2019-07-30 14:10:00,0.0075077713
2019-07-30 14:20:00,0.008878171
2019-07-30 14:30:00,0.007416934
2019-07-30 14:40:00,0.009897292
2019-07-30 14:50:00,0.007973045
2019-07-30 15:00:00,0.00792262
2019-07-30 15:10:00,0.007763356
2019-07-30 15:20:00,0.009654343
2019-07-30 15:30:00,0.0076029003
2019-07-30 15:40:00,0.007892758
2019-07-30 15:50:00,0.0067753196
2019-07-30 16:00:00,0.00854671
2019-07-30 16:10:00,0.0071433187
2019-07-30 16:20:00,0.0070127845
2019-07-30 16:30:00,0.0063850284
2019-07-30 16:40:00,0.0075318515
2019-07-30 16:50:00,0.006754428
2019-07-30 17:00:00,0.005797714
2019-07-30 17:10:00,0.006382644
2019-07-30 17:20:00,0.0064198077
2019-07-30 17:30:00,0.007206857
2019-07-30 17:40:00,0.0057881474
2019-07-30 17:50:00,0.006420344
2019-07-30 18:00:00,0.0066758394
2019-07-30 18:10:00,0.007784784
2019-07-30 18:20:00,0.006138414
2019-07-30 18:30:00,0.0074725747
2019-07-30 18:40:00,0.006695509
2019-07-30 18:50:00,0.0076982975
2019-07-30 19:00:00,0.005649835
2019-07-30 19:10:00,0.0062454343
2019-07-30 19:20:00,0.0057604313
2019-07-30 19:30:00,0.00637722
2019-07-30 19:40:00,0.004968852
2019-07-30 19:50:00,0.005549073
2019-07-30 20:00:00,0.0052120984
2019-07-30 20:10:00,0.005526215
2019-07-30 20:20:00,0.0041259825
2019-07-30 20:30:00,0.0045577884
2019-07-30 20:40:00,0.0041775703
2019-07-30 20:50:00,0.0045900345
2019-07-30 21:00:00,0.0036485791
2019-07-30 21:10:00,0.004049927
2019-07-30 21:20:00,0.0038764775
2019-07-30 21:30:00,0.0042253435
2019-07-30 21:40:00,0.0034708679
2019-07-30 21:50:00,0.00375247
2019-07-30 22:00:00,0.0034919977
2019-07-30 22:10:00,0.0037649572
2019-07-30 22:20:00,0.0030459166
2019-07-30 22:30:00,0.0034601688
2019-07-30 22:40:00,0.0032105148
2019-07-30 22:50:00,0.0033272505
2019-07-30 23:00:00,0.0029443204
2019-07-30 23:10:00,0.003138125
2019-07-30 23:20:00,0.0030784607
2019-07-30 23:30:00,0.0034559965
2019-07-30 23:40:00,0.0028801858
2019-07-30 23:50:00,0.0028491914
2019-07-31 00:00:00,0.0028953552
2019-07-31 00:10:00,0.0030840635
2019-07-31 00:20:00,0.0026403368
2019-07-31 00:30:00,0.002753973
2019-07-31 00:40:00,0.0027225614
2019-07-31 00:50:00,0.0029167533
2019-07-31 01:00:00,0.0024130046
2019-07-31 01:10:00,0.0028393269
2019-07-31 01:20:00,0.002511263
2019-07-31 01:30:00,0.0028325915
2019-07-31 01:40:00,0.002245456
2019-07-31 01:50:00,0.0025220215
2019-07-31 02:00:00,0.002381593
2019-07-31 02:10:00,0.0026503205
2019-07-31 02:20:00,0.0023261309
2019-07-31 02:30:00,0.002512008
2019-07-31 02:40:00,0.0023902357
2019-07-31 02:50:00,0.0026791692
2019-07-31 03:00:00,0.002427727
2019-07-31 03:10:00,0.0027257502
2019-07-31 03:20:00,0.0024828315
2019-07-31 03:30:00,0.0027045906
2019-07-31 03:40:00,0.002202034
2019-07-31 03:50:00,0.0025466084
2019-07-31 04:00:00,0.002042532
2019-07-31 04:10:00,0.0025359988
2019-07-31 04:20:00,0.002034396
2019-07-31 04:30:00,0.0024314225
2019-07-31 04:40:00,0.001997888
2019-07-31 04:50:00,0.0024352372
2019-07-31 05:00:00,0.0019496381
2019-07-31 05:10:00,0.0024336576
2019-07-31 05:20:00,0.0020106137
2019-07-31 05:30:00,0.0025014281
2019-07-31 05:40:00,0.0021874607
2019-07-31 05:50:00,0.002685368
2019-07-31 06:00:00,0.0020968318
2019-07-31 06:10:00,0.0027456582
2019-07-31 06:20:00,0.002394706
2019-07-31 06:30:00,0.002981037
2019-07-31 06:40:00,0.0020619035
2019-07-31 06:50:00,0.0028123558
2019-07-31 07:00:00,0.0019842088
2019-07-31 07:10:00,0.0028027296
2019-07-31 07:20:00,0.0016975403
2019-07-31 07:30:00,0.0025549233
2019-07-31 07:40:00,0.001624763
2019-07-31 07:50:00,0.0026775599
2019-07-31 08:00:00,0.0017394125
2019-07-31 08:10:00,0.002762109
2019-07-31 08:20:00,0.001901418
2019-07-31 08:30:00,0.0030713081
2019-07-31 08:40:00,0.0020073056
2019-07-31 08:50:00,0.0031663477
2019-07-31 09:00:00,0.002228111
2019-07-31 09:10:00,0.0036159754
2019-07-31 09:20:00,0.0023461878
2019-07-31 09:30:00,0.0039970875
2019-07-31 09:40:00,0.0023840666
2019-07-31 09:50:00,0.003953129
2019-07-31 10:00:00,0.0025095344
2019-07-31 10:10:00,0.0036050081
2019-07-31 10:20:00,0.0023605227
2019-07-31 10:30:00,0.0037003756
2019-07-31 10:40:00,0.0023333132
2019-07-31 10:50:00,0.0034263432
2019-07-31 11:00:00,0.0023911297
2019-07-31 11:10:00,0.0037462413
2019-07-31 11:20:00,0.0025451183
2019-07-31 11:30:00,0.003727138
2019-07-31 11:40:00,0.002820462
2019-07-31 11:50:00,0.005144894
2019-07-31 12:00:00,0.003205508
2019-07-31 12:10:00,0.004520774
2019-07-31 12:20:00,0.0033216178
2019-07-31 12:30:00,0.0047196746
2019-07-31 12:40:00,0.0032558143
2019-07-31 12:50:00,0.0045435727
2019-07-31 13:00:00,0.003401935
2019-07-31 13:10:00,0.0048870444
2019-07-31 13:20:00,0.0034231544
2019-07-31 13:30:00,0.004887849
2019-07-31 13:40:00,0.0033204556
2019-07-31 13:50:00,0.0052443147
2019-07-31 14:00:00,0.0037051737
2019-07-31 14:10:00,0.005217552
2019-07-31 14:20:00,0.0040377676
2019-07-31 14:30:00,0.0059477985
2019-07-31 14:40:00,0.0037929416
2019-07-31 14:50:00,0.005855024
2019-07-31 15:00:00,0.004316002
2019-07-31 15:10:00,0.006571591
2019-07-31 15:20:00,0.0044035017
2019-07-31 15:30:00,0.0072447658
2019-07-31 15:40:00,0.005066186
2019-07-31 15:50:00,0.0072054267
2019-07-31 16:00:00,0.004330337
2019-07-31 16:10:00,0.007355273
2019-07-31 16:20:00,0.004750192
2019-07-31 16:30:00,0.00820151
2019-07-31 16:40:00,0.00526309
2019-07-31 16:50:00,0.008758843
2019-07-31 17:00:00,0.0063614547
2019-07-31 17:10:00,0.010619998
2019-07-31 17:20:00,0.0066072047
2019-07-31 17:30:00,0.010857582
2019-07-31 17:40:00,0.0069221854
2019-07-31 17:50:00,0.012143463
2019-07-31 18:00:00,0.0076434016
2019-07-31 18:10:00,0.010643482
2019-07-31 18:20:00,0.007131785
2019-07-31 18:30:00,0.011368841
2019-07-31 18:40:00,0.007452011
2019-07-31 18:50:00,0.01046288
2019-07-31 19:00:00,0.007938147
2019-07-31 19:10:00,0.011544079
2019-07-31 19:20:00,0.009248167
2019-07-31 19:30:00,0.010655135
2019-07-31 19:40:00,0.008860111
2019-07-31 19:50:00,0.011519253
2019-07-31 20:00:00,0.010712504
2019-07-31 20:10:00,0.011678904
2019-07-31 20:20:00,0.011376917
2019-07-31 20:30:00,0.014958471
2019-07-31 20:40:00,0.013210237
2019-07-31 20:50:00,0.015131682
2019-07-31 21:00:00,0.011602491
2019-07-31 21:10:00,0.018400252
2019-07-31 21:20:00,0.016242713
2019-07-31 21:30:00,0.017309636
2019-07-31 21:40:00,0.015942961
2019-07-31 21:50:00,0.019595087
2019-07-31 22:00:00,0.017455548
2019-07-31 22:10:00,0.019111514
2019-07-31 22:20:00,0.016734868
2019-07-31 22:30:00,0.02288279
2019-07-31 22:40:00,0.02033931
2019-07-31 22:50:00,0.02170217
2019-07-31 23:00:00,0.021006644
2019-07-31 23:10:00,0.028352857
2019-07-31 23:20:00,0.022394955
2019-07-31 23:30:00,0.025798082
2019-07-31 23:40:00,0.022359878
2019-07-31 23:50:00,0.034861505
2019-08-01 00:00:00,0.031291187
2019-08-01 00:10:00,0.034140408
2019-08-01 00:20:00,0.031763673
2019-08-01 00:30:00,0.04194826
2019-08-01 00:40:00,0.036181986
2019-08-01 00:50:00,0.038553238
2019-08-01 01:00:00,0.036162496
2019-08-01 01:10:00,0.0475792
2019-08-01 01:20:00,0.041309178
2019-08-01 01:30:00,0.046167016
2019-08-01 01:40:00,0.047202736
2019-08-01 01:50:00,0.055226833
2019-08-01 02:00:00,0.052139282
2019-08-01 02:10:00,0.05666223
2019-08-01 02:20:00,0.05616659
2019-08-01 02:30:00,0.07200965
2019-08-01 02:40:00,0.062204182
2019-08-01 02:50:00,0.06691477
2019-08-01 03:00:00,0.060691983
2019-08-01 03:10:00,0.08400288
2019-08-01 03:20:00,0.073741406
2019-08-01 03:30:00,0.08366668
2019-08-01 03:40:00,0.07896978
2019-08-01 03:50:00,0.10155401
2019-08-01 04:00:00,0.09523776
2019-08-01 04:10:00,0.11170608
2019-08-01 04:20:00,0.10073522
2019-08-01 04:30:00,0.133582
2019-08-01 04:40:00,0.1158303
2019-08-01 04:50:00,0.116071016
2019-08-01 05:00:00,0.11424667
2019-08-01 05:10:00,0.13617843
2019-08-01 05:20:00,0.13821626
2019-08-01 05:30:00,0.14048776
2019-08-01 05:40:00,0.13819513
2019-08-01 05:50:00,0.1690976
2019-08-01 06:00:00,0.15794966
2019-08-01 06:10:00,0.15955809
2019-08-01 06:20:00,0.14886102
2019-08-01 06:30:00,0.18398589
2019-08-01 06:40:00,0.17232475
2019-08-01 06:50:00,0.16075498
2019-08-01 07:00:00,0.17449453
2019-08-01 07:10:00,0.1995785
2019-08-01 07:20:00,0.20977011
2019-08-01 07:30:00,0.19144174
2019-08-01 07:40:00,0.21421641
2019-08-01 07:50:00,0.2351776
2019-08-01 08:00:00,0.22385761
2019-08-01 08:10:00,0.19648173
2019-08-01 08:20:00,0.214234
2019-08-01 08:30:00,0.22211972
2019-08-01 08:40:00,0.22931221
2019-08-01 08:50:00,0.2123056
2019-08-01 09:00:00,0.21957317
2019-08-01 09:10:00,0.22752094
2019-08-01 09:20:00,0.23517352
2019-08-01 09:30:00,0.21062255
2019-08-01 09:40:00,0.22817478
2019-08-01 09:50:00,0.23937878
2019-08-01 10:00:00,0.25171393
2019-08-01 10:10:00,0.23622474
2019-08-01 10:20:00,0.24211878
2019-08-01 10:30:00,0.24942452
2019-08-01 10:40:00,0.25668007
2019-08-01 10:50:00,0.2360889
2019-08-01 11:00:00,0.26207486
2019-08-01 11:10:00,0.26301384
2019-08-01 11:20:00,0.26159286
2019-08-01 11:30:00,0.24143347
2019-08-01 11:40:00,0.26119345
2019-08-01 11:50:00,0.2658596
2019-08-01 12:00:00,0.26464337
2019-08-01 12:10:00,0.24244344
2019-08-01 12:20:00,0.2521127
2019-08-01 12:30:00,0.25509804
2019-08-01 12:40:00,0.26426673
2019-08-01 12:50:00,0.23599383
2019-08-01 13:00:00,0.25301695
2019-08-01 13:10:00,0.25703353
2019-08-01 13:20:00,0.27783614
2019-08-01 13:30:00,0.24033439
2019-08-01 13:40:00,0.29337728
2019-08-01 13:50:00,0.25680184
2019-08-01 14:00:00,0.31164938
2019-08-01 14:10:00,0.27851823
2019-08-01 14:20:00,0.29078284
2019-08-01 14:30:00,0.29817554
2019-08-01 14:40:00,0.29174304
2019-08-01 14:50:00,0.26625603
2019-08-01 15:00:00,0.28803706
2019-08-01 15:10:00,0.28249854
2019-08-01 15:20:00,0.27790108
2019-08-01 15:30:00,0.24051431
2019-08-01 15:40:00,0.26182854
2019-08-01 15:50:00,0.23800066
2019-08-01 16:00:00,0.2525585
2019-08-01 16:10:00,0.21558622
2019-08-01 16:20:00,0.26234615
2019-08-01 16:30:00,0.23868266
2019-08-01 16:40:00,0.24966934
2019-08-01 16:50:00,0.2051
2019-08-01 17:00:00,0.23676541
2019-08-01 17:10:00,0.21908984
2019-08-01 17:20:00,0.22757378
2019-08-01 17:30:00,0.19642761
2019-08-01 17:40:00,0.22147477
2019-08-01 17:50:00,0.21031174
2019-08-01 18:00:00,0.2200926
2019-08-01 18:10:00,0.1909042
2019-08-01 18:20:00,0.22130272
2019-08-01 18:30:00,0.20915294
2019-08-01 18:40:00,0.2298941
2019-08-01 18:50:00,0.19748193
2019-08-01 19:00:00,0.22667125
2019-08-01 19:10:00,0.21331674
2019-08-01 19:20:00,0.22873655
2019-08-01 19:30:00,0.20012492
2019-08-01 19:40:00,0.22629422
2019-08-01 19:50:00,0.22130343
2019-08-01 20:00:00,0.23028538
2019-08-01 20:10:00,0.19596705
2019-08-01 20:20:00,0.22375965
2019-08-01 20:30:00,0.21268249
2019-08-01 20:40:00,0.22638735
2019-08-01 20:50:00,0.19603276
2019-08-01 21:00:00,0.21754509
2019-08-01 21:10:00,0.19779474
2019-08-01 21:20:00,0.21595395
2019-08-01 21:30:00,0.17566118
2019-08-01 21:40:00,0.20005631
2019-08-01 21:50:00,0.17775655
2019-08-01 22:00:00,0.1980921
2019-08-01 22:10:00,0.17895049
2019-08-01 22:20:00,0.19944024
2019-08-01 22:30:00,0.1859113
2019-08-01 22:40:00,0.20402324
2019-08-01 22:50:00,0.17261976
2019-08-01 23:00:00,0.190294
2019-08-01 23:10:00,0.18124789
2019-08-01 23:20:00,0.19054452
2019-08-01 23:30:00,0.16818795
2019-08-01 23:40:00,0.18211746
2019-08-01 23:50:00,0.17415234
2019-08-02 00:00:00,0.18063775
2019-08-02 00:10:00,0.16213882
2019-08-02 00:20:00,0.17428857
2019-08-02 00:30:00,0.16989058
2019-08-02 00:40:00,0.18230093
2019-08-02 00:50:00,0.15313962
2019-08-02 01:00:00,0.16997212
2019-08-02 01:10:00,0.15047231
2019-08-02 01:20:00,0.17380765
2019-08-02 01:30:00,0.13698867
2019-08-02 01:40:00,0.16080818
2019-08-02 01:50:00,0.1413483
2019-08-02 02:00:00,0.17240211
2019-08-02 02:10:00,0.14861995
2019-08-02 02:20:00,0.1522215
2019-08-02 02:30:00,0.15519848
2019-08-02 02:40:00,0.14835897
2019-08-02 02:50:00,0.13838768
2019-08-02 03:00:00,0.12119466
2019-08-02 03:10:00,0.10042173
2019-08-02 03:20:00,0.07652053
2019-08-02 03:30:00,0.048227042
2019-08-02 03:40:00,0.050456583
2019-08-02 03:50:00,0.035789967
2019-08-02 04:00:00,0.032210916
2019-08-02 04:10:00,0.021392167
2019-08-02 04:20:00,0.024380416
2019-08-02 04:30:00,0.021601945
2019-08-02 04:40:00,0.026462674
2019-08-02 04:50:00,0.024291664
2019-08-02 05:00:00,0.027615517
2019-08-02 05:10:00,0.022008836
2019-08-02 05:20:00,0.025416106
2019-08-02 05:30:00,0.02036181
2019-08-02 05:40:00,0.023285389
2019-08-02 05:50:00,0.01798132
2019-08-02 06:00:00,0.019536823
2019-08-02 06:10:00,0.015935719
2019-08-02 06:20:00,0.018422604
2019-08-02 06:30:00,0.014050037
2019-08-02 06:40:00,0.016799271
2019-08-02 06:50:00,0.0127571225
2019-08-02 07:00:00,0.01589498
2019-08-02 07:10:00,0.010857075
2019-08-02 07:20:00,0.0132288635
2019-08-02 07:30:00,0.009652495
2019-08-02 07:40:00,0.01191169
2019-08-02 07:50:00,0.008253962
2019-08-02 08:00:00,0.010281742
2019-08-02 08:10:00,0.008008331
2019-08-02 08:20:00,0.00984329
2019-08-02 08:30:00,0.0068422854
2019-08-02 08:40:00,0.008222729
2019-08-02 08:50:00,0.0063124597
2019-08-02 09:00:00,0.0077155232
2019-08-02 09:10:00,0.0047920346
2019-08-02 09:20:00,0.0059399903
2019-08-02 09:30:00,0.004172802
2019-08-02 09:40:00,0.005525142
2019-08-02 09:50:00,0.0036072433
2019-08-02 10:00:00,0.004982263
2019-08-02 10:10:00,0.00375247
2019-08-02 10:20:00,0.004964739
2019-08-02 10:30:00,0.0033608973
2019-08-02 10:40:00,0.0045374036
2019-08-02 10:50:00,0.0034066737
2019-08-02 11:00:00,0.0045426786
2019-08-02 11:10:00,0.0027740598
2019-08-02 11:20:00,0.0035412014
2019-08-02 11:30:00,0.0025410354
2019-08-02 11:40:00,0.0034247637
2019-08-02 11:50:00,0.0020460784
2019-08-02 12:00:00,0.0027329028
2019-08-02 12:10:00,0.0020894408
2019-08-02 12:20:00,0.002722472
2019-08-02 12:30:00,0.0017678142
2019-08-02 12:40:00,0.0023317337
2019-08-02 12:50:00,0.0018238127
2019-08-02 13:00:00,0.0023092926
2019-08-02 13:10:00,0.0014783442
2019-08-02 13:20:00,0.002007246
2019-08-02 13:30:00,0.001517117
2019-08-02 13:40:00,0.0020999312
2019-08-02 13:50:00,0.0012786984
2019-08-02 14:00:00,0.0017619133
2019-08-02 14:10:00,0.0013845265
2019-08-02 14:20:00,0.0017879605
2019-08-02 14:30:00,0.0011492372
2019-08-02 14:40:00,0.0015727878
2019-08-02 14:50:00,0.0013188124
2019-08-02 15:00:00,0.0017509758
2019-08-02 15:10:00,0.0011329353
2019-08-02 15:20:00,0.0016195774
2019-08-02 15:30:00,0.0012461841
2019-08-02 15:40:00,0.0017380416
2019-08-02 15:50:00,0.0011410713
2019-08-02 16:00:00,0.0015817881
2019-08-02 16:10:00,0.0012824237
2019-08-02 16:20:00,0.0017886162
2019-08-02 16:30:00,0.0011694729
2019-08-02 16:40:00,0.0015265048
2019-08-02 16:50:00,0.0013254583
2019-08-02 17:00:00,0.0016147494
2019-08-02 17:10:00,0.0010546446
2019-08-02 17:20:00,0.0013874769
2019-08-02 17:30:00,0.0011030138
2019-08-02 17:40:00,0.0012788773
2019-08-02 17:50:00,0.0009135008
2019-08-02 18:00:00,0.001067847
2019-08-02 18:10:00,0.0011658967
2019-08-02 18:20:00,0.0011447966
2019-08-02 18:30:00,0.0008907914
2019-08-02 18:40:00,0.00096443295
2019-08-02 18:50:00,0.0010071993
2019-08-02 19:00:00,0.0009977818
2019-08-02 19:10:00,0.00076660514
2019-08-02 19:20:00,0.0008752644
2019-08-02 19:30:00,0.00087729096
2019-08-02 19:40:00,0.0009597242
2019-08-02 19:50:00,0.00072073936
2019-08-02 20:00:00,0.0008378029
2019-08-02 20:10:00,0.00090804696
2019-08-02 20:20:00,0.0009060204
2019-08-02 20:30:00,0.00076174736
2019-08-02 20:40:00,0.00086021423
2019-08-02 20:50:00,0.0008697212
2019-08-02 21:00:00,0.00089854
2019-08-02 21:10:00,0.00074505806
2019-08-02 21:20:00,0.0008623302
2019-08-02 21:30:00,0.0009382963
2019-08-02 21:40:00,0.0009251237
2019-08-02 21:50:00,0.0007869005
2019-08-02 22:00:00,0.0008625388
2019-08-02 22:10:00,0.000995487
2019-08-02 22:20:00,0.00096964836
2019-08-02 22:30:00,0.0008123219
2019-08-02 22:40:00,0.0006881058
2019-08-02 22:50:00,0.0007971227
2019-08-02 23:00:00,0.0006685853
2019-08-02 23:10:00,0.00062301755
2019-08-02 23:20:00,0.0005244911
2019-08-02 23:30:00,0.0007070303
2019-08-02 23:40:00,0.0005505979
2019-08-02 23:50:00,0.00067538023
2019-08-03 00:00:00,0.00054481626
2019-08-03 00:10:00,0.00080540776
2019-08-03 00:20:00,0.0006068945
2019-08-03 00:30:00,0.0007721782
2019-08-03 00:40:00,0.0006375313
2019-08-03 00:50:00,0.0009842515
2019-08-03 01:00:00,0.00072297454
2019-08-03 01:10:00,0.0008479953
2019-08-03 01:20:00,0.00058853626
2019-08-03 01:30:00,0.0009924471
2019-08-03 01:40:00,0.000677675
2019-08-03 01:50:00,0.00085666776
2019-08-03 02:00:00,0.00057947636
2019-08-03 02:10:00,0.0010651648
2019-08-03 02:20:00,0.00067415833
2019-08-03 02:30:00,0.00093746185
2019-08-03 02:40:00,0.0006509423
2019-08-03 02:50:00,0.0011560619
2019-08-03 03:00:00,0.00075539947
2019-08-03 03:10:00,0.0011234581
2019-08-03 03:20:00,0.0007684231
2019-08-03 03:30:00,0.0013917089
2019-08-03 03:40:00,0.00088116527
2019-08-03 03:50:00,0.0013278723
2019-08-03 04:00:00,0.0008855164
2019-08-03 04:10:00,0.0018960834
2019-08-03 04:20:00,0.0011244118
2019-08-03 04:30:00,0.0016960204
2019-08-03 04:40:00,0.0010171235
2019-08-03 04:50:00,0.0019466281
2019-08-03 05:00:00,0.0011532307
2019-08-03 05:10:00,0.001853466
2019-08-03 05:20:00,0.0011222959
2019-08-03 05:30:00,0.002304852
2019-08-03 05:40:00,0.0012511611
2019-08-03 05:50:00,0.0020254254
2019-08-03 06:00:00,0.0010822415
2019-08-03 06:10:00,0.0019411147
2019-08-03 06:20:00,0.0010793805
2019-08-03 06:30:00,0.0019408166
2019-08-03 06:40:00,0.0010549724
2019-08-03 06:50:00,0.0023419857
2019-08-03 07:00:00,0.0012078583
2019-08-03 07:10:00,0.0022916794
2019-08-03 07:20:00,0.0010669231
2019-08-03 07:30:00,0.002775073
2019-08-03 07:40:00,0.0010149479
2019-08-03 07:50:00,0.0024924278
2019-08-03 08:00:00,0.0010734499
2019-08-03 08:10:00,0.003074944
2019-08-03 08:20:00,0.0012683868
2019-08-03 08:30:00,0.0030875206
2019-08-03 08:40:00,0.0012026429
2019-08-03 08:50:00,0.00326854
2019-08-03 09:00:00,0.0012537241
2019-08-03 09:10:00,0.0032283664
2019-08-03 09:20:00,0.0013786852
2019-08-03 09:30:00,0.0039155483
2019-08-03 09:40:00,0.0015124381
2019-08-03 09:50:00,0.004366964
2019-08-03 10:00:00,0.0023952425
2019-08-03 10:10:00,0.0061548054
2019-08-03 10:20:00,0.0025300086
2019-08-03 10:30:00,0.007969022
2019-08-03 10:40:00,0.0032590628
2019-08-03 10:50:00,0.011355281
2019-08-03 11:00:00,0.004464656
2019-08-03 11:10:00,0.014353782
2019-08-03 11:20:00,0.0051955283
2019-08-03 11:30:00,0.014597356
2019-08-03 11:40:00,0.0051463544
2019-08-03 11:50:00,0.013951719
2019-08-03 12:00:00,0.005225301
2019-08-03 12:10:00,0.013127655
2019-08-03 12:20:00,0.0051254034
2019-08-03 12:30:00,0.012684077
2019-08-03 12:40:00,0.005128145
2019-08-03 12:50:00,0.011885405
2019-08-03 13:00:00,0.0045621693
2019-08-03 13:10:00,0.011067599
2019-08-03 13:20:00,0.004753679
2019-08-03 13:30:00,0.011609763
2019-08-03 13:40:00,0.004535675
2019-08-03 13:50:00,0.010726482
2019-08-03 14:00:00,0.0044829845
2019-08-03 14:10:00,0.010445207
2019-08-03 14:20:00,0.004198849
2019-08-03 14:30:00,0.010069251
2019-08-03 14:40:00,0.004421979
2019-08-03 14:50:00,0.010541618
2019-08-03 15:00:00,0.0040801167
2019-08-03 15:10:00,0.010228574
2019-08-03 15:20:00,0.004342973
2019-08-03 15:30:00,0.010148257
2019-08-03 15:40:00,0.0040318966
2019-08-03 15:50:00,0.009712428
2019-08-03 16:00:00,0.004427314
2019-08-03 16:10:00,0.0101343095
2019-08-03 16:20:00,0.003989309
2019-08-03 16:30:00,0.008956492
2019-08-03 16:40:00,0.004258424
2019-08-03 16:50:00,0.008879095
2019-08-03 17:00:00,0.0039610863
2019-08-03 17:10:00,0.008524388
2019-08-03 17:20:00,0.0042002797
2019-08-03 17:30:00,0.008771211
2019-08-03 17:40:00,0.003874451
2019-08-03 17:50:00,0.008331388
2019-08-03 18:00:00,0.0042997003
2019-08-03 18:10:00,0.008349001
2019-08-03 18:20:00,0.004274875
2019-08-03 18:30:00,0.007987469
2019-08-03 18:40:00,0.0047432184
2019-08-03 18:50:00,0.008340627
2019-08-03 19:00:00,0.004476577
2019-08-03 19:10:00,0.00792563
2019-08-03 19:20:00,0.0048913658
2019-08-03 19:30:00,0.008284122
2019-08-03 19:40:00,0.004485607
2019-08-03 19:50:00,0.0076554418
2019-08-03 20:00:00,0.0048958063
2019-08-03 20:10:00,0.007992029
2019-08-03 20:20:00,0.00456354
2019-08-03 20:30:00,0.00734818
2019-08-03 20:40:00,0.004787326
2019-08-03 20:50:00,0.008386016
2019-08-03 21:00:00,0.0047017336
2019-08-03 21:10:00,0.008002222
2019-08-03 21:20:00,0.005521655
2019-08-03 21:30:00,0.009184301
2019-08-03 21:40:00,0.005488932
2019-08-03 21:50:00,0.008669019
2019-08-03 22:00:00,0.0063583553
2019-08-03 22:10:00,0.0091407
2019-08-03 22:20:00,0.0051409304
2019-08-03 22:30:00,0.008341253
2019-08-03 22:40:00,0.0056591034
2019-08-03 22:50:00,0.009209782
2019-08-03 23:00:00,0.004546374
2019-08-03 23:10:00,0.008466303
2019-08-03 23:20:00,0.00515759
2019-08-03 23:30:00,0.010465562
2019-08-03 23:40:00,0.005795896
2019-08-03 23:50:00,0.010153085
2019-08-04 00:00:00,0.0067825317
2019-08-04 00:10:00,0.011596352
2019-08-04 00:20:00,0.0070171654
2019-08-04 00:30:00,0.010630518
2019-08-04 00:40:00,0.007859886
2019-08-04 00:50:00,0.012013823
2019-08-04 01:00:00,0.008538067
2019-08-04 01:10:00,0.011365265
2019-08-04 01:20:00,0.00891906
2019-08-04 01:30:00,0.012384474
2019-08-04 01:40:00,0.008841693
2019-08-04 01:50:00,0.01258406
2019-08-04 02:00:00,0.0106167495
2019-08-04 02:10:00,0.014887661
2019-08-04 02:20:00,0.010332227
2019-08-04 02:30:00,0.01339376
2019-08-04 02:40:00,0.010518372
2019-08-04 02:50:00,0.015455753
2019-08-04 03:00:00,0.011213571
2019-08-04 03:10:00,0.014478773
2019-08-04 03:20:00,0.011517823
2019-08-04 03:30:00,0.015874803
2019-08-04 03:40:00,0.011208206
2019-08-04 03:50:00,0.015029341
2019-08-04 04:00:00,0.011880934
2019-08-04 04:10:00,0.016823888
2019-08-04 04:20:00,0.011995614
2019-08-04 04:30:00,0.015241474
2019-08-04 04:40:00,0.01233384
2019-08-04 04:50:00,0.017763615
2019-08-04 05:00:00,0.012709469
2019-08-04 05:10:00,0.016678363
2019-08-04 05:20:00,0.014135152
2019-08-04 05:30:00,0.019344628
2019-08-04 05:40:00,0.014223784
2019-08-04 05:50:00,0.017283171
2019-08-04 06:00:00,0.014780223
2019-08-04 06:10:00,0.020638674
2019-08-04 06:20:00,0.016489476
2019-08-04 06:30:00,0.017390877
2019-08-04 06:40:00,0.01623404
2019-08-04 06:50:00,0.018211663
2019-08-04 07:00:00,0.017061919
2019-08-04 07:10:00,0.015930176
2019-08-04 07:20:00,0.017543375
2019-08-04 07:30:00,0.017365694
2019-08-04 07:40:00,0.017505974
2019-08-04 07:50:00,0.016008198
2019-08-04 08:00:00,0.01616323
2019-08-04 08:10:00,0.016438603
2019-08-04 08:20:00,0.017652035
2019-08-04 08:30:00,0.015101075
2019-08-04 08:40:00,0.015857458
2019-08-04 08:50:00,0.015930414
2019-08-04 09:00:00,0.017721415
2019-08-04 09:10:00,0.014347225
2019-08-04 09:20:00,0.015673995
2019-08-04 09:30:00,0.016289353
2019-08-04 09:40:00,0.018341929
2019-08-04 09:50:00,0.014668047
2019-08-04 10:00:00,0.01635155
2019-08-04 10:10:00,0.015152633
2019-08-04 10:20:00,0.018189669
2019-08-04 10:30:00,0.014193952
2019-08-04 10:40:00,0.01651591
2019-08-04 10:50:00,0.014609933
2019-08-04 11:00:00,0.018992037
2019-08-04 11:10:00,0.0144533515
2019-08-04 11:20:00,0.017265469
2019-08-04 11:30:00,0.0153666735
2019-08-04 11:40:00,0.020748585
2019-08-04 11:50:00,0.014405042
2019-08-04 12:00:00,0.018157035
2019-08-04 12:10:00,0.0151130855
2019-08-04 12:20:00,0.020353079
2019-08-04 12:30:00,0.015600413
2019-08-04 12:40:00,0.018872589
2019-08-04 12:50:00,0.017045408
2019-08-04 13:00:00,0.023940444
2019-08-04 13:10:00,0.01703006
2019-08-04 13:20:00,0.02169463
2019-08-04 13:30:00,0.018847674
2019-08-04 13:40:00,0.026747912
2019-08-04 13:50:00,0.019079596
2019-08-04 14:00:00,0.02695328
2019-08-04 14:10:00,0.020735294
2019-08-04 14:20:00,0.034363747
2019-08-04 14:30:00,0.021365434
2019-08-04 14:40:00,0.030259818
2019-08-04 14:50:00,0.023264349
2019-08-04 15:00:00,0.038265526
2019-08-04 15:10:00,0.023225337
2019-08-04 15:20:00,0.032662988
2019-08-04 15:30:00,0.023635268
2019-08-04 15:40:00,0.03842494
2019-08-04 15:50:00,0.022718012
2019-08-04 16:00:00,0.036409438
2019-08-04 16:10:00,0.023671836
2019-08-04 16:20:00,0.044790655
2019-08-04 16:30:00,0.024249285
2019-08-04 16:40:00,0.037656188
2019-08-04 16:50:00,0.024636298
2019-08-04 17:00:00,0.047119796
2019-08-04 17:10:00,0.0253523
2019-08-04 17:20:00,0.0417521
2019-08-04 17:30:00,0.02821809
2019-08-04 17:40:00,0.05188909
2019-08-04 17:50:00,0.029233575
2019-08-04 18:00:00,0.046877384
2019-08-04 18:10:00,0.031852007
2019-08-04 18:20:00,0.058852166
2019-08-04 18:30:00,0.032730073
2019-08-04 18:40:00,0.050686598
2019-08-04 18:50:00,0.032817513
2019-08-04 19:00:00,0.062646
2019-08-04 19:10:00,0.03475532
2019-08-04 19:20:00,0.05353135
2019-08-04 19:30:00,0.03581181
2019-08-04 19:40:00,0.066483766
2019-08-04 19:50:00,0.03803909
2019-08-04 20:00:00,0.05960709
2019-08-04 20:10:00,0.03910762
2019-08-04 20:20:00,0.07545948
2019-08-04 20:30:00,0.04587248
2019-08-04 20:40:00,0.06555438
2019-08-04 20:50:00,0.044911504
2019-08-04 21:00:00,0.08666393
2019-08-04 21:10:00,0.051338315
2019-08-04 21:20:00,0.07283759
2019-08-04 21:30:00,0.0491651
2019-08-04 21:40:00,0.09286538
2019-08-04 21:50:00,0.053317368
2019-08-04 22:00:00,0.080756485
2019-08-04 22:10:00,0.050560236
2019-08-04 22:20:00,0.097365916
2019-08-04 22:30:00,0.05542937
2019-08-04 22:40:00,0.08274844
2019-08-04 22:50:00,0.05449307
2019-08-04 23:00:00,0.10047805
2019-08-04 23:10:00,0.059949994
2019-08-04 23:20:00,0.08996552
2019-08-04 23:30:00,0.060586452
2019-08-04 23:40:00,0.10863018
2019-08-04 23:50:00,0.061060697
2019-08-05 00:00:00,0.09723148
2019-08-05 00:10:00,0.060420036
2019-08-05 00:20:00,0.1149039
2019-08-05 00:30:00,0.063230455
2019-08-05 00:40:00,0.10136634
2019-08-05 00:50:00,0.061421633
2019-08-05 01:00:00,0.103194535
2019-08-05 01:10:00,0.060584515
2019-08-05 01:20:00,0.08013058
2019-08-05 01:30:00,0.05580306
2019-08-05 01:40:00,0.0843631
2019-08-05 01:50:00,0.057240695
2019-08-05 02:00:00,0.0634473
2019-08-05 02:10:00,0.049118698
2019-08-05 02:20:00,0.06396881
2019-08-05 02:30:00,0.04475397
2019-08-05 02:40:00,0.052347213
2019-08-05 02:50:00,0.045078605
2019-08-05 03:00:00,0.057939917
2019-08-05 03:10:00,0.045711786
2019-08-05 03:20:00,0.05698338
2019-08-05 03:30:00,0.044774026
2019-08-05 03:40:00,0.064377785
2019-08-05 03:50:00,0.044308543
2019-08-05 04:00:00,0.05765924
2019-08-05 04:10:00,0.04101646
2019-08-05 04:20:00,0.05974424
2019-08-05 04:30:00,0.041991144
2019-08-05 04:40:00,0.053737283
2019-08-05 04:50:00,0.03889495
2019-08-05 05:00:00,0.059405327
2019-08-05 05:10:00,0.040305346
2019-08-05 05:20:00,0.05308932
2019-08-05 05:30:00,0.03594193
2019-08-05 05:40:00,0.049877018
2019-08-05 05:50:00,0.038006663
2019-08-05 06:00:00,0.051173776
2019-08-05 06:10:00,0.034319103
2019-08-05 06:20:00,0.051021844
2019-08-05 06:30:00,0.036190093
2019-08-05 06:40:00,0.052115947
2019-08-05 06:50:00,0.037359416
2019-08-05 07:00:00,0.052387595
2019-08-05 07:10:00,0.039154768
2019-08-05 07:20:00,0.051047474
2019-08-05 07:30:00,0.03644833
2019-08-05 07:40:00,0.04931444
2019-08-05 07:50:00,0.03854221
2019-08-05 08:00:00,0.04541123
2019-08-05 08:10:00,0.035326898
2019-08-05 08:20:00,0.04467866
2019-08-05 08:30:00,0.035488456
2019-08-05 08:40:00,0.0437645
2019-08-05 08:50:00,0.036241114
2019-08-05 09:00:00,0.042044997
2019-08-05 09:10:00,0.034763485
2019-08-05 09:20:00,0.039396584
2019-08-05 09:30:00,0.0336276
2019-08-05 09:40:00,0.0381082
2019-08-05 09:50:00,0.033946097
2019-08-05 10:00:00,0.03399414
2019-08-05 10:10:00,0.03427556
2019-08-05 10:20:00,0.031825274
2019-08-05 10:30:00,0.034343988
2019-08-05 10:40:00,0.029101789
2019-08-05 10:50:00,0.034390807
2019-08-05 11:00:00,0.02810365
2019-08-05 11:10:00,0.03446716
2019-08-05 11:20:00,0.028494686
2019-08-05 11:30:00,0.03525749
2019-08-05 11:40:00,0.02779919
2019-08-05 11:50:00,0.034837544
2019-08-05 12:00:00,0.026739776
2019-08-05 12:10:00,0.034295797
2019-08-05 12:20:00,0.025839746
2019-08-05 12:30:00,0.03342387
2019-08-05 12:40:00,0.024138927
2019-08-05 12:50:00,0.03494954
2019-08-05 13:00:00,0.023339093
2019-08-05 13:10:00,0.0365777
2019-08-05 13:20:00,0.023231536
2019-08-05 13:30:00,0.037798792
2019-08-05 13:40:00,0.024032235
2019-08-05 13:50:00,0.035783857
2019-08-05 14:00:00,0.023464471
2019-08-05 14:10:00,0.036471635
2019-08-05 14:20:00,0.02350241
2019-08-05 14:30:00,0.035222083
2019-08-05 14:40:00,0.022042692
2019-08-05 14:50:00,0.043762386
2019-08-05 15:00:00,0.021499008
2019-08-05 15:10:00,0.042257994
2019-08-05 15:20:00,0.021114409
2019-08-05 15:30:00,0.041888356
2019-08-05 15:40:00,0.024646282
2019-08-05 15:50:00,0.03901735
2019-08-05 16:00:00,0.025083095
2019-08-05 16:10:00,0.04378587
2019-08-05 16:20:00,0.026874423
2019-08-05 16:30:00,0.039821804
2019-08-05 16:40:00,0.023875266
2019-08-05 16:50:00,0.048296362
2019-08-05 17:00:00,0.022545546
2019-08-05 17:10:00,0.03881648
2019-08-05 17:20:00,0.0225766
2019-08-05 17:30:00,0.045618296
2019-08-05 17:40:00,0.0226461
2019-08-05 17:50:00,0.042586416
2019-08-05 18:00:00,0.021641016
2019-08-05 18:10:00,0.04984331
2019-08-05 18:20:00,0.022499561
2019-08-05 18:30:00,0.047038823
2019-08-05 18:40:00,0.022111028
2019-08-05 18:50:00,0.056617856
2019-08-05 19:00:00,0.021403283
2019-08-05 19:10:00,0.046254784
2019-08-05 19:20:00,0.021700919
2019-08-05 19:30:00,0.048521698
2019-08-05 19:40:00,0.022794217
2019-08-05 19:50:00,0.040823072
2019-08-05 20:00:00,0.021267563
2019-08-05 20:10:00,0.051125854
2019-08-05 20:20:00,0.021966338
2019-08-05 20:30:00,0.04361266
2019-08-05 20:40:00,0.02353096
2019-08-05 20:50:00,0.047488064
2019-08-05 21:00:00,0.020221561
2019-08-05 21:10:00,0.040659785
2019-08-05 21:20:00,0.02128914
2019-08-05 21:30:00,0.041078985
2019-08-05 21:40:00,0.019583195
2019-08-05 21:50:00,0.032889396
2019-08-05 22:00:00,0.017313004
2019-08-05 22:10:00,0.033108234
2019-08-05 22:20:00,0.016081512
2019-08-05 22:30:00,0.027875096
2019-08-05 22:40:00,0.015043855
2019-08-05 22:50:00,0.032069117
2019-08-05 23:00:00,0.013481468
2019-08-05 23:10:00,0.033094406
2019-08-05 23:20:00,0.014084697
2019-08-05 23:30:00,0.030222148
2019-08-05 23:40:00,0.013125867
2019-08-05 23:50:00,0.024941087
2019-08-06 00:00:00,0.014573753
2019-08-06 00:10:00,0.025153905
2019-08-06 00:20:00,0.011855453
2019-08-06 00:30:00,0.02136901
2019-08-06 00:40:00,0.012040168
2019-08-06 00:50:00,0.020697534
2019-08-06 01:00:00,0.011358172
2019-08-06 01:10:00,0.017545402
2019-08-06 01:20:00,0.012610108
2019-08-06 01:30:00,0.017642498
2019-08-06 01:40:00,0.012168199
2019-08-06 01:50:00,0.013344526
2019-08-06 02:00:00,0.0130952895
2019-08-06 02:10:00,0.013861895
2019-08-06 02:20:00,0.011739999
2019-08-06 02:30:00,0.012135565
2019-08-06 02:40:00,0.011705875
2019-08-06 02:50:00,0.012634337
2019-08-06 03:00:00,0.010817409
2019-08-06 03:10:00,0.011030316
2019-08-06 03:20:00,0.0112409
2019-08-06 03:30:00,0.010858864
2019-08-06 03:40:00,0.010111988
2019-08-06 03:50:00,0.0093152225
2019-08-06 04:00:00,0.010567576
2019-08-06 04:10:00,0.008545846
2019-08-06 04:20:00,0.009236693
2019-08-06 04:30:00,0.006238073
2019-08-06 04:40:00,0.008594185
2019-08-06 04:50:00,0.0063250065
2019-08-06 05:00:00,0.008263141
2019-08-06 05:10:00,0.004611671
2019-08-06 05:20:00,0.0079809725
2019-08-06 05:30:00,0.004697591
2019-08-06 05:40:00,0.008055568
2019-08-06 05:50:00,0.004186183
2019-08-06 06:00:00,0.009037852
2019-08-06 06:10:00,0.004760623
2019-08-06 06:20:00,0.008971155
2019-08-06 06:30:00,0.003972143
2019-08-06 06:40:00,0.008882612
2019-08-06 06:50:00,0.0046441257
2019-08-06 07:00:00,0.008796722
2019-08-06 07:10:00,0.0037272573
2019-08-06 07:20:00,0.009220719
2019-08-06 07:30:00,0.003844738
2019-08-06 07:40:00,0.008946091
2019-08-06 07:50:00,0.0034776628
2019-08-06 08:00:00,0.010264039
2019-08-06 08:10:00,0.0036451519
2019-08-06 08:20:00,0.01106298
2019-08-06 08:30:00,0.003448695
2019-08-06 08:40:00,0.011804342
2019-08-06 08:50:00,0.0034500957
2019-08-06 09:00:00,0.013029784
2019-08-06 09:10:00,0.003492713
2019-08-06 09:20:00,0.015883237
2019-08-06 09:30:00,0.003578633
2019-08-06 09:40:00,0.015713662
2019-08-06 09:50:00,0.0034570396
2019-08-06 10:00:00,0.016332507
2019-08-06 10:10:00,0.0034870207
2019-08-06 10:20:00,0.015016168
2019-08-06 10:30:00,0.0031184852
2019-08-06 10:40:00,0.015873343
2019-08-06 10:50:00,0.0033984482
2019-08-06 11:00:00,0.015748143
2019-08-06 11:10:00,0.0028635561
2019-08-06 11:20:00,0.016648203
2019-08-06 11:30:00,0.002646178
2019-08-06 11:40:00,0.01481241
2019-08-06 11:50:00,0.002318263
2019-08-06 12:00:00,0.014537036
2019-08-06 12:10:00,0.0022285283
2019-08-06 12:20:00,0.014298499
2019-08-06 12:30:00,0.0020807385
2019-08-06 12:40:00,0.014016122
2019-08-06 12:50:00,0.0020040572
2019-08-06 13:00:00,0.01320079
2019-08-06 13:10:00,0.0016978681
2019-08-06 13:20:00,0.013113946
2019-08-06 13:30:00,0.0015707612
2019-08-06 13:40:00,0.0114308
2019-08-06 13:50:00,0.0013713837
2019-08-06 14:00:00,0.011668742
2019-08-06 14:10:00,0.0012861788
2019-08-06 14:20:00,0.010064155
2019-08-06 14:30:00,0.0012061894
2019-08-06 14:40:00,0.0106295645
2019-08-06 14:50:00,0.0011873543
2019-08-06 15:00:00,0.010565132
2019-08-06 15:10:00,0.0011058152
2019-08-06 15:20:00,0.010475606
2019-08-06 15:30:00,0.0009483099
2019-08-06 15:40:00,0.008230001
2019-08-06 15:50:00,0.0007817447
2019-08-06 16:00:00,0.0080269575
2019-08-06 16:10:00,0.000710696
2019-08-06 16:20:00,0.0066435337
2019-08-06 16:30:00,0.0006303489
2019-08-06 16:40:00,0.007507026
2019-08-06 16:50:00,0.00063326955
2019-08-06 17:00:00,0.00695017
2019-08-06 17:10:00,0.0006579459
2019-08-06 17:20:00,0.007465869
2019-08-06 17:30:00,0.00064119697
2019-08-06 17:40:00,0.006368786
2019-08-06 17:50:00,0.00057679415
2019-08-06 18:00:00,0.007635027
2019-08-06 18:10:00,0.0005415678
2019-08-06 18:20:00,0.00631696
2019-08-06 18:30:00,0.00053703785
2019-08-06 18:40:00,0.0069006383
2019-08-06 18:50:00,0.00046780705
2019-08-06 19:00:00,0.005619496
2019-08-06 19:10:00,0.0005067587
2019-08-06 19:20:00,0.0067050457
2019-08-06 19:30:00,0.00038799644
2019-08-06 19:40:00,0.005395949
2019-08-06 19:50:00,0.00035858154
2019-08-06 20:00:00,0.0036345422
2019-08-06 20:10:00,0.00035738945
2019-08-06 20:20:00,0.005382657
2019-08-06 20:30:00,0.00053671
2019-08-06 20:40:00,0.0061588585
2019-08-06 20:50:00,0.00045225024
2019-08-06 21:00:00,0.0046959817
2019-08-06 21:10:00,0.0004555583
2019-08-06 21:20:00,0.005731195
2019-08-06 21:30:00,0.00042629242
2019-08-06 21:40:00,0.0043992996
2019-08-06 21:50:00,0.00044381618
2019-08-06 22:00:00,0.004897982
2019-08-06 22:10:00,0.00039836764
2019-08-06 22:20:00,0.0039498806
2019-08-06 22:30:00,0.0005003512
2019-08-06 22:40:00,0.004740685
2019-08-06 22:50:00,0.00047531724
2019-08-06 23:00:00,0.00397259
2019-08-06 23:10:00,0.0005401969
2019-08-06 23:20:00,0.004780978
2019-08-06 23:30:00,0.00048401952
2019-08-06 23:40:00,0.0037988126
2019-08-06 23:50:00,0.00050124526
2019-08-07 00:00:00,0.004548669
2019-08-07 00:10:00,0.0004810989
2019-08-07 00:20:00,0.0035927892
2019-08-07 00:30:00,0.0005849302
2019-08-07 00:40:00,0.0043209195
2019-08-07 00:50:00,0.00048148632
2019-08-07 01:00:00,0.00327909
2019-08-07 01:10:00,0.00048026443
2019-08-07 01:20:00,0.0041280687
2019-08-07 01:30:00,0.00035390258
2019-08-07 01:40:00,0.0034214556
2019-08-07 01:50:00,0.00040835142
2019-08-07 02:00:00,0.0042253435
2019-08-07 02:10:00,0.00033274293
2019-08-07 02:20:00,0.0030692518
2019-08-07 02:30:00,0.00040116906
2019-08-07 02:40:00,0.0041226745
2019-08-07 02:50:00,0.00036674738
2019-08-07 03:00:00,0.0031262934
2019-08-07 03:10:00,0.00043317676
2019-08-07 03:20:00,0.004055232
2019-08-07 03:30:00,0.0003723204
2019-08-07 03:40:00,0.0032416284
2019-08-07 03:50:00,0.0004800856
2019-08-07 04:00:00,0.0043494403
2019-08-07 04:10:00,0.00040629506
2019-08-07 04:20:00,0.0032050312
2019-08-07 04:30:00,0.0005068183
2019-08-07 04:40:00,0.0042678714
2019-08-07 04:50:00,0.00046297908
2019-08-07 05:00:00,0.0034232736
2019-08-07 05:10:00,0.0005463362
2019-08-07 05:20:00,0.004534632
2019-08-07 05:30:00,0.00052526593
2019-08-07 05:40:00,0.003842324
2019-08-07 05:50:00,0.000628531
2019-08-07 06:00:00,0.0050148666
2019-08-07 06:10:00,0.00057029724
2019-08-07 06:20:00,0.004011631
2019-08-07 06:30:00,0.0007274747
2019-08-07 06:40:00,0.005124718
2019-08-07 06:50:00,0.00062575936
2019-08-07 07:00:00,0.0030248165
2019-08-07 07:10:00,0.00069338083
2019-08-07 07:20:00,0.0033866763
2019-08-07 07:30:00,0.00063601136
2019-08-07 07:40:00,0.0021309555
2019-08-07 08:10:00,0.0007574558
2019-08-07 08:20:00,0.0027679503
2019-08-07 08:30:00,0.0007081926
2019-08-07 08:40:00,0.0023139715
2019-08-07 08:50:00,0.0008998215
2019-08-07 09:00:00,0.002890408
2019-08-07 09:10:00,0.0008559227
2019-08-07 09:20:00,0.0023514032
2019-08-07 09:30:00,0.0009842515
2019-08-07 09:40:00,0.0030738115
2019-08-07 09:50:00,0.00091665983
2019-08-07 10:00:00,0.0023827255
2019-08-07 10:10:00,0.0010147989
2019-08-07 10:20:00,0.002900213
2019-08-07 10:30:00,0.00083598495
2019-08-07 10:40:00,0.0023485422
2019-08-07 10:50:00,0.0011708736
2019-08-07 11:00:00,0.002992928
2019-08-07 11:10:00,0.0010719001
2019-08-07 11:20:00,0.0021338165
2019-08-07 11:30:00,0.0013613701
2019-08-07 11:40:00,0.0028769374
2019-08-07 11:50:00,0.0012458563
2019-08-07 12:00:00,0.002269417
2019-08-07 12:10:00,0.0017928779
2019-08-07 12:20:00,0.002973348
2019-08-07 12:30:00,0.001672864
2019-08-07 12:40:00,0.0022604465
2019-08-07 12:50:00,0.002114147
2019-08-07 13:00:00,0.002900362
2019-08-07 13:10:00,0.0018996298
2019-08-07 13:20:00,0.0019553006
2019-08-07 13:30:00,0.002267301
2019-08-07 13:40:00,0.0025166273
2019-08-07 13:50:00,0.0020218194
2019-08-07 14:00:00,0.001866132
2019-08-07 14:10:00,0.00236395
2019-08-07 14:20:00,0.0024007559
2019-08-07 14:30:00,0.0021703243
2019-08-07 14:40:00,0.0018365979
2019-08-07 14:50:00,0.0026442707
2019-08-07 15:00:00,0.0021974742
2019-08-07 15:10:00,0.002580762
2019-08-07 15:20:00,0.0017305613
2019-08-07 15:30:00,0.0029713511
2019-08-07 15:40:00,0.0023083687
2019-08-07 15:50:00,0.003042072
2019-08-07 16:00:00,0.0018707812
2019-08-07 16:10:00,0.0036676228
2019-08-07 16:20:00,0.0022156239
2019-08-07 16:30:00,0.0030223131
2019-08-07 16:40:00,0.0018142164
2019-08-07 16:50:00,0.0037679672
2019-08-07 17:00:00,0.0022032857
2019-08-07 17:10:00,0.0031170547
2019-08-07 17:20:00,0.0017869174
2019-08-07 17:30:00,0.0036268234
2019-08-07 17:40:00,0.0022514462
2019-08-07 17:50:00,0.0031505823
2019-08-07 18:00:00,0.0017722249
2019-08-07 18:10:00,0.0040011704
2019-08-07 18:20:00,0.0022062957
2019-08-07 18:30:00,0.0036673248
2019-08-07 18:40:00,0.0019063652
2019-08-07 18:50:00,0.004523456
2019-08-07 19:00:00,0.0021768808
2019-08-07 19:10:00,0.004146576
2019-08-07 19:20:00,0.0019261241
2019-08-07 19:30:00,0.005336225
2019-08-07 19:40:00,0.0023026466
2019-08-07 19:50:00,0.004297167
2019-08-07 20:00:00,0.0021294355
2019-08-07 20:10:00,0.0058472157
2019-08-07 20:20:00,0.0024383962
2019-08-07 20:30:00,0.0048795342
2019-08-07 20:40:00,0.002194643
2019-08-07 20:50:00,0.0062520504
2019-08-07 21:00:00,0.0024538338
2019-08-07 21:10:00,0.005518824
2019-08-07 21:20:00,0.0023447275
2019-08-07 21:30:00,0.007112503
2019-08-07 21:40:00,0.0025856793
2019-08-07 21:50:00,0.0062919855
2019-08-07 22:00:00,0.0028073788
2019-08-07 22:10:00,0.007980436
2019-08-07 22:20:00,0.003076166
2019-08-07 22:30:00,0.0068919957
2019-08-07 22:40:00,0.002915144
2019-08-07 22:50:00,0.008832395
2019-08-07 23:00:00,0.0032342374
2019-08-07 23:10:00,0.0076671243
2019-08-07 23:20:00,0.002963692
2019-08-07 23:30:00,0.009628952
2019-08-07 23:40:00,0.0032773018
2019-08-07 23:50:00,0.008212566
2019-08-08 00:00:00,0.0033260286
2019-08-08 00:10:00,0.010774553
2019-08-08 00:20:00,0.003740847
2019-08-08 00:30:00,0.010007679
2019-08-08 00:40:00,0.003889829
2019-08-08 00:50:00,0.012310058
2019-08-08 01:00:00,0.0040181875
2019-08-08 01:10:00,0.011006564
2019-08-08 01:20:00,0.004656613
2019-08-08 01:30:00,0.013215542
2019-08-08 01:40:00,0.004999459
2019-08-08 01:50:00,0.01291281
2019-08-08 02:00:00,0.005445093
2019-08-08 02:10:00,0.015856951
2019-08-08 02:20:00,0.0055860877
2019-08-08 02:30:00,0.014467716
2019-08-08 02:40:00,0.0057098866
2019-08-08 02:50:00,0.017245352
2019-08-08 03:00:00,0.0057274997
2019-08-08 03:10:00,0.015295953
2019-08-08 03:20:00,0.005877197
2019-08-08 03:30:00,0.017195761
2019-08-08 03:40:00,0.0058954656
2019-08-08 03:50:00,0.0152232945
2019-08-08 04:00:00,0.006254226
2019-08-08 04:10:00,0.01611495
2019-08-08 04:20:00,0.0063849688
2019-08-08 04:30:00,0.014408261
2019-08-08 04:40:00,0.006711513
2019-08-08 04:50:00,0.014952809
2019-08-08 05:00:00,0.00628978
2019-08-08 05:10:00,0.014780372
2019-08-08 05:20:00,0.0064047873
2019-08-08 05:30:00,0.017011374
2019-08-08 05:40:00,0.0065429807
2019-08-08 05:50:00,0.0152719915
2019-08-08 06:00:00,0.0073708594
2019-08-08 06:10:00,0.018248498
2019-08-08 06:20:00,0.0075389147
2019-08-08 06:30:00,0.01677385
2019-08-08 06:40:00,0.008148134
2019-08-08 06:50:00,0.017959267
2019-08-08 07:00:00,0.008759081
2019-08-08 07:10:00,0.017917067
2019-08-08 07:20:00,0.00965631
2019-08-08 07:30:00,0.019725084
2019-08-08 07:40:00,0.010291696
2019-08-08 07:50:00,0.019903928
2019-08-08 08:00:00,0.011842102
2019-08-08 08:10:00,0.02287522
2019-08-08 08:20:00,0.013345271
2019-08-08 08:30:00,0.02619645
2019-08-08 08:40:00,0.014274448
2019-08-08 08:50:00,0.030568928
2019-08-08 09:00:00,0.015352011
2019-08-08 09:10:00,0.031226367
2019-08-08 09:20:00,0.017152876
2019-08-08 09:30:00,0.032144725
2019-08-08 09:40:00,0.018642068
2019-08-08 09:50:00,0.03287798
2019-08-08 10:00:00,0.019198358
2019-08-08 10:10:00,0.030453414
2019-08-08 10:20:00,0.0195477
2019-08-08 10:30:00,0.030046105
2019-08-08 10:40:00,0.020413399
2019-08-08 10:50:00,0.030923218
2019-08-08 11:00:00,0.018418908
2019-08-08 11:10:00,0.03244382
2019-08-08 11:20:00,0.01959297
2019-08-08 11:30:00,0.029088467
2019-08-08 11:40:00,0.017884642
2019-08-08 11:50:00,0.02773118
2019-08-08 12:00:00,0.018068403
2019-08-08 12:10:00,0.027053267
2019-08-08 12:20:00,0.01856941
2019-08-08 12:30:00,0.027834475
2019-08-08 12:40:00,0.01980704
2019-08-08 12:50:00,0.029574692
2019-08-08 13:00:00,0.020774186
2019-08-08 13:10:00,0.030288815
2019-08-08 13:20:00,0.02143976
2019-08-08 13:30:00,0.02905801
2019-08-08 13:40:00,0.020992875
2019-08-08 13:50:00,0.030608892
2019-08-08 14:00:00,0.026057184
2019-08-08 14:10:00,0.028853983
2019-08-08 14:20:00,0.026385128
2019-08-08 14:30:00,0.030745357
2019-08-08 14:40:00,0.030796617
2019-08-08 14:50:00,0.028344274
2019-08-08 15:00:00,0.03268197
2019-08-08 15:10:00,0.029608518
2019-08-08 15:20:00,0.033124864
2019-08-08 15:30:00,0.02721256
2019-08-08 15:40:00,0.03154105
2019-08-08 15:50:00,0.029053748
2019-08-08 16:00:00,0.032287836
2019-08-08 16:10:00,0.02550456
2019-08-08 16:20:00,0.03295034
2019-08-08 16:30:00,0.02590388
2019-08-08 16:40:00,0.03393048
2019-08-08 16:50:00,0.024898797
2019-08-08 17:00:00,0.03249234
2019-08-08 17:10:00,0.028167635
2019-08-08 17:20:00,0.034917176
2019-08-08 17:30:00,0.027608693
2019-08-08 17:40:00,0.033311903
2019-08-08 17:50:00,0.02814278
2019-08-08 18:00:00,0.037186503
2019-08-08 18:10:00,0.026626825
2019-08-08 18:20:00,0.03779453
2019-08-08 18:30:00,0.029618204
2019-08-08 18:40:00,0.039239556
2019-08-08 18:50:00,0.026344806
2019-08-08 19:00:00,0.035937488
2019-08-08 19:10:00,0.027599096
2019-08-08 19:20:00,0.034139097
2019-08-08 19:30:00,0.023948222
2019-08-08 19:40:00,0.034431428
2019-08-08 19:50:00,0.027247697
2019-08-08 20:00:00,0.035024464
2019-08-08 20:10:00,0.024507523
2019-08-08 20:20:00,0.03326422
2019-08-08 20:30:00,0.029652715
2019-08-08 20:40:00,0.03373927
2019-08-08 20:50:00,0.027520955
2019-08-08 21:00:00,0.033316165
2019-08-08 21:10:00,0.031000227
2019-08-08 21:20:00,0.036356658
2019-08-08 21:30:00,0.025573373
2019-08-08 21:40:00,0.037850946
2019-08-08 21:50:00,0.026823789
2019-08-08 22:00:00,0.03791523
2019-08-08 22:10:00,0.025766402
2019-08-08 22:20:00,0.037695587
2019-08-08 22:30:00,0.028757632
2019-08-09 17:00:00,0.03866592
2019-08-09 17:10:00,0.025446773
2019-08-09 17:20:00,0.037484378
2019-08-09 17:30:00,0.030225098
2019-08-09 17:40:00,0.03797224
2019-08-09 17:50:00,0.025219113
2019-08-09 18:00:00,0.03545171
2019-08-09 18:10:00,0.03089866
2019-08-09 18:20:00,0.035570055
2019-08-09 18:30:00,0.024229348
2019-08-09 18:40:00,0.03442025
2019-08-09 18:50:00,0.028531313
2019-08-09 19:00:00,0.03847128
2019-08-09 19:10:00,0.024131596
2019-08-09 19:20:00,0.035514027
2019-08-09 19:30:00,0.028610647
2019-08-09 19:40:00,0.035311818
2019-08-09 19:50:00,0.024019212
2019-08-09 20:00:00,0.03319359
2019-08-09 20:10:00,0.026061505
2019-08-09 20:20:00,0.031956613
2019-08-09 20:30:00,0.019581914
2019-08-09 20:40:00,0.028690219
2019-08-09 20:50:00,0.022607714
2019-08-09 21:00:00,0.026758045
2019-08-09 21:10:00,0.018685877
2019-08-09 21:20:00,0.024535418
2019-08-09 21:30:00,0.023811728
2019-08-09 21:40:00,0.024716198
2019-08-09 21:50:00,0.02113095
2019-08-09 22:00:00,0.024545342
2019-08-09 22:10:00,0.025549382
2019-08-09 22:20:00,0.024652869
2019-08-09 22:30:00,0.018709183
2019-08-09 22:40:00,0.023035973
2019-08-09 22:50:00,0.021940738
2019-08-09 23:00:00,0.02270633
2019-08-09 23:10:00,0.016215563
2019-08-09 23:20:00,0.0202505
2019-08-09 23:30:00,0.01952073
2019-08-09 23:40:00,0.017531425
2019-08-09 23:50:00,0.016146302
2019-08-10 00:00:00,0.015272588
2019-08-10 00:10:00,0.01858607
2019-08-10 00:20:00,0.014139861
2019-08-10 00:30:00,0.014574885
2019-08-10 00:40:00,0.012786806
2019-08-10 00:50:00,0.017601967
2019-08-10 01:00:00,0.014817327
2019-08-10 01:10:00,0.014380187
2019-08-10 01:20:00,0.013106853
2019-08-10 01:30:00,0.01644054
2019-08-10 01:40:00,0.013839155
2019-08-10 01:50:00,0.013023645
2019-08-10 02:00:00,0.011521786
2019-08-10 02:10:00,0.015084326
2019-08-10 02:20:00,0.012146205
2019-08-10 02:30:00,0.012127161
2019-08-10 02:40:00,0.010897696
2019-08-10 02:50:00,0.013873041
2019-08-10 03:00:00,0.010117233
2019-08-10 03:10:00,0.012289703
2019-08-10 03:20:00,0.0077602863
2019-08-10 03:30:00,0.012897253
2019-08-10 03:40:00,0.008223385
2019-08-10 03:50:00,0.009939551
2019-08-10 04:00:00,0.007289231
2019-08-10 04:10:00,0.012562007
2019-08-10 04:20:00,0.008413494
2019-08-10 04:30:00,0.010550618
2019-08-10 04:40:00,0.007586241
2019-08-10 04:50:00,0.012222469
2019-08-10 05:00:00,0.008084714
2019-08-10 05:10:00,0.01061216
2019-08-10 05:20:00,0.0073100924
2019-08-10 05:30:00,0.013126761
2019-08-10 05:40:00,0.0077666044
2019-08-10 05:50:00,0.012121916
2019-08-10 06:00:00,0.006964147
2019-08-10 06:10:00,0.013381422
2019-08-10 06:20:00,0.0076733828
2019-08-10 06:30:00,0.011155933
2019-08-10 06:40:00,0.0074043274
2019-08-10 06:50:00,0.013563544
2019-08-10 07:00:00,0.008351117
2019-08-10 07:10:00,0.0127289295
2019-08-10 07:20:00,0.0071222484
2019-08-10 07:30:00,0.013333261
2019-08-10 07:40:00,0.0075886548
2019-08-10 07:50:00,0.011460602
2019-08-10 08:00:00,0.00632146
2019-08-10 08:10:00,0.012479693
2019-08-10 08:20:00,0.0069400966
2019-08-10 08:30:00,0.010537565
2019-08-10 08:40:00,0.006499797
2019-08-10 08:50:00,0.012710631
2019-08-10 09:00:00,0.006975174
2019-08-10 09:10:00,0.0119381845
2019-08-10 09:20:00,0.006502211
2019-08-10 09:30:00,0.013708532
2019-08-10 09:40:00,0.0072903633
2019-08-10 09:50:00,0.012359619
2019-08-10 10:00:00,0.004870653
2019-08-10 10:10:00,0.009804755
2019-08-10 10:20:00,0.005853325
2019-08-10 10:30:00,0.008834869
2019-08-10 10:40:00,0.0055941045
2019-08-10 10:50:00,0.008859366
2019-08-10 11:00:00,0.0062322915
2019-08-10 11:10:00,0.008233547
2019-08-10 11:20:00,0.006010115
2019-08-10 11:30:00,0.010227114
2019-08-10 11:40:00,0.006079018
2019-08-10 11:50:00,0.008932143
2019-08-10 12:00:00,0.006427884
2019-08-10 12:10:00,0.010355353
2019-08-10 12:20:00,0.006918311
2019-08-10 12:30:00,0.00919807
2019-08-10 12:40:00,0.0071185827
2019-08-10 12:50:00,0.012045234
2019-08-10 13:00:00,0.007898986
2019-08-10 13:10:00,0.009989142
2019-08-10 13:20:00,0.007759899
2019-08-10 13:30:00,0.012473196
2019-08-10 13:40:00,0.008988231
2019-08-10 13:50:00,0.009845525
2019-08-10 14:00:00,0.008142263
2019-08-10 14:10:00,0.011045277
2019-08-10 14:20:00,0.009567797
2019-08-10 14:30:00,0.010065496
2019-08-10 14:40:00,0.00943771
2019-08-10 14:50:00,0.011821508
2019-08-10 15:00:00,0.009380937
2019-08-10 15:10:00,0.009722501
2019-08-10 15:20:00,0.009257227
2019-08-10 15:30:00,0.01097101
2019-08-10 15:40:00,0.009939969
2019-08-10 15:50:00,0.00935474
2019-08-10 16:00:00,0.009971559
2019-08-10 16:10:00,0.011585802
2019-08-10 16:20:00,0.0105865
2019-08-10 16:30:00,0.009506583
2019-08-10 16:40:00,0.008967906
2019-08-10 16:50:00,0.012044191
2019-08-10 17:00:00,0.008684218
2019-08-10 17:10:00,0.010596603
2019-08-10 17:20:00,0.0075029135
2019-08-10 17:30:00,0.011994094
2019-08-10 17:40:00,0.007763177
2019-08-10 17:50:00,0.009292364
2019-08-10 18:00:00,0.007402122
2019-08-10 18:10:00,0.008987069
2019-08-10 18:20:00,0.007703632
2019-08-10 18:30:00,0.008374691
2019-08-10 18:40:00,0.007896602
2019-08-10 18:50:00,0.009419352
2019-08-10 19:00:00,0.008162141
2019-08-10 19:10:00,0.008408815
2019-08-10 19:20:00,0.007707864
2019-08-10 19:30:00,0.009935379
2019-08-10 19:40:00,0.007863075
2019-08-10 19:50:00,0.008379042
2019-08-10 20:00:00,0.007902563
2019-08-10 20:10:00,0.009944469
2019-08-10 20:20:00,0.008042842
2019-08-10 20:30:00,0.008299381
2019-08-10 20:40:00,0.00799185
2019-08-10 20:50:00,0.010428667
2019-08-10 21:00:00,0.00880909
2019-08-10 21:10:00,0.00892508
2019-08-10 21:20:00,0.008758843
2019-08-10 21:30:00,0.010861486
2019-08-10 21:40:00,0.0091920495
2019-08-10 21:50:00,0.008583397
2019-08-10 22:00:00,0.00834173
2019-08-10 22:10:00,0.009899944
2019-08-10 22:20:00,0.008269548
2019-08-10 22:30:00,0.008052915
2019-08-10 22:40:00,0.0065135956
2019-08-10 22:50:00,0.008942306
2019-08-10 23:00:00,0.006388724
2019-08-10 23:10:00,0.0074282587
2019-08-10 23:20:00,0.005780548
2019-08-10 23:30:00,0.008808345
2019-08-10 23:40:00,0.005930811
2019-08-10 23:50:00,0.007396817
2019-08-11 00:00:00,0.005338222
2019-08-11 00:10:00,0.008699864
2019-08-11 00:20:00,0.0056946278
2019-08-11 00:30:00,0.0069802403
2019-08-11 00:40:00,0.005628407
2019-08-11 00:50:00,0.009175986
2019-08-11 01:00:00,0.005966753
2019-08-11 01:10:00,0.007225007
2019-08-11 01:20:00,0.0065386295
2019-08-11 01:30:00,0.010485947
2019-08-11 01:40:00,0.006530851
2019-08-11 01:50:00,0.00859502
2019-08-11 02:00:00,0.0061027408
2019-08-11 02:10:00,0.009062469
2019-08-11 02:20:00,0.005270511
2019-08-11 02:30:00,0.0067875385
2019-08-11 02:40:00,0.0044769645
2019-08-11 02:50:00,0.008163899
2019-08-11 03:00:00,0.004362136
2019-08-11 03:10:00,0.0067483187
2019-08-11 03:20:00,0.0041298866
2019-08-11 03:30:00,0.008371621
2019-08-11 03:40:00,0.004367739
2019-08-11 03:50:00,0.00721246
2019-08-11 04:00:00,0.0048185587
2019-08-11 04:10:00,0.00858441
2019-08-11 04:20:00,0.0043445528
2019-08-11 04:30:00,0.00701499
2019-08-11 04:40:00,0.0043430626
2019-08-11 04:50:00,0.008623093
2019-08-11 05:00:00,0.004162729
2019-08-11 05:10:00,0.007337868
2019-08-11 05:20:00,0.004036218
2019-08-11 05:30:00,0.008163601
2019-08-11 05:40:00,0.0040532053
2019-08-11 05:50:00,0.0077759624
2019-08-11 06:00:00,0.004359156
2019-08-11 06:10:00,0.009044051
2019-08-11 06:20:00,0.0043160915
2019-08-11 06:30:00,0.0076654553
2019-08-11 06:40:00,0.004662305
2019-08-11 06:50:00,0.0083061755
2019-08-11 07:00:00,0.004658401
2019-08-11 07:10:00,0.0071226954
2019-08-11 07:20:00,0.0049470067
2019-08-11 07:30:00,0.008234739
2019-08-11 07:40:00,0.004295349
2019-08-11 07:50:00,0.0068843067
2019-08-11 08:00:00,0.0042436123
2019-08-11 08:10:00,0.007868618
2019-08-11 08:20:00,0.00380826
2019-08-11 08:30:00,0.006282717
2019-08-11 08:40:00,0.0037935078
2019-08-11 08:50:00,0.0075804293
2019-08-11 09:00:00,0.003612876
2019-08-11 09:10:00,0.0065283477
2019-08-11 09:20:00,0.0037600696
2019-08-11 09:30:00,0.007954717
2019-08-11 09:40:00,0.0035565197
2019-08-11 09:50:00,0.0070981085
2019-08-11 10:00:00,0.0037605464
2019-08-11 10:10:00,0.008198798
2019-08-11 10:20:00,0.0035482943
2019-08-11 10:30:00,0.0066135824
2019-08-11 10:40:00,0.0037502646
2019-08-11 10:50:00,0.008871675
2019-08-11 11:00:00,0.0034241378
2019-08-11 11:10:00,0.0072527826
2019-08-11 11:20:00,0.003507018
2019-08-11 11:30:00,0.00812608
2019-08-11 11:40:00,0.003117174
2019-08-11 11:50:00,0.007188648
2019-08-11 12:00:00,0.0027058423
2019-08-11 12:10:00,0.007944703
2019-08-11 12:20:00,0.002583921
2019-08-11 12:30:00,0.006677717
2019-08-11 12:40:00,0.0027134717
2019-08-11 12:50:00,0.00808993
2019-08-11 13:00:00,0.0026515722
2019-08-11 13:10:00,0.0067011714
2019-08-11 13:20:00,0.0026220083
2019-08-11 13:30:00,0.007278383
2019-08-11 13:40:00,0.0026468635
2019-08-11 13:50:00,0.006348908
2019-08-11 14:00:00,0.0025666356
2019-08-11 14:10:00,0.007362604
2019-08-11 14:20:00,0.0024544
2019-08-11 14:30:00,0.0063943565
2019-08-11 14:40:00,0.002451688
2019-08-11 14:50:00,0.008074075
2019-08-11 15:00:00,0.0023880303
2019-08-11 15:10:00,0.0073126554
2019-08-11 15:20:00,0.0024481416
2019-08-11 15:30:00,0.008147031
2019-08-11 15:40:00,0.0024142563
2019-08-11 15:50:00,0.0075864494
2019-08-11 16:00:00,0.0024792254
2019-08-11 16:10:00,0.008628726
2019-08-11 16:20:00,0.0023240447
2019-08-11 16:30:00,0.008090138
2019-08-11 16:40:00,0.0021119118
2019-08-11 16:50:00,0.008390874
2019-08-11 17:00:00,0.0023988783
2019-08-11 17:10:00,0.008780271
2019-08-11 17:20:00,0.0025539696
2019-08-11 17:30:00,0.010043353
2019-08-11 17:40:00,0.0024812222
2019-08-11 17:50:00,0.009539217
2019-08-11 18:00:00,0.0025205016
2019-08-11 18:10:00,0.010076702
2019-08-11 18:20:00,0.002453506
2019-08-11 18:30:00,0.009749442
2019-08-11 18:40:00,0.0024398565
2019-08-11 18:50:00,0.009904146
2019-08-11 19:00:00,0.002466768
2019-08-11 19:10:00,0.009690493
2019-08-11 19:20:00,0.0024297833
2019-08-11 19:30:00,0.00983429
2019-08-11 19:40:00,0.0023905933
2019-08-11 19:50:00,0.009355843
2019-08-11 20:00:00,0.0021992326
2019-08-11 20:10:00,0.009416759
2019-08-11 20:20:00,0.0021206439
2019-08-11 20:30:00,0.00944683
2019-08-11 20:40:00,0.0021459758
2019-08-11 20:50:00,0.009992659
2019-08-11 21:00:00,0.0019779503
2019-08-11 21:10:00,0.009848237
2019-08-11 21:20:00,0.0021200776
2019-08-11 21:30:00,0.009801
2019-08-11 21:40:00,0.0021959543
2019-08-11 21:50:00,0.010366172
2019-08-11 22:00:00,0.0020940602
2019-08-11 22:10:00,0.009857893
2019-08-11 22:20:00,0.0019570887
2019-08-11 22:30:00,0.010176629
2019-08-11 22:40:00,0.0019916296
2019-08-11 22:50:00,0.009610832
2019-08-11 23:00:00,0.0019513667
2019-08-11 23:10:00,0.009681255
2019-08-11 23:20:00,0.0021228194
2019-08-11 23:30:00,0.009377897
2019-08-11 23:40:00,0.0024040043
2019-08-11 23:50:00,0.0098030865
2019-08-12 00:00:00,0.0025152862
2019-08-12 00:10:00,0.009930432
2019-08-12 00:20:00,0.0026599467
2019-08-12 00:30:00,0.010725141
2019-08-12 00:40:00,0.0025515258
2019-08-12 00:50:00,0.009574354
2019-08-12 01:00:00,0.0022042394
2019-08-12 01:10:00,0.008004129
2019-08-12 01:20:00,0.0019767582
2019-08-12 01:30:00,0.0067929626
2019-08-12 01:40:00,0.0018169582
2019-08-12 01:50:00,0.0058991015
2019-08-12 02:00:00,0.0018046498
2019-08-12 02:10:00,0.0055554807
2019-08-12 02:20:00,0.0018520057
2019-08-12 02:30:00,0.006676227
2019-08-12 02:40:00,0.0022417903
2019-08-12 02:50:00,0.0069056153
2019-08-12 03:00:00,0.0021645725
2019-08-12 03:10:00,0.0073402226
2019-08-12 03:20:00,0.0023400784
2019-08-12 03:30:00,0.007070631
2019-08-12 03:40:00,0.0023225546
2019-08-12 03:50:00,0.006924391
2019-08-12 04:00:00,0.00239259
2019-08-12 04:10:00,0.0070058703
2019-08-12 04:20:00,0.0023705065
2019-08-12 04:30:00,0.007587135
2019-08-12 04:40:00,0.0025568008
2019-08-12 04:50:00,0.007048279
2019-08-12 05:00:00,0.0022513568
2019-08-12 05:10:00,0.006968111
2019-08-12 05:20:00,0.0026902258
2019-08-12 05:30:00,0.00673452
2019-08-12 05:40:00,0.0025541484
2019-08-12 05:50:00,0.007581979
2019-08-12 06:00:00,0.0030653775
2019-08-12 06:10:00,0.00654462
2019-08-12 06:20:00,0.0028261244
2019-08-12 06:30:00,0.008376718
2019-08-12 06:40:00,0.003306508
2019-08-12 06:50:00,0.006518334
2019-08-12 07:00:00,0.0027620196
2019-08-12 07:10:00,0.0059529543
2019-08-12 07:20:00,0.0023447871
2019-08-12 07:30:00,0.0051439404
2019-08-12 07:40:00,0.002138555
2019-08-12 07:50:00,0.006160617
2019-08-12 08:00:00,0.0023237169
2019-08-12 08:10:00,0.005756587
2019-08-12 08:20:00,0.00220263
2019-08-12 08:30:00,0.0068722963
2019-08-12 08:40:00,0.002688527
2019-08-12 08:50:00,0.0065992475
2019-08-12 09:00:00,0.0025880933
2019-08-12 09:10:00,0.007882774
2019-08-12 09:20:00,0.0032369494
2019-08-12 09:30:00,0.007227272
2019-08-12 09:40:00,0.0030252934
2019-08-12 09:50:00,0.007758975
2019-08-12 10:00:00,0.0034494102
2019-08-12 10:10:00,0.0072552264
2019-08-12 10:20:00,0.0030427575
2019-08-12 10:30:00,0.007909
2019-08-12 10:40:00,0.003568381
2019-08-12 10:50:00,0.007365316
2019-08-12 11:00:00,0.003299594
2019-08-12 11:10:00,0.007823765
2019-08-12 11:20:00,0.0036120713
2019-08-12 11:30:00,0.0074203014
2019-08-12 11:40:00,0.0032486022
2019-08-12 11:50:00,0.008537412
2019-08-12 12:00:00,0.003740579
2019-08-12 12:10:00,0.007809639
2019-08-12 12:20:00,0.0032381713
2019-08-12 12:30:00,0.008623958
2019-08-12 12:40:00,0.0034826696
2019-08-12 12:50:00,0.0072684884
2019-08-12 13:00:00,0.0030667484
2019-08-12 13:10:00,0.0069426
2019-08-12 13:20:00,0.0028280318
2019-08-12 13:30:00,0.006022185
2019-08-12 13:40:00,0.0022848845
2019-08-12 13:50:00,0.0067645013
2019-08-12 14:00:00,0.0025485158
2019-08-12 14:10:00,0.0063475966
2019-08-12 14:20:00,0.0022343695
2019-08-12 14:30:00,0.0063385367
2019-08-12 14:40:00,0.0023679137
2019-08-12 14:50:00,0.0055509806
2019-08-12 15:00:00,0.0021965504
2019-08-12 15:10:00,0.005952567
2019-08-12 15:20:00,0.002215296
2019-08-12 15:30:00,0.0052600503
2019-08-12 15:40:00,0.0020509958
2019-08-12 15:50:00,0.0057854056
2019-08-12 16:00:00,0.0021354854
2019-08-12 16:10:00,0.00527364
2019-08-12 16:20:00,0.0018990636
2019-08-12 16:30:00,0.006000817
2019-08-12 16:40:00,0.0021067858
2019-08-12 16:50:00,0.0056012273
2019-08-12 17:00:00,0.0020024776
2019-08-12 17:10:00,0.0060984194
2019-08-12 17:20:00,0.002070099
2019-08-12 17:30:00,0.005820632
2019-08-12 17:40:00,0.0019837022
2019-08-12 17:50:00,0.006242484
2019-08-12 18:00:00,0.0020824075
2019-08-12 18:10:00,0.005994469
2019-08-12 18:20:00,0.0021318197
2019-08-12 18:30:00,0.0061639845
2019-08-12 18:40:00,0.0021479726
2019-08-12 18:50:00,0.005039811
2019-08-12 19:00:00,0.0022720993
2019-08-12 19:10:00,0.00540331
2019-08-12 19:20:00,0.0020482838
2019-08-12 19:30:00,0.0045984685
2019-08-12 19:40:00,0.002046764
2019-08-12 19:50:00,0.005296856
2019-08-12 20:00:00,0.0021279156
2019-08-12 20:10:00,0.0046783388
2019-08-12 20:20:00,0.0019963682
2019-08-12 20:30:00,0.0049839616
2019-08-12 20:40:00,0.001982689
2019-08-12 20:50:00,0.0043661892
2019-08-12 21:00:00,0.0019625127
2019-08-12 21:10:00,0.004548639
2019-08-12 21:20:00,0.002060324
2019-08-12 21:30:00,0.0042749345
2019-08-12 21:40:00,0.0019916594
2019-08-12 21:50:00,0.004491389
2019-08-12 22:00:00,0.0022159517
2019-08-12 22:10:00,0.0040509105
2019-08-12 22:20:00,0.0021129549
2019-08-12 22:30:00,0.003964901
2019-08-12 22:40:00,0.002082765
2019-08-12 22:50:00,0.0036825836
2019-08-12 23:00:00,0.0021558404
2019-08-12 23:10:00,0.003708005
2019-08-12 23:20:00,0.0022694767
2019-08-12 23:30:00,0.0035119355
2019-08-12 23:40:00,0.0022253692
2019-08-12 23:50:00,0.0038395822
2019-08-13 00:00:00,0.0023761392
2019-08-13 00:10:00,0.0034540594
2019-08-13 00:20:00,0.0023123324
2019-08-13 00:30:00,0.003574431
2019-08-13 00:40:00,0.0023330152
2019-08-13 00:50:00,0.0035374463
2019-08-13 01:00:00,0.0022251606
2019-08-13 01:10:00,0.0037679374
2019-08-13 01:20:00,0.002311319
2019-08-13 01:30:00,0.0040706694
2019-08-13 01:40:00,0.002332002
2019-08-13 01:50:00,0.004150182
2019-08-13 02:00:00,0.0025635958
2019-08-13 02:10:00,0.00442487
2019-08-13 02:20:00,0.0027167797
2019-08-13 02:30:00,0.0040746927
2019-08-13 02:40:00,0.0024940073
2019-08-13 02:50:00,0.004338801
2019-08-13 03:00:00,0.002895981
2019-08-13 03:10:00,0.0041526854
2019-08-13 03:20:00,0.0027007163
2019-08-13 03:30:00,0.004169196
2019-08-13 03:40:00,0.0026085675
2019-08-13 03:50:00,0.003801912
2019-08-13 04:00:00,0.0024671257
2019-08-13 04:10:00,0.0039954185
2019-08-13 04:20:00,0.0024287403
2019-08-13 04:30:00,0.003989339
2019-08-13 04:40:00,0.002454877
2019-08-13 04:50:00,0.004475981
2019-08-13 05:00:00,0.0027928352
2019-08-13 05:10:00,0.0043334067
2019-08-13 05:20:00,0.0029451847
2019-08-13 05:30:00,0.0047911406
2019-08-13 05:40:00,0.0030826926
2019-08-13 05:50:00,0.004301995
2019-08-13 06:00:00,0.0030361712
2019-08-13 06:10:00,0.004726112
2019-08-13 06:20:00,0.0033257008
2019-08-13 06:30:00,0.004470557
2019-08-13 06:40:00,0.003267318
2019-08-13 06:50:00,0.0053705573
2019-08-13 07:00:00,0.003564179
2019-08-13 07:10:00,0.005535573
2019-08-13 07:20:00,0.003731519
2019-08-13 07:30:00,0.006465137
2019-08-13 07:40:00,0.004174769
2019-08-13 07:50:00,0.0062367916
2019-08-13 08:00:00,0.0045238137
2019-08-13 08:10:00,0.007089019
2019-08-13 08:20:00,0.0052595437
2019-08-13 08:30:00,0.0072306097
2019-08-13 08:40:00,0.0045238137
2019-08-13 08:50:00,0.008117527
2019-08-13 09:00:00,0.004937291
2019-08-13 09:10:00,0.007565677
2019-08-13 09:20:00,0.004740089
2019-08-13 09:30:00,0.009180486
2019-08-13 09:40:00,0.0047507584
2019-08-13 09:50:00,0.007791519
2019-08-13 10:00:00,0.0042085648
2019-08-13 10:10:00,0.009074509
2019-08-13 10:20:00,0.0048442483
2019-08-13 10:30:00,0.008174539
2019-08-13 10:40:00,0.004478246
2019-08-13 10:50:00,0.008983612
2019-08-13 11:00:00,0.0050027966
2019-08-13 11:10:00,0.008015037
2019-08-13 11:20:00,0.004704058
2019-08-13 11:30:00,0.0085904
2019-08-13 11:40:00,0.0054455698
2019-08-13 11:50:00,0.007783979
2019-08-13 12:00:00,0.0048519373
2019-08-13 12:10:00,0.00804615
2019-08-13 12:20:00,0.0051599145
2019-08-13 12:30:00,0.0073580146
2019-08-13 12:40:00,0.004919231
2019-08-13 12:50:00,0.0076565444
2019-08-13 13:00:00,0.0059763193
2019-08-13 13:10:00,0.00745818
2019-08-13 13:20:00,0.006119281
2019-08-13 13:30:00,0.0090485215
2019-08-13 13:40:00,0.007954001
2019-08-13 13:50:00,0.008941919
2019-08-13 14:00:00,0.0076783
2019-08-13 14:10:00,0.009951681
2019-08-13 14:20:00,0.00886628
2019-08-13 14:30:00,0.009519666
2019-08-13 14:40:00,0.008173019
2019-08-13 14:50:00,0.009682983
2019-08-13 15:00:00,0.009039253
2019-08-13 15:10:00,0.008808136
2019-08-13 15:20:00,0.008004755
2019-08-13 15:30:00,0.009328097
2019-08-13 15:40:00,0.009759665
2019-08-13 15:50:00,0.0082090795
2019-08-13 16:00:00,0.007245064
2019-08-13 16:10:00,0.0068401694
2019-08-13 16:20:00,0.007980615
2019-08-13 16:30:00,0.005790025
2019-08-13 16:40:00,0.007036805
2019-08-13 16:50:00,0.0074343085
2019-08-13 17:00:00,0.008428395
2019-08-13 17:10:00,0.006434232
2019-08-13 17:20:00,0.007152617
2019-08-13 17:30:00,0.00710544
2019-08-13 17:40:00,0.008582085
2019-08-13 17:50:00,0.0061466396
2019-08-13 18:00:00,0.0073595047
2019-08-13 18:10:00,0.0067439377
2019-08-13 18:20:00,0.008838564
2019-08-13 18:30:00,0.0060002506
2019-08-13 18:40:00,0.00782758
2019-08-13 18:50:00,0.007306397
2019-08-13 19:00:00,0.00910449
2019-08-13 19:10:00,0.006509125
2019-08-13 19:20:00,0.008923084
2019-08-13 19:30:00,0.007657349
2019-08-13 19:40:00,0.010148257
2019-08-13 19:50:00,0.0064264536
2019-08-13 20:00:00,0.009481579
2019-08-13 20:10:00,0.0072796643
2019-08-13 20:20:00,0.010909319
2019-08-13 20:30:00,0.006853938
2019-08-13 20:40:00,0.0106340945
2019-08-13 20:50:00,0.008528471
2019-08-13 21:00:00,0.012630999
2019-08-13 21:10:00,0.0070523024
2019-08-13 21:20:00,0.010872841
2019-08-13 21:30:00,0.0077579916
2019-08-13 21:40:00,0.012388766
2019-08-13 21:50:00,0.0071228445
2019-08-13 22:00:00,0.010949582
2019-08-13 22:10:00,0.008543998
2019-08-13 22:20:00,0.013353705
2019-08-13 22:30:00,0.007818699
2019-08-13 22:40:00,0.012072742
2019-08-13 22:50:00,0.009605825
2019-08-13 23:00:00,0.013932914
2019-08-13 23:10:00,0.008487105
2019-08-13 23:20:00,0.012971848
2019-08-13 23:30:00,0.009979308
2019-08-13 23:40:00,0.014198214
2019-08-13 23:50:00,0.0093437135
2019-08-14 00:00:00,0.013531178
2019-08-14 00:10:00,0.010733604
2019-08-14 00:20:00,0.015796065
2019-08-14 00:30:00,0.010132194
2019-08-14 00:40:00,0.015437424
2019-08-14 00:50:00,0.010981917
2019-08-14 01:00:00,0.016605169
2019-08-14 01:10:00,0.009850383
2019-08-14 01:20:00,0.0148052275
2019-08-14 01:30:00,0.011723012
2019-08-14 01:40:00,0.016237766
2019-08-14 01:50:00,0.010651112
2019-08-14 02:00:00,0.014373004
2019-08-14 02:10:00,0.012601286
2019-08-14 02:20:00,0.016231626
2019-08-14 02:30:00,0.011487454
2019-08-14 02:40:00,0.01496768
2019-08-14 02:50:00,0.014010787
2019-08-14 03:00:00,0.016307235
2019-08-14 03:10:00,0.012991041
2019-08-14 03:20:00,0.015013009
2019-08-14 03:30:00,0.016322434
2019-08-14 03:40:00,0.016447097
2019-08-14 03:50:00,0.015295833
2019-08-14 04:00:00,0.015208483
2019-08-14 04:10:00,0.017845154
2019-08-14 04:20:00,0.01815191
2019-08-14 04:30:00,0.016004443
2019-08-14 04:40:00,0.015947104
2019-08-14 04:50:00,0.017590135
2019-08-14 05:00:00,0.017489254
2019-08-14 05:10:00,0.017056733
2019-08-14 05:20:00,0.015229821
2019-08-14 05:30:00,0.01834926
2019-08-14 05:40:00,0.016351521
2019-08-14 05:50:00,0.017116457
2019-08-14 06:00:00,0.015185833
2019-08-14 06:10:00,0.019449651
2019-08-14 06:20:00,0.016338497
2019-08-14 06:30:00,0.018903404
2019-08-14 06:40:00,0.015614659
2019-08-14 06:50:00,0.021027237
2019-08-14 07:00:00,0.0156237185
2019-08-14 07:10:00,0.018470436
2019-08-14 07:20:00,0.014029443
2019-08-14 07:30:00,0.017772198
2019-08-14 07:40:00,0.014427274
2019-08-14 07:50:00,0.015588224
2019-08-14 08:00:00,0.013817608
2019-08-14 08:10:00,0.017307252
2019-08-14 08:20:00,0.0128178
2019-08-14 08:30:00,0.016045779
2019-08-14 08:40:00,0.011857063
2019-08-14 08:50:00,0.0176934
2019-08-14 09:00:00,0.011695147
2019-08-14 09:10:00,0.016251326
2019-08-14 09:20:00,0.011362731
2019-08-14 09:30:00,0.01636976
2019-08-14 09:40:00,0.011987895
2019-08-14 09:50:00,0.015111655
2019-08-14 10:00:00,0.011913508
2019-08-14 10:10:00,0.01639399
2019-08-14 10:20:00,0.012356013
2019-08-14 10:30:00,0.015815556
2019-08-14 10:40:00,0.011823475
2019-08-14 10:50:00,0.017538965
2019-08-14 11:00:00,0.012108594
2019-08-14 11:10:00,0.014941752
2019-08-14 11:20:00,0.012471378
2019-08-14 11:30:00,0.015667558
2019-08-14 11:40:00,0.012149245
2019-08-14 11:50:00,0.014597267
2019-08-14 12:00:00,0.010769814
2019-08-14 12:10:00,0.016489863
2019-08-14 12:20:00,0.010998189
2019-08-14 12:30:00,0.014532357
2019-08-14 12:40:00,0.013240665
2019-08-14 12:50:00,0.017744303
2019-08-14 13:00:00,0.011804283
2019-08-14 13:10:00,0.0148126185
2019-08-14 13:20:00,0.011975259
2019-08-14 13:30:00,0.01576072
2019-08-14 13:40:00,0.011152089
2019-08-14 13:50:00,0.014032096
2019-08-14 14:00:00,0.011738569
2019-08-14 14:10:00,0.016946197
2019-08-14 14:20:00,0.011408865
2019-08-14 14:30:00,0.015040398
2019-08-14 14:40:00,0.011219144
2019-08-14 14:50:00,0.01715663
2019-08-14 15:00:00,0.011428297
2019-08-14 15:10:00,0.015827417
2019-08-14 15:20:00,0.0119569
2019-08-14 15:30:00,0.016891718
2019-08-14 15:40:00,0.011907399
2019-08-14 15:50:00,0.015828282
2019-08-14 16:00:00,0.013025135
2019-08-14 16:10:00,0.018831015
2019-08-14 16:20:00,0.011870623
2019-08-14 16:30:00,0.017633498
2019-08-14 16:40:00,0.01254186
2019-08-14 16:50:00,0.019680083
2019-08-14 17:00:00,0.01221174
2019-08-14 17:10:00,0.018335283
2019-08-14 17:20:00,0.012514204
2019-08-14 17:30:00,0.019588768
2019-08-14 17:40:00,0.012350857
2019-08-14 17:50:00,0.018877894
2019-08-14 18:00:00,0.0132344365
2019-08-14 18:10:00,0.02199155
2019-08-14 18:20:00,0.012636751
2019-08-14 18:30:00,0.019822955
2019-08-14 18:40:00,0.01304093
2019-08-14 18:50:00,0.021971405
2019-08-14 19:00:00,0.012940079
2019-08-14 19:10:00,0.019823015
2019-08-14 19:20:00,0.012883395
2019-08-14 19:30:00,0.025186181
2019-08-14 19:40:00,0.014019161
2019-08-14 19:50:00,0.026406586
2019-08-14 20:00:00,0.014111698
2019-08-14 20:20:00,0.027289331
2019-08-14 20:30:00,0.01311475
2019-08-14 20:40:00,0.027071476
2019-08-14 20:50:00,0.013944536
2019-08-14 21:00:00,0.027650654
2019-08-14 21:10:00,0.013732612
2019-08-14 21:20:00,0.026944846
2019-08-14 21:30:00,0.014327168
2019-08-14 21:40:00,0.028981745
2019-08-14 21:50:00,0.014503568
2019-08-14 22:00:00,0.029438525
2019-08-14 22:10:00,0.014140338
2019-08-14 22:20:00,0.03283915
2019-08-14 22:30:00,0.0136273205
2019-08-14 22:40:00,0.028262794
2019-08-14 22:50:00,0.01350686
2019-08-14 23:00:00,0.028085053
2019-08-14 23:10:00,0.013223231
2019-08-14 23:20:00,0.032464832
2019-08-14 23:30:00,0.015029371
2019-08-14 23:40:00,0.033182293
2019-08-14 23:50:00,0.015055656
2019-08-15 00:00:00,0.032980204
2019-08-15 00:10:00,0.015064001
2019-08-15 00:20:00,0.03366518
2019-08-15 00:30:00,0.014615327
2019-08-15 00:40:00,0.033811033
2019-08-15 00:50:00,0.015368521
2019-08-15 01:00:00,0.03330478
2019-08-15 01:10:00,0.015114844
2019-08-15 01:20:00,0.03376624
2019-08-15 01:30:00,0.015407413
2019-08-15 01:40:00,0.034449518
2019-08-15 01:50:00,0.015762776
2019-08-15 02:00:00,0.036032557
2019-08-15 02:10:00,0.016293705
2019-08-15 02:20:00,0.033606887
2019-08-15 02:30:00,0.014897883
2019-08-15 02:40:00,0.034772843
2019-08-15 02:50:00,0.0145329535
2019-08-15 03:00:00,0.034319043
2019-08-15 03:10:00,0.0138884485
2019-08-15 03:20:00,0.035151392
2019-08-15 03:30:00,0.014295191
2019-08-15 03:40:00,0.0329839
2019-08-15 03:50:00,0.013063699
2019-08-15 04:00:00,0.033554524
2019-08-15 04:10:00,0.013858497
2019-08-15 04:20:00,0.035391808
2019-08-15 04:30:00,0.013810188
2019-08-15 04:40:00,0.035830885
2019-08-15 04:50:00,0.013939172
2019-08-15 05:00:00,0.034988284
2019-08-15 05:10:00,0.01385206
2019-08-15 05:20:00,0.033447593
2019-08-15 05:30:00,0.014106214
2019-08-15 05:40:00,0.034205765
2019-08-15 05:50:00,0.013868719
2019-08-15 06:00:00,0.03414008
2019-08-15 06:10:00,0.0138527155
2019-08-15 06:20:00,0.034185708
2019-08-15 06:30:00,0.013764948
2019-08-15 06:40:00,0.03390804
2019-08-15 06:50:00,0.013719261
2019-08-15 07:00:00,0.033421576
2019-08-15 07:10:00,0.013579905
2019-08-15 07:20:00,0.03219551
2019-08-15 07:30:00,0.013595998
2019-08-15 07:40:00,0.033338815
2019-08-15 07:50:00,0.0144865215
2019-08-15 08:00:00,0.035690784
2019-08-15 08:10:00,0.014250219
2019-08-15 08:20:00,0.033231497
2019-08-15 08:30:00,0.014180452
2019-08-15 08:40:00,0.032812625
2019-08-15 08:50:00,0.01483047
2019-08-15 09:00:00,0.031708956
2019-08-15 09:10:00,0.014319181
2019-08-15 09:20:00,0.031354874
2019-08-15 09:30:00,0.014618516
2019-08-15 09:40:00,0.032071084
2019-08-15 09:50:00,0.013913929
2019-08-15 10:00:00,0.032173336
2019-08-15 10:10:00,0.014436752
2019-08-15 10:20:00,0.032838702
2019-08-15 10:30:00,0.014597893
2019-08-15 10:40:00,0.03398189
2019-08-15 10:50:00,0.015476793
2019-08-15 11:00:00,0.035813153
2019-08-15 11:10:00,0.015444756
2019-08-15 11:20:00,0.033499688
2019-08-15 11:30:00,0.015056372
2019-08-15 11:40:00,0.036024213
2019-08-15 11:50:00,0.015490383
2019-08-15 12:00:00,0.037177086
2019-08-15 12:10:00,0.017629921
2019-08-15 12:40:00,0.038272083
2019-08-15 12:50:00,0.018083125
2019-08-15 13:00:00,0.039066285
2019-08-15 13:10:00,0.019105762
2019-08-15 13:20:00,0.039180994
2019-08-15 13:30:00,0.019100577
2019-08-15 13:40:00,0.039305657
2019-08-15 13:50:00,0.020157069
2019-08-15 14:00:00,0.040183127
2019-08-15 14:10:00,0.02233243
2019-08-15 14:20:00,0.041838586
2019-08-15 14:30:00,0.022365242
2019-08-15 14:40:00,0.041687787
2019-08-15 14:50:00,0.02543974
2019-08-15 15:00:00,0.044502497
2019-08-15 15:10:00,0.026419878
2019-08-15 15:20:00,0.04568523
2019-08-15 15:30:00,0.02632457
2019-08-15 15:40:00,0.05031532
2019-08-15 15:50:00,0.02917394
2019-08-15 16:00:00,0.052266866
2019-08-15 16:10:00,0.029285252
2019-08-15 16:20:00,0.05118206
2019-08-15 16:30:00,0.031939775
2019-08-15 16:40:00,0.048713654
2019-08-15 16:50:00,0.031996995
2019-08-15 17:00:00,0.049189925
2019-08-15 17:10:00,0.029576182
2019-08-15 17:20:00,0.047514945
2019-08-15 17:30:00,0.031110704
2019-08-15 17:40:00,0.04818833
2019-08-15 17:50:00,0.027241498
2019-08-15 18:00:00,0.0470922
2019-08-15 18:10:00,0.027341008
2019-08-15 18:20:00,0.047901392
2019-08-15 18:30:00,0.026945114
2019-08-15 18:40:00,0.047011584
2019-08-15 18:50:00,0.027192146
2019-08-15 19:00:00,0.048014253
2019-08-15 19:10:00,0.027785689
2019-08-15 19:20:00,0.048560858
2019-08-15 19:30:00,0.028249413
2019-08-15 19:40:00,0.048959076
2019-08-15 19:50:00,0.027517527
2019-08-15 20:00:00,0.04805118
2019-08-15 20:10:00,0.027637452
2019-08-15 20:20:00,0.048524052
2019-08-15 20:30:00,0.027516276
2019-08-15 20:40:00,0.047700137
2019-08-15 20:50:00,0.027403206
2019-08-15 21:00:00,0.048177212
2019-08-15 21:10:00,0.026583582
2019-08-15 21:20:00,0.048167676
2019-08-15 21:30:00,0.02780971
2019-08-15 21:40:00,0.04958695
2019-08-15 21:50:00,0.024903566
2019-08-15 22:00:00,0.0460687
2019-08-15 22:10:00,0.026408166
2019-08-15 22:20:00,0.045662522
2019-08-15 22:30:00,0.027777284
2019-08-15 22:40:00,0.05001408
2019-08-15 22:50:00,0.026845068
2019-08-15 23:00:00,0.046663105
2019-08-15 23:10:00,0.026947945
2019-08-15 23:20:00,0.04871264
2019-08-15 23:30:00,0.027175456
2019-08-15 23:40:00,0.048703074
2019-08-15 23:50:00,0.026431292
2019-08-16 00:00:00,0.04876581
2019-08-16 00:10:00,0.027080387
2019-08-16 00:20:00,0.049238056
2019-08-16 00:30:00,0.02754721
2019-08-16 00:40:00,0.048961967
2019-08-16 00:50:00,0.026809007
2019-08-16 01:00:00,0.047707915
2019-08-16 01:10:00,0.027558923
2019-08-16 01:20:00,0.04934764
2019-08-16 01:30:00,0.027725637
2019-08-16 01:40:00,0.0471645
2019-08-16 01:50:00,0.027371824
2019-08-16 02:00:00,0.047463298
2019-08-16 02:10:00,0.026997238
2019-08-16 02:20:00,0.04621184
2019-08-16 02:30:00,0.027771682
2019-08-16 02:40:00,0.048558623
2019-08-16 02:50:00,0.028717548
2019-08-16 03:00:00,0.047568887
2019-08-16 03:10:00,0.028463542
2019-08-16 03:20:00,0.048742115
2019-08-16 03:30:00,0.02968055
2019-08-16 03:40:00,0.048646778
2019-08-16 03:50:00,0.029069811
2019-08-16 04:00:00,0.04862219
2019-08-16 04:10:00,0.02955547
2019-08-16 04:20:00,0.047317326
2019-08-16 04:30:00,0.029616237
2019-08-16 04:40:00,0.047359228
2019-08-16 04:50:00,0.030430228
2019-08-16 05:00:00,0.046699405
2019-08-16 05:10:00,0.026715249
2019-08-16 05:20:00,0.04562956
2019-08-16 05:30:00,0.027908325
2019-08-16 05:40:00,0.04554692
2019-08-16 05:50:00,0.027468026
2019-08-16 06:00:00,0.048024297
2019-08-16 06:10:00,0.02794063
2019-08-16 06:20:00,0.05054021
2019-08-16 06:30:00,0.03061986
2019-08-16 06:40:00,0.052608132
2019-08-16 06:50:00,0.03403434
2019-08-16 07:00:00,0.051858753
2019-08-16 07:10:00,0.031513453
2019-08-16 07:20:00,0.051600367
2019-08-16 07:30:00,0.03226477
2019-08-16 07:40:00,0.05312136
2019-08-16 07:50:00,0.031940818
2019-08-16 08:00:00,0.05332139
2019-08-16 08:10:00,0.032937467
2019-08-16 08:20:00,0.052589208
2019-08-16 08:30:00,0.031212628
2019-08-16 08:40:00,0.054538578
2019-08-16 08:50:00,0.032716215
2019-08-16 09:00:00,0.051871657
2019-08-16 09:10:00,0.031343102
2019-08-16 09:20:00,0.053007036
2019-08-16 09:30:00,0.032244354
2019-08-16 09:40:00,0.050996423
2019-08-16 09:50:00,0.031458735
2019-08-16 10:00:00,0.05119446
2019-08-16 10:10:00,0.03390646
2019-08-16 10:20:00,0.051825345
2019-08-16 10:30:00,0.03302604
2019-08-16 10:40:00,0.050332546
2019-08-16 10:50:00,0.034751624
2019-08-16 11:00:00,0.050840735
2019-08-16 11:10:00,0.03411284
2019-08-16 11:20:00,0.048146784
2019-08-16 11:30:00,0.03568679
2019-08-16 11:40:00,0.048367232
2019-08-16 11:50:00,0.03659436
2019-08-16 12:00:00,0.048745036
2019-08-16 12:10:00,0.03779787
2019-08-16 12:20:00,0.04813841
2019-08-16 12:30:00,0.038091213
2019-08-16 12:40:00,0.04861334
2019-08-16 12:50:00,0.0381487
2019-08-16 13:00:00,0.049098015
2019-08-16 13:10:00,0.03592202
2019-08-16 13:20:00,0.0485954
2019-08-16 13:30:00,0.036768883
2019-08-16 13:40:00,0.04791972
2019-08-16 13:50:00,0.034112185
2019-08-16 14:00:00,0.049302965
2019-08-16 14:10:00,0.0376994
2019-08-16 14:20:00,0.052049577
2019-08-16 14:30:00,0.03653148
2019-08-16 14:40:00,0.051312447
2019-08-16 14:50:00,0.03674367
2019-08-16 15:00:00,0.05156675
2019-08-16 15:10:00,0.03593859
2019-08-16 15:20:00,0.05441308
2019-08-16 15:30:00,0.037537277
2019-08-16 15:40:00,0.054791212
2019-08-16 15:50:00,0.037858635
2019-08-16 16:00:00,0.053286582
2019-08-16 16:10:00,0.040437102
2019-08-16 16:20:00,0.054536134
2019-08-16 16:30:00,0.03876865
2019-08-16 16:40:00,0.050007492
2019-08-16 16:50:00,0.038612157
2019-08-16 17:00:00,0.04973516
2019-08-16 17:10:00,0.037976533
2019-08-16 17:20:00,0.046793878
2019-08-16 17:30:00,0.03661284
2019-08-16 17:40:00,0.0451093
2019-08-16 17:50:00,0.03508696
2019-08-16 18:00:00,0.044115394
2019-08-16 18:10:00,0.03612408
2019-08-16 18:20:00,0.041930854
2019-08-16 18:30:00,0.035628617
2019-08-16 18:40:00,0.040243894
2019-08-16 18:50:00,0.035669
2019-08-16 19:00:00,0.03715363
2019-08-16 19:10:00,0.03387776
2019-08-16 19:20:00,0.03409028
2019-08-16 19:30:00,0.033068836
2019-08-16 19:40:00,0.03453079
2019-08-16 19:50:00,0.03043276
2019-08-16 20:00:00,0.032162756
2019-08-16 20:10:00,0.029683411
2019-08-16 20:20:00,0.033513248
2019-08-16 20:30:00,0.028911501
2019-08-16 20:40:00,0.032105476
2019-08-16 20:50:00,0.028201967
2019-08-16 21:00:00,0.032212198
2019-08-16 21:10:00,0.030262977
2019-08-16 21:20:00,0.030353427
2019-08-16 21:30:00,0.028959662
2019-08-16 21:40:00,0.03216356
2019-08-16 21:50:00,0.02819094
2019-08-16 22:00:00,0.02886787
2019-08-16 22:10:00,0.026936859
2019-08-16 22:20:00,0.03045389
2019-08-16 22:30:00,0.02598399
2019-08-16 22:40:00,0.02800554
2019-08-16 22:50:00,0.024611354
2019-08-16 23:00:00,0.029312342
2019-08-16 23:10:00,0.02638191
2019-08-16 23:20:00,0.028622478
2019-08-16 23:30:00,0.025049001
2019-08-16 23:40:00,0.03152761
2019-08-16 23:50:00,0.026859313
2019-08-17 00:00:00,0.030359477
2019-08-17 00:10:00,0.02467677
2019-08-17 00:20:00,0.025230438
2019-08-17 00:30:00,0.025705129
2019-08-17 00:40:00,0.02094999
2019-08-17 00:50:00,0.024595886
2019-08-17 01:00:00,0.0169141
2019-08-17 01:10:00,0.023897827
2019-08-17 01:20:00,0.014551729
2019-08-17 01:30:00,0.022459328
2019-08-17 01:40:00,0.015398383
2019-08-17 01:50:00,0.021394372
2019-08-17 02:00:00,0.013944149
2019-08-17 02:10:00,0.01993674
2019-08-17 02:20:00,0.013969719
2019-08-17 02:30:00,0.01950413
2019-08-17 02:40:00,0.011947155
2019-08-17 02:50:00,0.017010748
2019-08-17 03:00:00,0.011900365
2019-08-17 03:10:00,0.016697407
2019-08-17 03:20:00,0.010613263
2019-08-17 03:30:00,0.015402317
2019-08-17 03:40:00,0.011127025
2019-08-17 03:50:00,0.016440243
2019-08-17 04:00:00,0.010453165
2019-08-17 04:10:00,0.015353948
2019-08-17 04:20:00,0.010719568
2019-08-17 04:30:00,0.0152745545
2019-08-17 04:40:00,0.009307593
2019-08-17 04:50:00,0.0143588185
2019-08-17 05:00:00,0.009640455
2019-08-17 05:10:00,0.014541388
2019-08-17 05:20:00,0.008874178
2019-08-17 05:30:00,0.0131032765
2019-08-17 05:40:00,0.00975579
2019-08-17 05:50:00,0.015417367
2019-08-17 06:00:00,0.009093642
2019-08-17 06:10:00,0.013683081
2019-08-17 06:20:00,0.009485304
2019-08-17 06:30:00,0.0155929625
2019-08-17 06:40:00,0.008449018
2019-08-17 06:50:00,0.014125854
2019-08-17 07:00:00,0.0086603165
2019-08-17 07:10:00,0.015209228
2019-08-17 07:20:00,0.00808534
2019-08-17 07:30:00,0.013669968
2019-08-17 07:40:00,0.008535862
2019-08-17 07:50:00,0.014464676
2019-08-17 08:00:00,0.007791519
2019-08-17 08:10:00,0.013082236
2019-08-17 08:20:00,0.008195728
2019-08-17 08:30:00,0.01468426
2019-08-17 08:40:00,0.0075860918
2019-08-17 08:50:00,0.012983054
2019-08-17 09:00:00,0.0078117847
2019-08-17 09:10:00,0.014942974
2019-08-17 09:20:00,0.0076910555
2019-08-17 09:30:00,0.01435706
2019-08-17 09:40:00,0.008232683
2019-08-17 09:50:00,0.016352236
2019-08-17 10:00:00,0.007820994
2019-08-17 10:10:00,0.015450954
2019-08-17 10:20:00,0.0084373355
2019-08-17 10:30:00,0.01780054
2019-08-17 10:40:00,0.008111864
2019-08-17 10:50:00,0.016763568
2019-08-17 11:00:00,0.008783102
2019-08-17 11:10:00,0.018037587
2019-08-17 11:20:00,0.0077881515
2019-08-17 11:30:00,0.015798777
2019-08-17 11:40:00,0.008414894
2019-08-17 11:50:00,0.01840645
2019-08-17 12:00:00,0.007907659
2019-08-17 12:10:00,0.01762551
2019-08-17 12:20:00,0.008604795
2019-08-17 12:30:00,0.019630432
2019-08-17 12:40:00,0.0077569485
2019-08-17 12:50:00,0.017659128
2019-08-17 13:00:00,0.009014845
2019-08-17 13:10:00,0.02009949
2019-08-17 13:20:00,0.008894205
2019-08-17 13:30:00,0.01935348
2019-08-17 13:40:00,0.010199964
2019-08-17 13:50:00,0.022416621
2019-08-17 14:00:00,0.008905649
2019-08-17 14:10:00,0.01937908
2019-08-17 14:20:00,0.008991063
2019-08-17 14:30:00,0.021852583
2019-08-17 14:40:00,0.007653117
2019-08-17 14:50:00,0.017492801
2019-08-17 15:00:00,0.008553505
2019-08-17 15:10:00,0.019807607
2019-08-17 15:20:00,0.007796526
2019-08-17 15:30:00,0.017564446
2019-08-17 15:40:00,0.008723557
2019-08-17 15:50:00,0.02036637
2019-08-17 16:00:00,0.0074477196
2019-08-17 16:10:00,0.018790156
2019-08-17 16:20:00,0.00842604
2019-08-17 16:30:00,0.020607471
2019-08-17 16:40:00,0.007740885
2019-08-17 16:50:00,0.018714726
2019-08-17 17:00:00,0.009175003
2019-08-17 17:10:00,0.021732777
2019-08-17 17:20:00,0.008777559
2019-08-17 17:30:00,0.020402342
2019-08-17 17:40:00,0.009428799
2019-08-17 17:50:00,0.0230923
2019-08-17 18:00:00,0.009480357
2019-08-17 18:10:00,0.023060411
2019-08-17 18:20:00,0.010872602
2019-08-17 18:30:00,0.023934454
2019-08-17 18:40:00,0.010368377
2019-08-17 18:50:00,0.02350679
2019-08-17 19:00:00,0.012077451
2019-08-17 19:10:00,0.025064498
2019-08-17 19:20:00,0.011367172
2019-08-17 19:30:00,0.023412198
2019-08-17 19:40:00,0.012287229
2019-08-17 19:50:00,0.023834258
2019-08-17 20:00:00,0.0110940635
2019-08-17 20:10:00,0.02212724
2019-08-17 20:20:00,0.012236178
2019-08-17 20:30:00,0.025208801
2019-08-17 20:40:00,0.0117584765
2019-08-17 20:50:00,0.024455458
2019-08-17 21:00:00,0.012675822
2019-08-17 21:10:00,0.02698353
2019-08-17 21:20:00,0.011920482
2019-08-17 21:30:00,0.025937617
2019-08-17 21:40:00,0.012373
2019-08-17 21:50:00,0.027323723
2019-08-17 22:00:00,0.012002468
2019-08-17 22:10:00,0.026367217
2019-08-17 22:20:00,0.012433469
2019-08-17 22:30:00,0.026824862
2019-08-17 22:40:00,0.012164384
2019-08-17 22:50:00,0.026504904
2019-08-17 23:00:00,0.01296097
2019-08-17 23:10:00,0.029671997
2019-08-17 23:20:00,0.01387912
2019-08-17 23:30:00,0.02933991
2019-08-17 23:40:00,0.013895303
2019-08-17 23:50:00,0.031601608
2019-08-18 00:00:00,0.012366086
2019-08-18 00:10:00,0.028961092
2019-08-18 00:20:00,0.012411267
2019-08-18 00:30:00,0.029670298
2019-08-18 00:40:00,0.013617277
2019-08-18 00:50:00,0.029192507
2019-08-18 01:00:00,0.015064448
2019-08-18 01:10:00,0.03140384
2019-08-18 01:20:00,0.016538888
2019-08-18 01:30:00,0.032489628
2019-08-18 01:40:00,0.016857535
2019-08-18 01:50:00,0.033065736
2019-08-18 02:00:00,0.018042773
2019-08-18 02:10:00,0.032496363
2019-08-18 02:20:00,0.017356753
2019-08-18 02:30:00,0.036557704
2019-08-18 02:40:00,0.017870724
2019-08-18 02:50:00,0.038662255
2019-08-18 03:00:00,0.017701328
2019-08-18 03:10:00,0.039540112
2019-08-18 03:20:00,0.015299261
2019-08-18 03:30:00,0.03909886
2019-08-18 03:40:00,0.013971955
2019-08-18 03:50:00,0.03578967
2019-08-18 04:00:00,0.013722777
2019-08-18 04:10:00,0.036343575
2019-08-18 04:20:00,0.013610154
2019-08-18 04:30:00,0.038128346
2019-08-18 04:40:00,0.014425218
2019-08-18 04:50:00,0.03660825
2019-08-18 05:00:00,0.014748484
2019-08-18 05:10:00,0.037365437
2019-08-18 05:20:00,0.014584899
2019-08-18 05:30:00,0.03650877
2019-08-18 05:40:00,0.013902217
2019-08-18 05:50:00,0.038089126
2019-08-18 06:00:00,0.014419198
2019-08-18 06:10:00,0.03897652
2019-08-18 06:20:00,0.01478833
2019-08-18 06:30:00,0.039357454
2019-08-18 06:40:00,0.015461862
2019-08-18 06:50:00,0.04099998
2019-08-18 07:00:00,0.014996171
2019-08-18 07:10:00,0.043319434
2019-08-18 07:20:00,0.016014129
2019-08-18 07:30:00,0.04428813
2019-08-18 07:40:00,0.017462939
2019-08-18 07:50:00,0.048377246
2019-08-18 08:00:00,0.016772777
2019-08-18 08:10:00,0.048186988
2019-08-18 08:20:00,0.0161708
2019-08-18 08:30:00,0.05115372
2019-08-18 08:40:00,0.017609924
2019-08-18 08:50:00,0.053836584
2019-08-18 09:00:00,0.018156081
2019-08-18 09:10:00,0.055859923
2019-08-18 09:20:00,0.0148408115
2019-08-18 09:30:00,0.056893915
2019-08-18 09:40:00,0.018459111
2019-08-18 09:50:00,0.06251457
2019-08-18 10:00:00,0.018717498
2019-08-18 10:10:00,0.06222084
2019-08-18 10:20:00,0.016952723
2019-08-18 10:30:00,0.064510226
2019-08-18 10:40:00,0.0180431
2019-08-18 10:50:00,0.06193763
2019-08-18 11:00:00,0.017250389
2019-08-18 11:10:00,0.06595519
2019-08-18 11:20:00,0.01855725
2019-08-18 11:30:00,0.0746305
2019-08-18 11:40:00,0.015622288
2019-08-18 11:50:00,0.06840432
2019-08-18 12:00:00,0.014756262
2019-08-18 12:10:00,0.06729257
2019-08-18 12:20:00,0.013796836
2019-08-18 12:30:00,0.06870714
2019-08-18 12:40:00,0.01416862
2019-08-18 12:50:00,0.068798125
2019-08-18 13:00:00,0.01242882
2019-08-18 13:10:00,0.0611113
2019-08-18 13:20:00,0.0122535825
2019-08-18 13:30:00,0.06357911
2019-08-18 13:40:00,0.0111272335
2019-08-18 13:50:00,0.06233269
2019-08-18 14:00:00,0.011223584
2019-08-18 14:10:00,0.06318915
2019-08-18 14:20:00,0.011627078
2019-08-18 14:30:00,0.06345776
2019-08-18 14:40:00,0.012069672
2019-08-18 14:50:00,0.06645939
2019-08-18 15:00:00,0.011861175
2019-08-18 15:10:00,0.0638333
2019-08-18 15:20:00,0.012111396
2019-08-18 15:30:00,0.06763655
2019-08-18 15:40:00,0.0114809275
2019-08-18 15:50:00,0.0634602
2019-08-18 16:00:00,0.011395365
2019-08-18 16:10:00,0.06066677
2019-08-18 16:20:00,0.010430604
2019-08-18 16:30:00,0.06118527
2019-08-18 16:40:00,0.011018783
2019-08-18 16:50:00,0.062597185
2019-08-18 17:00:00,0.010036677
2019-08-18 17:10:00,0.06013307
2019-08-18 17:20:00,0.01027143
2019-08-18 17:30:00,0.058006525
2019-08-18 17:40:00,0.010065615
2019-08-18 17:50:00,0.05695328
2019-08-18 18:00:00,0.009489447
2019-08-18 18:10:00,0.055918634
2019-08-18 18:20:00,0.008709639
2019-08-18 18:30:00,0.054208666
2019-08-18 18:40:00,0.008906513
2019-08-18 18:50:00,0.054913998
2019-08-18 19:00:00,0.008538574
2019-08-18 19:10:00,0.056447297
2019-08-18 19:20:00,0.008906841
2019-08-18 19:30:00,0.054990947
2019-08-18 19:40:00,0.008550167
2019-08-18 19:50:00,0.058844954
2019-08-18 20:00:00,0.00931403
2019-08-18 20:10:00,0.057806373
2019-08-18 20:20:00,0.009351969
2019-08-18 20:30:00,0.05845213
2019-08-18 20:40:00,0.00911662
2019-08-18 20:50:00,0.06169367
2019-08-18 21:00:00,0.008961409
2019-08-18 21:10:00,0.05520335
2019-08-18 21:20:00,0.009106964
2019-08-18 21:30:00,0.054829895
2019-08-18 21:40:00,0.008698642
2019-08-18 21:50:00,0.05602789
2019-08-18 22:00:00,0.009492874
2019-08-18 22:10:00,0.05643606
2019-08-18 22:20:00,0.009455889
2019-08-18 22:30:00,0.067341655
2019-08-18 22:40:00,0.010456771
2019-08-18 22:50:00,0.061356634
2019-08-18 23:00:00,0.011489779
2019-08-18 23:10:00,0.06416455
2019-08-18 23:20:00,0.011039227
2019-08-18 23:30:00,0.05636838
2019-08-18 23:40:00,0.010945469
2019-08-18 23:50:00,0.060816944
2019-08-19 00:00:00,0.011107892
2019-08-19 00:10:00,0.057365656
2019-08-19 00:20:00,0.011340678
2019-08-19 00:30:00,0.060173422
2019-08-19 00:40:00,0.010979414
2019-08-19 00:50:00,0.05561313
2019-08-19 01:00:00,0.010870814
2019-08-19 01:10:00,0.060809135
2019-08-19 01:20:00,0.01013732
2019-08-19 01:30:00,0.05522895
2019-08-19 01:40:00,0.010197729
2019-08-19 01:50:00,0.059328526
2019-08-19 02:00:00,0.010213286
2019-08-19 02:10:00,0.056493133
2019-08-19 02:20:00,0.010447741
2019-08-19 02:30:00,0.059422374
2019-08-19 02:40:00,0.010682195
2019-08-19 02:50:00,0.052658558
2019-08-19 03:00:00,0.01040265
2019-08-19 03:10:00,0.056729764
2019-08-19 03:20:00,0.011464506
2019-08-19 03:30:00,0.054286957
2019-08-19 03:40:00,0.010977328
2019-08-19 03:50:00,0.057057112
2019-08-19 04:00:00,0.011939943
2019-08-19 04:10:00,0.05494979
2019-08-19 04:20:00,0.011205405
2019-08-19 04:30:00,0.059404314
2019-08-19 04:40:00,0.011571944
2019-08-19 04:50:00,0.058951586
2019-08-19 05:00:00,0.012694567
2019-08-19 05:10:00,0.06268594
2019-08-19 05:20:00,0.012230217
2019-08-19 05:30:00,0.060141206
2019-08-19 05:40:00,0.012088746
2019-08-19 05:50:00,0.058544964
2019-08-19 06:00:00,0.0120898485
2019-08-19 06:10:00,0.05726993
2019-08-19 06:20:00,0.012112021
2019-08-19 06:30:00,0.05567324
2019-08-19 06:40:00,0.012857348
2019-08-19 06:50:00,0.052928507
2019-08-19 07:00:00,0.012375712
2019-08-19 07:10:00,0.05066505
2019-08-19 07:20:00,0.0130138695
2019-08-19 07:30:00,0.050623536
2019-08-19 07:40:00,0.013141692
2019-08-19 07:50:00,0.05098018
2019-08-19 08:00:00,0.014407694
2019-08-19 08:10:00,0.053186595
2019-08-19 08:20:00,0.016488016
2019-08-19 08:30:00,0.056204557
2019-08-19 08:40:00,0.016298264
2019-08-19 08:50:00,0.055810034
2019-08-19 09:00:00,0.016305745
2019-08-19 09:10:00,0.057121396
2019-08-19 09:20:00,0.017523676
2019-08-19 09:30:00,0.056325972
2019-08-19 09:40:00,0.017801613
2019-08-19 09:50:00,0.057623178
2019-08-19 10:00:00,0.020628154
2019-08-19 10:10:00,0.06408119
2019-08-19 10:20:00,0.02472657
2019-08-19 10:30:00,0.06278369
2019-08-19 10:40:00,0.026011169
2019-08-19 10:50:00,0.06266031
2019-08-19 11:00:00,0.027324528
2019-08-19 11:10:00,0.066640526
2019-08-19 11:20:00,0.028491467
2019-08-19 11:30:00,0.06668332
2019-08-19 11:40:00,0.028878927
2019-08-19 11:50:00,0.06528178
2019-08-19 12:00:00,0.028434932
2019-08-19 12:10:00,0.06769851
2019-08-19 12:20:00,0.02965486
2019-08-19 12:30:00,0.067748934
2019-08-19 12:40:00,0.029477745
2019-08-19 12:50:00,0.06545234
2019-08-19 13:00:00,0.02959171
2019-08-19 13:10:00,0.066735625
2019-08-19 13:20:00,0.028493136
2019-08-19 13:30:00,0.06584799
2019-08-19 13:40:00,0.029234111
2019-08-19 13:50:00,0.064923555
2019-08-19 14:00:00,0.02886808
2019-08-19 14:10:00,0.067379326
2019-08-19 14:20:00,0.030844957
2019-08-19 14:30:00,0.065605104
2019-08-19 14:40:00,0.029704928
2019-08-19 14:50:00,0.06349978
2019-08-19 15:00:00,0.030341983
2019-08-19 15:10:00,0.06749073
2019-08-19 15:20:00,0.03167513
2019-08-19 15:30:00,0.06683856
2019-08-19 15:40:00,0.032696456
2019-08-19 15:50:00,0.06805515
2019-08-19 16:00:00,0.03325826
2019-08-19 16:10:00,0.06609729
2019-08-19 16:20:00,0.033880025
2019-08-19 16:30:00,0.06838015
2019-08-19 16:40:00,0.03310877
2019-08-19 16:50:00,0.064866066
2019-08-19 17:00:00,0.03377101
2019-08-19 17:10:00,0.06435624
2019-08-19 17:20:00,0.03249693
2019-08-19 17:30:00,0.062761605
2019-08-19 17:40:00,0.033100337
2019-08-19 17:50:00,0.0642623
2019-08-19 18:00:00,0.03413549
2019-08-19 18:10:00,0.06629124
2019-08-19 18:20:00,0.0355587
2019-08-19 18:30:00,0.06927827
2019-08-19 18:40:00,0.037373662
2019-08-19 18:50:00,0.0725722
2019-08-19 19:00:00,0.039684832
2019-08-19 19:10:00,0.07632083
2019-08-19 19:20:00,0.0422996
2019-08-19 19:30:00,0.08216688
2019-08-19 19:40:00,0.04340589
2019-08-19 19:50:00,0.080914706
2019-08-19 20:00:00,0.04235795
2019-08-19 20:10:00,0.08470309
2019-08-19 20:20:00,0.044736385
2019-08-19 20:30:00,0.08664727
2019-08-19 20:40:00,0.044492334
2019-08-19 20:50:00,0.089114904
2019-08-19 21:00:00,0.048114777
2019-08-19 21:10:00,0.08585304
2019-08-19 21:20:00,0.047481656
2019-08-19 21:30:00,0.090544075
2019-08-19 21:40:00,0.05012065
2019-08-19 21:50:00,0.09029025
2019-08-19 22:00:00,0.04900512
2019-08-19 22:10:00,0.09393424
2019-08-19 22:20:00,0.052759916
2019-08-19 22:30:00,0.09575507
2019-08-19 22:40:00,0.05223024
2019-08-19 22:50:00,0.097890675
2019-08-19 23:00:00,0.056124777
2019-08-19 23:10:00,0.10283899
2019-08-19 23:20:00,0.055386007
2019-08-19 23:30:00,0.10826278
2019-08-19 23:40:00,0.061623305
2019-08-19 23:50:00,0.11008343
2019-08-20 00:00:00,0.060304046
2019-08-20 00:10:00,0.1127139
2019-08-20 00:20:00,0.06637111
2019-08-20 00:30:00,0.10966766
2019-08-20 00:40:00,0.06724772
2019-08-20 00:50:00,0.09368178
2019-08-20 01:00:00,0.06774789
2019-08-20 01:10:00,0.092467785
2019-08-20 01:20:00,0.061723083
2019-08-20 01:30:00,0.08270326
2019-08-20 01:40:00,0.06580496
2019-08-20 01:50:00,0.07866809
2019-08-20 02:00:00,0.057281077
2019-08-20 02:10:00,0.08141288
2019-08-20 02:20:00,0.06191361
2019-08-20 02:30:00,0.08316314
2019-08-20 02:40:00,0.056655467
2019-08-20 02:50:00,0.08099267
2019-08-20 03:00:00,0.05854276
2019-08-20 03:10:00,0.081965566
2019-08-20 03:20:00,0.05646655
2019-08-20 03:30:00,0.079355806
2019-08-20 03:40:00,0.060573667
2019-08-20 03:50:00,0.078513056
2019-08-20 04:00:00,0.060947746
2019-08-20 04:10:00,0.07842642
2019-08-20 04:20:00,0.061237454
2019-08-20 04:30:00,0.07591513
2019-08-20 04:40:00,0.059241295
2019-08-20 04:50:00,0.07379618
2019-08-20 05:00:00,0.061027586
2019-08-20 05:10:00,0.07160565
2019-08-20 05:20:00,0.056970537
2019-08-20 05:30:00,0.07095736
2019-08-20 05:40:00,0.062199175
2019-08-20 05:50:00,0.072045
2019-08-20 06:00:00,0.05989349
2019-08-20 06:10:00,0.0701884
2019-08-20 06:20:00,0.06313568
2019-08-20 06:30:00,0.06846121
2019-08-20 06:40:00,0.06248653
2019-08-20 06:50:00,0.06557664
2019-08-20 07:00:00,0.060189098
2019-08-20 07:10:00,0.067546874
2019-08-20 07:20:00,0.059346914
2019-08-20 07:30:00,0.065414995
2019-08-20 07:40:00,0.06411466
2019-08-20 07:50:00,0.06471729
2019-08-20 08:00:00,0.057905406
2019-08-20 08:10:00,0.0583995
2019-08-20 08:20:00,0.0638082
2019-08-20 08:30:00,0.062196106
2019-08-20 08:40:00,0.059777826
2019-08-20 08:50:00,0.05853191
2019-08-20 09:00:00,0.061229914
2019-08-20 09:10:00,0.057800114
2019-08-20 09:20:00,0.056220144
2019-08-20 09:30:00,0.055223316
2019-08-20 09:40:00,0.059592903
2019-08-20 09:50:00,0.054396242
2019-08-20 10:00:00,0.05301079
2019-08-20 10:10:00,0.052310616
2019-08-20 10:20:00,0.056952387
2019-08-20 10:30:00,0.051196754
2019-08-20 10:40:00,0.052311838
2019-08-20 10:50:00,0.04915279
2019-08-20 11:00:00,0.054130644
2019-08-20 11:10:00,0.045211524
2019-08-20 11:20:00,0.04829189
2019-08-20 11:30:00,0.04305032
2019-08-20 11:40:00,0.048733562
2019-08-20 11:50:00,0.039615005
2019-08-20 12:00:00,0.04461065
2019-08-20 12:10:00,0.039358854
2019-08-20 12:20:00,0.05177644
2019-08-20 12:30:00,0.04089296
2019-08-20 12:40:00,0.043628156
2019-08-20 12:50:00,0.037658513
2019-08-20 13:00:00,0.03839606
2019-08-20 13:10:00,0.036955327
2019-08-20 13:20:00,0.03586796
2019-08-20 13:30:00,0.037494928
2019-08-20 13:40:00,0.032721847
2019-08-20 13:50:00,0.036068767
2019-08-20 14:00:00,0.029369116
2019-08-20 14:10:00,0.034481883
2019-08-20 14:20:00,0.030311495
2019-08-20 14:30:00,0.030747026
2019-08-20 14:40:00,0.030831307
2019-08-20 14:50:00,0.0312607
2019-08-20 15:00:00,0.02997157
2019-08-20 15:10:00,0.028104186
2019-08-20 15:20:00,0.02910608
2019-08-20 15:30:00,0.029469103
2019-08-20 15:40:00,0.028263867
2019-08-20 15:50:00,0.026921004
2019-08-20 16:00:00,0.026201308
2019-08-20 16:10:00,0.027287424
2019-08-20 16:20:00,0.025272965
2019-08-20 16:30:00,0.025175422
2019-08-20 16:40:00,0.024638921
2019-08-20 16:50:00,0.026067525
2019-08-20 17:00:00,0.02386102
2019-08-20 17:10:00,0.024350494
2019-08-20 17:20:00,0.024177253
2019-08-20 17:30:00,0.02406612
2019-08-20 17:40:00,0.02129668
2019-08-20 17:50:00,0.021992326
2019-08-20 18:00:00,0.01916045
2019-08-21 12:00:00,0.020384103
2019-08-21 12:10:00,0.01722011
2019-08-21 12:20:00,0.018128783
2019-08-21 12:30:00,0.016249895
2019-08-21 12:40:00,0.018431991
2019-08-21 12:50:00,0.013975978
2019-08-21 13:00:00,0.017320365
2019-08-21 13:10:00,0.014552683
2019-08-21 13:20:00,0.017958432
2019-08-21 13:30:00,0.014500052
2019-08-21 13:40:00,0.015682995
2019-08-21 13:50:00,0.014538199
2019-08-21 14:00:00,0.016404986
2019-08-21 14:10:00,0.012696177
2019-08-21 14:20:00,0.014543802
2019-08-21 14:30:00,0.011868924
2019-08-21 14:40:00,0.014149457
2019-08-21 14:50:00,0.009584457
2019-08-21 15:00:00,0.012276381
2019-08-21 15:10:00,0.009268522
2019-08-21 15:20:00,0.012529492
2019-08-21 15:30:00,0.008437872
2019-08-21 15:40:00,0.010882676
2019-08-21 15:50:00,0.0079447925
2019-08-21 16:00:00,0.010666668
2019-08-21 16:10:00,0.007387072
2019-08-21 16:20:00,0.009879798
2019-08-21 16:30:00,0.007699579
2019-08-21 16:40:00,0.011141449
2019-08-21 16:50:00,0.0076032877
2019-08-21 17:00:00,0.009475082
2019-08-21 17:10:00,0.0070219934
2019-08-21 17:20:00,0.011069149
2019-08-21 17:30:00,0.0067513585
2019-08-21 17:40:00,0.009366661
2019-08-21 17:50:00,0.0067836046
2019-08-21 18:00:00,0.010557771
2019-08-21 18:10:00,0.0060961545
2019-08-21 18:20:00,0.009607077
2019-08-21 18:30:00,0.006215304
2019-08-21 18:40:00,0.010264814
2019-08-21 18:50:00,0.0056357384
2019-08-21 19:00:00,0.009089202
2019-08-21 19:10:00,0.005854279
2019-08-21 19:20:00,0.010069847
2019-08-21 19:30:00,0.0053385794
2019-08-21 19:40:00,0.008900613
2019-08-21 19:50:00,0.0056494772
2019-08-21 20:00:00,0.009472698
2019-08-21 20:10:00,0.0047100782
2019-08-21 20:20:00,0.0082757175
2019-08-21 20:30:00,0.0052581728
2019-08-21 20:40:00,0.009280682
2019-08-21 20:50:00,0.004673958
2019-08-21 21:00:00,0.008345127
2019-08-21 21:10:00,0.004775107
2019-08-21 21:20:00,0.00927341
2019-08-21 21:30:00,0.004512459
2019-08-21 21:40:00,0.0083425045
2019-08-21 21:50:00,0.0046471655
2019-08-21 22:00:00,0.009281129
2019-08-21 22:10:00,0.0041388273
2019-08-21 22:20:00,0.007840306
2019-08-21 22:30:00,0.004103929
2019-08-21 22:40:00,0.0076722205
2019-08-21 22:50:00,0.0037346184
2019-08-21 23:00:00,0.0057241917
2019-08-21 23:10:00,0.0036385953
2019-08-21 23:20:00,0.0056320727
2019-08-21 23:30:00,0.003461361
2019-08-21 23:40:00,0.0050731897
2019-08-21 23:50:00,0.0036179721
2019-08-22 00:00:00,0.0046758354
2019-08-22 00:10:00,0.0031534731
2019-08-22 00:20:00,0.004643947
2019-08-22 00:30:00,0.003281027
2019-08-22 09:00:00,0.0046759546
2019-08-22 09:10:00,0.0034928024
2019-08-22 09:20:00,0.004582256
2019-08-22 09:30:00,0.0036403537
2019-08-22 10:00:00,0.004658997
2019-08-22 10:10:00,0.0033899248
2019-08-22 10:20:00,0.004904598
2019-08-22 10:50:00,0.0035594702
2019-08-22 11:00:00,0.005182445
2019-08-22 11:10:00,0.00364241
2019-08-22 11:20:00,0.0055931807
2019-08-22 11:30:00,0.003904432
2019-08-22 11:40:00,0.005330175
2019-08-22 11:50:00,0.0041494966
2019-08-22 12:00:00,0.0052047074
2019-08-22 12:10:00,0.0042876005
2019-08-22 12:20:00,0.005702883
2019-08-22 12:30:00,0.004480332
2019-08-22 12:40:00,0.0057299137
2019-08-22 12:50:00,0.004575819
2019-08-22 13:00:00,0.005794257
2019-08-22 13:10:00,0.0048814714
2019-08-22 13:20:00,0.006171882
2019-08-22 13:30:00,0.0050454736
2019-08-22 13:40:00,0.0054953992
2019-08-22 13:50:00,0.005012542
2019-08-22 14:00:00,0.004773587
2019-08-22 14:10:00,0.0049968064
2019-08-22 14:40:00,0.0043949783
2019-08-22 14:50:00,0.00510028
2019-08-22 15:00:00,0.0045540035
2019-08-22 15:10:00,0.0049992204
2019-08-22 15:20:00,0.0044204593
2019-08-22 15:30:00,0.0053227246
2019-08-22 15:40:00,0.0048520565
2019-08-22 15:50:00,0.0053648055
2019-08-22 16:00:00,0.0045149326
2019-08-22 16:10:00,0.00594458
2019-08-22 16:20:00,0.004688114
2019-08-22 16:30:00,0.0057397187
2019-08-22 16:40:00,0.004404098
2019-08-22 16:50:00,0.0058705807
2019-08-22 17:00:00,0.004633397
2019-08-22 17:10:00,0.0058184564
2019-08-22 17:20:00,0.004409522
2019-08-22 17:30:00,0.0059730113
2019-08-22 17:40:00,0.0047454536
2019-08-22 17:50:00,0.0056305826
2019-08-22 18:00:00,0.0043810904
2019-08-22 18:10:00,0.0067804754
2019-08-22 18:20:00,0.0048050582
2019-08-22 18:30:00,0.0066625774
2019-08-22 18:40:00,0.004465252
2019-08-22 18:50:00,0.006814033
2019-08-22 19:00:00,0.004855424
2019-08-22 19:10:00,0.0065618157
2019-08-22 19:20:00,0.0043733716
2019-08-22 19:30:00,0.0074968934
2019-08-22 19:40:00,0.0050922036
2019-08-22 19:50:00,0.007365167
2019-08-22 20:00:00,0.0045833886
2019-08-22 20:10:00,0.00851649
2019-08-22 20:20:00,0.0051594973
2019-08-22 20:30:00,0.008169144
2019-08-22 20:40:00,0.0048425496
2019-08-22 20:50:00,0.00905475
2019-08-22 21:00:00,0.005894929
2019-08-22 21:10:00,0.008945048
2019-08-22 21:20:00,0.0056334436
2019-08-22 21:30:00,0.010054886
2019-08-22 21:40:00,0.006390393
2019-08-22 21:50:00,0.010039538
2019-08-22 22:00:00,0.005891621
2019-08-22 22:10:00,0.012144774
2019-08-22 22:20:00,0.0067171454
2019-08-22 22:30:00,0.011839539
2019-08-22 22:40:00,0.0064794123
2019-08-22 22:50:00,0.014039725
2019-08-22 23:00:00,0.007903606
2019-08-22 23:10:00,0.013055354
2019-08-22 23:20:00,0.0072936416
2019-08-22 23:30:00,0.015654147
2019-08-22 23:40:00,0.008620203
2019-08-22 23:50:00,0.016658962
2019-08-23 00:00:00,0.007868558
2019-08-23 00:10:00,0.020412356
2019-08-23 00:20:00,0.009234071
2019-08-23 00:30:00,0.019480497
2019-08-23 00:40:00,0.008729637
2019-08-23 00:50:00,0.02192679
2019-08-23 01:00:00,0.010480911
2019-08-23 01:10:00,0.020669252
2019-08-23 01:20:00,0.009223461
2019-08-23 01:30:00,0.023279786
2019-08-23 01:40:00,0.010718346
2019-08-23 01:50:00,0.022581577
2019-08-23 02:00:00,0.00944972
2019-08-23 02:10:00,0.024230838
2019-08-23 02:20:00,0.012272298
2019-08-23 02:30:00,0.023191541
2019-08-23 02:40:00,0.010341853
2019-08-23 02:50:00,0.02355814
2019-08-23 03:00:00,0.012187004
2019-08-23 03:10:00,0.021250188
2019-08-23 03:20:00,0.010490686
2019-08-23 03:30:00,0.026006669
2019-08-23 03:40:00,0.012830168
2019-08-23 03:50:00,0.025071383
2019-08-23 04:00:00,0.011437029
2019-08-23 04:10:00,0.03011927
2019-08-23 04:20:00,0.013565183
2019-08-23 04:30:00,0.02561286
2019-08-23 04:40:00,0.012454033
2019-08-23 04:50:00,0.028922647
2019-08-23 05:00:00,0.01657936
2019-08-23 05:10:00,0.029334158
2019-08-23 05:20:00,0.014397502
2019-08-23 05:30:00,0.030813634
2019-08-23 05:40:00,0.015861869
2019-08-23 05:50:00,0.024829477
2019-08-23 06:00:00,0.013026953
2019-08-23 06:10:00,0.028232038
2019-08-23 06:20:00,0.015536159
2019-08-23 06:30:00,0.026812732
2019-08-23 06:40:00,0.014989167
2019-08-23 06:50:00,0.03522855
2019-08-23 07:00:00,0.01851517
2019-08-23 07:10:00,0.03213653
2019-08-23 07:20:00,0.016129136
2019-08-23 07:30:00,0.041662157
2019-08-23 07:40:00,0.020073593
2019-08-23 07:50:00,0.032859385
2019-08-23 08:00:00,0.016534
2019-08-23 08:10:00,0.040504783
2019-08-23 08:20:00,0.02355647
2019-08-23 08:30:00,0.03970322
2019-08-23 08:40:00,0.022304296
2019-08-23 08:50:00,0.04633352
2019-08-23 09:00:00,0.028000534
2019-08-23 09:10:00,0.039506346
2019-08-23 09:20:00,0.023584306
2019-08-23 09:30:00,0.044191837
2019-08-23 09:40:00,0.02676183
2019-08-23 09:50:00,0.03739789
2019-08-23 10:00:00,0.024484545
2019-08-23 10:10:00,0.04562363
2019-08-23 10:20:00,0.02686432
2019-08-23 10:30:00,0.035624087
2019-08-23 10:40:00,0.026016265
2019-08-23 10:50:00,0.039350033
2019-08-23 11:00:00,0.025559276
2019-08-23 11:10:00,0.028591782
2019-08-23 11:20:00,0.02225542
2019-08-23 11:30:00,0.031265855
2019-08-23 11:40:00,0.023614436
2019-08-23 11:50:00,0.024352282
2019-08-23 12:00:00,0.021998614
2019-08-23 12:10:00,0.027897924
2019-08-23 12:20:00,0.026916474
2019-08-23 12:30:00,0.024894476
2019-08-23 12:40:00,0.023866534
2019-08-23 12:50:00,0.029062867
2019-08-23 13:00:00,0.027047426
2019-08-23 13:10:00,0.023754
2019-08-23 13:20:00,0.02388537
2019-08-23 13:30:00,0.027035773
2019-08-23 13:40:00,0.026140481
2019-08-23 13:50:00,0.02290517
2019-08-23 14:00:00,0.024747223
2019-08-23 14:10:00,0.027703285
2019-08-23 14:20:00,0.02874595
2019-08-23 14:30:00,0.021792293
2019-08-23 14:40:00,0.027652025
2019-08-23 14:50:00,0.026123464
2019-08-23 15:00:00,0.034415543
2019-08-23 15:20:00,0.02176252
2019-08-23 15:30:00,0.03615406
2019-08-23 15:40:00,0.027663529
2019-08-23 15:50:00,0.03965351
2019-08-23 16:00:00,0.022707552
2019-08-23 16:10:00,0.038296074
2019-08-23 16:20:00,0.027896255
2019-08-23 16:30:00,0.041389465
2019-08-23 16:40:00,0.025217205
2019-08-23 16:50:00,0.047902167
2019-08-23 17:00:00,0.030330062
2019-08-23 17:10:00,0.049354106
2019-08-23 17:20:00,0.027138472
2019-08-23 17:30:00,0.060364634
2019-08-23 17:40:00,0.03008771
2019-08-23 17:50:00,0.050969094
2019-08-23 18:00:00,0.025447637
2019-08-23 18:10:00,0.0482063
2019-08-23 18:20:00,0.02719134
2019-08-23 18:30:00,0.048393935
2019-08-23 18:40:00,0.024894089
2019-08-23 18:50:00,0.04710847
2019-08-23 19:00:00,0.02823016
2019-08-23 19:10:00,0.046957493
2019-08-23 19:20:00,0.023765475
2019-08-23 19:30:00,0.04407105
2019-08-23 19:40:00,0.02609095
2019-08-23 19:50:00,0.043616325
2019-08-23 20:00:00,0.021621168
2019-08-23 20:10:00,0.043695122
2019-08-23 20:20:00,0.025851667
2019-08-23 20:30:00,0.044367373
2019-08-23 20:40:00,0.02146703
2019-08-23 20:50:00,0.042856604
2019-08-23 21:00:00,0.025565445
2019-08-23 21:10:00,0.045582116
2019-08-23 21:20:00,0.020987034
2019-08-23 21:30:00,0.044377625
2019-08-23 21:40:00,0.025103569
2019-08-23 21:50:00,0.0454821
2019-08-23 22:00:00,0.02047363
2019-08-23 22:10:00,0.045182586
2019-08-23 22:20:00,0.024456412
2019-08-23 22:30:00,0.043662608
2019-08-23 22:40:00,0.02270332
2019-08-23 22:50:00,0.045303255
2019-08-23 23:00:00,0.024923444
2019-08-23 23:10:00,0.043641686
2019-08-23 23:20:00,0.021876693
2019-08-23 23:30:00,0.044901818
2019-08-23 23:40:00,0.025945157
2019-08-23 23:50:00,0.040507227
2019-08-24 00:00:00,0.021555603
2019-08-24 00:10:00,0.039849877
2019-08-24 00:20:00,0.025899976
2019-08-24 00:30:00,0.041601866
2019-08-24 00:40:00,0.023020387
2019-08-24 00:50:00,0.042767853
2019-08-24 01:00:00,0.025813222
2019-08-24 01:10:00,0.04399389
2019-08-24 01:20:00,0.022701263
2019-08-24 01:30:00,0.043246537
2019-08-24 01:40:00,0.024896681
2019-08-24 01:50:00,0.044414997
2019-08-24 02:00:00,0.023022056
2019-08-24 02:10:00,0.04018551
2019-08-24 02:20:00,0.024501204
2019-08-24 02:30:00,0.040079385
2019-08-24 02:40:00,0.022666276
2019-08-24 02:50:00,0.039786547
2019-08-24 03:00:00,0.025301963
2019-08-24 03:10:00,0.040601283
2019-08-24 03:20:00,0.022723556
2019-08-24 03:30:00,0.03946942
2019-08-24 03:40:00,0.025754452
2019-08-24 03:50:00,0.037492782
2019-08-24 04:00:00,0.022370994
2019-08-24 04:10:00,0.035880655
2019-08-24 04:20:00,0.025526702
2019-08-24 04:30:00,0.033572495
2019-08-24 04:40:00,0.023426384
2019-08-24 04:50:00,0.03448686
2019-08-24 05:00:00,0.024695307
2019-08-24 05:10:00,0.03485185
2019-08-24 05:20:00,0.023203611
2019-08-24 05:30:00,0.03436008
2019-08-24 05:40:00,0.025903076
2019-08-24 05:50:00,0.03256923
2019-08-24 06:00:00,0.0236471
2019-08-24 06:10:00,0.030925035
2019-08-24 06:20:00,0.026025623
2019-08-24 06:30:00,0.032207787
2019-08-24 06:40:00,0.023928583
2019-08-24 06:50:00,0.02499175
2019-08-24 07:00:00,0.02474624
2019-08-24 07:10:00,0.024455756
2019-08-24 07:20:00,0.02197197
2019-08-24 07:30:00,0.022664696
2019-08-24 07:40:00,0.02544573
2019-08-24 07:50:00,0.023801982
2019-08-24 08:00:00,0.025810003
2019-08-24 08:10:00,0.02579546
2019-08-24 08:20:00,0.026693255
2019-08-24 08:30:00,0.026576579
2019-08-24 08:40:00,0.025241464
2019-08-24 08:50:00,0.024748981
2019-08-24 09:00:00,0.026587963
2019-08-24 09:10:00,0.02636826
2019-08-24 09:20:00,0.027244985
2019-08-24 09:30:00,0.024851382
2019-08-24 09:40:00,0.028538316
2019-08-24 09:50:00,0.025693685
2019-08-24 10:00:00,0.027372718
2019-08-24 10:10:00,0.023885012
2019-08-24 10:20:00,0.029559433
2019-08-24 10:30:00,0.026448667
2019-08-24 10:40:00,0.027625233
2019-08-24 10:50:00,0.023636103
2019-08-24 11:00:00,0.029766351
2019-08-24 11:10:00,0.02598235
2019-08-24 11:20:00,0.028774261
2019-08-24 11:30:00,0.025028527
2019-08-24 11:40:00,0.031607836
2019-08-24 11:50:00,0.027145237
2019-08-24 12:00:00,0.031876355
2019-08-24 12:10:00,0.024356455
2019-08-24 12:20:00,0.03230089
2019-08-24 12:30:00,0.025169611
2019-08-24 12:40:00,0.034455925
2019-08-24 12:50:00,0.025442243
2019-08-24 13:00:00,0.040593445
2019-08-24 13:10:00,0.026873082
2019-08-24 13:20:00,0.038857043
2019-08-24 13:30:00,0.02308467
2019-08-24 13:40:00,0.03697914
2019-08-24 13:50:00,0.024984896
2019-08-24 14:00:00,0.038735747
2019-08-24 14:10:00,0.020898521
2019-08-24 14:20:00,0.036825776
2019-08-24 14:30:00,0.023772359
2019-08-24 14:40:00,0.04005167
2019-08-24 14:50:00,0.02199775
2019-08-24 15:00:00,0.03720233
2019-08-24 15:10:00,0.024430633
2019-08-24 15:20:00,0.040058106
2019-08-24 15:30:00,0.02100128
2019-08-24 15:40:00,0.038945556
2019-08-24 15:50:00,0.023134083
2019-08-24 16:00:00,0.04167816
2019-08-24 16:10:00,0.021242797
2019-08-24 16:20:00,0.03803751
2019-08-24 16:30:00,0.022207081
2019-08-24 16:40:00,0.04054624
2019-08-24 16:50:00,0.021252364
2019-08-24 17:00:00,0.039250016
2019-08-24 17:10:00,0.023640096
2019-08-24 17:20:00,0.04177016
2019-08-24 17:30:00,0.022048056
2019-08-24 17:40:00,0.043545574
2019-08-24 17:50:00,0.026282817
2019-08-24 18:00:00,0.05385673
2019-08-24 18:10:00,0.024540901
2019-08-24 18:20:00,0.050713927
2019-08-24 18:30:00,0.02554822
2019-08-24 18:40:00,0.047783762
2019-08-24 18:50:00,0.021616638
2019-08-24 19:00:00,0.04327464
2019-08-24 19:10:00,0.022630721
2019-08-24 19:20:00,0.04546708
2019-08-24 19:30:00,0.021562397
2019-08-24 19:40:00,0.042148262
2019-08-24 19:50:00,0.021890432
2019-08-24 20:00:00,0.046125025
2019-08-24 20:10:00,0.019273907
2019-08-24 20:20:00,0.03836879
2019-08-24 20:30:00,0.019096881
2019-08-24 20:40:00,0.03930348
2019-08-24 20:50:00,0.016604394
2019-08-24 21:00:00,0.032020003
2019-08-24 21:10:00,0.01741916
2019-08-24 21:20:00,0.03424999
2019-08-24 21:30:00,0.017437428
2019-08-24 21:40:00,0.036286056
2019-08-24 21:50:00,0.018926114
2019-08-24 22:00:00,0.037678063
2019-08-24 22:10:00,0.017467499
2019-08-24 22:20:00,0.035096973
2019-08-24 22:30:00,0.018063605
2019-08-24 22:40:00,0.035305798
2019-08-24 22:50:00,0.016810805
2019-08-24 23:00:00,0.03287822
2019-08-24 23:10:00,0.017398357
2019-08-24 23:20:00,0.035770327
2019-08-24 23:30:00,0.016875654
2019-08-24 23:40:00,0.032650888
2019-08-24 23:50:00,0.016865432
2019-08-25 00:00:00,0.033444732
2019-08-25 00:10:00,0.014807075
2019-08-25 00:20:00,0.029590547
2019-08-25 00:30:00,0.015199721
2019-08-25 00:40:00,0.030677944
2019-08-25 00:50:00,0.015108556
2019-08-25 01:00:00,0.02840352
2019-08-25 01:10:00,0.014971018
2019-08-25 01:20:00,0.030483902
2019-08-25 01:30:00,0.015108556
2019-08-25 01:40:00,0.028859466
2019-08-25 01:50:00,0.014611125
2019-08-25 02:00:00,0.030532897
2019-08-25 02:10:00,0.013955206
2019-08-25 02:20:00,0.028604537
2019-08-25 02:30:00,0.015601546
2019-08-25 02:40:00,0.027909309
2019-08-25 02:50:00,0.011651158
2019-08-25 03:00:00,0.023343474
2019-08-25 03:10:00,0.011980653
2019-08-25 03:20:00,0.023658961
2019-08-25 03:30:00,0.009288579
2019-08-25 03:40:00,0.01997149
2019-08-25 03:50:00,0.009061664
2019-08-25 04:00:00,0.019477606
2019-08-25 04:10:00,0.00739941
2019-08-25 04:20:00,0.015631497
2019-08-25 04:30:00,0.007307768
2019-08-25 04:40:00,0.015431434
2019-08-25 04:50:00,0.0072135627
2019-08-25 05:00:00,0.014444113
2019-08-25 05:10:00,0.0075660944
2019-08-25 05:20:00,0.0141759515
2019-08-25 05:30:00,0.0071160197
2019-08-25 05:40:00,0.0143714845
2019-08-25 05:50:00,0.007398963
2019-08-25 06:00:00,0.01373446
2019-08-25 06:10:00,0.006356716
2019-08-25 06:20:00,0.011996597
2019-08-25 06:30:00,0.0062250793
2019-08-25 06:40:00,0.0110684335
2019-08-25 06:50:00,0.00531289
2019-08-25 07:00:00,0.008868396
2019-08-25 07:10:00,0.0051478744
2019-08-25 07:20:00,0.008572251
2019-08-25 07:30:00,0.004537016
2019-08-25 07:40:00,0.0069788694
2019-08-25 07:50:00,0.004647374
2019-08-25 08:00:00,0.0070498586
2019-08-25 08:10:00,0.0045110285
2019-08-25 08:20:00,0.0073551834
2019-08-25 08:30:00,0.004589498
2019-08-25 08:40:00,0.006647438
2019-08-25 08:50:00,0.0037412643
2019-08-25 09:00:00,0.0058533847
2019-08-25 09:10:00,0.0033552349
2019-08-25 09:20:00,0.0042681694
2019-08-25 09:30:00,0.0027881265
2019-08-25 09:40:00,0.0040977597
2019-08-25 09:50:00,0.0024435222
2019-08-25 10:00:00,0.0031206906
2019-08-25 10:10:00,0.0021978617
2019-08-25 10:20:00,0.0028752983
2019-08-25 10:30:00,0.00202626
2019-08-25 10:40:00,0.0024445653
2019-08-25 10:50:00,0.0020213127
2019-08-25 11:00:00,0.002465248
2019-08-25 11:10:00,0.0022347867
2019-08-25 11:20:00,0.0024105608
2019-08-25 11:30:00,0.0021356642
2019-08-25 11:40:00,0.0025348663
2019-08-25 11:50:00,0.0019988418
2019-08-25 12:00:00,0.0021100342
2019-08-25 12:10:00,0.001819998
2019-08-25 12:20:00,0.0022332966
2019-08-25 12:30:00,0.0018616319
2019-08-25 12:40:00,0.002013117
2019-08-25 12:50:00,0.0018004477
2019-08-25 13:00:00,0.0018947423
2019-08-25 13:10:00,0.0016836226
2019-08-25 13:20:00,0.0016318262
2019-08-25 13:30:00,0.0016612709
2019-08-25 13:40:00,0.001663208
2019-08-25 13:50:00,0.001621902
2019-08-25 14:00:00,0.0013915896
2019-08-25 14:10:00,0.0015584826
2019-08-25 14:20:00,0.0013773739
2019-08-25 14:30:00,0.0014224946
2019-08-25 14:40:00,0.0011401772
2019-08-25 14:50:00,0.0015487671
2019-08-25 15:00:00,0.001201123
2019-08-25 15:10:00,0.0013827682
2019-08-25 15:20:00,0.0010424852
2019-08-25 15:30:00,0.0013818741
2019-08-25 15:40:00,0.0010776222
2019-08-25 15:50:00,0.00124681
2019-08-25 16:00:00,0.0009305775
2019-08-25 16:10:00,0.0012318492
2019-08-25 16:20:00,0.0009352565
2019-08-25 16:30:00,0.00108549
2019-08-25 16:40:00,0.00086662173
2019-08-25 16:50:00,0.0010782182
2019-08-25 17:00:00,0.00080767274
2019-08-25 17:10:00,0.0008530021
2019-08-25 17:20:00,0.00068479776
2019-08-25 17:30:00,0.0007905364
2019-08-25 17:40:00,0.0006620586
2019-08-25 17:50:00,0.0005341768
2019-08-25 18:00:00,0.00058689713
2019-08-25 18:10:00,0.0004938543
2019-08-25 18:20:00,0.0005748868
2019-08-25 18:30:00,0.0003412068
2019-08-25 18:40:00,0.0005224645
2019-08-25 18:50:00,0.00034734607
2019-08-25 19:00:00,0.00051373243
2019-08-25 19:10:00,0.00037145615
2019-08-25 19:20:00,0.00053939223
2019-08-25 19:30:00,0.00037252903
2019-08-25 19:40:00,0.000564754
2019-08-25 19:50:00,0.00038912892
2019-08-25 20:00:00,0.0005323589
2019-08-25 20:10:00,0.00037556887
2019-08-25 20:20:00,0.00044336915
2019-08-25 20:30:00,0.00031852722
2019-08-25 20:40:00,0.00040873885
2019-08-25 20:50:00,0.00034588575
2019-08-25 21:00:00,0.000413388
2019-08-25 21:10:00,0.0003156364
2019-08-25 21:20:00,0.00040483475
2019-08-25 21:30:00,0.00031393766
2019-08-25 21:40:00,0.00036135316
2019-08-25 21:50:00,0.00028046966
2019-08-25 22:00:00,0.00035241246
2019-08-25 22:10:00,0.00028258562
2019-08-25 22:20:00,0.00034499168
2019-08-25 22:30:00,0.00027358532
2019-08-25 22:40:00,0.000333786
2019-08-25 22:50:00,0.00026732683
2019-08-25 23:00:00,0.00030750036
2019-08-25 23:10:00,0.0002463758
2019-08-25 23:20:00,0.00030323863
2019-08-25 23:30:00,0.00023379922
2019-08-25 23:40:00,0.0003015995
2019-08-25 23:50:00,0.00022381544
2019-08-26 00:00:00,0.00029480457
2019-08-26 00:10:00,0.0002142489
2019-08-26 00:20:00,0.00029349327
2019-08-26 00:30:00,0.00019797683
2019-08-26 00:40:00,0.0002876222
2019-08-26 00:50:00,0.00020346045
2019-08-26 01:00:00,0.00029405951
2019-08-26 01:10:00,0.00022494793
2019-08-26 01:20:00,0.00032666326
2019-08-26 01:30:00,0.00021237135
2019-08-26 01:40:00,0.00032040477
2019-08-26 01:50:00,0.00020468235
2019-08-26 02:00:00,0.00030738115
2019-08-26 02:10:00,0.00018256903
2019-08-26 02:20:00,0.00026980042
2019-08-26 02:30:00,0.00018692017
2019-08-26 02:40:00,0.00028327107
2019-08-26 02:50:00,0.00016391277
2019-08-26 03:00:00,0.0002782941
2019-08-26 03:10:00,0.00020387769
2019-08-26 03:20:00,0.00038927794
2019-08-26 03:30:00,0.00023841858
2019-08-26 03:40:00,0.00037649274
2019-08-26 03:50:00,0.00025960803
2019-08-26 04:00:00,0.000390172
2019-08-26 04:10:00,0.00025001168
2019-08-26 04:20:00,0.00039941072
2019-08-26 04:30:00,0.00026625395
2019-08-26 04:40:00,0.00042125583
2019-08-26 04:50:00,0.00023555756
2019-08-26 05:00:00,0.00040748715
2019-08-26 05:10:00,0.00026524067
2019-08-26 05:20:00,0.0004209578
2019-08-26 05:30:00,0.00023448467
2019-08-26 05:40:00,0.0004042685
2019-08-26 05:50:00,0.0002554357
2019-08-26 06:00:00,0.00040590763
2019-08-26 06:10:00,0.00024190545
2019-08-26 06:20:00,0.00040343404
2019-08-26 06:30:00,0.00027552247
2019-08-26 06:40:00,0.00045460463
2019-08-26 06:50:00,0.00027298927
2019-08-26 07:00:00,0.00045716763
2019-08-26 07:10:00,0.00032311678
2019-08-26 07:20:00,0.0005505681
2019-08-26 07:30:00,0.00033167005
2019-08-26 07:40:00,0.00057965517
2019-08-26 07:50:00,0.00036752224
2019-08-26 08:00:00,0.0006400943
2019-08-26 08:10:00,0.00034052134
2019-08-26 08:20:00,0.0006200969
2019-08-26 08:30:00,0.0004158616
2019-08-26 08:40:00,0.00066486
2019-08-26 08:50:00,0.0003951788
2019-08-26 09:00:00,0.0006790757
2019-08-26 09:10:00,0.00047048926
2019-08-26 09:20:00,0.000762105
2019-08-26 09:30:00,0.00044566393
2019-08-26 09:40:00,0.00078219175
2019-08-26 09:50:00,0.00045147538
2019-08-26 10:00:00,0.00078448653
2019-08-26 10:10:00,0.0004990697
2019-08-26 10:20:00,0.0009417534
2019-08-26 10:30:00,0.0006763339
2019-08-26 10:40:00,0.0010810494
2019-08-26 10:50:00,0.0006957948
2019-08-26 11:00:00,0.0013211668
2019-08-26 11:10:00,0.00096413493
2019-08-26 11:20:00,0.0016314983
2019-08-26 11:30:00,0.00087574124
2019-08-26 11:40:00,0.0015909076
2019-08-26 11:50:00,0.000975281
2019-08-26 12:00:00,0.0016595423
2019-08-26 12:10:00,0.00094786286
2019-08-26 12:20:00,0.0017671585
2019-08-26 12:30:00,0.0011762083
2019-08-26 12:40:00,0.0020833611
2019-08-26 12:50:00,0.0012161136
2019-08-26 13:00:00,0.0023385286
2019-08-26 13:10:00,0.0014324188
2019-08-26 13:20:00,0.0028234422
2019-08-26 13:30:00,0.0015380085
2019-08-26 13:40:00,0.0030761063
2019-08-26 13:50:00,0.0018614233
2019-08-26 14:00:00,0.0039007068
2019-08-26 14:10:00,0.0022294223
2019-08-26 14:20:00,0.00498724
2019-08-26 14:30:00,0.002510786
2019-08-26 14:40:00,0.005209446
2019-08-26 14:50:00,0.0022694767
2019-08-26 15:00:00,0.0053821206
2019-08-26 15:10:00,0.0028022826
2019-08-26 15:20:00,0.0060867667
2019-08-26 15:30:00,0.0025643408
2019-08-26 15:40:00,0.006263256
2019-08-26 15:50:00,0.0028208196
2019-08-26 16:00:00,0.008067638
2019-08-26 16:10:00,0.0027579367
2019-08-26 16:20:00,0.0083218515
2019-08-26 16:30:00,0.003454119
2019-08-26 16:40:00,0.011221409
2019-08-26 16:50:00,0.003252834
2019-08-26 17:00:00,0.013019353
2019-08-26 17:10:00,0.0051562786
2019-08-26 17:20:00,0.014978468
2019-08-26 17:30:00,0.005057335
2019-08-26 17:40:00,0.015201032
2019-08-26 17:50:00,0.005908668
2019-08-26 18:00:00,0.015370727
2019-08-26 18:10:00,0.005990386
2019-08-26 18:20:00,0.01643753
2019-08-26 18:30:00,0.0070958138
2019-08-26 18:40:00,0.017933965
2019-08-26 18:50:00,0.0068876147
2019-08-26 19:00:00,0.017819852
2019-08-26 19:10:00,0.0074219108
2019-08-26 19:20:00,0.019346923
2019-08-26 19:30:00,0.007559985
2019-08-26 19:40:00,0.01960501
2019-08-26 19:50:00,0.007269323
2019-08-26 20:00:00,0.019091219
2019-08-26 20:10:00,0.0075455606
2019-08-26 20:20:00,0.020530581
2019-08-26 20:30:00,0.008146018
2019-08-26 20:40:00,0.021584809
2019-08-26 20:50:00,0.0070934594
2019-08-26 21:00:00,0.023151636
2019-08-26 21:10:00,0.006687045
2019-08-26 21:20:00,0.025047094
2019-08-26 21:30:00,0.0056733787
2019-08-26 21:40:00,0.025174677
2019-08-26 21:50:00,0.005984783
2019-08-26 22:00:00,0.026424348
2019-08-26 22:10:00,0.006206244
2019-08-26 22:20:00,0.026371688
2019-08-26 22:30:00,0.0057343245
2019-08-26 22:40:00,0.026510984
2019-08-26 22:50:00,0.0061275363
2019-08-26 23:00:00,0.026680917
2019-08-26 23:10:00,0.0057260394
2019-08-26 23:20:00,0.027612805
2019-08-26 23:30:00,0.006062627
2019-08-26 23:40:00,0.02928242
2019-08-26 23:50:00,0.0066299736
2019-08-27 00:00:00,0.030338436
2019-08-27 00:10:00,0.006904304
2019-08-27 00:20:00,0.03017807
2019-08-27 00:30:00,0.008254737
2019-08-27 00:40:00,0.029972285
2019-08-27 00:50:00,0.010670036
2019-08-27 01:00:00,0.038638473
2019-08-27 01:10:00,0.012037367
2019-08-27 01:20:00,0.032246858
2019-08-27 01:30:00,0.01243639
2019-08-27 01:40:00,0.03534481
2019-08-27 01:50:00,0.012086928
2019-08-27 02:00:00,0.033266217
2019-08-27 02:10:00,0.012640357
2019-08-27 02:20:00,0.036844164
2019-08-27 02:30:00,0.011886567
2019-08-27 02:40:00,0.0367482
2019-08-27 02:50:00,0.010692894
2019-08-27 03:00:00,0.0388456
2019-08-27 03:10:00,0.010618746
2019-08-27 03:20:00,0.03933817
2019-08-27 03:30:00,0.011959702
2019-08-27 03:40:00,0.045983076
2019-08-27 03:50:00,0.01097241
2019-08-27 04:00:00,0.0423252
2019-08-27 04:10:00,0.010685295
2019-08-27 04:20:00,0.043732792
2019-08-27 04:30:00,0.01131621
2019-08-27 04:40:00,0.048143268
2019-08-27 04:50:00,0.011405081
2019-08-27 05:00:00,0.05029455
2019-08-27 05:10:00,0.010083705
2019-08-27 05:20:00,0.05051431
2019-08-27 05:30:00,0.010411978
2019-08-27 05:40:00,0.05242312
2019-08-27 05:50:00,0.00911966
2019-08-27 06:00:00,0.05038634
2019-08-27 06:10:00,0.010030985
2019-08-27 06:20:00,0.050885677
2019-08-27 06:30:00,0.009023994
2019-08-27 06:40:00,0.049311608
2019-08-27 06:50:00,0.008564174
2019-08-27 07:00:00,0.051671058
2019-08-27 07:10:00,0.007485181
2019-08-27 07:20:00,0.05075994
2019-08-27 07:30:00,0.0077552795
2019-08-27 07:40:00,0.05170983
2019-08-27 07:50:00,0.007126659
2019-08-27 08:00:00,0.05088508
2019-08-27 08:10:00,0.008027554
2019-08-27 08:20:00,0.052944064
2019-08-27 08:30:00,0.007740289
2019-08-27 08:40:00,0.05384901
2019-08-27 08:50:00,0.008630902
2019-08-27 09:00:00,0.055306822
2019-08-27 09:10:00,0.007637173
2019-08-27 09:20:00,0.056229413
2019-08-27 09:30:00,0.009129971
2019-08-27 09:40:00,0.065253645
2019-08-27 09:50:00,0.008778721
2019-08-27 10:00:00,0.0710676
2019-08-27 10:10:00,0.008934289
2019-08-27 10:20:00,0.06854886
2019-08-27 10:30:00,0.008813053
2019-08-27 10:40:00,0.07264072
2019-08-27 10:50:00,0.0090767145
2019-08-27 11:00:00,0.062063754
2019-08-27 11:10:00,0.0078831315
2019-08-27 11:20:00,0.066456854
2019-08-27 11:30:00,0.009174615
2019-08-27 11:40:00,0.064911634
2019-08-27 11:50:00,0.008411527
2019-08-27 12:00:00,0.068942934
2019-08-27 12:10:00,0.009730101
2019-08-27 12:20:00,0.0653719
2019-08-27 12:30:00,0.008728206
2019-08-27 12:40:00,0.07237393
2019-08-27 12:50:00,0.009321719
2019-08-27 13:00:00,0.06552112
2019-08-27 13:10:00,0.008907765
2019-08-27 13:20:00,0.07029718
2019-08-27 13:30:00,0.010054827
2019-08-27 13:40:00,0.06888604
2019-08-27 13:50:00,0.009076387
2019-08-27 14:00:00,0.06925374
2019-08-27 14:10:00,0.010201275
2019-08-27 14:20:00,0.06335491
2019-08-27 14:30:00,0.009189606
2019-08-27 14:40:00,0.06541592
2019-08-27 14:50:00,0.011188805
2019-08-27 15:00:00,0.065429986
2019-08-27 15:10:00,0.009639442
2019-08-27 15:20:00,0.06576103
2019-08-27 15:30:00,0.01082173
2019-08-27 15:40:00,0.063866824
2019-08-27 15:50:00,0.01096797
2019-08-27 16:00:00,0.06290671
2019-08-27 16:10:00,0.011429906
2019-08-27 16:20:00,0.06551233
2019-08-27 16:30:00,0.012267709
2019-08-27 16:40:00,0.071478635
2019-08-27 16:50:00,0.0139042735
2019-08-27 17:00:00,0.06769541
2019-08-27 17:10:00,0.013697416
2019-08-27 17:20:00,0.06764987
2019-08-27 17:30:00,0.014350802
2019-08-27 17:40:00,0.06056288
2019-08-27 17:50:00,0.013062775
2019-08-27 18:00:00,0.055407763
2019-08-27 18:10:00,0.012456626
2019-08-27 18:20:00,0.049674064
2019-08-27 18:30:00,0.011314034
2019-08-27 18:40:00,0.049455315
2019-08-27 18:50:00,0.011322796
2019-08-27 19:00:00,0.044618934
2019-08-27 19:10:00,0.010543674
2019-08-27 19:20:00,0.03797275
2019-08-27 19:30:00,0.011683792
2019-08-27 19:40:00,0.039512724
2019-08-27 19:50:00,0.011762112
2019-08-27 20:00:00,0.040929884
2019-08-27 20:10:00,0.012005806
2019-08-27 20:20:00,0.041108966
2019-08-27 20:30:00,0.01194337
2019-08-27 20:40:00,0.038363844
2019-08-27 20:50:00,0.011159748
2019-08-27 21:00:00,0.036326975
2019-08-27 21:10:00,0.011843115
2019-08-27 21:20:00,0.036138505
2019-08-27 21:30:00,0.011115134
2019-08-27 21:40:00,0.030117214
2019-08-27 21:50:00,0.00974226
2019-08-27 22:00:00,0.029301971
2019-08-27 22:10:00,0.010730773
2019-08-27 22:20:00,0.023660839
2019-08-27 22:30:00,0.009601653
2019-08-27 22:40:00,0.024484426
2019-08-27 22:50:00,0.010068893
2019-08-27 23:00:00,0.022896528
2019-08-27 23:10:00,0.010288626
2019-08-27 23:20:00,0.024747252
2019-08-27 23:30:00,0.010757118
2019-08-27 23:40:00,0.02494675
2019-08-27 23:50:00,0.012299508
2019-08-28 00:00:00,0.027351946
2019-08-28 00:10:00,0.012506306
2019-08-28 00:20:00,0.027011633
2019-08-28 00:30:00,0.013674855
2019-08-28 00:40:00,0.027692318
2019-08-28 00:50:00,0.01377219
2019-08-28 01:00:00,0.02621919
2019-08-28 01:10:00,0.015055835
2019-08-28 01:20:00,0.026335508
2019-08-28 01:30:00,0.015842944
2019-08-28 01:40:00,0.026751637
2019-08-28 01:50:00,0.016607046
2019-08-28 02:00:00,0.027023077
2019-08-28 02:10:00,0.016121536
2019-08-28 02:20:00,0.025812298
2019-08-28 02:30:00,0.018527985
2019-08-28 02:40:00,0.028208256
2019-08-28 02:50:00,0.017628282
2019-08-28 03:00:00,0.029463917
2019-08-28 03:10:00,0.020740658
2019-08-28 03:20:00,0.027911484
2019-08-28 03:30:00,0.02065888
2019-08-28 03:40:00,0.028524935
2019-08-28 03:50:00,0.027282596
2019-08-28 04:00:00,0.029226482
2019-08-28 04:10:00,0.026811898
2019-08-28 04:20:00,0.02785933
2019-08-28 04:30:00,0.03290814
2019-08-28 04:40:00,0.02689907
2019-08-28 04:50:00,0.029568404
2019-08-28 05:00:00,0.028362632
2019-08-28 05:10:00,0.03450197
2019-08-28 05:20:00,0.027753294
2019-08-28 05:30:00,0.032402545
2019-08-28 05:40:00,0.028207242
2019-08-28 05:50:00,0.036684096
2019-08-28 06:00:00,0.028846473
2019-08-28 06:10:00,0.030766726
2019-08-28 06:20:00,0.025733024
2019-08-28 06:30:00,0.031402767
2019-08-28 06:40:00,0.02261725
2019-08-28 06:50:00,0.028710455
2019-08-28 07:00:00,0.020944864
2019-08-28 07:10:00,0.030491203
2019-08-28 07:20:00,0.020902246
2019-08-28 07:30:00,0.029331475
2019-08-28 07:40:00,0.020631045
2019-08-28 07:50:00,0.03237331
2019-08-28 08:00:00,0.021495432
2019-08-28 08:10:00,0.028434426
2019-08-28 08:20:00,0.021406293
2019-08-28 08:30:00,0.033842385
2019-08-28 08:40:00,0.024098575
2019-08-28 08:50:00,0.03361693
2019-08-28 09:00:00,0.025319517
2019-08-28 09:10:00,0.037858546
2019-08-28 09:20:00,0.025689602
2019-08-28 09:30:00,0.034225166
2019-08-28 09:40:00,0.02434507
2019-08-28 09:50:00,0.036394417
2019-08-28 10:00:00,0.023803622
2019-08-28 10:10:00,0.03411287
2019-08-28 10:20:00,0.022060841
2019-08-28 10:30:00,0.03515321
2019-08-28 10:40:00,0.02052781
2019-08-28 10:50:00,0.03219515
2019-08-28 11:00:00,0.01973793
2019-08-28 11:10:00,0.03450635
2019-08-28 11:20:00,0.019495457
2019-08-28 11:30:00,0.033426583
2019-08-28 11:40:00,0.018871993
2019-08-28 11:50:00,0.035230726
2019-08-28 12:00:00,0.01967445
2019-08-28 12:10:00,0.033973515
2019-08-28 12:20:00,0.019275993
2019-08-28 12:30:00,0.034143746
2019-08-28 12:40:00,0.017383993
2019-08-28 12:50:00,0.029874176
2019-08-28 13:00:00,0.015955478
2019-08-28 13:10:00,0.029117733
2019-08-28 13:20:00,0.015454531
2019-08-28 13:30:00,0.028453976
2019-08-28 13:40:00,0.0145249665
2019-08-28 13:50:00,0.028833956
2019-08-28 14:00:00,0.0134148
2019-08-28 14:10:00,0.027357697
2019-08-28 14:20:00,0.012536347
2019-08-28 14:30:00,0.026579529
2019-08-28 14:40:00,0.012291819
2019-08-28 14:50:00,0.02636969
2019-08-28 15:00:00,0.011475593
2019-08-28 15:10:00,0.0268386
2019-08-28 15:20:00,0.012164086
2019-08-28 15:30:00,0.027593583
2019-08-28 15:40:00,0.011711985
2019-08-28 15:50:00,0.026417524
2019-08-28 16:00:00,0.011578232
2019-08-28 16:10:00,0.025769562
2019-08-28 16:20:00,0.010002434
2019-08-28 16:30:00,0.02476281
2019-08-28 16:40:00,0.01033324
2019-08-28 16:50:00,0.024557918
2019-08-28 17:00:00,0.0100931525
2019-08-28 17:10:00,0.02448976
2019-08-28 17:20:00,0.010938525
2019-08-28 17:30:00,0.024119467
2019-08-28 17:40:00,0.009998381
2019-08-28 17:50:00,0.023793846
2019-08-28 18:00:00,0.01064226
2019-08-28 18:10:00,0.022044748
2019-08-28 18:20:00,0.0083835125
2019-08-28 18:30:00,0.020064592
2019-08-28 18:40:00,0.009190261
2019-08-28 18:50:00,0.01929608
2019-08-28 19:00:00,0.0072404146
2019-08-28 19:10:00,0.018181413
2019-08-28 19:20:00,0.008686185
2019-08-28 19:30:00,0.018866032
2019-08-28 19:40:00,0.007864952
2019-08-28 19:50:00,0.021039367
2019-08-28 20:00:00,0.008511275
2019-08-28 20:10:00,0.019915134
2019-08-28 20:20:00,0.0076794922
2019-08-28 20:30:00,0.020111203
2019-08-28 20:40:00,0.008313566
2019-08-28 20:50:00,0.019920677
2019-08-28 21:00:00,0.007701874
2019-08-28 21:10:00,0.019521445
2019-08-28 21:20:00,0.008762538
2019-08-28 21:30:00,0.020469308
2019-08-28 21:40:00,0.007416308
2019-08-28 21:50:00,0.01940149
2019-08-28 22:00:00,0.008513033
2019-08-28 22:10:00,0.01976955
2019-08-28 22:20:00,0.007507801
2019-08-28 22:30:00,0.019108146
2019-08-28 22:40:00,0.008222938
2019-08-28 22:50:00,0.019328207
2019-08-28 23:00:00,0.0075290203
2019-08-28 23:10:00,0.019356072
2019-08-28 23:20:00,0.008751184
2019-08-28 23:30:00,0.020697117
2019-08-28 23:40:00,0.007436514
2019-08-28 23:50:00,0.018909603
2019-08-29 00:00:00,0.0076005757
2019-08-29 00:10:00,0.018508852
2019-08-29 00:20:00,0.0063717365
2019-08-29 00:30:00,0.01655522
2019-08-29 00:40:00,0.007297337
2019-08-29 00:50:00,0.016973495
2019-08-29 01:00:00,0.00615263
2019-08-29 01:10:00,0.016700506
2019-08-29 01:20:00,0.0069101453
2019-08-29 01:30:00,0.016052097
2019-08-29 01:40:00,0.0070466697
2019-08-29 01:50:00,0.018312097
2019-08-29 02:00:00,0.007905453
2019-08-29 02:10:00,0.017530292
2019-08-29 02:20:00,0.006732881
2019-08-29 02:30:00,0.016486704
2019-08-29 02:40:00,0.008309364
2019-08-29 02:50:00,0.017514408
2019-08-29 03:00:00,0.006924987
2019-08-29 03:10:00,0.016925126
2019-08-29 03:20:00,0.007867724
2019-08-29 03:30:00,0.016617
2019-08-29 03:40:00,0.0070031285
2019-08-29 03:50:00,0.017302096
2019-08-29 04:00:00,0.007624209
2019-08-29 04:10:00,0.016388208
2019-08-29 04:20:00,0.006293088
2019-08-29 04:30:00,0.015770942
2019-08-29 04:40:00,0.007196039
2019-08-29 04:50:00,0.014650077
2019-08-29 05:00:00,0.0059934855
2019-08-29 05:10:00,0.013676763
2019-08-29 05:20:00,0.0071148872
2019-08-29 05:30:00,0.015804589
2019-08-29 05:40:00,0.0066224635
2019-08-29 05:50:00,0.015803337
2019-08-29 06:00:00,0.0073658526
2019-08-29 06:10:00,0.01609984
2019-08-29 06:20:00,0.0063476264
2019-08-29 06:30:00,0.01544562
2019-08-29 06:40:00,0.0070399344
2019-08-29 06:50:00,0.014876634
2019-08-29 07:00:00,0.006299615
2019-08-29 07:10:00,0.014438361
2019-08-29 07:20:00,0.007047266
2019-08-29 07:30:00,0.01421541
2019-08-29 07:40:00,0.006258756
2019-08-29 07:50:00,0.013480306
2019-08-29 08:00:00,0.006846279
2019-08-29 08:10:00,0.01331377
2019-08-29 08:20:00,0.006141275
2019-08-29 08:30:00,0.012928307
2019-08-29 08:40:00,0.006644219
2019-08-29 08:50:00,0.012925714
2019-08-29 09:00:00,0.0060637295
2019-08-29 09:10:00,0.012778163
2019-08-29 09:20:00,0.0065662265
2019-08-29 09:30:00,0.013110012
2019-08-29 09:40:00,0.006117314
2019-08-29 09:50:00,0.012830704
2019-08-29 10:00:00,0.007189423
2019-08-29 10:10:00,0.012119561
2019-08-29 10:20:00,0.0068430305
2019-08-29 10:30:00,0.011543244
2019-08-29 10:40:00,0.007972598
2019-08-29 10:50:00,0.011615038
2019-08-29 11:00:00,0.0077442825
2019-08-29 11:10:00,0.012421638
2019-08-29 11:20:00,0.008769453
2019-08-29 11:30:00,0.012622058
2019-08-29 11:40:00,0.008011878
2019-08-29 11:50:00,0.013278693
2019-08-29 12:00:00,0.008640528
2019-08-29 12:10:00,0.013201654
2019-08-29 12:20:00,0.0085172355
2019-08-29 12:30:00,0.014267266
2019-08-29 12:40:00,0.009937525
2019-08-29 12:50:00,0.014446408
2019-08-29 13:00:00,0.009923607
2019-08-29 13:10:00,0.015771002
2019-08-29 13:20:00,0.0122825205
2019-08-29 13:30:00,0.016175658
2019-08-29 13:40:00,0.0123235285
2019-08-29 13:50:00,0.011220306
2019-08-29 14:00:00,0.0139710605
2019-08-29 14:10:00,0.010221779
2019-08-29 14:20:00,0.012745351
2019-08-29 14:30:00,0.00797087
2019-08-29 14:40:00,0.014062107
2019-08-29 14:50:00,0.007936448
2019-08-29 15:00:00,0.013507843
2019-08-29 15:10:00,0.009568363
2019-08-29 15:20:00,0.015314758
2019-08-29 15:30:00,0.009570777
2019-08-29 15:40:00,0.013813794
2019-08-29 15:50:00,0.009397775
2019-08-29 16:00:00,0.015175343
2019-08-29 16:10:00,0.009453684
2019-08-29 16:20:00,0.013880789
2019-08-29 16:30:00,0.008922517
2019-08-29 16:40:00,0.015088588
2019-08-29 16:50:00,0.009091973
2019-08-29 17:00:00,0.014479101
2019-08-29 17:10:00,0.008779973
2019-08-29 17:20:00,0.016154826
2019-08-29 17:30:00,0.008937657
2019-08-29 17:40:00,0.014473945
2019-08-29 17:50:00,0.008407712
2019-08-29 18:00:00,0.015121371
2019-08-29 18:10:00,0.00905481
2019-08-29 18:20:00,0.013499886
2019-08-29 18:30:00,0.009332746
2019-08-29 18:40:00,0.015018195
2019-08-29 18:50:00,0.009990007
2019-08-29 19:00:00,0.014062613
2019-08-29 19:10:00,0.008803487
2019-08-29 19:20:00,0.01557824
2019-08-29 19:30:00,0.00963524
2019-08-29 19:40:00,0.015309393
2019-08-29 19:50:00,0.0075425208
2019-08-29 20:00:00,0.015341282
2019-08-29 20:10:00,0.007955104
2019-08-29 20:20:00,0.014891475
2019-08-29 20:30:00,0.0069821477
2019-08-29 20:40:00,0.017179906
2019-08-29 20:50:00,0.00695017
2019-08-29 21:00:00,0.018092692
2019-08-29 21:10:00,0.0066373944
2019-08-29 21:20:00,0.021752656
2019-08-29 21:30:00,0.006619364
2019-08-29 21:40:00,0.020480603
2019-08-29 21:50:00,0.0052202344
2019-08-29 22:00:00,0.02157095
2019-08-29 22:10:00,0.006583333
2019-08-29 22:20:00,0.021267384
2019-08-29 22:30:00,0.0045910478
2019-08-29 22:40:00,0.02082935
2019-08-29 22:50:00,0.005411595
2019-08-29 23:00:00,0.021867871
2019-08-29 23:10:00,0.0042508543
2019-08-29 23:20:00,0.020854533
2019-08-29 23:30:00,0.0047894716
2019-08-29 23:40:00,0.020297348
2019-08-29 23:50:00,0.0036505163
2019-08-30 00:00:00,0.021387756
2019-08-30 00:10:00,0.004240304
2019-08-30 00:20:00,0.020565748
2019-08-30 00:30:00,0.00362584
2019-08-30 00:40:00,0.022039622
2019-08-30 00:50:00,0.0040344894
2019-08-30 01:00:00,0.022933036
2019-08-30 01:10:00,0.0037066042
2019-08-30 01:20:00,0.02469945
2019-08-30 01:30:00,0.004520029
2019-08-30 01:40:00,0.025624454
2019-08-30 01:50:00,0.0037627816
2019-08-30 02:00:00,0.026341587
2019-08-30 02:10:00,0.0046881437
2019-08-30 02:20:00,0.024407357
2019-08-30 02:30:00,0.0034962296
2019-08-30 02:40:00,0.024098575
2019-08-30 02:50:00,0.0042102933
2019-08-30 03:00:00,0.025588185
2019-08-30 03:10:00,0.0031384528
2019-08-30 03:20:00,0.026126593
2019-08-30 03:30:00,0.003800571
2019-08-30 03:40:00,0.024728745
2019-08-30 03:50:00,0.0029194355
2019-08-30 04:00:00,0.025452554
2019-08-30 04:10:00,0.0037771165
2019-08-30 04:20:00,0.025443524
2019-08-30 04:30:00,0.0029064417
2019-08-30 04:40:00,0.023088008
2019-08-30 04:50:00,0.0036846101
2019-08-30 05:00:00,0.02335602
2019-08-30 05:10:00,0.002886653
2019-08-30 05:20:00,0.023560673
2019-08-30 05:30:00,0.0037136376
2019-08-30 05:40:00,0.023217082
2019-08-30 05:50:00,0.00251773
2019-08-30 06:00:00,0.022071838
2019-08-30 06:10:00,0.003243804
2019-08-30 06:20:00,0.021283418
2019-08-30 06:30:00,0.002765566
2019-08-30 06:40:00,0.024087667
2019-08-30 06:50:00,0.0036375523
2019-08-30 07:00:00,0.02344668
2019-08-30 07:10:00,0.0028403997
2019-08-30 07:20:00,0.022914737
2019-08-30 07:30:00,0.0037076175
2019-08-30 07:40:00,0.022513866
2019-08-30 07:50:00,0.003015548
2019-08-30 08:00:00,0.02326101
2019-08-30 08:10:00,0.004170954
2019-08-30 08:20:00,0.023091406
2019-08-30 08:30:00,0.0031569898
2019-08-30 08:40:00,0.024166703
2019-08-30 08:50:00,0.00433293
2019-08-30 09:00:00,0.023311079
2019-08-30 09:10:00,0.0033768117
2019-08-30 09:20:00,0.023421586
2019-08-30 09:30:00,0.0045571327
2019-08-30 09:40:00,0.022458375
2019-08-30 09:50:00,0.0036964118
2019-08-30 10:00:00,0.02523005
2019-08-30 10:10:00,0.0052500665
2019-08-30 10:20:00,0.02487868
2019-08-30 10:30:00,0.0043103397
2019-08-30 10:40:00,0.027144969
2019-08-30 10:50:00,0.006331742
2019-08-30 11:00:00,0.026512891
2019-08-30 11:10:00,0.0052173138
2019-08-30 11:20:00,0.030159026
2019-08-30 11:30:00,0.007344067
2019-08-30 11:40:00,0.028650373
2019-08-30 11:50:00,0.005283594
2019-08-30 12:00:00,0.030877292
2019-08-30 12:10:00,0.007657796
2019-08-30 12:20:00,0.03023994
2019-08-30 12:30:00,0.0057548285
2019-08-30 12:40:00,0.03415537
2019-08-30 12:50:00,0.0081395805
2019-08-30 13:00:00,0.03296563
2019-08-30 13:10:00,0.0065155327
2019-08-30 13:20:00,0.033284366
2019-08-30 13:30:00,0.009070218
2019-08-30 13:40:00,0.032415062
2019-08-30 13:50:00,0.007942736
2019-08-30 14:00:00,0.03308475
2019-08-30 14:10:00,0.010132998
2019-08-30 14:20:00,0.03214076
2019-08-30 14:30:00,0.010161161
2019-08-30 14:40:00,0.037347794
2019-08-30 14:50:00,0.013481528
2019-08-30 15:00:00,0.034489244
2019-08-30 15:10:00,0.01124385
2019-08-30 15:20:00,0.03649935
2019-08-30 15:30:00,0.014338642
2019-08-30 15:40:00,0.032376826
2019-08-30 15:50:00,0.012046456
2019-08-30 16:00:00,0.03394386
2019-08-30 16:10:00,0.015285015
2019-08-30 16:20:00,0.03284794
2019-08-30 16:30:00,0.012649745
2019-08-30 16:40:00,0.034020573
2019-08-30 16:50:00,0.015187979
2019-08-30 17:00:00,0.032146633
2019-08-30 17:10:00,0.013782591
2019-08-30 17:20:00,0.034831792
2019-08-30 17:30:00,0.018153995
2019-08-30 17:40:00,0.032999933
2019-08-30 17:50:00,0.01650691
2019-08-30 18:00:00,0.035906106
2019-08-30 18:10:00,0.021523356
2019-08-30 18:20:00,0.036510944
2019-08-30 18:30:00,0.016785055
2019-08-30 18:40:00,0.039062977
2019-08-30 18:50:00,0.01903662
2019-08-30 19:00:00,0.03496644
2019-08-30 19:10:00,0.015531808
2019-08-30 19:20:00,0.038235843
2019-08-30 19:30:00,0.018764973
2019-08-30 19:40:00,0.03495729
2019-08-30 19:50:00,0.018527329
2019-08-30 20:00:00,0.037542522
2019-08-30 20:10:00,0.022349149
2019-08-30 20:20:00,0.03313017
2019-08-30 20:30:00,0.022171646
2019-08-30 20:40:00,0.035549015
2019-08-30 20:50:00,0.024861425
2019-08-30 21:00:00,0.033139706
2019-08-30 21:10:00,0.022375554
2019-08-30 21:20:00,0.038345695
2019-08-30 21:30:00,0.023299217
2019-08-30 21:40:00,0.031916022
2019-08-30 21:50:00,0.031864285
2019-08-30 22:00:00,0.035595298
2019-08-30 22:10:00,0.034040958
2019-08-30 22:20:00,0.031782657
2019-08-30 22:30:00,0.031921804
2019-08-30 22:40:00,0.036215752
2019-08-30 22:50:00,0.034774512
2019-08-30 23:00:00,0.031527072
2019-08-30 23:10:00,0.031014264
2019-08-30 23:20:00,0.03786874
2019-08-30 23:30:00,0.034429014
2019-08-30 23:40:00,0.03329739
2019-08-30 23:50:00,0.03221786
2019-08-31 00:00:00,0.03964722
2019-08-31 00:10:00,0.03435102
2019-08-31 00:20:00,0.03223315
2019-08-31 00:30:00,0.03296581
2019-08-31 00:40:00,0.04288304
2019-08-31 00:50:00,0.031942815
2019-08-31 01:00:00,0.03584373
2019-08-31 01:10:00,0.030445248
2019-08-31 01:20:00,0.042623192
2019-08-31 01:30:00,0.028799862
2019-08-31 01:40:00,0.035151064
2019-08-31 01:50:00,0.028818667
2019-08-31 02:00:00,0.040149182
2019-08-31 02:10:00,0.027787358
2019-08-31 02:20:00,0.033610016
2019-08-31 02:30:00,0.030895025
2019-08-31 02:40:00,0.03689921
2019-08-31 02:50:00,0.02532667
2019-08-31 03:00:00,0.030509263
2019-08-31 03:10:00,0.023760617
2019-08-31 03:20:00,0.03236121
2019-08-31 03:30:00,0.022234172
2019-08-31 03:40:00,0.026020765
2019-08-31 03:50:00,0.021903872
2019-08-31 04:00:00,0.027292639
2019-08-31 04:10:00,0.016083509
2019-08-31 04:20:00,0.020014912
2019-08-31 04:30:00,0.019376695
2019-08-31 04:40:00,0.020872325
2019-08-31 04:50:00,0.014968991
2019-08-31 05:00:00,0.017366558
2019-08-31 05:10:00,0.016133666
2019-08-31 05:20:00,0.0204736
2019-08-31 05:30:00,0.015654474
2019-08-31 05:40:00,0.015661001
2019-08-31 05:50:00,0.016110599
2019-08-31 06:00:00,0.018822163
2019-08-31 06:10:00,0.013255268
2019-08-31 06:20:00,0.014857143
2019-08-31 06:30:00,0.015080631
2019-08-31 06:40:00,0.017393947
2019-08-31 06:50:00,0.012683809
2019-08-31 07:00:00,0.0135706365
2019-08-31 07:10:00,0.012847751
2019-08-31 07:20:00,0.015615761
2019-08-31 07:30:00,0.0113168955
2019-08-31 07:40:00,0.012680888
2019-08-31 07:50:00,0.0116790235
2019-08-31 08:00:00,0.014708251
2019-08-31 08:10:00,0.0098154545
2019-08-31 08:20:00,0.011814505
2019-08-31 08:30:00,0.010403544
2019-08-31 08:40:00,0.0140398145
2019-08-31 08:50:00,0.00853762
2019-08-31 09:00:00,0.011485249
2019-08-31 09:10:00,0.00887236
2019-08-31 09:20:00,0.013957053
2019-08-31 09:30:00,0.0075050294
2019-08-31 09:40:00,0.011796266
2019-08-31 09:50:00,0.008588821
2019-08-31 10:00:00,0.015876383
2019-08-31 10:10:00,0.007894695
2019-08-31 10:20:00,0.012669355
2019-08-31 10:30:00,0.007973373
2019-08-31 10:40:00,0.013582885
2019-08-31 10:50:00,0.006032586
2019-08-31 11:00:00,0.011203408
2019-08-31 11:10:00,0.007372439
2019-08-31 11:20:00,0.0133017
2019-08-31 11:30:00,0.0063306093
2019-08-31 11:40:00,0.0112193525
2019-08-31 11:50:00,0.0064913332
2019-08-31 12:00:00,0.01390329
2019-08-31 12:10:00,0.005411893
2019-08-31 12:20:00,0.01211375
2019-08-31 12:30:00,0.0054499805
2019-08-31 12:40:00,0.014542401
2019-08-31 12:50:00,0.0050429106
2019-08-31 13:00:00,0.013040155
2019-08-31 13:10:00,0.0047399104
2019-08-31 13:20:00,0.016563505
2019-08-31 13:30:00,0.004836321
2019-08-31 13:40:00,0.013749242
2019-08-31 13:50:00,0.0047677755
2019-08-31 14:00:00,0.015825272
2019-08-31 14:10:00,0.0037785769
2019-08-31 14:20:00,0.013797343
2019-08-31 14:30:00,0.003961146
2019-08-31 14:40:00,0.015003711
2019-08-31 14:50:00,0.003964603
2019-08-31 15:00:00,0.013428807
2019-08-31 15:10:00,0.0038235784
2019-08-31 15:20:00,0.014874965
2019-08-31 15:30:00,0.0036695302
2019-08-31 15:40:00,0.0131118
2019-08-31 15:50:00,0.00379467
2019-08-31 16:00:00,0.01541397
2019-08-31 16:10:00,0.0035799146
2019-08-31 16:20:00,0.01327315
2019-08-31 16:30:00,0.0035140514
2019-08-31 16:40:00,0.014751315
2019-08-31 16:50:00,0.0032639503
2019-08-31 17:00:00,0.013207048
2019-08-31 17:10:00,0.003248006
2019-08-31 17:20:00,0.01357016
2019-08-31 17:30:00,0.0029793382
2019-08-31 17:40:00,0.012134969
2019-08-31 17:50:00,0.0029157102
2019-08-31 18:00:00,0.0126414
2019-08-31 18:10:00,0.00268808
2019-08-31 18:20:00,0.010444552
2019-08-31 18:30:00,0.0025729835
2019-08-31 18:40:00,0.012165666
2019-08-31 18:50:00,0.002396077
2019-08-31 19:00:00,0.0107343495
2019-08-31 19:10:00,0.002280265
2019-08-31 19:20:00,0.014220983
2019-08-31 19:30:00,0.0025484562
2019-08-31 19:40:00,0.009776443
2019-08-31 19:50:00,0.0023521483
2019-08-31 20:00:00,0.011307299
2019-08-31 20:10:00,0.0023373365
2019-08-31 20:20:00,0.0089378655
2019-08-31 20:30:00,0.0020636916
2019-08-31 20:40:00,0.0111655
2019-08-31 20:50:00,0.0021927357
2019-08-31 21:00:00,0.009820461
2019-08-31 21:10:00,0.0022207499
2019-08-31 21:20:00,0.010948509
2019-08-31 21:30:00,0.0022899508
2019-08-31 21:40:00,0.009840906
2019-08-31 21:50:00,0.0021146238
2019-08-31 22:00:00,0.011482209
2019-08-31 22:10:00,0.0023871362
2019-08-31 22:20:00,0.010441303
2019-08-31 22:30:00,0.002152145
2019-08-31 22:40:00,0.011718184
2019-08-31 22:50:00,0.002450794
2019-08-31 23:00:00,0.010326624
2019-08-31 23:10:00,0.0023711026
2019-08-31 23:20:00,0.011669517
2019-08-31 23:30:00,0.0024330318
2019-08-31 23:40:00,0.009801835
2019-08-31 23:50:00,0.002182752
2019-09-01 00:00:00,0.0110113025
2019-09-01 00:10:00,0.002270639
2019-09-01 00:20:00,0.010107487
2019-09-01 00:30:00,0.0021460652
2019-09-01 00:40:00,0.010581136
2019-09-01 00:50:00,0.0024618506
2019-09-01 01:00:00,0.009866297
2019-09-01 01:10:00,0.0021746159
2019-09-01 01:20:00,0.011749804
2019-09-01 01:30:00,0.0023900867
2019-09-01 01:40:00,0.009305954
2019-09-01 01:50:00,0.0023090541
2019-09-01 02:00:00,0.010473609
2019-09-01 02:10:00,0.0025309324
2019-09-01 02:20:00,0.008826762
2019-09-01 02:30:00,0.0025321841
2019-09-01 02:40:00,0.01055634
2019-09-01 02:50:00,0.002624154
2019-09-01 03:00:00,0.010224193
2019-09-01 03:10:00,0.0028091073
2019-09-01 03:20:00,0.012323469
2019-09-01 03:30:00,0.0031960309
2019-09-01 03:40:00,0.011768609
2019-09-01 03:50:00,0.0034460425
2019-09-01 04:00:00,0.01342845
2019-09-01 04:10:00,0.0038593113
2019-09-01 04:20:00,0.012564421
2019-09-01 04:30:00,0.0037225485
2019-09-01 04:40:00,0.013877064
2019-09-01 04:50:00,0.0045897663
2019-09-01 05:00:00,0.014563471
2019-09-01 05:10:00,0.0042156875
2019-09-01 05:20:00,0.014773697
2019-09-01 05:30:00,0.005070269
2019-09-01 05:40:00,0.012973219
2019-09-01 05:50:00,0.0045214295
2019-09-01 06:00:00,0.013465673
2019-09-01 06:10:00,0.005050689
2019-09-01 06:20:00,0.012718648
2019-09-01 06:30:00,0.0045675933
2019-09-01 06:40:00,0.014444947
2019-09-01 06:50:00,0.004951149
2019-09-01 07:00:00,0.012999684
2019-09-01 07:10:00,0.0042412877
2019-09-01 07:20:00,0.014410198
2019-09-01 07:30:00,0.004912913
2019-09-01 07:40:00,0.013917774
2019-09-01 07:50:00,0.004671514
2019-09-01 08:00:00,0.014282316
2019-09-01 08:10:00,0.0050517023
2019-09-01 08:20:00,0.0136318505
2019-09-01 08:30:00,0.004655272
2019-09-01 08:40:00,0.014114648
2019-09-01 08:50:00,0.0050110817
2019-09-01 09:00:00,0.012809545
2019-09-01 09:10:00,0.0050344467
2019-09-01 09:20:00,0.014344603
2019-09-01 09:30:00,0.0062789917
2019-09-01 09:40:00,0.015016556
2019-09-01 09:50:00,0.0061205626
2019-09-01 10:00:00,0.016120523
2019-09-01 10:10:00,0.0083914995
2019-09-01 10:20:00,0.0153645575
2019-09-01 10:30:00,0.008397162
2019-09-01 10:40:00,0.016589552
2019-09-01 10:50:00,0.009036243
2019-09-01 11:00:00,0.015657395
2019-09-01 11:10:00,0.010313183
2019-09-01 11:20:00,0.017637521
2019-09-01 11:30:00,0.008291483
2019-09-01 11:40:00,0.015755683
2019-09-01 11:50:00,0.010610253
2019-09-01 12:00:00,0.017206997
2019-09-01 12:10:00,0.011436105
2019-09-01 12:20:00,0.016921401
2019-09-01 12:30:00,0.010402352
2019-09-01 12:40:00,0.01625818
2019-09-01 12:50:00,0.010559499
2019-09-01 13:00:00,0.014320314
2019-09-01 13:10:00,0.009340167
2019-09-01 13:20:00,0.014008105
2019-09-01 13:30:00,0.009127706
2019-09-01 13:40:00,0.012601346
2019-09-01 13:50:00,0.0091433525
2019-09-01 14:00:00,0.012124449
2019-09-01 14:10:00,0.009676486
2019-09-01 14:20:00,0.01096198
2019-09-01 14:30:00,0.008307874
2019-09-01 14:40:00,0.01058954
2019-09-01 14:50:00,0.008612394
2019-09-01 15:00:00,0.010402828
2019-09-01 15:10:00,0.008363336
2019-09-01 15:20:00,0.011061758
2019-09-01 15:30:00,0.008769602
2019-09-01 15:40:00,0.010835856
2019-09-01 15:50:00,0.006928414
2019-09-01 16:00:00,0.011101365
2019-09-01 16:10:00,0.007035196
2019-09-01 16:20:00,0.01022467
2019-09-01 16:30:00,0.00591588
2019-09-01 16:40:00,0.010216683
2019-09-01 16:50:00,0.006522447
2019-09-01 17:00:00,0.009147435
2019-09-01 17:10:00,0.0056453943
2019-09-01 17:20:00,0.008782327
2019-09-01 17:30:00,0.0056880116
2019-09-01 17:40:00,0.00836879
2019-09-01 17:50:00,0.0052086115
2019-09-01 18:00:00,0.0087275505
2019-09-01 18:10:00,0.0044670403
2019-09-01 18:20:00,0.008507788
2019-09-01 18:30:00,0.004104674
2019-09-01 18:40:00,0.008106798
2019-09-01 18:50:00,0.0045919716
2019-09-01 19:00:00,0.007628292
2019-09-01 19:10:00,0.0039877295
2019-09-01 19:20:00,0.0070187747
2019-09-01 19:30:00,0.0041352212
2019-09-01 19:40:00,0.006484896
2019-09-01 19:50:00,0.0038195252
2019-09-01 20:00:00,0.0058152676
2019-09-01 20:10:00,0.004321158
2019-09-01 20:20:00,0.00552845
2019-09-01 20:30:00,0.0037326515
2019-09-01 20:40:00,0.005471647
2019-09-01 20:50:00,0.0037986338
2019-09-01 21:00:00,0.0052732825
2019-09-01 21:10:00,0.0034701824
2019-09-01 21:20:00,0.005684525
2019-09-01 21:30:00,0.003653109
2019-09-01 21:40:00,0.005299777
2019-09-01 21:50:00,0.0032669902
2019-09-01 22:00:00,0.0051442087
2019-09-01 22:10:00,0.0037783086
2019-09-01 22:20:00,0.00510934
2019-09-01 22:30:00,0.0033875704
2019-09-01 22:40:00,0.0053075254
2019-09-01 22:50:00,0.0034882724
2019-09-01 23:00:00,0.004943639
2019-09-01 23:10:00,0.0033080578
2019-09-01 23:20:00,0.004989743
2019-09-01 23:30:00,0.0035897791
2019-09-01 23:40:00,0.005032003
2019-09-01 23:50:00,0.003347516
2019-09-02 00:00:00,0.005464226
2019-09-02 00:10:00,0.003962517
2019-09-02 00:20:00,0.0054700673
2019-09-02 00:30:00,0.0036311448
2019-09-02 00:40:00,0.0058362186
2019-09-02 00:50:00,0.003878206
2019-09-02 01:00:00,0.0057668686
2019-09-02 01:10:00,0.0036833286
2019-09-02 01:20:00,0.005757451
2019-09-02 01:30:00,0.004164368
2019-09-02 01:40:00,0.005837947
2019-09-02 01:50:00,0.003946066
2019-09-02 02:00:00,0.0059452355
2019-09-02 02:10:00,0.0039469004
2019-09-02 02:20:00,0.00619179
2019-09-02 02:30:00,0.003788203
2019-09-02 02:40:00,0.005802989
2019-09-02 02:50:00,0.0039868653
2019-09-02 03:00:00,0.0059369504
2019-09-02 03:10:00,0.0038065016
2019-09-02 03:20:00,0.0060169697
2019-09-02 03:30:00,0.004208386
2019-09-02 03:40:00,0.006124735
2019-09-02 03:50:00,0.003695339
2019-09-02 04:00:00,0.00593251
2019-09-02 04:10:00,0.003926635
2019-09-02 04:20:00,0.00567919
2019-09-02 04:30:00,0.0036098063
2019-09-02 04:40:00,0.005932778
2019-09-02 04:50:00,0.004009038
2019-09-02 05:00:00,0.0056185424
2019-09-02 05:10:00,0.003828615
2019-09-02 05:20:00,0.0056120157
2019-09-02 05:30:00,0.003857404
2019-09-02 05:40:00,0.0053054094
2019-09-02 05:50:00,0.0034630597
2019-09-02 06:00:00,0.005360514
2019-09-02 06:10:00,0.0038082898
2019-09-02 06:20:00,0.004878998
2019-09-02 06:30:00,0.0036627054
2019-09-02 06:40:00,0.005614549
2019-09-02 06:50:00,0.004131466
2019-09-02 07:00:00,0.005305797
2019-09-02 07:10:00,0.003817141
2019-09-02 07:20:00,0.0055224
2019-09-02 07:30:00,0.004308492
2019-09-02 07:40:00,0.005840808
2019-09-02 07:50:00,0.0042825937
2019-09-02 08:00:00,0.005673468
2019-09-02 08:10:00,0.0045258105
2019-09-02 08:20:00,0.005877137
2019-09-02 08:30:00,0.004611522
2019-09-02 08:40:00,0.0056517124
2019-09-02 08:50:00,0.0040003657
2019-09-02 09:00:00,0.005180955
2019-09-02 09:10:00,0.0035553873
2019-09-02 09:20:00,0.0048908293
2019-09-02 09:30:00,0.0038431883
2019-09-02 09:40:00,0.0044264197
2019-09-02 09:50:00,0.0033112764
2019-09-02 10:00:00,0.0039771497
2019-09-02 10:10:00,0.0036351085
2019-09-02 10:20:00,0.003800124
2019-09-02 10:30:00,0.003589809
2019-09-02 10:40:00,0.0038270652
2019-09-02 10:50:00,0.0037901402
2019-09-02 11:00:00,0.0036854446
2019-09-02 11:10:00,0.003847003
2019-09-02 11:20:00,0.0038853288
2019-09-02 11:30:00,0.0037938356
2019-09-02 11:40:00,0.0034541786
2019-09-02 11:50:00,0.0034537315
2019-09-02 12:00:00,0.0032169223
2019-09-02 12:10:00,0.003497541
2019-09-02 12:20:00,0.0028856993
2019-09-02 12:30:00,0.0034255087
2019-09-02 12:40:00,0.003165543
2019-09-02 12:50:00,0.003723979
2019-09-02 13:00:00,0.0032139122
2019-09-02 13:10:00,0.003833443
2019-09-02 13:20:00,0.0034804642
2019-09-02 13:30:00,0.0038746
2019-09-02 13:40:00,0.003163308
2019-09-02 13:50:00,0.00417912
2019-09-02 14:00:00,0.0037111938
2019-09-02 14:10:00,0.0041386187
2019-09-02 14:20:00,0.0033559203
2019-09-02 14:30:00,0.004458815
2019-09-02 14:40:00,0.0035276413
2019-09-02 14:50:00,0.0044205487
2019-09-02 15:00:00,0.0030795336
2019-09-02 15:10:00,0.0043180883
2019-09-02 15:20:00,0.0033320785
2019-09-02 15:30:00,0.0044202507
2019-09-02 15:40:00,0.0028135478
2019-09-02 15:50:00,0.0042624474
2019-09-02 16:00:00,0.0032334924
2019-09-02 16:10:00,0.004577875
2019-09-02 16:20:00,0.002855271
2019-09-02 16:30:00,0.004465282
2019-09-02 16:40:00,0.0032187104
2019-09-02 16:50:00,0.0046524107
2019-09-02 17:00:00,0.0030125976
2019-09-02 17:10:00,0.004456371
2019-09-02 17:20:00,0.0034280121
2019-09-02 17:30:00,0.0043527186
2019-09-02 17:40:00,0.0030165315
2019-09-02 17:50:00,0.0044689476
2019-09-02 18:00:00,0.003248781
2019-09-02 18:10:00,0.0048077106
2019-09-02 18:20:00,0.0031198561
2019-09-02 18:30:00,0.0045383573
2019-09-02 18:40:00,0.0034129918
2019-09-02 18:50:00,0.0045931637
2019-09-02 19:00:00,0.0032390058
2019-09-02 19:10:00,0.0049247444
2019-09-02 19:20:00,0.0036219358
2019-09-02 19:30:00,0.0046420395
2019-09-02 19:40:00,0.0029506683
2019-09-02 19:50:00,0.0047245324
2019-09-02 20:00:00,0.0038270056
2019-09-02 20:10:00,0.004823029
2019-09-02 20:20:00,0.003323108
2019-09-02 20:30:00,0.005292952
2019-09-02 20:40:00,0.0042248964
2019-09-02 20:50:00,0.005189389
2019-09-02 21:00:00,0.0037039518
2019-09-02 21:10:00,0.0051236153
2019-09-02 21:20:00,0.004185289
2019-09-02 21:30:00,0.0045226216
2019-09-02 21:40:00,0.0033960044
2019-09-02 21:50:00,0.0051800013
2019-09-02 22:00:00,0.0038265288
2019-09-02 22:10:00,0.004173577
2019-09-02 22:20:00,0.0030617714
2019-09-02 22:30:00,0.00470677
2019-09-02 22:40:00,0.0030976236
2019-09-02 22:50:00,0.0036914647
2019-09-02 23:00:00,0.0026715994
2019-09-02 23:10:00,0.00384897
2019-09-02 23:20:00,0.002886504
2019-09-02 23:30:00,0.0031079054
2019-09-02 23:40:00,0.002420187
2019-09-02 23:50:00,0.003505975
2019-09-03 00:00:00,0.0028956532
2019-09-03 00:10:00,0.0032345057
2019-09-03 00:20:00,0.0023744702
2019-09-03 00:30:00,0.0030615926
2019-09-03 00:40:00,0.002690196
2019-09-03 00:50:00,0.00310421
2019-09-03 01:00:00,0.0024107397
2019-09-03 01:10:00,0.0034099221
2019-09-03 01:20:00,0.0026975274
2019-09-03 01:30:00,0.0032106638
2019-09-03 01:40:00,0.0024487376
2019-09-03 01:50:00,0.003401339
2019-09-03 02:00:00,0.0032681525
2019-09-03 02:10:00,0.003531903
2019-09-03 02:20:00,0.0030335486
2019-09-03 02:30:00,0.0036257505
2019-09-03 02:40:00,0.003398329
2019-09-03 02:50:00,0.00316298
2019-09-03 03:00:00,0.003144443
2019-09-03 03:10:00,0.0035081506
2019-09-03 03:20:00,0.003564626
2019-09-03 03:30:00,0.0031380057
2019-09-03 03:40:00,0.0031894445
2019-09-03 03:50:00,0.0033316612
2019-09-03 04:00:00,0.0033249855
2019-09-03 04:10:00,0.002922386
2019-09-03 04:20:00,0.0029098094
2019-09-03 04:30:00,0.0031356514
2019-09-03 04:40:00,0.0031621456
2019-09-03 04:50:00,0.0028473735
2019-09-03 05:00:00,0.0027124286
2019-09-03 05:10:00,0.0028897822
2019-09-03 05:20:00,0.002991259
2019-09-03 05:30:00,0.0024835765
2019-09-03 05:40:00,0.0028694868
2019-09-03 05:50:00,0.0026532114
2019-09-03 06:00:00,0.003291577
2019-09-03 06:10:00,0.0022640526
2019-09-03 06:20:00,0.0027879775
2019-09-03 06:30:00,0.0024144948
2019-09-03 06:40:00,0.0032685697
2019-09-03 06:50:00,0.002061993
2019-09-03 07:00:00,0.0027534068
2019-09-03 07:10:00,0.0021769404
2019-09-03 07:20:00,0.0028852522
2019-09-03 07:30:00,0.0020342767
2019-09-03 07:40:00,0.002387911
2019-09-03 07:50:00,0.0021484792
2019-09-03 08:00:00,0.0025300384
2019-09-03 08:10:00,0.0018002987
2019-09-03 08:20:00,0.002399087
2019-09-03 08:30:00,0.001976788
2019-09-03 08:40:00,0.0029095113
2019-09-03 08:50:00,0.0017980039
2019-09-03 09:00:00,0.002534449
2019-09-03 09:10:00,0.0018933415
2019-09-03 09:20:00,0.0028458834
2019-09-03 09:30:00,0.0017103553
2019-09-03 09:40:00,0.0026205182
2019-09-03 09:50:00,0.0019702315
2019-09-03 10:00:00,0.003200531
2019-09-03 10:10:00,0.0018669665
2019-09-03 10:20:00,0.0030897558
2019-09-03 10:30:00,0.0019005835
2019-09-03 10:40:00,0.0035648346
2019-09-03 10:50:00,0.0018465221
2019-09-03 11:00:00,0.003122449
2019-09-03 11:10:00,0.0019029081
2019-09-03 11:20:00,0.0036478639
2019-09-03 11:30:00,0.0019409955
2019-09-03 11:40:00,0.0034067035
2019-09-03 11:50:00,0.0018754601
2019-09-03 12:00:00,0.0039541423
2019-09-03 12:10:00,0.0019139051
2019-09-03 12:20:00,0.00382334
2019-09-03 12:30:00,0.002072841
2019-09-03 12:40:00,0.0048817396
2019-09-03 12:50:00,0.0019395947
2019-09-03 13:00:00,0.004108399
2019-09-03 13:10:00,0.0019606352
2019-09-03 13:20:00,0.005021453
2019-09-03 13:30:00,0.0019193292
2019-09-03 13:40:00,0.0044457614
2019-09-03 13:50:00,0.002049148
2019-09-03 14:00:00,0.005264193
2019-09-03 14:10:00,0.0020059943
2019-09-03 14:20:00,0.0045726
2019-09-03 14:30:00,0.0020860732
2019-09-03 14:40:00,0.005288273
2019-09-03 14:50:00,0.002298385
2019-09-03 15:00:00,0.0048287213
2019-09-03 15:10:00,0.002196759
2019-09-03 15:20:00,0.005991578
2019-09-03 15:30:00,0.002365142
2019-09-03 15:40:00,0.0054148138
2019-09-03 15:50:00,0.0024389625
2019-09-03 16:00:00,0.0070470273
2019-09-03 16:10:00,0.0026554763
2019-09-03 16:20:00,0.006745577
2019-09-03 16:30:00,0.0026701689
2019-09-03 16:40:00,0.007981807
2019-09-03 16:50:00,0.003112644
2019-09-03 17:00:00,0.0077804625
2019-09-03 17:10:00,0.0030580163
2019-09-03 17:20:00,0.009068131
2019-09-03 17:30:00,0.003182292
2019-09-03 17:40:00,0.009371161
2019-09-03 17:50:00,0.0033316314
2019-09-03 18:00:00,0.009880185
2019-09-03 18:10:00,0.0033488572
2019-09-03 18:20:00,0.009129763
2019-09-03 18:30:00,0.002837658
2019-09-03 18:40:00,0.009716421
2019-09-03 18:50:00,0.0029117465
2019-09-03 19:00:00,0.008616805
2019-09-03 19:10:00,0.0025912821
2019-09-03 19:20:00,0.009405345
2019-09-03 19:30:00,0.0028764606
2019-09-03 19:40:00,0.009144902
2019-09-03 19:50:00,0.002562672
2019-09-03 20:00:00,0.009518594
2019-09-03 20:10:00,0.003100276
2019-09-03 20:20:00,0.009235442
2019-09-03 20:30:00,0.0029521883
2019-09-03 20:40:00,0.010511994
2019-09-03 20:50:00,0.0031026006
2019-09-03 21:00:00,0.009111047
2019-09-03 21:10:00,0.003107518
2019-09-03 21:20:00,0.01084888
2019-09-03 21:30:00,0.0036677718
2019-09-03 21:40:00,0.010090321
2019-09-03 21:50:00,0.0033897758
2019-09-03 22:00:00,0.0123142
2019-09-03 22:10:00,0.004080087
2019-09-03 22:20:00,0.011659652
2019-09-03 22:30:00,0.0035697818
2019-09-03 22:40:00,0.012994617
2019-09-03 22:50:00,0.0044882894
2019-09-03 23:00:00,0.011727512
2019-09-03 23:10:00,0.00358662
2019-09-03 23:20:00,0.012053132
2019-09-03 23:30:00,0.004869014
2019-09-03 23:40:00,0.011331469
2019-09-03 23:50:00,0.003691405
2019-09-04 00:00:00,0.010913283
2019-09-04 00:10:00,0.004450023
2019-09-04 00:20:00,0.0087558925
2019-09-04 00:30:00,0.0030275881
2019-09-04 00:40:00,0.009217709
2019-09-04 00:50:00,0.0037370622
2019-09-04 01:00:00,0.0076647997
2019-09-04 01:10:00,0.0034216642
2019-09-04 01:20:00,0.007209897
2019-09-04 01:30:00,0.004270673
2019-09-04 01:40:00,0.007137269
2019-09-04 01:50:00,0.0035253465
2019-09-04 02:00:00,0.0077236295
2019-09-04 02:10:00,0.004756868
2019-09-04 02:20:00,0.006465435
2019-09-04 02:30:00,0.0037696064
2019-09-04 02:40:00,0.00781852
2019-09-04 02:50:00,0.004976213
2019-09-04 03:00:00,0.007877082
2019-09-04 03:10:00,0.0038440824
2019-09-04 03:20:00,0.007761985
2019-09-04 03:30:00,0.0047875047
2019-09-04 03:40:00,0.008184731
2019-09-04 03:50:00,0.0035920143
2019-09-04 04:00:00,0.008304238
2019-09-04 04:10:00,0.004761815
2019-09-04 04:20:00,0.00879249
2019-09-04 04:30:00,0.003567338
2019-09-04 04:40:00,0.007822096
2019-09-04 04:50:00,0.005553156
2019-09-04 05:00:00,0.007780373
2019-09-04 05:10:00,0.0040336847
2019-09-04 05:20:00,0.0076633096
2019-09-04 05:30:00,0.0049850345
2019-09-04 05:40:00,0.007872015
2019-09-04 05:50:00,0.0039776266
2019-09-04 06:00:00,0.0066027343
2019-09-04 06:10:00,0.004994899
2019-09-04 06:20:00,0.007283509
2019-09-04 06:30:00,0.003943324
2019-09-04 06:40:00,0.0067743957
2019-09-04 06:50:00,0.00575161
2019-09-04 07:00:00,0.0068027675
2019-09-04 07:10:00,0.0042972863
2019-09-04 07:20:00,0.006343603
2019-09-04 07:30:00,0.0060200393
2019-09-04 07:40:00,0.007167995
2019-09-04 07:50:00,0.004429251
2019-09-04 08:00:00,0.0061048567
2019-09-04 08:10:00,0.005520642
2019-09-04 08:20:00,0.0062247515
2019-09-04 08:30:00,0.004092425
2019-09-04 08:40:00,0.0052172244
2019-09-04 08:50:00,0.005438
2019-09-04 09:00:00,0.0055559576
2019-09-04 09:10:00,0.0038866699
2019-09-04 09:20:00,0.0045644343
2019-09-04 09:30:00,0.004894972
2019-09-04 09:40:00,0.0050005913
2019-09-04 09:50:00,0.0036685169
2019-09-04 10:00:00,0.004455924
2019-09-04 10:10:00,0.0053805113
2019-09-04 10:20:00,0.0052494705
2019-09-04 10:30:00,0.0041680634
2019-09-04 10:40:00,0.0050487816
2019-09-04 10:50:00,0.0053492785
2019-09-04 11:00:00,0.0059195757
2019-09-04 11:10:00,0.0040308535
2019-09-04 11:20:00,0.0053308606
2019-09-04 11:30:00,0.0055184066
2019-09-04 11:40:00,0.006134182
2019-09-04 11:50:00,0.0038202405
2019-09-04 12:00:00,0.004972607
2019-09-04 12:10:00,0.005322039
2019-09-04 12:20:00,0.006330967
2019-09-04 12:30:00,0.0041013956
2019-09-04 12:40:00,0.00529781
2019-09-04 12:50:00,0.0064387918
2019-09-04 13:00:00,0.0068273246
2019-09-04 13:10:00,0.005226046
2019-09-04 13:20:00,0.005919963
2019-09-04 13:30:00,0.0073572397
2019-09-04 13:40:00,0.0074288547
2019-09-04 13:50:00,0.00568074
2019-09-04 14:00:00,0.0063485503
2019-09-04 14:10:00,0.008098215
2019-09-04 14:20:00,0.0077960193
2019-09-04 14:30:00,0.0058286786
2019-09-04 14:40:00,0.006104529
2019-09-04 14:50:00,0.008033276
2019-09-04 15:00:00,0.0075271428
2019-09-04 15:10:00,0.006126702
2019-09-04 15:20:00,0.0058743358
2019-09-04 15:30:00,0.008075088
2019-09-04 15:40:00,0.00706318
2019-09-04 15:50:00,0.0062515438
2019-09-04 16:00:00,0.00614202
2019-09-04 16:10:00,0.008230269
2019-09-04 16:20:00,0.007723868
2019-09-04 16:30:00,0.0060601532
2019-09-04 16:40:00,0.005592108
2019-09-04 16:50:00,0.008727282
2019-09-04 17:00:00,0.007169068
2019-09-04 17:10:00,0.006803125
2019-09-04 17:20:00,0.0061487257
2019-09-04 17:30:00,0.008558065
2019-09-04 17:40:00,0.007675141
2019-09-04 17:50:00,0.0063479543
2019-09-04 18:00:00,0.0066925585
2019-09-04 18:10:00,0.0088991225
2019-09-04 18:20:00,0.008218944
2019-09-04 18:30:00,0.006620884
2019-09-04 18:40:00,0.00653252
2019-09-04 18:50:00,0.009406418
2019-09-04 19:00:00,0.00833571
2019-09-04 19:10:00,0.0077506304
2019-09-04 19:20:00,0.006798774
2019-09-04 19:30:00,0.009803355
2019-09-04 19:40:00,0.008822948
2019-09-04 19:50:00,0.0077002645
2019-09-04 20:00:00,0.0073717237
2019-09-04 20:10:00,0.01007238
2019-09-04 20:20:00,0.009357631
2019-09-04 20:30:00,0.007762432
2019-09-04 20:40:00,0.007676095
2019-09-04 20:50:00,0.010266632
2019-09-04 21:00:00,0.010011762
2019-09-04 21:10:00,0.008328557
2019-09-04 21:20:00,0.008076847
2019-09-04 21:30:00,0.010859072
2019-09-04 21:40:00,0.009797633
2019-09-04 21:50:00,0.009007037
2019-09-04 22:00:00,0.0064952075
2019-09-04 22:10:00,0.012285709
2019-09-04 22:20:00,0.007978052
2019-09-04 22:30:00,0.010270089
2019-09-04 22:40:00,0.0066969395
2019-09-04 22:50:00,0.012838721
2019-09-04 23:00:00,0.008926302
2019-09-04 23:10:00,0.009812415
2019-09-04 23:20:00,0.006966889
2019-09-04 23:30:00,0.012378663
2019-09-04 23:40:00,0.009401083
2019-09-04 23:50:00,0.010767937
2019-09-05 00:00:00,0.007657796
2019-09-05 00:10:00,0.014160246
2019-09-05 00:20:00,0.009797275
2019-09-05 00:30:00,0.011338115
2019-09-05 00:40:00,0.008069247
2019-09-05 00:50:00,0.014059484
2019-09-05 01:00:00,0.010227829
2019-09-05 01:10:00,0.013250858
2019-09-05 01:20:00,0.008001715
2019-09-05 01:30:00,0.015224457
2019-09-05 01:40:00,0.010782123
2019-09-05 01:50:00,0.013137102
2019-09-05 02:00:00,0.009804845
2019-09-05 02:10:00,0.01924339
2019-09-05 02:20:00,0.012833208
2019-09-05 02:30:00,0.016654968
2019-09-05 02:40:00,0.009743094
2019-09-05 02:50:00,0.01726225
2019-09-05 03:00:00,0.012849182
2019-09-05 03:10:00,0.016478688
2019-09-05 03:20:00,0.008116007
2019-09-05 03:30:00,0.012788832
2019-09-05 03:40:00,0.009919256
2019-09-05 03:50:00,0.011526167
2019-09-05 04:00:00,0.006547183
2019-09-05 04:10:00,0.01064235
2019-09-05 04:20:00,0.007996231
2019-09-05 04:30:00,0.009474665
2019-09-05 04:40:00,0.0065701306
2019-09-05 04:50:00,0.012556881
2019-09-05 05:00:00,0.008738011
2019-09-05 05:10:00,0.00993675
2019-09-05 05:20:00,0.005589843
2019-09-05 05:30:00,0.012049049
2019-09-05 05:40:00,0.00790146
2019-09-05 05:50:00,0.010544658
2019-09-05 06:00:00,0.005773008
2019-09-05 06:10:00,0.012472272
2019-09-05 06:20:00,0.008534759
2019-09-05 06:30:00,0.011881888
2019-09-05 06:40:00,0.006842315
2019-09-05 06:50:00,0.013228744
2019-09-05 07:00:00,0.009422243
2019-09-05 07:10:00,0.012264907
2019-09-05 07:20:00,0.007029623
2019-09-05 07:30:00,0.013002902
2019-09-05 07:40:00,0.009357065
2019-09-05 07:50:00,0.011941761
2019-09-05 08:00:00,0.007823616
2019-09-05 08:10:00,0.013407409
2019-09-05 08:20:00,0.009779334
2019-09-05 08:30:00,0.01248765
2019-09-05 08:40:00,0.0077631176
2019-09-05 08:50:00,0.01381126
2019-09-05 09:00:00,0.009559363
2019-09-05 09:10:00,0.012856096
2019-09-05 09:20:00,0.0077775717
2019-09-05 09:30:00,0.0132885575
2019-09-05 09:40:00,0.0087623
2019-09-05 09:50:00,0.012044728
2019-09-05 10:00:00,0.0067870617
2019-09-05 10:10:00,0.0129497945
2019-09-05 10:20:00,0.0075294375
2019-09-05 10:30:00,0.010973096
2019-09-05 10:40:00,0.006468296
2019-09-05 10:50:00,0.012188315
2019-09-05 11:00:00,0.0072642267
2019-09-05 11:10:00,0.010358006
2019-09-05 11:20:00,0.0057718754
2019-09-05 11:30:00,0.01078102
2019-09-05 11:40:00,0.006713927
2019-09-05 11:50:00,0.010095388
2019-09-05 12:00:00,0.0054467916
2019-09-05 12:10:00,0.0106571615
2019-09-05 12:20:00,0.0074327886
2019-09-05 12:30:00,0.009331524
2019-09-05 12:40:00,0.0061914325
2019-09-05 12:50:00,0.011110544
2019-09-05 13:00:00,0.0070154667
2019-09-05 13:10:00,0.008792013
2019-09-05 13:20:00,0.005210638
2019-09-05 13:30:00,0.009763002
2019-09-05 13:40:00,0.0059563518
2019-09-05 13:50:00,0.008541018
2019-09-05 14:00:00,0.004624605
2019-09-05 14:10:00,0.008136243
2019-09-05 14:20:00,0.005361676
2019-09-05 14:30:00,0.0075632334
2019-09-05 14:40:00,0.004488468
2019-09-05 14:50:00,0.0076028705
2019-09-05 15:00:00,0.0055609643
2019-09-05 15:10:00,0.0072769225
2019-09-05 15:20:00,0.0043703914
2019-09-05 15:30:00,0.007566184
2019-09-05 15:40:00,0.0052050054
2019-09-05 15:50:00,0.0068507493
2019-09-05 16:00:00,0.0044274926
2019-09-05 16:10:00,0.008186996
2019-09-05 16:20:00,0.005661607
2019-09-05 16:30:00,0.0072466433
2019-09-05 16:40:00,0.004645586
2019-09-05 16:50:00,0.0071879923
2019-09-05 17:00:00,0.0049657226
2019-09-05 17:10:00,0.006279975
2019-09-05 17:20:00,0.0034776628
2019-09-05 17:30:00,0.006531775
2019-09-05 17:40:00,0.004028231
2019-09-05 17:50:00,0.005845368
2019-09-05 18:00:00,0.0034035146
2019-09-05 18:10:00,0.0071442127
2019-09-05 18:20:00,0.0040902495
2019-09-05 18:30:00,0.0061183274
2019-09-05 18:40:00,0.0032854974
2019-09-05 18:50:00,0.006709814
2019-09-05 19:00:00,0.0038009584
2019-09-05 19:10:00,0.0063310266
2019-09-05 19:20:00,0.002806574
2019-09-05 19:30:00,0.005777955
2019-09-05 19:40:00,0.0033516288
2019-09-05 19:50:00,0.0052145123
2019-09-05 20:00:00,0.002624631
2019-09-05 20:10:00,0.005555719
2019-09-05 20:20:00,0.003196925
2019-09-05 20:30:00,0.0048698783
2019-09-05 20:40:00,0.0027527213
2019-09-05 20:50:00,0.00539881
2019-09-05 21:00:00,0.0031203032
2019-09-05 21:10:00,0.0048635304
2019-09-05 21:20:00,0.0026780665
2019-09-05 21:30:00,0.0055451393
2019-09-05 21:40:00,0.0031151474
2019-09-05 21:50:00,0.004864961
2019-09-05 22:00:00,0.0027341843
2019-09-05 22:10:00,0.005328536
2019-09-05 22:20:00,0.0034746528
2019-09-05 22:30:00,0.00520882
2019-09-05 22:40:00,0.0028100014
2019-09-05 22:50:00,0.0057508647
2019-09-05 23:00:00,0.0029920042
2019-09-05 23:10:00,0.0041961074
2019-09-05 23:20:00,0.0019531846
2019-09-05 23:30:00,0.0046765804
2019-09-05 23:40:00,0.002055347
2019-09-05 23:50:00,0.0036387742
2019-09-06 00:00:00,0.001578033
2019-09-06 00:10:00,0.003980547
2019-09-06 00:20:00,0.0017154515
2019-09-06 00:30:00,0.0034124255
2019-09-06 00:40:00,0.001460135
2019-09-06 00:50:00,0.0037864447
2019-09-06 01:00:00,0.0015467107
2019-09-06 01:10:00,0.0030453503
2019-09-06 01:20:00,0.0015175641
2019-09-06 01:30:00,0.003290236
2019-09-06 01:40:00,0.0014900267
2019-09-06 01:50:00,0.0026489794
2019-09-06 02:00:00,0.0013764501
2019-09-06 02:10:00,0.003154546
2019-09-06 02:20:00,0.0013909042
2019-09-06 02:30:00,0.002502948
2019-09-06 02:40:00,0.001305759
2019-09-06 02:50:00,0.0030638278
2019-09-06 03:00:00,0.0013507307
2019-09-06 03:10:00,0.0026040971
2019-09-06 03:20:00,0.00128299
2019-09-06 03:30:00,0.0034879446
2019-09-06 03:40:00,0.0013666749
2019-09-06 03:50:00,0.0026971102
2019-09-06 04:00:00,0.0013909042
2019-09-06 04:10:00,0.003283441
2019-09-06 04:20:00,0.0015538335
2019-09-06 04:30:00,0.0025378466
2019-09-06 04:40:00,0.0015732646
2019-09-06 04:50:00,0.0028263628
2019-09-06 05:00:00,0.0013434291
2019-09-06 05:10:00,0.002099365
2019-09-06 05:20:00,0.001085937
2019-09-06 05:30:00,0.00221923
2019-09-06 05:40:00,0.0009253025
2019-09-06 05:50:00,0.0016794205
2019-09-06 06:00:00,0.0009101033
2019-09-06 06:10:00,0.0018855929
2019-09-06 06:20:00,0.0009159744
2019-09-06 06:30:00,0.0016137362
2019-09-06 06:40:00,0.0009810627
2019-09-06 06:50:00,0.0019171238
2019-09-06 07:00:00,0.0009140074
2019-09-06 07:10:00,0.0013525486
2019-09-06 07:20:00,0.00088223815
2019-09-06 07:30:00,0.0015583932
2019-09-06 07:40:00,0.0007891655
2019-09-06 07:50:00,0.0012548566
2019-09-06 08:00:00,0.00077590346
2019-09-06 08:10:00,0.0014277399
2019-09-06 08:20:00,0.000685215
2019-09-06 08:30:00,0.0011391938
2019-09-06 08:40:00,0.00062817335
2019-09-06 08:50:00,0.001282841
2019-09-06 09:00:00,0.00047793984
2019-09-06 09:10:00,0.00079110265
2019-09-06 09:20:00,0.00041142106
2019-09-06 09:30:00,0.0009095073
2019-09-06 09:40:00,0.0002978742
2019-09-06 09:50:00,0.0005976856
2019-09-06 10:00:00,0.00027927756
2019-09-06 10:10:00,0.0007620156
2019-09-06 10:20:00,0.00025227666
2019-09-06 10:30:00,0.0004938543
2019-09-06 10:40:00,0.00023344159
2019-09-06 10:50:00,0.00058051944
2019-09-06 11:00:00,0.00020039082
2019-09-06 11:10:00,0.00033473969
2019-09-06 11:20:00,0.00017690659
2019-09-06 11:30:00,0.00041943789
2019-09-06 11:40:00,0.0002001524
2019-09-06 11:50:00,0.00040242076
2019-09-06 12:00:00,0.00021582842
2019-09-06 12:10:00,0.0004197359
2019-09-06 12:20:00,0.00020503998
2019-09-06 12:30:00,0.00036206841
2019-09-06 12:40:00,0.0001796186
2019-09-06 12:50:00,0.00038707256
2019-09-06 13:00:00,0.00016087294
2019-09-06 13:10:00,0.00029554963
2019-09-06 13:20:00,0.00013485551
2019-09-06 13:30:00,0.00028896332
2019-09-06 13:40:00,0.000121775614
2019-09-06 13:50:00,0.0002309978
2019-09-06 14:00:00,0.000112253336
2019-09-06 14:10:00,0.00025871396
2019-09-06 14:20:00,0.00011700653
2019-09-06 14:30:00,0.00019955635
2019-09-06 14:40:00,9.529743e-05
2019-09-06 14:50:00,0.00022289157
2019-09-06 15:00:00,9.945436e-05
2019-09-06 15:10:00,0.00017827749
2019-09-06 15:20:00,8.634517e-05
2019-09-06 15:30:00,0.00020059943
2019-09-06 15:40:00,9.672238e-05
2019-09-06 15:50:00,0.00016242266
2019-09-06 16:00:00,8.172806e-05
2019-09-06 16:10:00,0.00015732646
2019-09-06 16:20:00,8.77101e-05
2019-09-06 16:30:00,0.0001359582
2019-09-06 16:40:00,6.8945556e-05
2019-09-06 16:50:00,0.00014293194
2019-09-06 17:00:00,7.511527e-05
2019-09-06 17:10:00,0.00012038558
2019-09-06 17:20:00,5.951709e-05
2019-09-06 17:30:00,0.00015327334
2019-09-06 17:40:00,7.064008e-05
2019-09-06 17:50:00,0.0001398623
2019-09-06 18:00:00,6.0246977e-05
2019-09-06 18:10:00,0.0001449287
2019-09-06 18:20:00,6.6212735e-05
2019-09-06 18:30:00,0.00012338567
2019-09-06 18:40:00,5.6032513e-05
2019-09-06 18:50:00,0.00013875961
2019-09-06 19:00:00,6.182262e-05
2019-09-06 19:10:00,0.000116083575
2019-09-06 19:20:00,5.0219318e-05
2019-09-06 19:30:00,0.00011141781
2019-09-06 19:40:00,5.434541e-05
2019-09-06 19:50:00,0.000103374856
2019-09-06 20:00:00,4.6686993e-05
2019-09-06 20:10:00,0.00010677825
2019-09-06 20:20:00,5.5305296e-05
2019-09-06 20:30:00,0.00010585206
2019-09-06 20:40:00,4.917848e-05
2019-09-06 20:50:00,0.00010936339
2019-09-06 21:00:00,5.6538585e-05
2019-09-06 21:10:00,0.00010236488
2019-09-06 21:20:00,4.7570415e-05
2019-09-06 21:30:00,0.00010269704
2019-09-06 21:40:00,5.3231848e-05
2019-09-06 21:50:00,9.784805e-05
2019-09-06 22:00:00,4.5586617e-05
2019-09-06 22:10:00,9.7620534e-05
2019-09-06 22:20:00,5.1918065e-05
2019-09-06 22:30:00,8.86638e-05
2019-09-06 22:40:00,4.080213e-05
2019-09-06 22:50:00,8.141184e-05
2019-09-06 23:00:00,4.7036654e-05
2019-09-06 23:10:00,7.724004e-05
2019-09-06 23:20:00,4.2006854e-05
2019-09-06 23:30:00,7.409989e-05
2019-09-06 23:40:00,5.0086113e-05
2019-09-06 23:50:00,7.393908e-05
2019-09-07 00:00:00,4.696919e-05
2019-09-07 00:10:00,8.075148e-05
2019-09-07 00:20:00,6.0090268e-05
2019-09-07 00:30:00,7.478654e-05
2019-09-07 00:40:00,5.2763324e-05
2019-09-07 00:50:00,7.8781035e-05
2019-09-07 01:00:00,6.380284e-05
2019-09-07 01:10:00,8.208245e-05
2019-09-07 01:20:00,4.838714e-05
2019-09-07 01:30:00,8.229737e-05
2019-09-07 01:40:00,6.2646104e-05
2019-09-07 01:50:00,8.28426e-05
2019-09-07 02:00:00,5.3907428e-05
2019-09-07 02:10:00,8.335446e-05
2019-09-07 02:20:00,6.588023e-05
2019-09-07 02:30:00,8.3881576e-05
2019-09-07 02:40:00,5.6788784e-05
2019-09-07 02:50:00,8.256103e-05
2019-09-07 03:00:00,7.2599956e-05
2019-09-07 03:10:00,8.8672416e-05
2019-09-07 03:20:00,6.3552885e-05
2019-09-07 03:30:00,9.1332535e-05
2019-09-07 03:40:00,8.8272325e-05
2019-09-07 03:50:00,9.984466e-05
2019-09-07 04:00:00,7.784933e-05
2019-09-07 04:10:00,9.900873e-05
2019-09-07 04:20:00,0.00010025217
2019-09-07 04:30:00,9.8412085e-05
2019-09-07 04:40:00,7.5862394e-05
2019-09-07 04:50:00,9.747318e-05
2019-09-07 05:00:00,0.00010260766
2019-09-07 05:10:00,0.00010853685
2019-09-07 05:20:00,9.039762e-05
2019-09-07 05:30:00,0.00011276407
2019-09-07 05:40:00,0.00013640523
2019-09-07 05:50:00,0.00012430549
2019-09-07 06:00:00,0.00012244674
2019-09-07 06:10:00,0.00012639165
2019-09-07 06:20:00,0.00017872453
2019-09-07 06:30:00,0.00014844537
2019-09-07 06:40:00,0.00015646219
2019-09-07 06:50:00,0.00014853477
2019-09-07 07:00:00,0.00021767616
2019-09-07 07:10:00,0.00016617775
2019-09-07 07:20:00,0.00017857552
2019-09-07 07:30:00,0.00018769503
2019-09-07 07:40:00,0.00029206276
2019-09-07 07:50:00,0.00022113323
2019-09-07 08:00:00,0.00023788214
2019-09-07 08:10:00,0.00023844838
2019-09-07 08:20:00,0.00035956502
2019-09-07 08:30:00,0.00027373433
2019-09-07 08:40:00,0.00028914213
2019-09-07 08:50:00,0.00027006865
2019-09-07 09:00:00,0.00046783686
2019-09-07 09:10:00,0.00035902858
2019-09-07 09:20:00,0.00039374828
2019-09-07 09:30:00,0.0004092157
2019-09-07 09:40:00,0.00064885616
2019-09-07 09:50:00,0.0005019009
2019-09-07 10:00:00,0.00052815676
2019-09-07 10:10:00,0.0005225241
2019-09-07 10:20:00,0.0007761717
2019-09-07 10:30:00,0.0006009042
2019-09-07 10:40:00,0.0006194711
2019-09-07 10:50:00,0.0006300807
2019-09-07 11:00:00,0.000952065
2019-09-07 11:10:00,0.0007571876
2019-09-07 11:20:00,0.00082191825
2019-09-07 11:30:00,0.00082576275
2019-09-07 11:40:00,0.0012667477
2019-09-07 11:50:00,0.0009327531
2019-09-07 12:00:00,0.0010593832
2019-09-07 12:10:00,0.0010636151
2019-09-07 12:20:00,0.0017318726
2019-09-07 12:30:00,0.0012640655
2019-09-07 12:40:00,0.0014134049
2019-09-07 12:50:00,0.001299262
2019-09-07 13:00:00,0.002107501
2019-09-07 13:10:00,0.0016088486
2019-09-07 13:20:00,0.0016573966
2019-09-07 13:30:00,0.0015732646
2019-09-07 13:40:00,0.0025844574
2019-09-07 13:50:00,0.0019153953
2019-09-07 14:00:00,0.0021551251
2019-09-07 14:10:00,0.0021630824
2019-09-07 14:20:00,0.003385067
2019-09-07 14:30:00,0.0027229488
2019-09-07 14:40:00,0.0025710464
2019-09-07 14:50:00,0.0027329028
2019-09-07 15:00:00,0.0035339594
2019-09-07 15:10:00,0.0029442012
2019-09-07 15:20:00,0.002840668
2019-09-07 15:30:00,0.003009528
2019-09-07 15:40:00,0.0040766895
2019-09-07 15:50:00,0.0035316646
2019-09-07 16:00:00,0.004124105
2019-09-07 16:10:00,0.003898263
2019-09-07 16:20:00,0.0066260397
2019-09-07 16:30:00,0.0046702027
2019-09-07 16:40:00,0.006181687
2019-09-07 16:50:00,0.005505085
2019-09-07 17:00:00,0.007913768
2019-09-07 17:10:00,0.0062120855
2019-09-07 17:20:00,0.0076476336
2019-09-07 17:30:00,0.00834161
2019-09-07 17:40:00,0.010976553
2019-09-07 17:50:00,0.010166615
2019-09-07 18:00:00,0.010526776
2019-09-07 18:10:00,0.010647178
2019-09-07 18:20:00,0.012005359
2019-09-07 18:30:00,0.011236399
2019-09-07 18:40:00,0.010853946
2019-09-07 18:50:00,0.011569083
2019-09-07 19:00:00,0.0117305815
2019-09-07 19:10:00,0.011084527
2019-09-07 19:20:00,0.011223733
2019-09-07 19:30:00,0.011751056
2019-09-07 19:40:00,0.0125211775
2019-09-07 19:50:00,0.012085766
2019-09-07 20:00:00,0.012246758
2019-09-07 20:10:00,0.0125823915
2019-09-07 20:20:00,0.012877703
2019-09-07 20:30:00,0.011883438
2019-09-07 20:40:00,0.011778384
2019-09-07 20:50:00,0.012507826
2019-09-07 21:00:00,0.01312232
2019-09-07 21:10:00,0.011773974
2019-09-07 21:20:00,0.012080908
2019-09-07 21:30:00,0.012832403
2019-09-07 21:40:00,0.014196157
2019-09-07 21:50:00,0.012940079
2019-09-07 22:00:00,0.0123304725
2019-09-07 22:10:00,0.012993753
2019-09-07 22:20:00,0.013625175
2019-09-07 22:30:00,0.012742966
2019-09-07 22:40:00,0.012142122
2019-09-07 22:50:00,0.012835145
2019-09-07 23:00:00,0.013584733
2019-09-07 23:10:00,0.012330055
2019-09-07 23:20:00,0.01197803
2019-09-07 23:30:00,0.01360929
2019-09-07 23:40:00,0.01392442
2019-09-07 23:50:00,0.014466643
2019-09-08 00:00:00,0.013975084
2019-09-08 00:10:00,0.01450035
2019-09-08 00:20:00,0.0147404075
2019-09-08 00:30:00,0.013289154
2019-09-08 00:40:00,0.012900114
2019-09-08 00:50:00,0.013404995
2019-09-08 01:00:00,0.0143902
2019-09-08 01:10:00,0.014162302
2019-09-08 01:20:00,0.012775898
2019-09-08 01:30:00,0.014517188
2019-09-08 01:40:00,0.013954699
2019-09-08 01:50:00,0.0148613155
2019-09-08 02:00:00,0.01284048
2019-09-08 02:10:00,0.015134066
2019-09-08 02:20:00,0.015156329
2019-09-08 02:30:00,0.014799416
2019-09-08 02:40:00,0.013226807
2019-09-08 02:50:00,0.016797006
2019-09-08 03:00:00,0.014368117
2019-09-08 03:10:00,0.015188992
2019-09-08 03:20:00,0.012492716
2019-09-08 03:30:00,0.015049547
2019-09-08 03:40:00,0.014136076
2019-09-08 03:50:00,0.014937401
2019-09-08 04:00:00,0.012887627
2019-09-08 04:10:00,0.016241461
2019-09-08 04:20:00,0.015675545
2019-09-08 04:30:00,0.017677486
2019-09-08 04:40:00,0.015052557
2019-09-08 04:50:00,0.017752707
2019-09-08 05:00:00,0.017053664
2019-09-08 05:10:00,0.019017458
2019-09-08 05:20:00,0.01643753
2019-09-08 05:30:00,0.020039171
2019-09-08 05:40:00,0.018944949
2019-09-08 05:50:00,0.02196458
2019-09-08 06:00:00,0.01669243
2019-09-08 06:10:00,0.02470529
2019-09-08 06:20:00,0.022642821
2019-09-08 06:30:00,0.027467668
2019-09-08 06:40:00,0.021241277
2019-09-08 06:50:00,0.028299093
2019-09-08 07:00:00,0.02390635
2019-09-08 07:10:00,0.030485868
2019-09-08 07:20:00,0.021765739
2019-09-08 07:30:00,0.03166786
2019-09-08 07:40:00,0.023366123
2019-09-08 07:50:00,0.032145202
2019-09-08 08:00:00,0.0225721
2019-09-08 08:10:00,0.030422688
2019-09-08 08:20:00,0.02445361
2019-09-08 08:30:00,0.031259865
2019-09-08 08:40:00,0.023658127
2019-09-08 08:50:00,0.030165195
2019-09-08 09:00:00,0.024987131
2019-09-08 09:10:00,0.030666769
2019-09-08 09:20:00,0.024779081
2019-09-08 09:30:00,0.0309349
2019-09-08 09:40:00,0.02541855
2019-09-08 09:50:00,0.030305386
2019-09-08 10:00:00,0.025232613
2019-09-08 10:10:00,0.029535353
2019-09-08 10:20:00,0.026961237
2019-09-08 10:30:00,0.02863589
2019-09-08 10:40:00,0.025981933
2019-09-08 10:50:00,0.03032443
2019-09-08 11:00:00,0.027362019
2019-09-08 11:10:00,0.032576352
2019-09-08 11:20:00,0.02801311
2019-09-08 11:30:00,0.035491467
2019-09-08 11:40:00,0.030041724
2019-09-08 11:50:00,0.037394404
2019-09-08 12:00:00,0.029485404
2019-09-08 12:10:00,0.039508075
2019-09-08 12:20:00,0.032134205
2019-09-08 12:30:00,0.039692402
2019-09-08 12:40:00,0.032297432
2019-09-08 12:50:00,0.036809534
2019-09-08 13:00:00,0.03379613
2019-09-08 13:10:00,0.035882354
2019-09-08 13:20:00,0.031730086
2019-09-08 13:30:00,0.0342651
2019-09-08 13:40:00,0.034580976
2019-09-08 13:50:00,0.03249666
2019-09-08 14:00:00,0.031689316
2019-09-08 14:10:00,0.035577565
2019-09-08 14:20:00,0.030910134
2019-09-08 14:30:00,0.033000886
2019-09-08 14:40:00,0.033337504
2019-09-08 14:50:00,0.036119968
2019-09-08 15:00:00,0.03143397
2019-09-08 15:10:00,0.035212815
2019-09-08 15:20:00,0.032752514
2019-09-08 15:30:00,0.03659016
2019-09-08 15:40:00,0.032590955
2019-09-08 15:50:00,0.031617433
2019-09-08 16:00:00,0.03276494
2019-09-08 16:10:00,0.03405896
2019-09-08 16:20:00,0.033563703
2019-09-08 16:30:00,0.030797362
2019-09-08 16:40:00,0.033362895
2019-09-08 16:50:00,0.034805804
2019-09-08 17:00:00,0.03244558
2019-09-08 17:10:00,0.032985836
2019-09-08 17:20:00,0.035885066
2019-09-08 17:30:00,0.036487103
2019-09-08 17:40:00,0.03334269
2019-09-08 17:50:00,0.032538116
2019-09-08 18:00:00,0.03443715
2019-09-08 18:10:00,0.035844177
2019-09-08 18:20:00,0.032363474
2019-09-08 18:30:00,0.033308
2019-09-08 18:40:00,0.034575075
2019-09-08 18:50:00,0.037902445
2019-09-08 19:00:00,0.032719076
2019-09-08 19:10:00,0.035901695
2019-09-08 19:20:00,0.03620422
2019-09-08 19:30:00,0.040151834
2019-09-08 19:40:00,0.034404546
2019-09-08 19:50:00,0.034457564
2019-09-08 20:00:00,0.03742999
2019-09-08 20:10:00,0.03900519
2019-09-08 20:20:00,0.03452453
2019-09-08 20:30:00,0.03263828
2019-09-08 20:40:00,0.03727916
2019-09-08 20:50:00,0.036919475
2019-09-08 21:00:00,0.034936637
2019-09-08 21:10:00,0.03230384
2019-09-08 21:20:00,0.034980983
2019-09-08 21:30:00,0.033167332
2019-09-08 21:40:00,0.03416559
2019-09-08 21:50:00,0.030314922
2019-09-08 22:00:00,0.035651267
2019-09-08 22:10:00,0.035652697
2019-09-08 22:20:00,0.034514993
2019-09-08 22:30:00,0.031327546
2019-09-08 22:40:00,0.037258834
2019-09-08 22:50:00,0.035817683
2019-09-08 23:00:00,0.037216663
2019-09-08 23:10:00,0.030945301
2019-09-08 23:20:00,0.039272875
2019-09-08 23:30:00,0.036478072
2019-09-08 23:40:00,0.037992567
2019-09-08 23:50:00,0.03228283
2019-09-09 00:00:00,0.041588366
2019-09-09 00:10:00,0.037563592
2019-09-09 00:20:00,0.038050562
2019-09-09 00:30:00,0.033365846
2019-09-09 00:40:00,0.04044646
2019-09-09 00:50:00,0.035947084
2019-09-09 01:00:00,0.03859833
2019-09-09 01:10:00,0.034747183
2019-09-09 01:20:00,0.041027993
2019-09-09 01:30:00,0.03626162
2019-09-09 01:40:00,0.039369375
2019-09-09 01:50:00,0.031843305
2019-09-09 02:00:00,0.040695816
2019-09-09 02:10:00,0.03573501
2019-09-09 02:20:00,0.03846383
2019-09-09 02:30:00,0.03187269
2019-09-09 02:40:00,0.042360783
2019-09-09 02:50:00,0.037296087
2019-09-09 03:00:00,0.039337665
2019-09-09 03:10:00,0.031010449
2019-09-09 03:20:00,0.037703127
2019-09-09 03:30:00,0.034292042
2019-09-09 03:40:00,0.034757584
2019-09-09 03:50:00,0.029821813
2019-09-09 04:00:00,0.032821894
2019-09-09 04:10:00,0.031870633
2019-09-09 04:20:00,0.030804992
2019-09-09 04:30:00,0.026979566
2019-09-09 04:40:00,0.030224472
2019-09-09 04:50:00,0.02957812
2019-09-09 05:00:00,0.030191272
2019-09-09 05:10:00,0.02478239
2019-09-09 05:20:00,0.029212475
2019-09-09 05:30:00,0.027862221
2019-09-09 05:40:00,0.028291136
2019-09-09 05:50:00,0.024176985
2019-09-09 06:00:00,0.027316004
2019-09-09 06:10:00,0.026302844
2019-09-09 06:20:00,0.02848503
2019-09-09 06:30:00,0.022032887
2019-09-09 06:40:00,0.027195364
2019-09-09 06:50:00,0.024395555
2019-09-09 07:00:00,0.026827931
2019-09-09 07:10:00,0.02062583
2019-09-09 07:20:00,0.026759058
2019-09-09 07:30:00,0.024503142
2019-09-09 07:40:00,0.028334022
2019-09-09 07:50:00,0.021829754
2019-09-09 08:00:00,0.028824478
2019-09-09 08:10:00,0.025934368
2019-09-09 08:20:00,0.027139783
2019-09-09 08:30:00,0.019198656
2019-09-09 08:40:00,0.026567966
2019-09-09 08:50:00,0.021085888
2019-09-09 09:00:00,0.026370198
2019-09-09 09:10:00,0.015448034
2019-09-09 09:20:00,0.022310734
2019-09-09 09:30:00,0.017898738
2019-09-09 09:40:00,0.0237073
2019-09-09 09:50:00,0.015176266
2019-09-09 10:00:00,0.02279386
2019-09-09 10:10:00,0.018395752
2019-09-09 10:20:00,0.023145676
2019-09-09 10:30:00,0.016098678
2019-09-09 10:40:00,0.023801029
2019-09-09 10:50:00,0.018420994
2019-09-09 11:00:00,0.025765717
2019-09-09 11:10:00,0.013167471
2019-09-09 11:20:00,0.021454513
2019-09-09 11:30:00,0.014760792
2019-09-09 11:40:00,0.020569533
2019-09-09 11:50:00,0.010063708
2019-09-09 12:00:00,0.017653912
2019-09-09 12:10:00,0.009680301
2019-09-09 12:20:00,0.015633404
2019-09-09 12:30:00,0.006534785
2019-09-09 12:40:00,0.012430787
2019-09-09 12:50:00,0.00653857
2019-09-09 13:00:00,0.011603683
2019-09-09 13:10:00,0.004447013
2019-09-09 13:20:00,0.009466797
2019-09-09 13:30:00,0.0054124296
2019-09-09 13:40:00,0.009429276
2019-09-09 13:50:00,0.004283279
2019-09-09 14:00:00,0.008113891
2019-09-09 14:10:00,0.004161507
2019-09-09 14:20:00,0.007749051
2019-09-09 14:30:00,0.0027713776
2019-09-09 14:40:00,0.005774617
2019-09-09 14:50:00,0.0028223395
2019-09-09 15:00:00,0.0053480268
2019-09-09 15:10:00,0.0020128489
2019-09-09 15:20:00,0.0042609572
2019-09-09 15:30:00,0.002705127
2019-09-09 15:40:00,0.0054153204
2019-09-09 15:50:00,0.0022110045
2019-09-09 16:00:00,0.0049599707
2019-09-09 16:10:00,0.0027870536
2019-09-09 16:20:00,0.005514413
2019-09-09 16:30:00,0.0021914542
2019-09-09 16:40:00,0.004873544
2019-09-09 16:50:00,0.0028361976
2019-09-09 17:00:00,0.0053316355
2019-09-09 17:10:00,0.0021359622
2019-09-09 17:20:00,0.0045651495
2019-09-09 17:30:00,0.0021387637
2019-09-09 17:40:00,0.004390508
2019-09-09 17:50:00,0.0015399754
2019-09-09 18:00:00,0.0032570362
2019-09-09 18:10:00,0.0015732944
2019-09-09 18:20:00,0.0032272935
2019-09-09 18:30:00,0.001170218
2019-09-09 18:40:00,0.0025223196
2019-09-09 18:50:00,0.0013772845
2019-09-09 19:00:00,0.002852857
2019-09-09 19:10:00,0.0011512637
2019-09-09 19:20:00,0.0024078786
2019-09-09 19:30:00,0.0014044046
2019-09-09 19:40:00,0.0027240813
2019-09-09 19:50:00,0.0011557639
2019-09-09 20:00:00,0.0024594069
2019-09-09 20:10:00,0.0013105273
2019-09-09 20:20:00,0.0024083853
2019-09-09 20:30:00,0.001034081
2019-09-09 20:40:00,0.0020689368
2019-09-09 20:50:00,0.0010565817
2019-09-09 21:00:00,0.0021240413
2019-09-09 21:10:00,0.00085508823
2019-09-09 21:20:00,0.0017948151
2019-09-09 21:30:00,0.0009507835
2019-09-09 21:40:00,0.0020120442
2019-09-09 21:50:00,0.0008368492
2019-09-09 22:00:00,0.0017869174
2019-09-09 22:10:00,0.0008789897
2019-09-09 22:20:00,0.0020296574
2019-09-09 22:30:00,0.0006836057
2019-09-09 22:40:00,0.0017473996
2019-09-09 22:50:00,0.0007176697
2019-09-09 23:00:00,0.0013903081
2019-09-09 23:10:00,0.000490427
2019-09-09 23:20:00,0.0011920631
2019-09-09 23:30:00,0.0004903078
2019-09-09 23:40:00,0.0011217296
2019-09-09 23:50:00,0.0004042089
2019-09-10 00:00:00,0.0009557009
2019-09-10 00:10:00,0.00042557716
2019-09-10 00:20:00,0.000959605
2019-09-10 00:30:00,0.00038141012
2019-09-10 00:40:00,0.0008637607
2019-09-10 00:50:00,0.00035187602
2019-09-10 01:00:00,0.0008902848
2019-09-10 01:10:00,0.00031524897
2019-09-10 01:20:00,0.0008318424
2019-09-10 01:30:00,0.00031203032
2019-09-10 01:40:00,0.000913471
2019-09-10 01:50:00,0.00026631355
2019-09-10 02:00:00,0.0007728338
2019-09-10 02:10:00,0.00027281046
2019-09-10 02:20:00,0.0007431805
2019-09-10 02:30:00,0.00023338199
2019-09-10 02:40:00,0.0006470382
2019-09-10 02:50:00,0.00026494265
2019-09-10 03:00:00,0.00070890784
2019-09-10 03:10:00,0.00025942922
2019-09-10 03:20:00,0.0007235706
2019-09-10 03:30:00,0.00027489662
2019-09-10 03:40:00,0.0007122159
2019-09-10 03:50:00,0.00027135015
2019-09-10 04:00:00,0.00067579746
2019-09-10 04:10:00,0.00027379394
2019-09-10 04:20:00,0.00069245696
2019-09-10 04:30:00,0.00024744868
2019-09-10 04:40:00,0.0006438494
2019-09-10 04:50:00,0.00027388334
2019-09-10 05:00:00,0.00069978833
2019-09-10 05:10:00,0.00025591254
2019-09-10 05:20:00,0.0006406605
2019-09-10 05:30:00,0.00026842952
2019-09-10 05:40:00,0.00067549944
2019-09-10 05:50:00,0.00028544664
2019-09-10 06:00:00,0.00065505505
2019-09-10 06:10:00,0.00029283762
2019-09-10 06:20:00,0.0006941855
2019-09-10 06:30:00,0.00031116605
2019-09-10 06:40:00,0.0007174611
2019-09-10 06:50:00,0.00031882524
2019-09-10 07:00:00,0.00077456236
2019-09-10 07:10:00,0.0003399849
2019-09-10 07:20:00,0.00077950954
2019-09-10 07:30:00,0.00036337972
2019-09-10 07:40:00,0.00083208084
2019-09-10 07:50:00,0.00035640597
2019-09-10 08:00:00,0.0008313954
2019-09-10 08:10:00,0.00038859248
2019-09-10 08:20:00,0.0008725524
2019-09-10 08:30:00,0.00041490793
2019-09-10 08:40:00,0.00087860227
2019-09-10 08:50:00,0.00045403838
2019-09-10 09:00:00,0.000959903
2019-09-10 09:10:00,0.0005272925
2019-09-10 09:20:00,0.0009558797
2019-09-10 09:30:00,0.00052779913
2019-09-10 09:40:00,0.00095525384
2019-09-10 09:50:00,0.00058075786
2019-09-10 10:00:00,0.0009715855
2019-09-10 10:10:00,0.00059613585
2019-09-10 10:20:00,0.0010190308
2019-09-10 10:30:00,0.00058859587
2019-09-10 10:40:00,0.0011025071
2019-09-10 10:50:00,0.00070405006
2019-09-10 11:00:00,0.0010915697
2019-09-10 11:10:00,0.00074213743
2019-09-10 11:20:00,0.0012643039
2019-09-10 11:30:00,0.0005656183
2019-09-10 11:40:00,0.0011717975
2019-09-10 11:50:00,0.0005992055
2019-09-10 12:00:00,0.0012585819
2019-09-10 12:10:00,0.0005276501
2019-09-10 12:20:00,0.0012130439
2019-09-10 12:30:00,0.0006431639
2019-09-10 12:40:00,0.0014854968
2019-09-10 12:50:00,0.00058349967
2019-09-10 13:00:00,0.0012348592
2019-09-10 13:10:00,0.0006327033
2019-09-10 13:20:00,0.0014366508
2019-09-10 13:30:00,0.00055611134
2019-09-10 13:40:00,0.0013093948
2019-09-10 13:50:00,0.0006117523
2019-09-10 14:00:00,0.0013555288
2019-09-10 14:10:00,0.00062969327
2019-09-10 14:20:00,0.0013634562
2019-09-10 14:30:00,0.0007146299
2019-09-10 14:40:00,0.0015103817
2019-09-10 14:50:00,0.00069737434
2019-09-10 15:00:00,0.001511991
2019-09-10 15:10:00,0.000823766
2019-09-10 15:20:00,0.0017308295
2019-09-10 15:30:00,0.00082969666
2019-09-10 15:40:00,0.0017265975
2019-09-10 15:50:00,0.0010478497
2019-09-10 16:00:00,0.0018930137
2019-09-10 16:10:00,0.00093099475
2019-09-10 16:20:00,0.0017438531
2019-09-10 16:30:00,0.00097090006
2019-09-10 16:40:00,0.0018177629
2019-09-10 16:50:00,0.0007801354
2019-09-10 17:00:00,0.0016004443
2019-09-10 17:10:00,0.0008677542
2019-09-10 17:20:00,0.0018244684
2019-09-10 17:30:00,0.00080415606
2019-09-10 17:40:00,0.0017426014
2019-09-10 17:50:00,0.0010304749
2019-09-10 18:00:00,0.0020154119
2019-09-10 18:10:00,0.0008697808
2019-09-10 18:20:00,0.0021870434
2019-09-10 18:30:00,0.0013636947
2019-09-10 18:40:00,0.0027110577
2019-09-10 18:50:00,0.001265943
2019-09-10 19:00:00,0.0024663806
2019-09-10 19:10:00,0.0016609728
2019-09-10 19:20:00,0.003061235
2019-09-10 19:30:00,0.0014500022
2019-09-10 19:40:00,0.003497839
2019-09-10 19:50:00,0.0018892288
2019-09-10 20:00:00,0.0037873387
2019-09-10 20:10:00,0.0018591583
2019-09-10 20:20:00,0.0038239956
2019-09-10 20:30:00,0.0022452772
2019-09-10 20:40:00,0.0040587485
2019-09-10 20:50:00,0.0020231605
2019-09-10 21:00:00,0.004125595
2019-09-10 21:10:00,0.0026026368
2019-09-10 21:20:00,0.005324602
2019-09-10 21:30:00,0.0018928051
2019-09-10 21:40:00,0.004907608
2019-09-10 21:50:00,0.0032265186
2019-09-10 22:00:00,0.005535692
2019-09-10 22:10:00,0.002653271
2019-09-10 22:20:00,0.0055160522
2019-09-10 22:30:00,0.0030761063
2019-09-10 22:40:00,0.0063821375
2019-09-10 22:50:00,0.0028324425
2019-09-10 23:00:00,0.0059356093
2019-09-10 23:10:00,0.003252834
2019-09-10 23:20:00,0.0064249635
2019-09-10 23:30:00,0.0028165877
2019-09-10 23:40:00,0.0061415434
2019-09-10 23:50:00,0.0033147335
2019-09-11 00:00:00,0.0066486
2019-09-11 00:10:00,0.002987504
2019-09-11 00:20:00,0.006691158
2019-09-11 00:30:00,0.0035491884
2019-09-11 00:40:00,0.0077417493
2019-09-11 00:50:00,0.0032244027
2019-09-11 01:00:00,0.0075226724
2019-09-11 01:10:00,0.003774017
2019-09-11 01:20:00,0.008362472
2019-09-11 01:30:00,0.0037351847
2019-09-11 01:40:00,0.009145588
2019-09-11 01:50:00,0.004103154
2019-09-11 02:00:00,0.00963825
2019-09-11 02:10:00,0.003944069
2019-09-11 02:20:00,0.009325951
2019-09-11 02:30:00,0.004591465
2019-09-11 02:40:00,0.010122001
2019-09-11 02:50:00,0.0041243136
2019-09-11 03:00:00,0.009856254
2019-09-11 03:10:00,0.0041224062
2019-09-11 03:20:00,0.010460377
2019-09-11 03:30:00,0.004241407
2019-09-11 03:40:00,0.010348856
2019-09-11 03:50:00,0.0047820807
2019-09-11 04:00:00,0.011425078
2019-09-11 04:10:00,0.0045496225
2019-09-11 04:20:00,0.01117
2019-09-11 04:30:00,0.0050101876
2019-09-11 04:40:00,0.011516988
2019-09-11 04:50:00,0.0049032867
2019-09-11 05:00:00,0.011597753
2019-09-11 05:10:00,0.0053867996
2019-09-11 05:20:00,0.011913896
2019-09-11 05:30:00,0.0058664978
2019-09-11 05:40:00,0.011840135
2019-09-11 05:50:00,0.005864829
2019-09-11 06:00:00,0.012441903
2019-09-11 06:10:00,0.005603522
2019-09-11 06:20:00,0.012947977
2019-09-11 06:30:00,0.0061176717
2019-09-11 06:40:00,0.014602125
2019-09-11 06:50:00,0.006668091
2019-09-11 07:00:00,0.01572147
2019-09-11 07:10:00,0.00679639
2019-09-11 07:20:00,0.015956163
2019-09-11 07:30:00,0.007238418
2019-09-11 07:40:00,0.017509907
2019-09-11 07:50:00,0.0075246394
2019-09-11 08:00:00,0.019051671
2019-09-11 08:10:00,0.00863564
2019-09-11 08:20:00,0.019811422
2019-09-11 08:30:00,0.008581102
2019-09-11 08:40:00,0.020781457
2019-09-11 08:50:00,0.009057552
2019-09-11 09:00:00,0.022714734
2019-09-11 09:10:00,0.009044796
2019-09-11 09:20:00,0.023449838
2019-09-11 09:30:00,0.008736253
2019-09-11 09:40:00,0.02270481
2019-09-11 09:50:00,0.0083220005
2019-09-11 10:00:00,0.023349822
2019-09-11 10:10:00,0.009113431
2019-09-11 10:20:00,0.02334258
2019-09-11 10:30:00,0.00881061
2019-09-11 10:40:00,0.024478495
2019-09-11 10:50:00,0.00948602
2019-09-11 11:00:00,0.02423361
2019-09-11 11:10:00,0.009516478
2019-09-11 11:20:00,0.024460852
2019-09-11 11:30:00,0.009612232
2019-09-11 11:40:00,0.023934036
2019-09-11 11:50:00,0.009158224
2019-09-11 12:00:00,0.026017815
2019-09-11 12:10:00,0.011418611
2019-09-11 12:20:00,0.025895566
2019-09-11 12:30:00,0.010618597
2019-09-11 12:40:00,0.026619732
2019-09-11 12:50:00,0.011191785
2019-09-11 13:00:00,0.026252985
2019-09-11 13:10:00,0.011039972
2019-09-11 13:20:00,0.027501792
2019-09-11 13:30:00,0.012670696
2019-09-11 13:40:00,0.027759314
2019-09-11 13:50:00,0.011848688
2019-09-11 14:00:00,0.029969096
2019-09-11 14:10:00,0.012064457
2019-09-11 14:20:00,0.025498986
2019-09-11 14:30:00,0.010505766
2019-09-11 14:40:00,0.02692005
2019-09-11 14:50:00,0.011335939
2019-09-11 15:00:00,0.02491653
2019-09-11 15:10:00,0.010625213
2019-09-11 15:20:00,0.028547794
2019-09-11 15:30:00,0.012907922
2019-09-11 15:40:00,0.026515424
2019-09-11 15:50:00,0.011877835
2019-09-11 16:00:00,0.02930668
2019-09-11 16:10:00,0.012674689
2019-09-11 16:20:00,0.027784377
2019-09-11 16:30:00,0.0116022825
2019-09-11 16:40:00,0.031046182
2019-09-11 16:50:00,0.0135786235
2019-09-11 17:00:00,0.029566199
2019-09-11 17:10:00,0.012692809
2019-09-11 17:20:00,0.03374222
2019-09-11 17:30:00,0.015511423
2019-09-11 17:40:00,0.030912966
2019-09-11 17:50:00,0.0111706555
2019-09-11 18:00:00,0.033514053
2019-09-11 18:10:00,0.0143990815
2019-09-11 18:20:00,0.03141874
2019-09-11 18:30:00,0.012134641
2019-09-11 18:40:00,0.034225494
2019-09-11 18:50:00,0.014565945
2019-09-11 19:00:00,0.031319827
2019-09-11 19:10:00,0.014198959
2019-09-11 19:20:00,0.03601402
2019-09-11 19:30:00,0.019583732
2019-09-11 19:40:00,0.032909304
2019-09-11 19:50:00,0.017621517
2019-09-11 20:00:00,0.04414785
2019-09-11 20:10:00,0.024585754
2019-09-11 20:20:00,0.039770097
2019-09-11 20:30:00,0.01956442
2019-09-11 20:40:00,0.04231456
2019-09-11 20:50:00,0.021411091
2019-09-11 21:00:00,0.035648257
2019-09-11 21:10:00,0.017445713
2019-09-11 21:20:00,0.03936717
2019-09-11 21:30:00,0.02036497
2019-09-11 21:40:00,0.03453684
2019-09-11 21:50:00,0.016754955
2019-09-11 22:00:00,0.038448125
2019-09-11 22:10:00,0.019621044
2019-09-11 22:20:00,0.03298977
2019-09-11 22:30:00,0.01626435
2019-09-11 22:40:00,0.036857367
2019-09-11 22:50:00,0.020752698
2019-09-11 23:00:00,0.03342113
2019-09-11 23:10:00,0.01650536
2019-09-11 23:20:00,0.04032421
2019-09-11 23:30:00,0.022611886
2019-09-11 23:40:00,0.037725806
2019-09-11 23:50:00,0.018090308
2019-09-12 00:00:00,0.045864314
2019-09-12 00:10:00,0.021266133
2019-09-12 00:20:00,0.03873375
2019-09-12 00:30:00,0.017385095
2019-09-12 00:40:00,0.045473814
2019-09-12 00:50:00,0.021612555
2019-09-12 01:00:00,0.039110333
2019-09-12 01:10:00,0.015000433
2019-09-12 01:20:00,0.03698623
2019-09-12 01:30:00,0.018577218
2019-09-12 01:40:00,0.026764542
2019-09-12 01:50:00,0.01185739
2019-09-12 02:00:00,0.025127977
2019-09-12 02:10:00,0.015030265
2019-09-12 02:20:00,0.018691868
2019-09-12 02:30:00,0.01096195
2019-09-12 02:40:00,0.020666063
2019-09-12 02:50:00,0.013509929
2019-09-12 03:00:00,0.016549855
2019-09-12 03:10:00,0.009352118
2019-09-12 03:20:00,0.016993135
2019-09-12 03:30:00,0.010820806
2019-09-12 03:40:00,0.014427185
2019-09-12 03:50:00,0.008883417
2019-09-12 04:00:00,0.018237442
2019-09-12 04:10:00,0.011917353
2019-09-12 04:20:00,0.015090108
2019-09-12 04:30:00,0.009099394
2019-09-12 04:40:00,0.01730442
2019-09-12 04:50:00,0.011538833
2019-09-12 05:00:00,0.014215022
2019-09-12 05:10:00,0.008551836
2019-09-12 05:20:00,0.0145819485
2019-09-12 05:30:00,0.009890437
2019-09-12 05:40:00,0.011022806
2019-09-12 05:50:00,0.00661996
2019-09-12 06:00:00,0.011707991
2019-09-12 06:10:00,0.008101732
2019-09-12 06:20:00,0.009567887
2019-09-12 06:30:00,0.0061765015
2019-09-12 06:40:00,0.01021266
2019-09-12 06:50:00,0.007642567
2019-09-12 07:00:00,0.008334428
2019-09-12 07:10:00,0.0057460964
2019-09-12 07:20:00,0.008657008
2019-09-12 07:30:00,0.0070236027
2019-09-12 07:40:00,0.006701112
2019-09-12 07:50:00,0.005588919
2019-09-12 08:00:00,0.008037001
2019-09-12 08:10:00,0.006738156
2019-09-12 08:20:00,0.0063325763
2019-09-12 08:30:00,0.0053683817
2019-09-12 08:40:00,0.007222384
2019-09-12 08:50:00,0.006372392
2019-09-12 09:00:00,0.005065024
2019-09-12 09:10:00,0.0054029524
2019-09-12 09:20:00,0.005907446
2019-09-12 09:30:00,0.006590605
2019-09-12 09:40:00,0.0042685866
2019-09-12 09:50:00,0.0056767464
2019-09-12 10:00:00,0.005009979
2019-09-12 10:10:00,0.006699711
2019-09-12 10:20:00,0.003856331
2019-09-12 10:30:00,0.0059281886
2019-09-12 10:40:00,0.0046358407
2019-09-12 10:50:00,0.0070677996
2019-09-12 11:00:00,0.0037617087
2019-09-12 11:10:00,0.006328732
2019-09-12 11:20:00,0.004463613
2019-09-12 11:30:00,0.0072074533
2019-09-12 11:40:00,0.0034384727
2019-09-12 11:50:00,0.006139934
2019-09-12 12:00:00,0.00409618
2019-09-12 12:10:00,0.0070303082
2019-09-12 12:20:00,0.0031954646
2019-09-12 12:30:00,0.006323695
2019-09-12 12:40:00,0.0038012266
2019-09-12 12:50:00,0.006858617
2019-09-12 13:00:00,0.0030063987
2019-09-12 13:10:00,0.006303638
2019-09-12 13:20:00,0.003504753
2019-09-12 13:30:00,0.0068044066
2019-09-12 13:40:00,0.0024063587
2019-09-12 13:50:00,0.00597924
2019-09-12 14:00:00,0.0030259788
2019-09-12 14:10:00,0.006388128
2019-09-12 14:20:00,0.0022378564
2019-09-12 14:30:00,0.006079346
2019-09-12 14:40:00,0.002725184
2019-09-12 14:50:00,0.0063908696
2019-09-12 15:00:00,0.0020305216
2019-09-12 15:10:00,0.005664557
2019-09-12 15:20:00,0.0023244917
2019-09-12 15:30:00,0.0064127147
2019-09-12 15:40:00,0.0018155873
2019-09-12 15:50:00,0.006158054
2019-09-12 16:00:00,0.0023436546
2019-09-12 16:10:00,0.006387979
2019-09-12 16:20:00,0.0018914938
2019-09-12 16:30:00,0.0067703724
2019-09-12 16:40:00,0.0023438632
2019-09-12 16:50:00,0.007205665
2019-09-12 17:00:00,0.0017602444
2019-09-12 17:10:00,0.0064417124
2019-09-12 17:20:00,0.0019584
2019-09-12 17:30:00,0.006456226
2019-09-12 17:40:00,0.0014697015
2019-09-12 17:50:00,0.006385654
2019-09-12 18:00:00,0.0017291903
2019-09-12 18:10:00,0.006448865
2019-09-12 18:20:00,0.0013183951
2019-09-12 18:30:00,0.0070382357
2019-09-12 18:40:00,0.0016492903
2019-09-12 18:50:00,0.007744193
2019-09-12 19:00:00,0.0012355149
2019-09-12 19:10:00,0.007782966
2019-09-12 19:20:00,0.0014887452
2019-09-12 19:30:00,0.007427901
2019-09-12 19:40:00,0.0012097955
2019-09-12 19:50:00,0.0076769292
2019-09-12 20:00:00,0.0014516413
2019-09-12 20:10:00,0.007836163
2019-09-12 20:20:00,0.0011942685
2019-09-12 20:30:00,0.007716924
2019-09-12 20:40:00,0.0013613701
2019-09-12 20:50:00,0.007823437
2019-09-12 21:00:00,0.001138866
2019-09-12 21:10:00,0.008569658
2019-09-12 21:20:00,0.0014293492
2019-09-12 21:30:00,0.009131551
2019-09-12 21:40:00,0.0011796653
2019-09-12 21:50:00,0.009923458
2019-09-12 22:00:00,0.0014775991
2019-09-12 22:10:00,0.010029495
2019-09-12 22:20:00,0.0012418628
2019-09-12 22:30:00,0.010471612
2019-09-12 22:40:00,0.0014635324
2019-09-12 22:50:00,0.009912014
2019-09-12 23:00:00,0.0012064874
2019-09-12 23:10:00,0.010384411
2019-09-12 23:20:00,0.0014536679
2019-09-12 23:30:00,0.009979695
2019-09-12 23:40:00,0.0012665391
2019-09-12 23:50:00,0.012016594
2019-09-13 00:00:00,0.0016654134
2019-09-13 00:10:00,0.012044311
2019-09-13 00:20:00,0.0014616251
2019-09-13 00:30:00,0.015502006
2019-09-13 00:40:00,0.0018905699
2019-09-13 00:50:00,0.015576422
2019-09-13 01:00:00,0.0017161965
2019-09-13 01:10:00,0.01589951
2019-09-13 01:20:00,0.0020360053
2019-09-13 01:30:00,0.015690595
2019-09-13 01:40:00,0.0018847585
2019-09-13 01:50:00,0.017409861
2019-09-13 02:00:00,0.0021839142
2019-09-13 02:10:00,0.015318334
2019-09-13 02:20:00,0.00212875
2019-09-13 02:30:00,0.017326862
2019-09-13 02:40:00,0.0024650395
2019-09-13 02:50:00,0.015235633
2019-09-13 03:00:00,0.0021304488
2019-09-13 03:10:00,0.016115636
2019-09-13 03:20:00,0.002437681
2019-09-13 03:30:00,0.015660614
2019-09-13 03:40:00,0.0025375783
2019-09-13 03:50:00,0.017626435
2019-09-13 04:00:00,0.0030047894
2019-09-13 04:10:00,0.017595947
2019-09-13 04:20:00,0.0029433668
2019-09-13 04:30:00,0.021090686
2019-09-13 04:40:00,0.0035193264
2019-09-13 04:50:00,0.02030626
2019-09-13 05:00:00,0.0034726262
2019-09-13 05:10:00,0.022226065
2019-09-13 05:20:00,0.003959626
2019-09-13 05:30:00,0.020537168
2019-09-13 05:40:00,0.0038234591
2019-09-13 05:50:00,0.021416783
2019-09-13 06:00:00,0.004430741
2019-09-13 06:10:00,0.019625604
2019-09-13 06:20:00,0.0043759346
2019-09-13 06:30:00,0.022076935
2019-09-13 06:40:00,0.004786104
2019-09-13 06:50:00,0.02036944
2019-09-13 07:00:00,0.0046466887
2019-09-13 07:10:00,0.02445814
2019-09-13 07:20:00,0.0050347745
2019-09-13 07:30:00,0.022315294
2019-09-13 07:40:00,0.005162567
2019-09-13 07:50:00,0.02397266
2019-09-13 08:00:00,0.006031215
2019-09-13 08:10:00,0.02155
2019-09-13 08:20:00,0.0068205
2019-09-13 08:30:00,0.022235602
2019-09-13 08:40:00,0.007538408
2019-09-13 08:50:00,0.020382375
2019-09-13 09:00:00,0.008289963
2019-09-13 09:10:00,0.0237014
2019-09-13 09:20:00,0.009122223
2019-09-13 09:30:00,0.021909028
2019-09-13 09:40:00,0.0102626085
2019-09-13 09:50:00,0.021984607
2019-09-13 10:00:00,0.011470616
2019-09-13 10:10:00,0.021726757
2019-09-13 10:20:00,0.01086849
2019-09-13 10:30:00,0.023308963
2019-09-13 10:40:00,0.0101083815
2019-09-13 10:50:00,0.021489441
2019-09-13 11:00:00,0.0119745135
2019-09-13 11:10:00,0.0215438
2019-09-13 11:20:00,0.010473371
2019-09-13 11:30:00,0.019101292
2019-09-13 11:40:00,0.009438425
2019-09-13 11:50:00,0.017221004
2019-09-13 12:00:00,0.007684499
2019-09-13 12:10:00,0.014228493
2019-09-13 12:20:00,0.0070725977
2019-09-13 12:30:00,0.012674451
2019-09-13 12:40:00,0.0059437454
2019-09-13 12:50:00,0.013062894
2019-09-13 13:00:00,0.006850183
2019-09-13 13:10:00,0.013273537
2019-09-13 13:20:00,0.0062393844
2019-09-13 13:30:00,0.0135138035
2019-09-13 13:40:00,0.006823212
2019-09-13 13:50:00,0.011368781
2019-09-13 14:00:00,0.005909264
2019-09-13 14:10:00,0.00987047
2019-09-13 14:20:00,0.0068407655
2019-09-13 14:30:00,0.008522481
2019-09-13 14:40:00,0.0053697824
2019-09-13 14:50:00,0.007859677
2019-09-13 15:00:00,0.0061457455
2019-09-13 15:10:00,0.006661713
2019-09-13 15:20:00,0.0051959753
2019-09-13 15:30:00,0.007151842
2019-09-13 15:40:00,0.0062015653
2019-09-13 15:50:00,0.006513834
2019-09-13 16:00:00,0.00535959
2019-09-13 16:10:00,0.006637901
2019-09-13 16:20:00,0.006114006
2019-09-13 16:30:00,0.005752355
2019-09-13 16:40:00,0.0050210655
2019-09-13 16:50:00,0.0054273903
2019-09-13 17:00:00,0.005534947
2019-09-13 17:10:00,0.004610479
2019-09-13 17:20:00,0.004881948
2019-09-13 17:30:00,0.0049313903
2019-09-13 17:40:00,0.005605787
2019-09-13 17:50:00,0.0042954683
2019-09-13 18:00:00,0.004539579
2019-09-13 18:10:00,0.0042369664
2019-09-13 18:20:00,0.0050495565
2019-09-13 18:30:00,0.0037568808
2019-09-13 18:40:00,0.004280865
2019-09-13 18:50:00,0.0042461753
2019-09-13 19:00:00,0.005417168
2019-09-13 19:10:00,0.0036846995
2019-09-13 19:20:00,0.0044968426
2019-09-13 19:30:00,0.0042327642
2019-09-13 19:40:00,0.004938334
2019-09-13 19:50:00,0.0038277805
2019-09-13 20:00:00,0.0042251647
2019-09-13 20:10:00,0.004099816
2019-09-13 20:20:00,0.0048198104
2019-09-13 20:30:00,0.0035402477
2019-09-13 20:40:00,0.003853172
2019-09-13 20:50:00,0.0035553575
2019-09-13 21:00:00,0.004711598
2019-09-13 21:10:00,0.0033513904
2019-09-13 21:20:00,0.004007131
2019-09-13 21:30:00,0.0037231743
2019-09-13 21:40:00,0.004954338
2019-09-13 21:50:00,0.003186524
2019-09-13 22:00:00,0.004219055
2019-09-13 22:10:00,0.0031712055
2019-09-13 22:20:00,0.004747212
2019-09-13 22:30:00,0.0029782653
2019-09-13 22:40:00,0.004077941
2019-09-13 22:50:00,0.003295511
2019-09-13 23:00:00,0.004853338
2019-09-13 23:10:00,0.0030671358
2019-09-13 23:20:00,0.004620999
2019-09-13 23:30:00,0.002667904
2019-09-13 23:40:00,0.0047702193
2019-09-13 23:50:00,0.0026418269
2019-09-14 00:00:00,0.0041866004
2019-09-14 00:10:00,0.0028225482
2019-09-14 00:20:00,0.0056639016
2019-09-14 00:30:00,0.0027810335
2019-09-14 00:40:00,0.004968792
2019-09-14 00:50:00,0.003084451
2019-09-14 01:00:00,0.0061810613
2019-09-14 01:10:00,0.002890855
2019-09-14 01:20:00,0.005469531
2019-09-14 01:30:00,0.0027420223
2019-09-14 01:40:00,0.005970031
2019-09-14 01:50:00,0.0023835003
2019-09-14 02:00:00,0.0048879683
2019-09-14 02:10:00,0.0026435852
2019-09-14 02:20:00,0.006060958
2019-09-14 02:30:00,0.002356559
2019-09-14 02:40:00,0.005389929
2019-09-14 02:50:00,0.0023555756
2019-09-14 03:00:00,0.0059164166
2019-09-14 03:10:00,0.002184838
2019-09-14 03:20:00,0.005134195
2019-09-14 03:30:00,0.0024362803
2019-09-14 03:40:00,0.00580734
2019-09-14 03:50:00,0.0020593703
2019-09-14 04:00:00,0.00511992
2019-09-14 04:10:00,0.002096802
2019-09-14 04:20:00,0.0055438876
2019-09-14 04:30:00,0.0016911328
2019-09-14 04:40:00,0.004259169
2019-09-14 04:50:00,0.0018385351
2019-09-14 05:00:00,0.005571872
2019-09-14 05:10:00,0.0017265975
2019-09-14 05:20:00,0.00446254
2019-09-14 05:30:00,0.001840651
2019-09-14 05:40:00,0.0049826205
2019-09-14 05:50:00,0.0016869307
2019-09-14 06:00:00,0.0043970346
2019-09-14 06:10:00,0.002008468
2019-09-14 06:20:00,0.0052853823
2019-09-14 06:30:00,0.0019759834
2019-09-14 06:40:00,0.004256934
2019-09-14 06:50:00,0.0020539165
2019-09-14 07:00:00,0.0049740076
2019-09-14 07:10:00,0.0018582046
2019-09-14 07:20:00,0.004283726
2019-09-14 07:30:00,0.00196594
2019-09-14 07:40:00,0.004599452
2019-09-14 07:50:00,0.0017740428
2019-09-14 08:00:00,0.0038917959
2019-09-14 08:10:00,0.0019161701
2019-09-14 08:20:00,0.004501611
2019-09-14 08:30:00,0.001951158
2019-09-14 08:40:00,0.0042556524
2019-09-14 08:50:00,0.0022065938
2019-09-14 09:00:00,0.0047910213
2019-09-14 09:10:00,0.0023095608
2019-09-14 09:20:00,0.0041522384
2019-09-14 09:30:00,0.0025148392
2019-09-14 09:40:00,0.0048467517
2019-09-14 09:50:00,0.002530098
2019-09-14 10:00:00,0.004368931
2019-09-14 10:10:00,0.0026266575
2019-09-14 10:20:00,0.0047315955
2019-09-14 10:30:00,0.0020185113
2019-09-14 10:40:00,0.003978342
2019-09-14 10:50:00,0.002409637
2019-09-14 11:00:00,0.0047106147
2019-09-14 11:10:00,0.0023550093
2019-09-14 11:20:00,0.004023373
2019-09-14 11:30:00,0.0024757981
2019-09-14 11:40:00,0.00459525
2019-09-14 11:50:00,0.0024673045
2019-09-14 12:00:00,0.0042237043
2019-09-14 12:10:00,0.003088832
2019-09-14 12:20:00,0.004869491
2019-09-14 12:30:00,0.0027834177
2019-09-14 12:40:00,0.00469172
2019-09-14 12:50:00,0.0033140182
2019-09-14 13:00:00,0.0054133236
2019-09-14 13:10:00,0.0031550527
2019-09-14 13:20:00,0.0048793554
2019-09-14 13:30:00,0.0037444234
2019-09-14 13:40:00,0.0050136745
2019-09-14 13:50:00,0.0029404461
2019-09-14 14:00:00,0.003837198
2019-09-14 14:10:00,0.003223002
2019-09-14 14:20:00,0.0039254725
2019-09-14 14:30:00,0.002639383
2019-09-14 14:40:00,0.0033510327
2019-09-14 14:50:00,0.002998054
2019-09-14 15:00:00,0.003856212
2019-09-14 15:10:00,0.0028740168
2019-09-14 15:20:00,0.0035332441
2019-09-14 15:30:00,0.0037252307
2019-09-14 15:40:00,0.0040890574
2019-09-14 15:50:00,0.0034438074
2019-09-14 16:00:00,0.0037626922
2019-09-14 16:10:00,0.0040762424
2019-09-14 16:20:00,0.00455755
2019-09-14 16:30:00,0.0032577515
2019-09-14 16:40:00,0.0038263202
2019-09-14 16:50:00,0.0038333237
2019-09-14 17:00:00,0.004044682
2019-09-14 17:10:00,0.002841115
2019-09-14 17:20:00,0.0033447146
2019-09-14 17:30:00,0.0031419396
2019-09-14 17:40:00,0.0037274957
2019-09-14 17:50:00,0.002785772
2019-09-14 18:00:00,0.0033209324
2019-09-14 18:10:00,0.0032131374
2019-09-14 18:20:00,0.0037616491
2019-09-14 18:30:00,0.0027884543
2019-09-14 18:40:00,0.003312558
2019-09-14 18:50:00,0.0033678412
2019-09-14 19:00:00,0.004328072
2019-09-14 19:10:00,0.0033194423
2019-09-14 19:20:00,0.0043462217
2019-09-14 19:30:00,0.004229665
2019-09-14 19:40:00,0.0048416257
2019-09-14 19:50:00,0.003802508
2019-09-14 20:00:00,0.005196959
2019-09-14 20:10:00,0.0045259595
2019-09-14 20:20:00,0.005210966
2019-09-14 20:30:00,0.004245758
2019-09-14 20:40:00,0.0049270988
2019-09-14 20:50:00,0.0046714246
2019-09-14 21:00:00,0.0048983693
2019-09-14 21:10:00,0.004296154
2019-09-14 21:20:00,0.0042565465
2019-09-14 21:30:00,0.0044551194
2019-09-14 21:40:00,0.0042636395
2019-09-14 21:50:00,0.004050821
2019-09-14 22:00:00,0.0038621128
2019-09-14 22:10:00,0.004515648
2019-09-14 22:20:00,0.0038734674
2019-09-14 22:30:00,0.004025042
2019-09-14 22:40:00,0.003607899
2019-09-14 22:50:00,0.0043794215
2019-09-14 23:00:00,0.0037017465
2019-09-14 23:10:00,0.0043706
2019-09-14 23:20:00,0.0036756694
2019-09-14 23:30:00,0.004505545
2019-09-14 23:40:00,0.0037780106
2019-09-14 23:50:00,0.0041208267
2019-09-15 00:00:00,0.0034534335
2019-09-15 00:10:00,0.0043500364
2019-09-15 00:20:00,0.0034964383
2019-09-15 00:30:00,0.004090667
2019-09-15 00:40:00,0.003288716
2019-09-15 00:50:00,0.004275918
2019-09-15 01:00:00,0.0035374463
2019-09-15 01:10:00,0.003944427
2019-09-15 01:20:00,0.0031945407
2019-09-15 01:30:00,0.004160702
2019-09-15 01:40:00,0.0032261014
2019-09-15 01:50:00,0.0036956072
2019-09-15 02:00:00,0.002785772
2019-09-15 02:10:00,0.0035452247
2019-09-15 02:20:00,0.0029551089
2019-09-15 02:30:00,0.0033484995
2019-09-15 02:40:00,0.0027481914
2019-09-15 02:50:00,0.0034167767
2019-09-15 03:00:00,0.0028125942
2019-09-15 03:10:00,0.0031978786
2019-09-15 03:20:00,0.0027464032
2019-09-15 03:30:00,0.003458798
2019-09-15 03:40:00,0.0028325617
2019-09-15 03:50:00,0.003219694
2019-09-15 04:00:00,0.0026790202
2019-09-15 04:10:00,0.003304571
2019-09-15 04:20:00,0.0030028522
2019-09-15 04:30:00,0.0030005574
2019-09-15 04:40:00,0.0027067661
2019-09-15 04:50:00,0.0027519763
2019-09-15 05:00:00,0.0024058223
2019-09-15 05:10:00,0.0023926795
2019-09-15 05:20:00,0.0021646917
2019-09-15 05:30:00,0.0020936728
2019-09-15 05:40:00,0.0018883944
2019-09-15 05:50:00,0.0018063784
2019-09-15 06:00:00,0.0017657876
2019-09-15 06:10:00,0.0016992986
2019-09-15 06:20:00,0.0017106235
2019-09-15 06:30:00,0.0015770495
2019-09-15 06:40:00,0.0015434921
2019-09-15 06:50:00,0.0015972257
2019-09-15 07:00:00,0.0016946495
2019-09-15 07:10:00,0.0015389621
2019-09-15 07:20:00,0.0016671419
2019-09-15 07:30:00,0.001534313
2019-09-15 07:40:00,0.0017080307
2019-09-15 07:50:00,0.001537919
2019-09-15 08:00:00,0.0016124547
2019-09-15 08:10:00,0.0014487803
2019-09-15 08:20:00,0.0016421378
2019-09-15 08:30:00,0.0015354455
2019-09-15 08:40:00,0.0016261339
2019-09-15 08:50:00,0.0015634
2019-09-15 09:00:00,0.0017216206
2019-09-15 09:10:00,0.0015183985
2019-09-15 09:20:00,0.0016548038
2019-09-15 09:30:00,0.0013089478
2019-09-15 09:40:00,0.001575321
2019-09-15 09:50:00,0.0013456047
2019-09-15 10:00:00,0.0016291142
2019-09-15 10:10:00,0.0011982322
2019-09-15 10:20:00,0.0014565289
2019-09-15 10:30:00,0.001245141
2019-09-15 10:40:00,0.0015018284
2019-09-15 10:50:00,0.0011976957
2019-09-15 11:00:00,0.0015351176
2019-09-15 11:10:00,0.0013304651
2019-09-15 11:20:00,0.0015169978
2019-09-15 11:30:00,0.0012098551
2019-09-15 11:40:00,0.001388967
2019-09-15 11:50:00,0.0012222826
2019-09-15 12:00:00,0.0013615191
2019-09-15 12:10:00,0.0010431707
2019-09-15 12:20:00,0.0014166534
2019-09-15 12:30:00,0.0011606216
2019-09-15 12:40:00,0.001339227
2019-09-15 12:50:00,0.0010267198
2019-09-15 13:00:00,0.0012981594
2019-09-15 13:10:00,0.0010621846
2019-09-15 13:20:00,0.0012616515
2019-09-15 13:30:00,0.0009263754
2019-09-15 13:40:00,0.0011978149
2019-09-15 13:50:00,0.00095656514
2019-09-15 14:00:00,0.0011554956
2019-09-15 14:10:00,0.00083112717
2019-09-15 14:20:00,0.0012101531
2019-09-15 14:30:00,0.0009964108
2019-09-15 14:40:00,0.001323998
2019-09-15 14:50:00,0.00096455216
2019-09-15 15:00:00,0.0013704896
2019-09-15 15:10:00,0.0010816753
2019-09-15 15:20:00,0.0015147328
2019-09-15 15:30:00,0.001003027
2019-09-15 15:40:00,0.0015439987
2019-09-15 15:50:00,0.001180619
2019-09-15 16:00:00,0.00165236
2019-09-15 16:10:00,0.0010597408
2019-09-15 16:20:00,0.0016440749
2019-09-15 16:30:00,0.0012136102
2019-09-15 16:40:00,0.0015833378
2019-09-15 16:50:00,0.0010292828
2019-09-15 17:00:00,0.001573056
2019-09-15 17:10:00,0.0013359189
2019-09-15 17:20:00,0.0017630458
2019-09-15 17:30:00,0.0011833608
2019-09-15 17:40:00,0.0016693473
2019-09-15 17:50:00,0.001390338
2019-09-15 18:00:00,0.0019654036
2019-09-15 18:10:00,0.001389116
2019-09-15 18:20:00,0.002058208
2019-09-15 18:30:00,0.0016773641
2019-09-15 18:40:00,0.0021412373
2019-09-15 18:50:00,0.0015093088
2019-09-15 19:00:00,0.002033949
2019-09-15 19:10:00,0.0017694831
2019-09-15 19:20:00,0.0021237135
2019-09-15 19:30:00,0.0015150607
2019-09-15 19:40:00,0.0020968318
2019-09-15 19:50:00,0.0017673075
2019-09-15 20:00:00,0.0022800565
2019-09-15 20:10:00,0.0015826225
2019-09-15 20:20:00,0.0025429428
2019-09-15 20:30:00,0.0017836094
2019-09-15 20:40:00,0.0027814806
2019-09-15 20:50:00,0.0016436875
2019-09-15 21:00:00,0.0031160712
2019-09-15 21:10:00,0.0019174516
2019-09-15 21:20:00,0.0034509301
2019-09-15 21:30:00,0.0017289817
2019-09-15 21:40:00,0.0035052896
2019-09-15 21:50:00,0.0020759106
2019-09-15 22:00:00,0.0042748153
2019-09-15 22:10:00,0.0018738806
2019-09-15 22:20:00,0.0039094687
2019-09-15 22:30:00,0.0021876395
2019-09-15 22:40:00,0.004142642
2019-09-15 22:50:00,0.0019808412
2019-09-15 23:00:00,0.00390777
2019-09-15 23:10:00,0.0024740696
2019-09-15 23:20:00,0.004047066
2019-09-15 23:30:00,0.0023053586
2019-09-15 23:40:00,0.0041208565
2019-09-15 23:50:00,0.0028960705
2019-09-16 00:00:00,0.0044655204
2019-09-16 00:10:00,0.002606511
2019-09-16 00:20:00,0.0046712756
2019-09-16 00:30:00,0.0029728115
2019-09-16 00:40:00,0.0048297644
2019-09-16 00:50:00,0.003012091
2019-09-16 01:00:00,0.005507767
2019-09-16 01:10:00,0.0034089983
2019-09-16 01:20:00,0.004958123
2019-09-16 01:30:00,0.0027744472
2019-09-16 01:40:00,0.0045352876
2019-09-16 01:50:00,0.002796024
2019-09-16 02:00:00,0.004126638
2019-09-16 02:10:00,0.0023038685
2019-09-16 02:20:00,0.0040789545
2019-09-16 02:30:00,0.002816707
2019-09-16 02:40:00,0.0041252077
2019-09-16 02:50:00,0.0024515986
2019-09-16 03:00:00,0.0042307675
2019-09-16 03:10:00,0.0025282204
2019-09-16 03:20:00,0.0042178035
2019-09-16 03:30:00,0.0023522377
2019-09-16 03:40:00,0.004370898
2019-09-16 03:50:00,0.0025787652
2019-09-16 04:00:00,0.0043000877
2019-09-16 04:10:00,0.0025772154
2019-09-16 04:20:00,0.00475052
2019-09-16 04:30:00,0.0023596883
2019-09-16 04:40:00,0.0036964417
2019-09-16 04:50:00,0.0022530556
2019-09-16 05:00:00,0.0038333535
2019-09-16 05:10:00,0.0018495321
2019-09-16 05:20:00,0.0031869411
2019-09-16 05:30:00,0.0018948913
2019-09-16 05:40:00,0.0039375722
2019-09-16 05:50:00,0.0017999709
2019-09-16 06:00:00,0.0037338436
2019-09-16 06:10:00,0.0018491745
2019-09-16 06:20:00,0.0041799843
2019-09-16 06:30:00,0.0015140474
2019-09-16 06:40:00,0.0035696924
2019-09-16 06:50:00,0.0015153289
2019-09-16 07:00:00,0.0036574304
2019-09-16 07:10:00,0.0014443696
2019-09-16 07:20:00,0.003383249
2019-09-16 07:30:00,0.001626581
2019-09-16 07:40:00,0.0039446354
2019-09-16 07:50:00,0.0016727448
2019-09-16 08:00:00,0.0034554899
2019-09-16 08:10:00,0.0017975569
2019-09-16 08:20:00,0.004079908
2019-09-16 08:30:00,0.00169456
2019-09-16 08:40:00,0.003715843
2019-09-16 08:50:00,0.0018757284
2019-09-16 09:00:00,0.0046741366
2019-09-16 09:10:00,0.0019312203
2019-09-16 09:20:00,0.004154384
2019-09-16 09:30:00,0.0021885335
2019-09-16 09:40:00,0.0054914653
2019-09-16 09:50:00,0.0022695065
2019-09-16 10:00:00,0.004790187
2019-09-16 10:10:00,0.0023008585
2019-09-16 10:20:00,0.005182445
2019-09-16 10:30:00,0.0022316277
2019-09-16 10:40:00,0.004504025
2019-09-16 10:50:00,0.0023007393
2019-09-16 11:00:00,0.005123198
2019-09-16 11:10:00,0.0024231374
2019-09-16 11:20:00,0.004889637
2019-09-16 11:30:00,0.0027168393
2019-09-16 11:40:00,0.0058599412
2019-09-16 11:50:00,0.0028530061
2019-09-16 12:00:00,0.0061962306
2019-09-16 12:10:00,0.0035532415
2019-09-16 12:20:00,0.0067504644
2019-09-16 12:30:00,0.0035900176
2019-09-16 12:40:00,0.0065643787
2019-09-16 12:50:00,0.00412488
2019-09-16 13:00:00,0.007779211
2019-09-16 13:10:00,0.004025638
2019-09-16 13:20:00,0.007255554
2019-09-16 13:30:00,0.004686475
2019-09-16 13:40:00,0.008113563
2019-09-16 13:50:00,0.004494965
2019-09-16 14:00:00,0.007683307
2019-09-16 14:10:00,0.0050423145
2019-09-16 14:20:00,0.008595198
2019-09-16 14:30:00,0.004741937
2019-09-16 14:40:00,0.0074483454
2019-09-16 14:50:00,0.00467664
2019-09-16 15:00:00,0.00844869
2019-09-16 15:10:00,0.004154414
2019-09-16 15:20:00,0.007346958
2019-09-16 15:30:00,0.004650235
2019-09-16 15:40:00,0.008760482
2019-09-16 15:50:00,0.0039987564
2019-09-16 16:00:00,0.007817149
2019-09-16 16:10:00,0.004371077
2019-09-16 16:20:00,0.008729547
2019-09-16 16:30:00,0.004046291
2019-09-16 16:40:00,0.008137286
2019-09-16 16:50:00,0.0047597885
2019-09-16 17:00:00,0.009769797
2019-09-16 17:10:00,0.0046652257
2019-09-16 17:20:00,0.009838462
2019-09-16 17:30:00,0.0053030252
2019-09-16 17:40:00,0.011138648
2019-09-16 17:50:00,0.0050560236
2019-09-16 18:00:00,0.010532081
2019-09-16 18:10:00,0.005628079
2019-09-16 18:20:00,0.011610776
2019-09-16 18:30:00,0.005620688
2019-09-16 18:40:00,0.011319488
2019-09-16 18:50:00,0.006226003
2019-09-16 19:00:00,0.0135786235
2019-09-16 19:10:00,0.006159365
2019-09-16 19:20:00,0.013065666
2019-09-16 19:30:00,0.0062551796
2019-09-16 19:40:00,0.013210684
2019-09-16 19:50:00,0.0059807003
2019-09-16 20:00:00,0.012617737
2019-09-16 20:10:00,0.006352067
2019-09-16 20:20:00,0.013757914
2019-09-16 20:30:00,0.0059179366
2019-09-16 20:40:00,0.01340729
2019-09-16 20:50:00,0.0061370134
2019-09-16 21:00:00,0.014109701
2019-09-16 21:10:00,0.0063845217
2019-09-16 21:20:00,0.0127954185
2019-09-16 21:30:00,0.005930096
2019-09-16 21:40:00,0.014512807
2019-09-16 21:50:00,0.006060779
2019-09-16 22:00:00,0.014154136
2019-09-16 22:10:00,0.006451875
2019-09-16 22:20:00,0.013576001
2019-09-16 22:30:00,0.0065853596
2019-09-16 22:40:00,0.014487743
2019-09-16 22:50:00,0.006830305
2019-09-16 23:00:00,0.014925033
2019-09-16 23:10:00,0.007016003
2019-09-16 23:20:00,0.015883923
2019-09-16 23:30:00,0.007214844
2019-09-16 23:40:00,0.015608519
2019-09-16 23:50:00,0.0069612265
2019-09-17 00:00:00,0.014823347
2019-09-17 00:10:00,0.007006794
2019-09-17 00:20:00,0.015489966
2019-09-17 00:30:00,0.0074596703
2019-09-17 00:40:00,0.016542643
2019-09-17 00:50:00,0.007658839
2019-09-17 01:00:00,0.017131329
2019-09-17 01:10:00,0.008018523
2019-09-17 01:20:00,0.019576162
2019-09-17 01:30:00,0.008908689
2019-09-17 01:40:00,0.018375546
2019-09-17 01:50:00,0.00865078
2019-09-17 02:00:00,0.019153953
2019-09-17 02:10:00,0.009266287
2019-09-17 02:20:00,0.019954145
2019-09-17 02:30:00,0.009456098
2019-09-17 02:40:00,0.020559877
2019-09-17 02:50:00,0.009488404
2019-09-17 03:00:00,0.020506829
2019-09-17 03:10:00,0.011363238
2019-09-17 03:20:00,0.020691007
2019-09-17 03:30:00,0.012117386
2019-09-17 03:40:00,0.021416306
2019-09-17 03:50:00,0.011077017
2019-09-17 04:00:00,0.022753656
2019-09-17 04:10:00,0.011528969
2019-09-17 04:20:00,0.022372067
2019-09-17 04:30:00,0.0119023025
2019-09-17 04:40:00,0.025577277
2019-09-17 04:50:00,0.01171124
2019-09-17 05:00:00,0.026939899
2019-09-17 05:10:00,0.013100922
2019-09-17 05:20:00,0.02935651
2019-09-17 05:30:00,0.012171894
2019-09-17 05:40:00,0.029132634
2019-09-17 05:50:00,0.014069945
2019-09-17 06:00:00,0.033150256
2019-09-17 06:10:00,0.01483804
2019-09-17 06:20:00,0.031986177
2019-09-17 06:30:00,0.01469925
2019-09-17 06:40:00,0.03448713
2019-09-17 06:50:00,0.014619172
2019-09-17 07:00:00,0.032931983
2019-09-17 07:10:00,0.0155211985
2019-09-17 07:20:00,0.035591453
2019-09-17 07:30:00,0.015055358
2019-09-17 07:40:00,0.03450358
2019-09-17 07:50:00,0.01620689
2019-09-17 08:00:00,0.036489904
2019-09-17 08:10:00,0.015145987
2019-09-17 08:20:00,0.035724968
2019-09-17 08:30:00,0.01599583
2019-09-17 08:40:00,0.038751066
2019-09-17 08:50:00,0.016452283
2019-09-17 09:00:00,0.038004696
2019-09-17 09:10:00,0.017676264
2019-09-17 09:20:00,0.042496473
2019-09-17 09:30:00,0.018043846
2019-09-17 09:40:00,0.043663323
2019-09-17 09:50:00,0.01863861
2019-09-17 10:00:00,0.04532826
2019-09-17 10:10:00,0.018664926
2019-09-17 10:20:00,0.044288427
2019-09-17 10:30:00,0.019403636
2019-09-17 10:40:00,0.047514558
2019-09-17 10:50:00,0.019167095
2019-09-17 11:00:00,0.04782179
2019-09-17 11:10:00,0.021617264
2019-09-17 11:20:00,0.057550102
2019-09-17 11:30:00,0.02289784
2019-09-17 11:40:00,0.056720674
2019-09-17 11:50:00,0.024166405
2019-09-17 12:00:00,0.056831658
2019-09-17 12:10:00,0.024350613
2019-09-17 12:20:00,0.058496177
2019-09-17 12:30:00,0.026830882
2019-09-17 12:40:00,0.054192632
2019-09-17 12:50:00,0.027711391
2019-09-17 13:00:00,0.061336786
2019-09-17 13:10:00,0.032439232
2019-09-17 13:20:00,0.06448594
2019-09-17 13:30:00,0.033980638
2019-09-17 13:40:00,0.067687154
2019-09-17 13:50:00,0.03290692
2019-09-17 14:00:00,0.06636655
2019-09-17 14:10:00,0.03523639
2019-09-17 14:20:00,0.07322979
2019-09-17 14:30:00,0.034563035
2019-09-17 14:40:00,0.0740093
2019-09-17 14:50:00,0.03671664
2019-09-17 15:00:00,0.07967788
2019-09-17 15:10:00,0.035124063
2019-09-17 15:20:00,0.07562521
2019-09-17 15:30:00,0.036605567
2019-09-17 15:40:00,0.07486877
2019-09-17 15:50:00,0.035525948
2019-09-17 16:00:00,0.0683704
2019-09-17 16:10:00,0.036883116
2019-09-17 16:20:00,0.06704983
2019-09-17 16:30:00,0.03467059
2019-09-17 16:40:00,0.06691241
2019-09-17 16:50:00,0.03486204
2019-09-17 17:00:00,0.069253474
2019-09-17 17:10:00,0.03583464
2019-09-17 17:20:00,0.06801289
2019-09-17 17:30:00,0.03654006
2019-09-17 17:40:00,0.073293954
2019-09-17 17:50:00,0.034169644
2019-09-17 18:00:00,0.06939837
2019-09-17 18:10:00,0.03744319
2019-09-17 18:20:00,0.07599893
2019-09-17 18:30:00,0.035162956
2019-09-17 18:40:00,0.069236845
2019-09-17 18:50:00,0.037638366
2019-09-17 19:00:00,0.07575658
2019-09-17 19:10:00,0.035734892
2019-09-17 19:20:00,0.06892958
2019-09-17 19:30:00,0.03916678
2019-09-17 19:40:00,0.07817376
2019-09-17 19:50:00,0.036756128
2019-09-17 20:00:00,0.07154551
2019-09-17 20:10:00,0.039379656
2019-09-17 20:20:00,0.0797303
2019-09-17 20:30:00,0.038659096
2019-09-17 20:40:00,0.072687715
2019-09-17 20:50:00,0.040430486
2019-09-17 21:00:00,0.08375177
2019-09-17 21:10:00,0.038416684
2019-09-17 21:20:00,0.062957555
2019-09-17 21:30:00,0.04192376
2019-09-17 21:40:00,0.061962217
2019-09-17 21:50:00,0.040218264
2019-09-17 22:00:00,0.047050506
2019-09-17 22:10:00,0.043271154
2019-09-17 22:20:00,0.05311504
2019-09-17 22:30:00,0.041161895
2019-09-17 22:40:00,0.04870391
2019-09-17 22:50:00,0.043716818
2019-09-17 23:00:00,0.051650345
2019-09-17 23:10:00,0.040937066
2019-09-17 23:20:00,0.04474151
2019-09-17 23:30:00,0.04412806
2019-09-17 23:40:00,0.050097108
2019-09-17 23:50:00,0.037531346
2019-09-18 00:00:00,0.0351609
2019-09-18 00:10:00,0.039989084
2019-09-18 00:20:00,0.03798315
2019-09-18 00:30:00,0.034968823
2019-09-18 00:40:00,0.029235363
2019-09-18 00:50:00,0.036438137
2019-09-18 01:00:00,0.035624772
2019-09-18 01:10:00,0.03563395
2019-09-18 01:20:00,0.029022157
2019-09-18 01:30:00,0.03736779
2019-09-18 01:40:00,0.033140004
2019-09-18 01:50:00,0.03222099
2019-09-18 02:00:00,0.026016176
2019-09-18 02:10:00,0.0358921
2019-09-18 02:20:00,0.030523777
2019-09-18 02:30:00,0.03177595
2019-09-18 02:40:00,0.024909437
2019-09-18 02:50:00,0.03584078
2019-09-18 03:00:00,0.029059708
2019-09-18 03:10:00,0.032888323
2019-09-18 03:20:00,0.023156673
2019-09-18 03:30:00,0.038742304
2019-09-18 03:40:00,0.026765585
2019-09-18 03:50:00,0.032530874
2019-09-18 04:00:00,0.02060464
2019-09-18 04:10:00,0.03659907
2019-09-18 04:20:00,0.024594396
2019-09-18 04:30:00,0.03498286
2019-09-18 04:40:00,0.020926446
2019-09-18 04:50:00,0.037436575
2019-09-18 05:00:00,0.023958385
2019-09-18 05:10:00,0.03529653
2019-09-18 05:20:00,0.019598573
2019-09-18 05:30:00,0.037343383
2019-09-18 05:40:00,0.022956818
2019-09-18 05:50:00,0.032030523
2019-09-18 06:00:00,0.018275827
2019-09-18 06:10:00,0.035341382
2019-09-18 06:20:00,0.020826459
2019-09-18 06:30:00,0.03137955
2019-09-18 06:40:00,0.01689753
2019-09-18 06:50:00,0.03464809
2019-09-18 07:00:00,0.019546479
2019-09-18 07:10:00,0.033562392
2019-09-18 07:20:00,0.017395318
2019-09-18 07:30:00,0.036382258
2019-09-18 07:40:00,0.01983893
2019-09-18 07:50:00,0.033127338
2019-09-18 08:00:00,0.016515583
2019-09-18 08:10:00,0.03625086
2019-09-18 08:20:00,0.0189085
2019-09-18 08:30:00,0.033579826
2019-09-18 08:40:00,0.016468614
2019-09-18 08:50:00,0.037146866
2019-09-18 09:00:00,0.017817706
2019-09-18 09:10:00,0.031411916
2019-09-18 09:20:00,0.0139448345
2019-09-18 09:30:00,0.032452762
2019-09-18 09:40:00,0.015073329
2019-09-18 09:50:00,0.029447705
2019-09-18 10:00:00,0.013670206
2019-09-18 10:10:00,0.035682797
2019-09-18 10:20:00,0.015250057
2019-09-18 10:30:00,0.033108026
2019-09-18 10:40:00,0.0142894685
2019-09-18 10:50:00,0.039259136
2019-09-18 11:00:00,0.014695406
2019-09-18 11:10:00,0.036830038
2019-09-18 11:20:00,0.013889551
2019-09-18 11:30:00,0.040526837
2019-09-18 11:40:00,0.014279544
2019-09-18 11:50:00,0.0386492
2019-09-18 12:00:00,0.013762325
2019-09-18 12:10:00,0.040110916
2019-09-18 12:20:00,0.012761772
2019-09-18 12:30:00,0.03864506
2019-09-18 12:40:00,0.012826562
2019-09-18 12:50:00,0.04335147
2019-09-18 13:00:00,0.012572646
2019-09-18 13:10:00,0.03881821
2019-09-18 13:20:00,0.012788355
2019-09-18 13:30:00,0.04245442
2019-09-18 13:40:00,0.013180137
2019-09-18 13:50:00,0.038101673
2019-09-18 14:00:00,0.012585878
2019-09-18 14:10:00,0.041190624
2019-09-18 14:20:00,0.013372153
2019-09-18 14:30:00,0.03983
2019-09-18 14:40:00,0.013124019
2019-09-18 14:50:00,0.042270035
2019-09-18 15:00:00,0.013465345
2019-09-18 15:10:00,0.038015306
2019-09-18 15:20:00,0.013188422
2019-09-18 15:30:00,0.04126808
2019-09-18 15:40:00,0.013774246
2019-09-18 15:50:00,0.039545
2019-09-18 16:00:00,0.013205677
2019-09-18 16:10:00,0.04088804
2019-09-18 16:20:00,0.013774961
2019-09-18 16:30:00,0.03963068
2019-09-18 16:40:00,0.014060169
2019-09-18 16:50:00,0.04092765
2019-09-18 17:00:00,0.01453644
2019-09-18 17:10:00,0.03966281
2019-09-18 17:20:00,0.013480157
2019-09-18 17:30:00,0.039414167
2019-09-18 17:40:00,0.013347238
2019-09-18 17:50:00,0.037881523
2019-09-18 18:00:00,0.0144305825
2019-09-18 18:10:00,0.03840688
2019-09-18 18:20:00,0.013985187
2019-09-18 18:30:00,0.036173105
2019-09-18 18:40:00,0.014076382
2019-09-18 18:50:00,0.036862046
2019-09-18 19:00:00,0.01406312
2019-09-18 19:10:00,0.036988616
2019-09-18 19:20:00,0.014807373
2019-09-18 19:30:00,0.038541734
2019-09-18 19:40:00,0.013877869
2019-09-18 19:50:00,0.03295824
2019-09-18 20:00:00,0.013656288
2019-09-18 20:10:00,0.026568055
2019-09-18 20:20:00,0.012932479
2019-09-18 20:30:00,0.023166448
2019-09-18 20:40:00,0.012787968
2019-09-18 20:50:00,0.020682812
2019-09-18 21:00:00,0.012413621
2019-09-18 21:10:00,0.019754589
2019-09-18 21:20:00,0.012583017
2019-09-18 21:30:00,0.019375741
2019-09-18 21:40:00,0.011901945
2019-09-18 21:50:00,0.01945576
2019-09-18 22:00:00,0.012479395
2019-09-18 22:10:00,0.01923263
2019-09-18 22:20:00,0.012952715
2019-09-18 22:30:00,0.02024895
2019-09-18 22:40:00,0.013582349
2019-09-18 22:50:00,0.018262088
2019-09-18 23:00:00,0.014480382
2019-09-18 23:10:00,0.018216074
2019-09-18 23:20:00,0.014012873
2019-09-18 23:30:00,0.017127484
2019-09-18 23:40:00,0.013946325
2019-09-18 23:50:00,0.017656267
2019-09-19 00:00:00,0.014444202
2019-09-19 00:10:00,0.015739173
2019-09-19 00:20:00,0.014244527
2019-09-19 00:30:00,0.016994387
2019-09-19 00:40:00,0.015905082
2019-09-19 00:50:00,0.015624255
2019-09-19 01:00:00,0.01723969
2019-09-19 01:10:00,0.016904294
2019-09-19 01:20:00,0.016896725
2019-09-19 01:30:00,0.015724063
2019-09-19 01:40:00,0.017147154
2019-09-19 01:50:00,0.015883803
2019-09-19 02:00:00,0.01743108
2019-09-19 02:10:00,0.013322264
2019-09-19 02:20:00,0.016986549
2019-09-19 02:30:00,0.012937635
2019-09-19 02:40:00,0.016468734
2019-09-19 02:50:00,0.011389375
2019-09-19 03:00:00,0.017345667
2019-09-19 03:10:00,0.013038725
2019-09-19 03:20:00,0.018736154
2019-09-19 03:30:00,0.012396723
2019-09-19 03:40:00,0.018606752
2019-09-19 03:50:00,0.013094485
2019-09-19 04:00:00,0.021250904
2019-09-19 04:10:00,0.011818469
2019-09-19 04:20:00,0.021485537
2019-09-19 04:30:00,0.012084216
2019-09-19 04:40:00,0.022693157
2019-09-19 04:50:00,0.010609835
2019-09-19 05:00:00,0.022812247
2019-09-19 05:10:00,0.011079848
2019-09-19 05:20:00,0.025492638
2019-09-19 05:30:00,0.011078656
2019-09-19 05:40:00,0.027023077
2019-09-19 05:50:00,0.011695266
2019-09-19 06:00:00,0.030480504
2019-09-19 06:10:00,0.01148209
2019-09-19 06:20:00,0.02961877
2019-09-19 06:30:00,0.011912316
2019-09-19 06:40:00,0.03388229
2019-09-19 06:50:00,0.011308432
2019-09-19 07:00:00,0.03226313
2019-09-19 07:10:00,0.01256606
2019-09-19 07:20:00,0.033860296
2019-09-19 07:30:00,0.011911452
2019-09-19 07:40:00,0.035896897
2019-09-19 07:50:00,0.011771858
2019-09-19 08:00:00,0.032375664
2019-09-19 08:10:00,0.011242002
2019-09-19 08:20:00,0.032677054
2019-09-19 08:30:00,0.011462361
2019-09-19 08:40:00,0.028729826
2019-09-19 08:50:00,0.011817932
2019-09-19 09:00:00,0.029254287
2019-09-19 09:10:00,0.01245299
2019-09-19 09:20:00,0.029724658
2019-09-19 09:30:00,0.011943042
2019-09-19 09:40:00,0.030078918
2019-09-19 09:50:00,0.012099028
2019-09-19 10:00:00,0.029002279
2019-09-19 10:10:00,0.01141572
2019-09-19 10:20:00,0.029670715
2019-09-19 10:30:00,0.011844516
2019-09-19 10:40:00,0.029141247
2019-09-19 10:50:00,0.01136595
2019-09-19 11:00:00,0.028008819
2019-09-19 11:10:00,0.01057449
2019-09-19 11:20:00,0.02657482
2019-09-19 11:30:00,0.010090739
2019-09-19 11:40:00,0.02527231
2019-09-19 11:50:00,0.009801477
2019-09-19 12:00:00,0.024322033
2019-09-19 12:10:00,0.009624571
2019-09-19 12:20:00,0.024357706
2019-09-19 12:30:00,0.009602636
2019-09-19 12:40:00,0.024489343
2019-09-19 12:50:00,0.009124309
2019-09-19 13:00:00,0.024129093
2019-09-19 13:10:00,0.008795202
2019-09-19 13:20:00,0.022853673
2019-09-19 13:30:00,0.009001285
2019-09-19 13:40:00,0.022461504
2019-09-19 13:50:00,0.008800387
2019-09-19 14:00:00,0.022334605
2019-09-19 14:10:00,0.008998066
2019-09-19 14:20:00,0.021624118
2019-09-19 14:30:00,0.008497983
2019-09-19 14:40:00,0.022291899
2019-09-19 14:50:00,0.009119272
2019-09-19 15:00:00,0.02194956
2019-09-19 15:10:00,0.008921832
2019-09-19 15:20:00,0.021410793
2019-09-19 15:30:00,0.008982152
2019-09-19 15:40:00,0.021620065
2019-09-19 15:50:00,0.009209782
2019-09-19 16:00:00,0.022300005
2019-09-19 16:10:00,0.010160089
2019-09-19 16:20:00,0.02417317
2019-09-19 16:30:00,0.01049751
2019-09-19 16:40:00,0.02384895
2019-09-19 16:50:00,0.010476679
2019-09-19 17:00:00,0.023121685
2019-09-19 17:10:00,0.01030609
2019-09-19 17:20:00,0.02309239
2019-09-19 17:30:00,0.0103185475
2019-09-19 17:40:00,0.022964895
2019-09-19 17:50:00,0.010693848
2019-09-19 18:00:00,0.022965074
2019-09-19 18:10:00,0.010531932
2019-09-19 18:20:00,0.022002429
2019-09-19 18:30:00,0.010348141
2019-09-19 18:40:00,0.022098064
2019-09-19 18:50:00,0.010702342
2019-09-19 19:00:00,0.02169609
2019-09-19 19:10:00,0.010405153
2019-09-19 19:20:00,0.02188453
2019-09-19 19:30:00,0.011044383
2019-09-19 19:40:00,0.021770418
2019-09-19 19:50:00,0.01071322
2019-09-19 20:00:00,0.02150464
2019-09-19 20:10:00,0.011437476
2019-09-19 20:20:00,0.020875037
2019-09-19 20:30:00,0.011156082
2019-09-19 20:40:00,0.021645755
2019-09-19 20:50:00,0.012092948
2019-09-19 21:00:00,0.02116257
2019-09-19 21:10:00,0.011755168
2019-09-19 21:20:00,0.021763802
2019-09-19 21:30:00,0.012396783
2019-09-19 21:40:00,0.021318227
2019-09-19 21:50:00,0.012199312
2019-09-19 22:00:00,0.021688104
2019-09-19 22:10:00,0.012847364
2019-09-19 22:20:00,0.021569192
2019-09-19 22:30:00,0.012842268
2019-09-19 22:40:00,0.021439373
2019-09-19 22:50:00,0.013386071
2019-09-19 23:00:00,0.021237224
2019-09-19 23:10:00,0.0135009885
2019-09-19 23:20:00,0.022323728
2019-09-19 23:30:00,0.014508843
2019-09-19 23:40:00,0.021163583
2019-09-19 23:50:00,0.013198823
2019-09-20 00:00:00,0.021019101
2019-09-20 00:10:00,0.014136225
2019-09-20 00:20:00,0.020417929
2019-09-20 00:30:00,0.013233423
2019-09-20 00:40:00,0.021044105
2019-09-20 00:50:00,0.013434917
2019-09-20 01:00:00,0.020299822
2019-09-20 01:10:00,0.013323098
2019-09-20 01:20:00,0.020228058
2019-09-20 01:30:00,0.014463931
2019-09-20 01:40:00,0.020224243
2019-09-20 01:50:00,0.014173359
2019-09-20 02:00:00,0.021477133
2019-09-20 02:10:00,0.015990674
2019-09-20 02:20:00,0.020225137
2019-09-20 02:30:00,0.01619795
2019-09-20 02:40:00,0.021434873
2019-09-20 02:50:00,0.018612236
2019-09-20 03:00:00,0.021022022
2019-09-20 03:10:00,0.01942122
2019-09-20 03:20:00,0.023300141
2019-09-20 03:30:00,0.02161017
2019-09-20 03:40:00,0.021296203
2019-09-20 03:50:00,0.020798206
2019-09-20 04:00:00,0.022474557
2019-09-20 04:10:00,0.02255565
2019-09-20 04:20:00,0.021618038
2019-09-20 04:30:00,0.022261888
2019-09-20 04:40:00,0.023145854
2019-09-20 04:50:00,0.023699135
2019-09-20 05:00:00,0.021497399
2019-09-20 05:10:00,0.021871537
2019-09-20 05:20:00,0.02263236
2019-09-20 05:30:00,0.023768425
2019-09-20 05:40:00,0.022435695
2019-09-20 05:50:00,0.022621721
2019-09-20 06:00:00,0.023086846
2019-09-20 06:10:00,0.023290426
2019-09-20 06:20:00,0.02229616
2019-09-20 06:30:00,0.021324724
2019-09-20 06:40:00,0.021089584
2019-09-20 06:50:00,0.022995561
2019-09-20 07:00:00,0.01951322
2019-09-20 07:10:00,0.02033019
2019-09-20 07:20:00,0.020408124
2019-09-20 07:30:00,0.022293955
2019-09-20 07:40:00,0.017947137
2019-09-20 07:50:00,0.021182477
2019-09-20 08:00:00,0.018762112
2019-09-20 08:10:00,0.022053987
2019-09-20 08:20:00,0.018639147
2019-09-20 08:30:00,0.020724595
2019-09-20 08:40:00,0.019703656
2019-09-20 08:50:00,0.020777702
2019-09-20 09:00:00,0.017721087
2019-09-20 09:10:00,0.018870652
2019-09-20 09:20:00,0.016471803
2019-09-20 09:30:00,0.017953485
2019-09-20 09:40:00,0.015399843
2019-09-20 09:50:00,0.016286105
2019-09-20 10:00:00,0.016074002
2019-09-20 10:10:00,0.016870469
2019-09-20 10:20:00,0.014972806
2019-09-20 10:30:00,0.016360521
2019-09-20 10:40:00,0.016284674
2019-09-20 10:50:00,0.016673177
2019-09-20 11:00:00,0.015279859
2019-09-20 11:10:00,0.016049087
2019-09-20 11:20:00,0.015636355
2019-09-20 11:30:00,0.016302556
2019-09-20 11:40:00,0.015134752
2019-09-20 11:50:00,0.015582621
2019-09-20 12:00:00,0.016221851
2019-09-20 12:10:00,0.01582697
2019-09-20 12:20:00,0.01501289
2019-09-20 12:30:00,0.015846819
2019-09-20 12:40:00,0.016033411
2019-09-20 12:50:00,0.016344935
2019-09-20 13:00:00,0.015647292
2019-09-20 13:10:00,0.016309887
2019-09-20 13:20:00,0.016437173
2019-09-20 13:30:00,0.017102063
2019-09-20 13:40:00,0.016697347
2019-09-20 13:50:00,0.017047107
2019-09-20 14:00:00,0.017985553
2019-09-20 14:10:00,0.017220795
2019-09-20 14:20:00,0.017763764
2019-09-20 14:30:00,0.017520905
2019-09-20 14:40:00,0.019094318
2019-09-20 14:50:00,0.017851472
2019-09-20 15:00:00,0.020397276
2019-09-20 15:10:00,0.018083364
2019-09-20 15:20:00,0.023655772
2019-09-20 15:30:00,0.018545479
2019-09-20 15:40:00,0.022634983
2019-09-20 15:50:00,0.01888585
2019-09-20 16:00:00,0.025308162
2019-09-20 16:10:00,0.019214988
2019-09-20 16:20:00,0.02438572
2019-09-20 16:30:00,0.019916177
2019-09-20 16:40:00,0.026542932
2019-09-20 16:50:00,0.019528747
2019-09-20 17:00:00,0.025591433
2019-09-20 17:10:00,0.019083887
2019-09-20 17:20:00,0.028701246
2019-09-20 17:30:00,0.019006997
2019-09-20 17:40:00,0.02792865
2019-09-20 17:50:00,0.01976502
2019-09-20 18:00:00,0.030149281
2019-09-20 18:10:00,0.020028174
2019-09-20 18:20:00,0.029883683
2019-09-20 18:30:00,0.02231118
2019-09-20 18:40:00,0.03305912
2019-09-20 18:50:00,0.021992326
2019-09-20 19:00:00,0.03245896
2019-09-20 19:10:00,0.025552064
2019-09-20 19:20:00,0.038058937
2019-09-20 19:30:00,0.027510464
2019-09-20 19:40:00,0.037682503
2019-09-20 19:50:00,0.028353333
2019-09-20 20:00:00,0.04345128
2019-09-20 20:10:00,0.028260767
2019-09-20 20:20:00,0.041880935
2019-09-20 20:30:00,0.027364522
2019-09-20 20:40:00,0.042574286
2019-09-20 20:50:00,0.027660936
2019-09-20 21:00:00,0.040171295
2019-09-20 21:10:00,0.028740853
2019-09-20 21:20:00,0.043027192
2019-09-20 21:30:00,0.027307361
2019-09-20 21:40:00,0.04007688
2019-09-20 21:50:00,0.027998626
2019-09-20 22:00:00,0.04416731
2019-09-20 22:10:00,0.029616237
2019-09-20 22:20:00,0.041828245
2019-09-20 22:30:00,0.030778527
2019-09-20 22:40:00,0.045380145
2019-09-20 22:50:00,0.030430198
2019-09-20 23:00:00,0.04184559
2019-09-20 23:10:00,0.030951947
2019-09-20 23:20:00,0.048109263
2019-09-20 23:30:00,0.032237053
2019-09-20 23:40:00,0.045113444
2019-09-20 23:50:00,0.033238024
2019-09-21 00:00:00,0.05030468
2019-09-21 00:10:00,0.03308952
2019-09-21 00:20:00,0.04664582
2019-09-21 00:30:00,0.033563077
2019-09-21 00:40:00,0.052029908
2019-09-21 00:50:00,0.034558088
2019-09-21 01:00:00,0.04794556
2019-09-21 01:10:00,0.034702808
2019-09-21 01:20:00,0.053576797
2019-09-21 01:30:00,0.037084818
2019-09-21 01:40:00,0.049210846
2019-09-21 01:50:00,0.03603986
2019-09-21 02:00:00,0.056408346
2019-09-21 02:10:00,0.03616771
2019-09-21 02:20:00,0.050869197
2019-09-21 02:30:00,0.036628902
2019-09-21 02:40:00,0.05700034
2019-09-21 02:50:00,0.037651837
2019-09-21 03:00:00,0.051715523
2019-09-21 03:10:00,0.038475335
2019-09-21 03:20:00,0.056085765
2019-09-21 03:30:00,0.042844713
2019-09-21 03:40:00,0.05090013
2019-09-21 03:50:00,0.044215173
2019-09-21 04:00:00,0.061513662
2019-09-21 04:10:00,0.04482615
2019-09-21 04:20:00,0.053058296
2019-09-21 04:30:00,0.04024136
2019-09-21 04:40:00,0.060506433
2019-09-21 04:50:00,0.040668845
2019-09-21 05:00:00,0.05154884
2019-09-21 05:10:00,0.03680685
2019-09-21 05:20:00,0.05929476
2019-09-21 05:30:00,0.038285434
2019-09-21 05:40:00,0.052129805
2019-09-21 05:50:00,0.03881517
2019-09-21 06:00:00,0.054638207
2019-09-21 06:10:00,0.03984016
2019-09-21 06:20:00,0.045856476
2019-09-21 06:30:00,0.03931564
2019-09-21 06:40:00,0.04798928
2019-09-21 06:50:00,0.04313624
2019-09-21 07:00:00,0.04087761
2019-09-21 07:10:00,0.043561816
2019-09-21 07:20:00,0.053830326
2019-09-21 07:30:00,0.047375917
2019-09-21 07:40:00,0.047757506
2019-09-21 07:50:00,0.046506613
2019-09-21 08:00:00,0.059877694
2019-09-21 08:10:00,0.04876882
2019-09-21 08:20:00,0.049904913
2019-09-21 08:30:00,0.04759249
2019-09-21 08:40:00,0.05963689
2019-09-21 08:50:00,0.05119875
2019-09-21 09:00:00,0.051934063
2019-09-21 09:10:00,0.054029375
2019-09-21 09:20:00,0.0636673
2019-09-21 09:30:00,0.05932492
2019-09-21 09:40:00,0.054341197
2019-09-21 09:50:00,0.06308681
2019-09-21 10:00:00,0.067338794
2019-09-21 10:10:00,0.062734246
2019-09-21 10:20:00,0.057459235
2019-09-21 10:30:00,0.06475893
2019-09-21 10:40:00,0.0743123
2019-09-21 10:50:00,0.07301992
2019-09-21 11:00:00,0.06454313
2019-09-21 11:10:00,0.07260445
2019-09-21 11:20:00,0.078062594
2019-09-21 11:30:00,0.07902685
2019-09-21 11:40:00,0.06850156
2019-09-21 11:50:00,0.08268574
2019-09-21 12:00:00,0.08392361
2019-09-21 12:10:00,0.08890799
2019-09-21 12:20:00,0.071427405
2019-09-21 12:30:00,0.08865544
2019-09-21 12:40:00,0.0886938
2019-09-21 12:50:00,0.09981388
2019-09-21 13:00:00,0.078915
2019-09-21 13:10:00,0.10113424
2019-09-21 13:20:00,0.09682372
2019-09-21 13:30:00,0.10322854
2019-09-21 13:40:00,0.083501846
2019-09-21 13:50:00,0.11127269
2019-09-21 14:00:00,0.10399863
2019-09-21 14:10:00,0.117886424
2019-09-21 14:20:00,0.09165096
2019-09-21 14:30:00,0.11877242
2019-09-21 14:40:00,0.10868886
2019-09-21 14:50:00,0.12587276
2019-09-21 15:00:00,0.0916065
2019-09-21 15:10:00,0.12368518
2019-09-21 15:20:00,0.107378155
2019-09-21 15:30:00,0.13235569
2019-09-21 15:40:00,0.09274304
2019-09-21 15:50:00,0.13684705
2019-09-21 16:00:00,0.11532894
2019-09-21 16:10:00,0.14763328
2019-09-21 16:20:00,0.098403126
2019-09-21 16:30:00,0.15334871
2019-09-21 16:40:00,0.11880717
2019-09-21 16:50:00,0.1655064
2019-09-21 17:00:00,0.108609974
2019-09-21 17:10:00,0.16530496
2019-09-21 17:20:00,0.12580672
2019-09-21 17:30:00,0.18390468
2019-09-21 17:40:00,0.11334705
2019-09-21 17:50:00,0.19233316
2019-09-21 18:00:00,0.13807356
2019-09-21 18:10:00,0.19645178
2019-09-21 18:20:00,0.11789119
2019-09-21 18:30:00,0.20317149
2019-09-21 18:40:00,0.14159673
2019-09-21 18:50:00,0.1941196
2019-09-21 19:00:00,0.12259635
2019-09-21 19:10:00,0.16296867
2019-09-21 19:20:00,0.12678522
2019-09-21 19:30:00,0.16017696
2019-09-21 19:40:00,0.11059892
2019-09-21 19:50:00,0.14227459
2019-09-21 20:00:00,0.118192255
2019-09-21 20:10:00,0.14269349
2019-09-21 20:20:00,0.101166904
2019-09-21 20:30:00,0.130647
2019-09-21 20:40:00,0.10608688
2019-09-21 20:50:00,0.12976882
2019-09-21 21:00:00,0.08835259
2019-09-21 21:10:00,0.11613569
2019-09-21 21:20:00,0.09218839
2019-09-21 21:30:00,0.11242756
2019-09-21 21:40:00,0.07876974
2019-09-21 21:50:00,0.103182256
2019-09-21 22:00:00,0.08898547
2019-09-21 22:10:00,0.096381456
2019-09-21 22:20:00,0.075042486
2019-09-21 22:30:00,0.07641569
2019-09-21 22:40:00,0.081720054
2019-09-21 22:50:00,0.071358025
2019-09-21 23:00:00,0.07282066
2019-09-21 23:10:00,0.07769728
2019-09-21 23:20:00,0.07809582
2019-09-21 23:30:00,0.07069206
2019-09-21 23:40:00,0.061610788
2019-09-21 23:50:00,0.06951523
2019-09-22 00:00:00,0.0694679
2019-09-22 00:10:00,0.06274003
2019-09-22 00:20:00,0.057971
2019-09-22 00:30:00,0.05876851
2019-09-22 00:40:00,0.065114945
2019-09-22 00:50:00,0.054597467
2019-09-22 01:00:00,0.05820626
2019-09-22 01:10:00,0.05287677
2019-09-22 01:20:00,0.06409013
2019-09-22 01:30:00,0.049835473
2019-09-22 01:40:00,0.052369058
2019-09-22 01:50:00,0.0490143
2019-09-22 02:00:00,0.056611925
2019-09-22 02:10:00,0.043114454
2019-09-22 02:20:00,0.048087716
2019-09-22 02:30:00,0.039783955
2019-09-22 02:40:00,0.05113879
2019-09-22 02:50:00,0.03933236
2019-09-22 03:00:00,0.04443559
2019-09-22 03:10:00,0.042684376
2019-09-22 03:20:00,0.046913415
2019-09-22 03:30:00,0.03924495
2019-09-22 03:40:00,0.037819713
2019-09-22 03:50:00,0.03958565
2019-09-22 04:00:00,0.039792717
2019-09-22 04:10:00,0.03715098
2019-09-22 04:20:00,0.035541058
2019-09-22 04:30:00,0.038576543
2019-09-22 04:40:00,0.039123505
2019-09-22 04:50:00,0.037431896
2019-09-22 05:00:00,0.036674112
2019-09-22 05:10:00,0.040423065
2019-09-22 05:20:00,0.04242021
2019-09-22 05:30:00,0.03882879
2019-09-22 05:40:00,0.039081186
2019-09-22 05:50:00,0.040857732
2019-09-22 06:00:00,0.03443238
2019-09-22 06:10:00,0.036191314
2019-09-22 06:20:00,0.030735344
2019-09-22 06:30:00,0.038301915
2019-09-22 06:40:00,0.02489686
2019-09-22 06:50:00,0.034446567
2019-09-22 07:00:00,0.021951228
2019-09-22 07:10:00,0.033046246
2019-09-22 07:20:00,0.023277014
2019-09-22 07:30:00,0.029708058
2019-09-22 07:40:00,0.020918757
2019-09-22 07:50:00,0.03311783
2019-09-22 08:00:00,0.021023154
2019-09-22 08:10:00,0.030991524
2019-09-22 08:20:00,0.021451682
2019-09-22 08:30:00,0.033221513
2019-09-22 08:40:00,0.02005884
2019-09-22 08:50:00,0.031135082
2019-09-22 09:00:00,0.018767804
2019-09-22 09:10:00,0.032836735
2019-09-22 09:20:00,0.018980086
2019-09-22 09:30:00,0.030921519
2019-09-22 09:40:00,0.017313749
2019-09-22 09:50:00,0.032499313
2019-09-22 10:00:00,0.018475682
2019-09-22 10:10:00,0.028684556
2019-09-22 10:20:00,0.01725933
2019-09-22 10:30:00,0.030162334
2019-09-22 10:40:00,0.016486019
2019-09-22 10:50:00,0.027197093
2019-09-22 11:00:00,0.015629739
2019-09-22 11:10:00,0.032304734
2019-09-22 11:20:00,0.015838891
2019-09-22 11:30:00,0.028915256
2019-09-22 11:40:00,0.014586419
2019-09-22 11:50:00,0.032190055
2019-09-22 12:00:00,0.014062643
2019-09-22 12:10:00,0.0285905
2019-09-22 12:20:00,0.014013201
2019-09-22 12:30:00,0.031866312
2019-09-22 12:40:00,0.014903635
2019-09-22 12:50:00,0.028773367
2019-09-22 13:00:00,0.014666289
2019-09-22 13:10:00,0.029902607
2019-09-22 13:20:00,0.012623668
2019-09-22 13:30:00,0.024959266
2019-09-22 13:40:00,0.01569876
2019-09-22 13:50:00,0.03095162
2019-09-22 14:00:00,0.014486849
2019-09-22 14:10:00,0.024589926
2019-09-22 14:20:00,0.009757489
2019-09-22 14:30:00,0.025057495
2019-09-22 14:40:00,0.012239456
2019-09-22 14:50:00,0.025231361
2019-09-22 15:00:00,0.011390746
2019-09-22 15:10:00,0.02557981
2019-09-22 15:20:00,0.011230946
2019-09-22 15:30:00,0.022180855
2019-09-22 15:40:00,0.010128558
2019-09-22 15:50:00,0.022835553
2019-09-22 16:00:00,0.009836286
2019-09-22 16:10:00,0.020458043
2019-09-22 16:20:00,0.009535909
2019-09-22 16:30:00,0.021645665
2019-09-22 16:40:00,0.009470433
2019-09-22 16:50:00,0.019468427
2019-09-22 17:00:00,0.009081453
2019-09-22 17:10:00,0.020905018
2019-09-22 17:20:00,0.009243369
2019-09-22 17:30:00,0.018789113
2019-09-22 17:40:00,0.008519888
2019-09-22 17:50:00,0.019469231
2019-09-22 18:00:00,0.008556157
2019-09-22 18:10:00,0.018028915
2019-09-22 18:20:00,0.008274615
2019-09-22 18:30:00,0.019249648
2019-09-22 18:40:00,0.008148134
2019-09-22 18:50:00,0.016753703
2019-09-22 19:00:00,0.0075485706
2019-09-22 19:10:00,0.016792178
2019-09-22 19:20:00,0.0066119134
2019-09-22 19:30:00,0.014748961
2019-09-22 19:40:00,0.0061838925
2019-09-22 19:50:00,0.014970243
2019-09-22 20:00:00,0.005618602
2019-09-22 20:10:00,0.014115512
2019-09-22 20:20:00,0.005444497
2019-09-22 20:30:00,0.016327739
2019-09-22 20:40:00,0.0056018233
2019-09-22 20:50:00,0.013777375
2019-09-22 21:00:00,0.0051822662
2019-09-22 21:10:00,0.01477465
2019-09-22 21:20:00,0.005293876
2019-09-22 21:30:00,0.011903703
2019-09-22 21:40:00,0.0051067173
2019-09-22 21:50:00,0.012406021
2019-09-22 22:00:00,0.005007386
2019-09-22 22:10:00,0.012494564
2019-09-22 22:20:00,0.005327821
2019-09-22 22:30:00,0.013628423
2019-09-22 22:40:00,0.0051155686
2019-09-22 22:50:00,0.013419211
2019-09-22 23:00:00,0.0054554343
2019-09-22 23:10:00,0.013904721
2019-09-22 23:20:00,0.0051555037
2019-09-22 23:30:00,0.012869567
2019-09-22 23:40:00,0.005377114
2019-09-22 23:50:00,0.013480157
2019-09-23 00:00:00,0.0051401854
2019-09-23 00:10:00,0.013158917
2019-09-23 00:20:00,0.0056293905
2019-09-23 00:30:00,0.01421386
2019-09-23 00:40:00,0.0056304038
2019-09-23 00:50:00,0.012929767
2019-09-23 01:00:00,0.005663097
2019-09-23 01:10:00,0.013394326
2019-09-23 01:20:00,0.0050697923
2019-09-23 01:30:00,0.012652069
2019-09-23 01:40:00,0.005402744
2019-09-23 01:50:00,0.01390633
2019-09-23 02:00:00,0.0052003562
2019-09-23 02:10:00,0.013441682
2019-09-23 02:20:00,0.0055123568
2019-09-23 02:30:00,0.014296234
2019-09-23 02:40:00,0.0055297613
2019-09-23 02:50:00,0.015065849
2019-09-23 03:00:00,0.0060535967
2019-09-23 03:10:00,0.016214997
2019-09-23 03:20:00,0.00624913
2019-09-23 03:30:00,0.016252577
2019-09-23 03:40:00,0.007135898
2019-09-23 03:50:00,0.01764509
2019-09-23 04:00:00,0.0068632364
2019-09-23 04:10:00,0.019414604
2019-09-23 04:20:00,0.008284599
2019-09-23 04:30:00,0.021253675
2019-09-23 06:40:00,0.0078080297
2019-09-23 06:50:00,0.022847652
2019-09-23 07:00:00,0.008930415
2019-09-23 07:10:00,0.02225113
2019-09-23 07:20:00,0.008539557
2019-09-23 07:30:00,0.022271484
2019-09-23 07:40:00,0.0093639195
2019-09-23 07:50:00,0.021298975
2019-09-23 08:00:00,0.008251309
2019-09-23 08:10:00,0.0208925
2019-09-23 08:20:00,0.008675009
2019-09-23 08:30:00,0.020287246
2019-09-23 08:40:00,0.008790791
2019-09-23 08:50:00,0.021191925
2019-09-23 09:00:00,0.009723157
2019-09-23 09:10:00,0.020868033
2019-09-23 09:20:00,0.0093095
2019-09-23 09:30:00,0.021422327
2019-09-23 09:40:00,0.01067242
2019-09-23 09:50:00,0.02307564
2019-09-23 10:00:00,0.01105088
2019-09-23 10:10:00,0.023704022
2019-09-23 10:20:00,0.010740966
2019-09-23 10:30:00,0.023459464
2019-09-23 10:40:00,0.011113703
2019-09-23 10:50:00,0.026688784
2019-09-23 11:00:00,0.0116200745
2019-09-23 11:10:00,0.02617696
2019-09-23 11:20:00,0.01121369
2019-09-23 11:30:00,0.025286496
2019-09-23 11:40:00,0.012529671
2019-09-23 11:50:00,0.024199843
2019-09-23 12:00:00,0.011726499
2019-09-23 12:10:00,0.02420479
2019-09-23 12:20:00,0.013316989
2019-09-23 12:30:00,0.022583425
2019-09-23 12:40:00,0.013949543
2019-09-23 12:50:00,0.021650791
2019-09-23 13:00:00,0.014846802
2019-09-23 13:10:00,0.021652043
2019-09-23 13:20:00,0.012517154
2019-09-23 13:30:00,0.020394027
2019-09-23 13:40:00,0.013423264
2019-09-23 13:50:00,0.018629432
2019-09-23 14:00:00,0.011876732
2019-09-23 14:10:00,0.017506093
2019-09-23 14:20:00,0.012077332
2019-09-23 14:30:00,0.015993655
2019-09-23 14:40:00,0.011866748
2019-09-23 14:50:00,0.015860975
2019-09-23 15:00:00,0.013224781
2019-09-23 15:10:00,0.014671266
2019-09-23 15:20:00,0.0127598345
2019-09-23 15:30:00,0.016465545
2019-09-23 15:40:00,0.014606565
2019-09-23 15:50:00,0.015210956
2019-09-23 16:00:00,0.014536262
2019-09-23 16:10:00,0.016381532
2019-09-23 16:20:00,0.0178262
2019-09-23 16:30:00,0.016590804
2019-09-23 16:40:00,0.016427636
2019-09-23 16:50:00,0.017332703
2019-09-23 17:00:00,0.018244267
2019-09-23 17:10:00,0.016140282
2019-09-23 17:20:00,0.01605481
2019-09-23 17:30:00,0.01592645
2019-09-23 17:40:00,0.017357528
2019-09-23 17:50:00,0.015481085
2019-09-23 18:00:00,0.014163226
2019-09-23 18:10:00,0.014207959
2019-09-23 18:20:00,0.015513301
2019-09-23 18:30:00,0.013848513
2019-09-23 18:40:00,0.01365158
2019-09-23 18:50:00,0.013783187
2019-09-23 19:00:00,0.014524609
2019-09-23 19:10:00,0.01341939
2019-09-23 19:20:00,0.013377011
2019-09-23 19:30:00,0.013091385
2019-09-23 19:40:00,0.014764905
2019-09-23 19:50:00,0.013561457
2019-09-23 20:00:00,0.014717579
2019-09-23 20:10:00,0.013869613
2019-09-23 20:20:00,0.014952421
2019-09-23 20:30:00,0.013877511
2019-09-23 20:40:00,0.014110237
2019-09-23 20:50:00,0.0140532255
2019-09-23 21:00:00,0.015359819
2019-09-23 21:10:00,0.01450488
2019-09-23 21:20:00,0.015110731
2019-09-23 21:30:00,0.014683545
2019-09-23 21:40:00,0.01761663
2019-09-23 21:50:00,0.016574085
2019-09-23 22:00:00,0.017414212
2019-09-23 22:10:00,0.0169954
2019-09-23 22:20:00,0.019707263
2019-09-23 22:30:00,0.018307239
2019-09-23 22:40:00,0.018994689
2019-09-23 22:50:00,0.019045979
2019-09-23 23:00:00,0.021116316
2019-09-23 23:10:00,0.019996732
2019-09-23 23:20:00,0.019933462
2019-09-23 23:30:00,0.020368844
2019-09-23 23:40:00,0.023075283
2019-09-23 23:50:00,0.022956401
2019-09-24 00:00:00,0.023552358
2019-09-24 00:10:00,0.023333699
2019-09-24 00:20:00,0.025713354
2019-09-24 00:30:00,0.024210691
2019-09-24 00:40:00,0.023603827
2019-09-24 00:50:00,0.023848802
2019-09-24 01:00:00,0.025803745
2019-09-24 01:10:00,0.026439667
2019-09-24 01:20:00,0.025400579
2019-09-24 01:30:00,0.027987719
2019-09-24 01:40:00,0.027637929
2019-09-24 01:50:00,0.030263215
2019-09-24 02:00:00,0.026967227
2019-09-24 02:10:00,0.030968875
2019-09-24 02:20:00,0.030024618
2019-09-24 02:30:00,0.032268375
2019-09-24 02:40:00,0.027505934
2019-09-24 02:50:00,0.031819582
2019-09-24 03:00:00,0.029361665
2019-09-24 03:10:00,0.03467101
2019-09-24 03:20:00,0.029764652
2019-09-24 03:30:00,0.034588784
2019-09-24 03:40:00,0.032168567
2019-09-24 03:50:00,0.034638256
2019-09-24 04:00:00,0.03046742
2019-09-24 04:10:00,0.033549815
2019-09-24 04:20:00,0.031660527
2019-09-24 04:30:00,0.0330047
2019-09-24 04:40:00,0.03472078
2019-09-24 04:50:00,0.03449768
2019-09-24 05:00:00,0.035485268
2019-09-24 05:10:00,0.037449658
2019-09-24 05:20:00,0.040224373
2019-09-24 05:30:00,0.038806826
2019-09-24 05:40:00,0.038384587
2019-09-24 05:50:00,0.04434538
2019-09-24 06:00:00,0.040649086
2019-09-24 06:10:00,0.047043025
2019-09-24 06:20:00,0.042547643
2019-09-24 06:30:00,0.05292657
2019-09-24 06:40:00,0.044950992
2019-09-24 06:50:00,0.053120404
2019-09-24 07:00:00,0.04484883
2019-09-24 07:10:00,0.05291435
2019-09-24 07:20:00,0.046096087
2019-09-24 07:30:00,0.05303687
2019-09-24 07:40:00,0.048048258
2019-09-24 07:50:00,0.057258457
2019-09-24 08:00:00,0.048939735
2019-09-24 08:10:00,0.05941114
2019-09-24 08:20:00,0.049611688
2019-09-24 08:30:00,0.060604602
2019-09-24 08:40:00,0.049791753
2019-09-24 08:50:00,0.061071485
2019-09-24 09:00:00,0.048644364
2019-09-24 09:10:00,0.06453735
2019-09-24 09:20:00,0.04960203
2019-09-24 09:30:00,0.06357515
2019-09-24 09:40:00,0.052405268
2019-09-24 09:50:00,0.067417085
2019-09-24 10:00:00,0.055068135
2019-09-24 10:10:00,0.06297186
2019-09-24 10:20:00,0.052108467
2019-09-24 10:30:00,0.067295074
2019-09-24 10:40:00,0.05208513
2019-09-24 10:50:00,0.06426236
2019-09-24 11:00:00,0.05101952
2019-09-24 11:10:00,0.06609365
2019-09-24 11:20:00,0.051861763
2019-09-24 11:30:00,0.06425843
2019-09-24 11:40:00,0.053317785
2019-09-24 11:50:00,0.07115376
2019-09-24 12:00:00,0.056661695
2019-09-24 12:10:00,0.068941236
2019-09-24 12:20:00,0.056528002
2019-09-24 12:30:00,0.070688546
2019-09-24 12:40:00,0.058930606
2019-09-24 12:50:00,0.06659275
2019-09-24 13:00:00,0.059171945
2019-09-24 13:10:00,0.073711544
2019-09-24 13:20:00,0.061625093
2019-09-24 13:30:00,0.07631174
2019-09-24 13:40:00,0.062256336
2019-09-24 13:50:00,0.07305968
2019-09-24 14:00:00,0.0610196
2019-09-24 14:10:00,0.063899726
2019-09-24 14:20:00,0.059389174
2019-09-24 14:30:00,0.06763011
2019-09-24 14:40:00,0.06704253
2019-09-24 14:50:00,0.06386575
2019-09-24 15:00:00,0.06708771
2019-09-24 15:10:00,0.0775401
2019-09-24 15:20:00,0.0754959
2019-09-24 15:30:00,0.07334092
2019-09-24 15:40:00,0.070572674
2019-09-24 15:50:00,0.079862475
2019-09-24 16:00:00,0.07715276
2019-09-24 16:10:00,0.06996378
2019-09-24 16:20:00,0.07202336
2019-09-24 16:30:00,0.07811433
2019-09-24 16:40:00,0.07089874
2019-09-24 16:50:00,0.06584421
2019-09-24 17:00:00,0.0691466
2019-09-24 17:10:00,0.075525284
2019-09-24 17:20:00,0.07641253
2019-09-24 17:30:00,0.067908764
2019-09-24 17:40:00,0.0730122
2019-09-24 17:50:00,0.06533569
2019-09-24 18:00:00,0.077133
2019-09-24 18:10:00,0.06814855
2019-09-24 18:20:00,0.074082136
2019-09-24 18:30:00,0.07348114
2019-09-24 18:40:00,0.08044565
2019-09-24 18:50:00,0.07751411
2019-09-24 19:00:00,0.076289594
2019-09-24 19:10:00,0.08666715
2019-09-24 19:20:00,0.08464864
2019-09-24 19:30:00,0.08150044
2019-09-24 19:40:00,0.08394778
2019-09-24 19:50:00,0.08956361
2019-09-24 20:00:00,0.09230375
2019-09-24 20:10:00,0.08374369
2019-09-24 20:20:00,0.08402407
2019-09-24 20:30:00,0.09124875
2019-09-24 20:40:00,0.08628973
2019-09-24 20:50:00,0.061021417
2019-09-24 21:00:00,0.08891934
2019-09-24 21:10:00,0.10760939
2019-09-24 21:20:00,0.1062544
2019-09-24 21:30:00,0.112986
2019-09-24 21:40:00,0.098573744
2019-09-24 21:50:00,0.10894674
2019-09-24 22:00:00,0.104253024
2019-09-24 22:10:00,0.10803142
2019-09-24 22:20:00,0.09284246
2019-09-24 22:30:00,0.10740793
2019-09-24 22:40:00,0.102727294
2019-09-24 22:50:00,0.106264204
2019-09-24 23:00:00,0.08950251
2019-09-24 23:10:00,0.1037747
2019-09-24 23:20:00,0.08568367
2019-09-24 23:30:00,0.089040846
2019-09-24 23:40:00,0.07181111
2019-09-24 23:50:00,0.08200669
2019-09-25 00:00:00,0.06994802
2019-09-25 00:10:00,0.07828131
2019-09-25 00:20:00,0.062420666
2019-09-25 00:30:00,0.07607764
2019-09-25 00:40:00,0.06651893
2019-09-25 00:50:00,0.07832405
2019-09-25 01:00:00,0.06118387
2019-09-25 01:10:00,0.07817143
2019-09-25 01:20:00,0.061637223
2019-09-25 01:30:00,0.074736446
2019-09-25 01:40:00,0.0549998
2019-09-25 01:50:00,0.07244825
2019-09-25 02:00:00,0.055205286
2019-09-25 02:10:00,0.07330358
2019-09-25 02:20:00,0.048743993
2019-09-25 02:30:00,0.06764385
2019-09-25 02:40:00,0.049586028
2019-09-25 02:50:00,0.067988425
2019-09-25 03:00:00,0.04694277
2019-09-25 03:10:00,0.06687167
2019-09-25 03:20:00,0.048056692
2019-09-25 03:30:00,0.06418502
2019-09-25 03:40:00,0.04252729
2019-09-25 03:50:00,0.059037596
2019-09-25 04:00:00,0.04181853
2019-09-25 04:10:00,0.05924779
2019-09-25 04:20:00,0.03985524
2019-09-25 04:30:00,0.06349486
2019-09-25 04:40:00,0.040753752
2019-09-25 04:50:00,0.057223707
2019-09-25 05:00:00,0.03546217
2019-09-25 05:10:00,0.053315848
2019-09-25 05:20:00,0.034305453
2019-09-25 05:30:00,0.04096827
2019-09-25 05:40:00,0.029210985
2019-09-25 05:50:00,0.036199838
2019-09-25 06:00:00,0.028796762
2019-09-25 06:10:00,0.033167392
2019-09-25 06:20:00,0.028835386
2019-09-25 06:30:00,0.032442093
2019-09-25 06:40:00,0.02845636
2019-09-25 06:50:00,0.028650016
2019-09-25 07:00:00,0.025302947
2019-09-25 07:10:00,0.026952803
2019-09-25 07:20:00,0.023397297
2019-09-25 07:30:00,0.026221573
2019-09-25 07:40:00,0.021690667
2019-09-25 07:50:00,0.02476409
2019-09-25 08:00:00,0.02178964
2019-09-25 08:10:00,0.024554431
2019-09-25 08:20:00,0.022663534
2019-09-25 08:30:00,0.024852484
2019-09-25 08:40:00,0.02109608
2019-09-25 08:50:00,0.024033427
2019-09-25 09:00:00,0.020334452
2019-09-25 09:10:00,0.025270283
2019-09-25 09:20:00,0.022672683
2019-09-25 09:30:00,0.021715134
2019-09-25 09:40:00,0.018828481
2019-09-25 09:50:00,0.020931154
2019-09-25 10:00:00,0.020094931
2019-09-25 10:10:00,0.02468267
2019-09-25 10:20:00,0.022293001
2019-09-25 10:30:00,0.028403878
2019-09-25 10:40:00,0.022488862
2019-09-25 10:50:00,0.0283871
2019-09-25 11:00:00,0.023379147
2019-09-25 11:10:00,0.029779911
2019-09-25 11:20:00,0.022580147
2019-09-25 11:30:00,0.025827646
2019-09-25 11:40:00,0.01875645
2019-09-25 11:50:00,0.022720665
2019-09-25 12:00:00,0.018468201
2019-09-25 12:10:00,0.023842126
2019-09-25 12:20:00,0.019000024
2019-09-25 12:30:00,0.0221847
2019-09-25 12:40:00,0.019386679
2019-09-25 12:50:00,0.021635234
2019-09-25 13:00:00,0.017396748
2019-09-25 13:10:00,0.020371974
2019-09-25 13:20:00,0.017193109
2019-09-25 13:30:00,0.018303722
2019-09-25 13:40:00,0.014551908
2019-09-25 13:50:00,0.01843363
2019-09-25 14:00:00,0.014670789
2019-09-25 14:10:00,0.017510086
2019-09-25 14:20:00,0.014569104
2019-09-25 14:30:00,0.01955837
2019-09-25 14:40:00,0.013118207
2019-09-25 14:50:00,0.015191197
2019-09-25 15:00:00,0.013379812
2019-09-25 15:10:00,0.016057938
2019-09-25 15:20:00,0.0130980015
2019-09-25 15:30:00,0.014794946
2019-09-25 15:40:00,0.012780279
2019-09-25 15:50:00,0.014294326
2019-09-25 16:00:00,0.0126077235
2019-09-25 16:10:00,0.014815748
2019-09-25 16:20:00,0.011594743
2019-09-25 16:30:00,0.014198214
2019-09-25 16:40:00,0.011984944
2019-09-25 16:50:00,0.012155622
2019-09-25 17:00:00,0.011636466
2019-09-25 17:10:00,0.014067709
2019-09-25 17:20:00,0.011328518
2019-09-25 17:30:00,0.014799237
2019-09-25 17:40:00,0.011536956
2019-09-25 17:50:00,0.0138166845
2019-09-25 18:00:00,0.011306465
2019-09-25 18:10:00,0.014999181
2019-09-25 18:20:00,0.01106599
2019-09-25 18:30:00,0.013341546
2019-09-25 18:40:00,0.011083007
2019-09-25 18:50:00,0.013971537
2019-09-25 19:00:00,0.011069715
2019-09-25 19:10:00,0.013263613
2019-09-25 19:20:00,0.011033416
2019-09-25 19:30:00,0.013481736
2019-09-25 19:40:00,0.010418892
2019-09-25 19:50:00,0.012988061
2019-09-25 20:00:00,0.010203123
2019-09-25 20:10:00,0.013682544
2019-09-25 20:20:00,0.010017723
2019-09-25 20:30:00,0.01355803
2019-09-25 20:40:00,0.009988904
2019-09-25 20:50:00,0.014077008
2019-09-25 21:00:00,0.010130167
2019-09-25 21:10:00,0.013193905
2019-09-25 21:20:00,0.00919047
2019-09-25 21:30:00,0.012514412
2019-09-25 21:40:00,0.009151161
2019-09-25 21:50:00,0.0114222765
2019-09-25 22:00:00,0.008345336
2019-09-25 22:10:00,0.010064989
2019-09-25 22:20:00,0.009456396
2019-09-25 22:30:00,0.010514289
2019-09-25 22:40:00,0.008985013
2019-09-25 22:50:00,0.011009991
2019-09-25 23:00:00,0.009777218
2019-09-25 23:10:00,0.011967927
2019-09-25 23:20:00,0.008483797
2019-09-25 23:30:00,0.012572765
2019-09-25 23:40:00,0.009188622
2019-09-25 23:50:00,0.01251331
2019-09-26 00:00:00,0.009487808
2019-09-26 00:10:00,0.012737513
2019-09-26 00:20:00,0.0099594295
2019-09-26 00:30:00,0.012955189
2019-09-26 00:40:00,0.009384334
2019-09-26 00:50:00,0.012991548
2019-09-26 01:00:00,0.009991616
2019-09-26 01:10:00,0.0131290555
2019-09-26 01:20:00,0.0090864
2019-09-26 01:30:00,0.011335224
2019-09-26 01:40:00,0.008626491
2019-09-26 01:50:00,0.011607736
2019-09-26 02:00:00,0.0082473755
2019-09-26 02:10:00,0.010912389
2019-09-26 02:20:00,0.008587033
2019-09-26 02:30:00,0.012305975
2019-09-26 02:40:00,0.008535594
2019-09-26 02:50:00,0.012006253
2019-09-26 03:00:00,0.008820444
2019-09-26 03:10:00,0.012110859
2019-09-26 03:20:00,0.009011328
2019-09-26 03:30:00,0.011314809
2019-09-26 03:40:00,0.0095645785
2019-09-26 03:50:00,0.011499405
2019-09-26 04:00:00,0.00854817
2019-09-26 04:10:00,0.0107139945
2019-09-26 04:20:00,0.009048015
2019-09-26 04:30:00,0.01169607
2019-09-26 04:40:00,0.008529097
2019-09-26 04:50:00,0.010579675
2019-09-26 05:00:00,0.008746862
2019-09-26 05:10:00,0.011147469
2019-09-26 05:20:00,0.008361489
2019-09-26 05:30:00,0.010622978
2019-09-26 05:40:00,0.009295762
2019-09-26 05:50:00,0.0124742985
2019-09-26 06:00:00,0.009234369
2019-09-26 06:10:00,0.0098795
2019-09-26 06:20:00,0.009592205
2019-09-26 06:30:00,0.010537624
2019-09-26 06:40:00,0.009157807
2019-09-26 06:50:00,0.008203387
2019-09-26 07:00:00,0.009677261
2019-09-26 07:10:00,0.009374082
2019-09-26 07:20:00,0.009387761
2019-09-26 07:30:00,0.0089249015
2019-09-26 07:40:00,0.01025337
2019-09-26 07:50:00,0.010466009
2019-09-26 08:00:00,0.009893
2019-09-26 08:10:00,0.008537024
2019-09-26 08:20:00,0.010143727
2019-09-26 08:30:00,0.008870035
2019-09-26 08:40:00,0.010025591
2019-09-26 08:50:00,0.008363128
2019-09-26 09:00:00,0.012062639
2019-09-26 09:10:00,0.010126919
2019-09-26 09:20:00,0.011267811
2019-09-26 09:30:00,0.008096248
2019-09-26 09:40:00,0.011090219
2019-09-26 09:50:00,0.009239703
2019-09-26 10:00:00,0.010887027
2019-09-26 10:10:00,0.0076668262
2019-09-26 10:20:00,0.011228234
2019-09-26 10:30:00,0.009178311
2019-09-26 10:40:00,0.010917336
2019-09-26 10:50:00,0.007281691
2019-09-26 11:00:00,0.010867238
2019-09-26 11:10:00,0.008853793
2019-09-26 11:20:00,0.010424018
2019-09-26 11:30:00,0.007476777
2019-09-26 11:40:00,0.010567695
2019-09-26 11:50:00,0.008914053
2019-09-26 12:00:00,0.009740889
2019-09-26 12:10:00,0.007063538
2019-09-26 12:20:00,0.009878844
2019-09-26 12:30:00,0.009144068
2019-09-26 12:40:00,0.008942097
2019-09-26 12:50:00,0.0074254572
2019-09-26 13:00:00,0.0086199045
2019-09-26 13:10:00,0.009005457
2019-09-26 13:20:00,0.008378744
2019-09-26 13:30:00,0.008053154
2019-09-26 13:40:00,0.008620918
2019-09-26 13:50:00,0.009903073
2019-09-26 14:00:00,0.008181274
2019-09-26 14:10:00,0.009068072
2019-09-26 14:20:00,0.008871406
2019-09-26 14:30:00,0.010683298
2019-09-26 14:40:00,0.008537203
2019-09-26 14:50:00,0.008173615
2019-09-26 15:00:00,0.008504629
2019-09-26 15:10:00,0.009925365
2019-09-26 15:20:00,0.007850438
2019-09-26 15:30:00,0.007451415
2019-09-26 15:40:00,0.007934302
2019-09-26 15:50:00,0.009631604
2019-09-26 16:00:00,0.008003116
2019-09-26 16:10:00,0.007924199
2019-09-26 16:20:00,0.007787645
2019-09-26 16:30:00,0.009707272
2019-09-26 16:40:00,0.007455379
2019-09-26 16:50:00,0.007357329
2019-09-26 17:00:00,0.007713318
2019-09-26 17:10:00,0.009055197
2019-09-26 17:20:00,0.0071512163
2019-09-26 17:30:00,0.0071032345
2019-09-26 17:40:00,0.0077521503
2019-09-26 17:50:00,0.009254456
2019-09-26 18:00:00,0.0075574517
2019-09-26 18:10:00,0.0078365505
2019-09-26 18:20:00,0.008281797
2019-09-26 18:30:00,0.009576052
2019-09-26 18:40:00,0.008040518
2019-09-26 18:50:00,0.007930607
2019-09-26 19:00:00,0.008763313
2019-09-26 19:10:00,0.010983467
2019-09-26 19:20:00,0.008912712
2019-09-26 19:30:00,0.008984387
2019-09-26 19:40:00,0.009833217
2019-09-26 19:50:00,0.012156159
2019-09-26 20:00:00,0.009986818
2019-09-26 20:10:00,0.009662062
2019-09-26 20:20:00,0.010914415
2019-09-26 20:30:00,0.012867093
2019-09-26 20:40:00,0.01006338
2019-09-26 20:50:00,0.010319978
2019-09-26 21:00:00,0.010416836
2019-09-26 21:10:00,0.013546348
2019-09-26 21:20:00,0.009947479
2019-09-26 21:30:00,0.010412782
2019-09-26 21:40:00,0.010785371
2019-09-26 21:50:00,0.013891518
2019-09-26 22:00:00,0.011204183
2019-09-26 22:10:00,0.011094838
2019-09-26 22:20:00,0.011863023
2019-09-26 22:30:00,0.014782876
2019-09-26 22:40:00,0.011348277
2019-09-26 22:50:00,0.011051536
2019-09-26 23:00:00,0.011153489
2019-09-26 23:10:00,0.0153179765
2019-09-26 23:20:00,0.012228966
2019-09-26 23:30:00,0.011475027
2019-09-26 23:40:00,0.013222426
2019-09-26 23:50:00,0.015984714
2019-09-27 00:00:00,0.013357073
2019-09-27 00:10:00,0.011880815
2019-09-27 00:20:00,0.013387084
2019-09-27 00:30:00,0.014822394
2019-09-27 00:40:00,0.013112575
2019-09-27 00:50:00,0.011776149
2019-09-27 01:00:00,0.012498647
2019-09-27 01:10:00,0.013612688
2019-09-27 01:20:00,0.0113295615
2019-09-27 01:30:00,0.010061502
2019-09-27 01:40:00,0.012046695
2019-09-27 01:50:00,0.013567746
2019-09-27 02:00:00,0.013106197
2019-09-27 02:10:00,0.010662913
2019-09-27 02:20:00,0.013669699
2019-09-27 02:30:00,0.01389128
2019-09-27 02:40:00,0.014231592
2019-09-27 02:50:00,0.01081872
2019-09-27 03:00:00,0.014125526
2019-09-27 03:10:00,0.014047235
2019-09-27 03:20:00,0.013007432
2019-09-27 03:30:00,0.011259675
2019-09-27 03:40:00,0.012987763
2019-09-27 03:50:00,0.013050139
2019-09-27 04:00:00,0.012425929
2019-09-27 04:10:00,0.0114994645
2019-09-27 04:20:00,0.013261288
2019-09-27 04:30:00,0.014423758
2019-09-27 04:40:00,0.013718158
2019-09-27 04:50:00,0.011443049
2019-09-27 05:00:00,0.013893247
2019-09-27 05:10:00,0.013823003
2019-09-27 05:20:00,0.014101893
2019-09-27 05:30:00,0.012246609
2019-09-27 05:40:00,0.015247941
2019-09-27 05:50:00,0.016106993
2019-09-27 06:00:00,0.015010983
2019-09-27 06:10:00,0.01350832
2019-09-27 06:20:00,0.015611887
2019-09-27 06:30:00,0.014509082
2019-09-27 06:40:00,0.015040278
2019-09-27 06:50:00,0.01320979
2019-09-27 07:00:00,0.015757203
2019-09-27 07:10:00,0.016487211
2019-09-27 07:20:00,0.015920281
2019-09-27 07:30:00,0.015036494
2019-09-27 07:40:00,0.017663538
2019-09-27 07:50:00,0.019233167
2019-09-27 08:00:00,0.018069178
2019-09-27 08:10:00,0.016623914
2019-09-27 08:20:00,0.01860848
2019-09-27 08:30:00,0.019440442
2019-09-27 08:40:00,0.019801259
2019-09-27 08:50:00,0.017277122
2019-09-27 09:00:00,0.019121975
2019-09-27 09:10:00,0.018413752
2019-09-27 09:20:00,0.019470245
2019-09-27 09:30:00,0.016562223
2019-09-27 09:40:00,0.020426989
2019-09-27 09:50:00,0.018713802
2019-09-27 10:00:00,0.021021158
2019-09-27 10:10:00,0.017841548
2019-09-27 10:20:00,0.021902949
2019-09-27 10:30:00,0.020170689
2019-09-27 10:40:00,0.019123524
2019-09-27 10:50:00,0.012728602
2019-09-27 11:00:00,0.017845213
2019-09-27 11:10:00,0.013581991
2019-09-27 11:20:00,0.016994178
2019-09-27 11:30:00,0.010661632
2019-09-27 11:40:00,0.01762253
2019-09-27 11:50:00,0.010924131
2019-09-27 12:00:00,0.016872913
2019-09-27 12:10:00,0.010390639
2019-09-27 12:20:00,0.017274141
2019-09-27 12:30:00,0.011289835
2019-09-27 12:40:00,0.017867774
2019-09-27 12:50:00,0.011320621
2019-09-27 13:00:00,0.018287033
2019-09-27 13:10:00,0.013579935
2019-09-27 13:20:00,0.018996269
2019-09-27 13:30:00,0.015089393
2019-09-27 13:40:00,0.019657403
2019-09-27 13:50:00,0.015542418
2019-09-27 14:00:00,0.01888299
2019-09-27 14:10:00,0.014973074
2019-09-27 14:20:00,0.019066036
2019-09-27 14:30:00,0.015464336
2019-09-27 14:40:00,0.019252568
2019-09-27 14:50:00,0.014575541
2019-09-27 15:00:00,0.020090908
2019-09-27 15:10:00,0.014799774
2019-09-27 15:20:00,0.02060619
2019-09-27 15:30:00,0.014199853
2019-09-27 15:40:00,0.021022916
2019-09-27 15:50:00,0.015355915
2019-09-27 16:00:00,0.022368312
2019-09-27 16:10:00,0.015265703
2019-09-27 16:20:00,0.022393972
2019-09-27 16:30:00,0.015914321
2019-09-27 16:40:00,0.022440135
2019-09-27 16:50:00,0.01393044
2019-09-27 17:00:00,0.021161586
2019-09-27 17:10:00,0.014294684
2019-09-27 17:20:00,0.022191226
2019-09-27 17:30:00,0.012114137
2019-09-27 17:40:00,0.020342559
2019-09-27 17:50:00,0.0124542415
2019-09-27 18:00:00,0.021628112
2019-09-27 18:10:00,0.010304153
2019-09-27 18:20:00,0.020749718
2019-09-27 18:30:00,0.010682493
2019-09-27 18:40:00,0.022470236
2019-09-27 18:50:00,0.009696305
2019-09-27 19:00:00,0.023771554
2019-09-27 19:10:00,0.011158258
2019-09-27 19:20:00,0.025088072
2019-09-27 19:30:00,0.009725004
2019-09-27 19:40:00,0.024447262
2019-09-27 19:50:00,0.009597182
2019-09-27 20:00:00,0.025770128
2019-09-27 20:10:00,0.0089508
2019-09-27 20:20:00,0.024636596
2019-09-27 20:30:00,0.00874415
2019-09-27 20:40:00,0.025513858
2019-09-27 20:50:00,0.0076907873
2019-09-27 21:00:00,0.024504215
2019-09-27 21:10:00,0.008395672
2019-09-27 21:20:00,0.025917113
2019-09-27 21:30:00,0.0076971054
2019-09-27 21:40:00,0.02399522
2019-09-27 21:50:00,0.007672578
2019-09-27 22:00:00,0.024975628
2019-09-27 22:10:00,0.0070931017
2019-09-27 22:20:00,0.023300052
2019-09-27 22:30:00,0.0066976845
2019-09-27 22:40:00,0.02259186
2019-09-27 22:50:00,0.005665064
2019-09-27 23:00:00,0.021877855
2019-09-27 23:10:00,0.0060487688
2019-09-27 23:20:00,0.021703333
2019-09-27 23:30:00,0.005822152
2019-09-27 23:40:00,0.020452023
2019-09-27 23:50:00,0.005790204
2019-09-28 00:00:00,0.02047193
2019-09-28 00:10:00,0.0051323473
2019-09-28 00:20:00,0.019648701
2019-09-28 00:30:00,0.005027801
2019-09-28 00:40:00,0.019580036
2019-09-28 00:50:00,0.0041406155
2019-09-28 01:00:00,0.018565
2019-09-28 01:10:00,0.0041965246
2019-09-28 01:20:00,0.016260684
2019-09-28 01:30:00,0.0034093559
2019-09-28 01:40:00,0.014978021
2019-09-28 01:50:00,0.0032297075
2019-09-28 02:00:00,0.013391703
2019-09-28 02:10:00,0.0025181174
2019-09-28 02:20:00,0.012917578
2019-09-28 02:30:00,0.0024429858
2019-09-28 02:40:00,0.013667434
2019-09-28 02:50:00,0.0023886561
2019-09-28 03:00:00,0.013427079
2019-09-28 03:10:00,0.002226472
2019-09-28 03:20:00,0.012952924
2019-09-28 03:30:00,0.0023072064
2019-09-28 03:40:00,0.012811363
2019-09-28 03:50:00,0.0021029413
2019-09-28 04:00:00,0.012265384
2019-09-28 04:10:00,0.0022090673
2019-09-28 04:20:00,0.012229025
2019-09-28 04:30:00,0.0020134747
2019-09-28 04:40:00,0.011401564
2019-09-28 04:50:00,0.0020323098
2019-09-28 05:00:00,0.010720342
2019-09-28 05:10:00,0.0019925237
2019-09-28 05:20:00,0.010110825
2019-09-28 05:30:00,0.0018761158
2019-09-28 05:40:00,0.010848373
2019-09-28 05:50:00,0.0018646121
2019-09-28 06:00:00,0.010608971
2019-09-28 06:10:00,0.0018928349
2019-09-28 06:20:00,0.010856926
2019-09-28 06:30:00,0.0018610358
2019-09-28 06:40:00,0.010779619
2019-09-28 06:50:00,0.001822412
2019-09-28 07:00:00,0.010742456
2019-09-28 07:10:00,0.0018272698
2019-09-28 07:20:00,0.011808604
2019-09-28 07:30:00,0.0019050539
2019-09-28 07:40:00,0.011318773
2019-09-28 07:50:00,0.0019998252
2019-09-28 08:00:00,0.011787593
2019-09-28 08:10:00,0.0021303296
2019-09-28 08:20:00,0.012263328
2019-09-28 08:30:00,0.0018966198
2019-09-28 08:40:00,0.011586517
2019-09-28 08:50:00,0.0022173226
2019-09-28 09:00:00,0.011603117
2019-09-28 09:10:00,0.002119571
2019-09-28 09:20:00,0.012209326
2019-09-28 09:30:00,0.0026492774
2019-09-28 09:40:00,0.011703193
2019-09-28 09:50:00,0.0023687184
2019-09-28 10:00:00,0.012876064
2019-09-28 10:10:00,0.002525568
2019-09-28 10:20:00,0.0126158595
2019-09-28 10:30:00,0.0023918748
2019-09-28 10:40:00,0.013464898
2019-09-28 10:50:00,0.0025750697
2019-09-28 11:00:00,0.012272596
2019-09-28 11:10:00,0.0022822917
2019-09-28 11:20:00,0.0134138465
2019-09-28 11:30:00,0.002840966
2019-09-28 11:40:00,0.013646364
2019-09-28 11:50:00,0.0025488734
2019-09-28 12:00:00,0.014054239
2019-09-28 12:10:00,0.0029646456
2019-09-28 12:20:00,0.012594759
2019-09-28 12:30:00,0.0023596287
2019-09-28 12:40:00,0.012956321
2019-09-28 12:50:00,0.002473712
2019-09-28 13:00:00,0.012587935
2019-09-28 13:10:00,0.0023560226
2019-09-28 13:20:00,0.012692153
2019-09-28 13:30:00,0.0022667944
2019-09-28 13:40:00,0.012606621
2019-09-28 13:50:00,0.0018086135
2019-09-28 14:00:00,0.011532396
2019-09-28 14:10:00,0.0020981133
2019-09-28 14:20:00,0.011829108
2019-09-28 14:30:00,0.0018624961
2019-09-28 14:40:00,0.010935128
2019-09-28 14:50:00,0.0022834241
2019-09-28 15:00:00,0.0116837025
2019-09-28 15:10:00,0.0020579398
2019-09-28 15:20:00,0.011896521
2019-09-28 15:30:00,0.0024445355
2019-09-28 15:40:00,0.0121358335
2019-09-28 15:50:00,0.0021980703
2019-09-28 16:00:00,0.012458354
2019-09-28 16:10:00,0.002212733
2019-09-28 16:20:00,0.011866778
2019-09-28 16:30:00,0.0019586086
2019-09-28 16:40:00,0.012087375
2019-09-28 16:50:00,0.0024735928
2019-09-28 17:00:00,0.012190878
2019-09-28 17:10:00,0.0018375516
2019-09-28 17:20:00,0.012279034
2019-09-28 17:30:00,0.0024020076
2019-09-28 17:40:00,0.012392819
2019-09-28 17:50:00,0.0021509528
2019-09-28 18:00:00,0.013264596
2019-09-28 18:10:00,0.002670139
2019-09-28 18:20:00,0.013267696
2019-09-28 18:30:00,0.002419442
2019-09-28 18:40:00,0.013408661
2019-09-28 18:50:00,0.0032436848
2019-09-28 19:00:00,0.014228761
2019-09-28 19:10:00,0.0030623972
2019-09-28 19:20:00,0.014905304
2019-09-28 19:30:00,0.003582865
2019-09-28 19:40:00,0.015117049
2019-09-28 19:50:00,0.0030370057
2019-09-28 20:00:00,0.014578879
2019-09-28 20:10:00,0.0034872293
2019-09-28 20:20:00,0.014623821
2019-09-28 20:30:00,0.0029304922
2019-09-28 20:40:00,0.013947487
2019-09-28 20:50:00,0.0033735633
2019-09-28 21:00:00,0.0143356025
2019-09-28 21:10:00,0.0030189455
2019-09-28 21:20:00,0.014268339
2019-09-28 21:30:00,0.003446728
2019-09-28 21:40:00,0.014276385
2019-09-28 21:50:00,0.0031793714
2019-09-28 22:00:00,0.013029575
2019-09-28 22:10:00,0.0036077797
2019-09-28 22:20:00,0.013085425
2019-09-28 22:30:00,0.0028478205
2019-09-28 22:40:00,0.01205343
2019-09-28 22:50:00,0.003481388
2019-09-28 23:00:00,0.012538224
2019-09-28 23:10:00,0.0028030276
2019-09-28 23:20:00,0.0121454
2019-09-28 23:30:00,0.003217876
2019-09-28 23:40:00,0.012310088
2019-09-28 23:50:00,0.0026874542
2019-09-29 00:00:00,0.012563199
2019-09-29 00:10:00,0.0033792555
2019-09-29 00:20:00,0.012867093
2019-09-29 00:30:00,0.0028521419
2019-09-29 00:40:00,0.0129112005
2019-09-29 00:50:00,0.003841728
2019-09-29 01:00:00,0.013028324
2019-09-29 01:10:00,0.003188312
2019-09-29 01:20:00,0.015420049
2019-09-29 01:30:00,0.0039898455
2019-09-29 01:40:00,0.014782071
2019-09-29 01:50:00,0.0037971735
2019-09-29 02:00:00,0.0153852105
2019-09-29 02:10:00,0.0044306815
2019-09-29 02:20:00,0.014884621
2019-09-29 02:30:00,0.004206121
2019-09-29 02:40:00,0.014543623
2019-09-29 02:50:00,0.004790753
2019-09-29 03:00:00,0.014198899
2019-09-29 03:10:00,0.004378915
2019-09-29 03:20:00,0.0163953
2019-09-29 03:30:00,0.005296588
2019-09-29 03:40:00,0.015438944
2019-09-29 03:50:00,0.0046675205
2019-09-29 04:00:00,0.016698837
2019-09-29 04:10:00,0.005345851
2019-09-29 04:20:00,0.01507318
2019-09-29 04:30:00,0.0046856105
2019-09-29 04:40:00,0.017158419
2019-09-29 04:50:00,0.00554657
2019-09-29 05:00:00,0.01620099
2019-09-29 05:10:00,0.0055018663
2019-09-29 05:20:00,0.01801157
2019-09-29 05:30:00,0.0063430667
2019-09-29 05:40:00,0.017291278
2019-09-29 05:50:00,0.0062262714
2019-09-29 06:00:00,0.017690659
2019-09-29 06:10:00,0.0063478053
2019-09-29 06:20:00,0.017543733
2019-09-29 06:30:00,0.0060101748
2019-09-29 06:40:00,0.019663095
2019-09-29 06:50:00,0.006471008
2019-09-29 07:00:00,0.018300265
2019-09-29 07:10:00,0.006199062
2019-09-29 07:20:00,0.020658165
2019-09-29 07:30:00,0.006923735
2019-09-29 07:40:00,0.020256698
2019-09-29 07:50:00,0.0069314837
2019-09-29 08:00:00,0.022964686
2019-09-29 08:10:00,0.0072616935
2019-09-29 08:20:00,0.022470772
2019-09-29 08:30:00,0.00802362
2019-09-29 08:40:00,0.025815755
2019-09-29 08:50:00,0.009244949
2019-09-29 09:00:00,0.026780546
2019-09-29 09:10:00,0.010239661
2019-09-29 09:20:00,0.028604269
2019-09-29 09:30:00,0.010430932
2019-09-29 09:40:00,0.026737154
2019-09-29 09:50:00,0.010083705
2019-09-29 10:00:00,0.029634178
2019-09-29 10:10:00,0.009789169
2019-09-29 10:20:00,0.028934807
2019-09-29 10:30:00,0.010365427
2019-09-29 10:40:00,0.03065309
2019-09-29 10:50:00,0.009088725
2019-09-29 11:00:00,0.029820621
2019-09-29 11:10:00,0.009137362
2019-09-29 11:20:00,0.036368072
2019-09-29 11:30:00,0.00852263
2019-09-29 11:40:00,0.033819914
2019-09-29 11:50:00,0.009068847
2019-09-29 12:00:00,0.03520608
2019-09-29 12:10:00,0.009413153
2019-09-29 12:20:00,0.03515953
2019-09-29 12:30:00,0.009540796
2019-09-29 12:40:00,0.037139565
2019-09-29 12:50:00,0.009351939
2019-09-29 13:00:00,0.037066102
2019-09-29 13:10:00,0.008944601
2019-09-29 13:20:00,0.042512476
2019-09-29 13:30:00,0.009433001
2019-09-29 13:40:00,0.038428247
2019-09-29 13:50:00,0.008414686
2019-09-29 14:00:00,0.040436983
2019-09-29 14:10:00,0.007882863
2019-09-29 14:20:00,0.038160115
2019-09-29 14:30:00,0.0072131753
2019-09-29 14:40:00,0.04228264
2019-09-29 14:50:00,0.0067031384
2019-09-29 15:00:00,0.039298326
2019-09-29 15:10:00,0.0065850616
2019-09-29 15:20:00,0.04417017
2019-09-29 15:30:00,0.006863117
2019-09-29 15:40:00,0.038341552
2019-09-29 15:50:00,0.006704092
2019-09-29 16:00:00,0.04191062
2019-09-29 16:10:00,0.0062271655
2019-09-29 16:20:00,0.04124558
2019-09-29 16:30:00,0.005747825
2019-09-29 16:40:00,0.042647302
2019-09-29 16:50:00,0.005690813
2019-09-29 17:00:00,0.039038718
2019-09-29 17:10:00,0.006313652
2019-09-29 17:20:00,0.04308629
2019-09-29 17:30:00,0.006323576
2019-09-29 17:40:00,0.041330457
2019-09-29 17:50:00,0.006630838
2019-09-29 18:00:00,0.04284972
2019-09-29 18:10:00,0.0067029
2019-09-29 18:20:00,0.04197249
2019-09-29 18:30:00,0.0071594417
2019-09-29 18:40:00,0.044864
2019-09-29 18:50:00,0.0070985258
2019-09-29 19:00:00,0.04360774
2019-09-29 19:10:00,0.007364899
2019-09-29 19:20:00,0.046371907
2019-09-29 19:30:00,0.0070019364
2019-09-29 19:40:00,0.042973906
2019-09-29 19:50:00,0.0074017346
2019-09-29 20:00:00,0.04588121
2019-09-29 20:10:00,0.007103324
2019-09-29 20:20:00,0.042688847
2019-09-29 20:30:00,0.0081216395
2019-09-29 20:40:00,0.049010366
2019-09-29 20:50:00,0.008002609
2019-09-29 21:00:00,0.045458317
2019-09-29 21:10:00,0.008211911
2019-09-29 21:20:00,0.049676
2019-09-29 21:30:00,0.0075511634
2019-09-29 21:40:00,0.046247244
2019-09-29 21:50:00,0.007994592
2019-09-29 22:00:00,0.047160655
2019-09-29 22:10:00,0.0078086257
2019-09-29 22:20:00,0.043238968
2019-09-29 22:30:00,0.007296324
2019-09-29 22:40:00,0.04138413
2019-09-29 22:50:00,0.0069488585
2019-09-29 23:00:00,0.040614337
2019-09-29 23:10:00,0.0073375106
2019-09-29 23:20:00,0.048534155
2019-09-29 23:30:00,0.006956309
2019-09-29 23:40:00,0.038297206
2019-09-29 23:50:00,0.007164508
2019-09-30 00:00:00,0.037410498
2019-09-30 00:10:00,0.0069545507
2019-09-30 00:20:00,0.03321299
2019-09-30 00:30:00,0.0069972575
2019-09-30 00:40:00,0.03416291
2019-09-30 00:50:00,0.006088078
2019-09-30 01:00:00,0.031680435
2019-09-30 01:10:00,0.0062918067
2019-09-30 01:20:00,0.03353256
2019-09-30 01:30:00,0.0055116117
2019-09-30 01:40:00,0.027890205
2019-09-30 01:50:00,0.005259156
2019-09-30 02:00:00,0.03512591
2019-09-30 02:10:00,0.0058631897
2019-09-30 02:20:00,0.03419012
2019-09-30 02:30:00,0.0068632364
2019-09-30 02:40:00,0.03592655
2019-09-30 02:50:00,0.0062794685
2019-09-30 03:00:00,0.03297639
2019-09-30 03:10:00,0.0071098804
2019-09-30 03:20:00,0.03580925
2019-09-30 03:30:00,0.006429553
2019-09-30 03:40:00,0.030938447
2019-09-30 03:50:00,0.0069544613
2019-09-30 04:00:00,0.034740746
2019-09-30 04:10:00,0.0061924756
2019-09-30 04:20:00,0.03139922
2019-09-30 04:30:00,0.0067391396
2019-09-30 04:40:00,0.031893402
2019-09-30 04:50:00,0.0061422586
2019-09-30 05:00:00,0.030469567
2019-09-30 05:10:00,0.0070033967
2019-09-30 05:20:00,0.034093976
2019-09-30 05:30:00,0.0067873597
2019-09-30 05:40:00,0.031555563
2019-09-30 05:50:00,0.0077026784
2019-09-30 06:00:00,0.034344137
2019-09-30 06:10:00,0.0064397454
2019-09-30 06:20:00,0.028545767
2019-09-30 06:30:00,0.007419318
2019-09-30 06:40:00,0.030128837
2019-09-30 06:50:00,0.006505072
2019-09-30 07:00:00,0.028564692
2019-09-30 07:10:00,0.0076515973
2019-09-30 07:20:00,0.030025601
2019-09-30 07:30:00,0.0067899823
2019-09-30 07:40:00,0.026185095
2019-09-30 07:50:00,0.00831905
2019-09-30 08:00:00,0.0274916
2019-09-30 08:10:00,0.0077809095
2019-09-30 08:20:00,0.023851097
2019-09-30 08:30:00,0.009156346
2019-09-30 08:40:00,0.02284649
2019-09-30 08:50:00,0.008035839
2019-09-30 09:00:00,0.020271033
2019-09-30 09:10:00,0.009391427
2019-09-30 09:20:00,0.019214004
2019-09-30 09:30:00,0.0076081753
2019-09-30 09:40:00,0.01760161
2019-09-30 09:50:00,0.008570105
2019-09-30 10:00:00,0.01868409
2019-09-30 10:10:00,0.00729236
2019-09-30 10:20:00,0.015324354
2019-09-30 10:30:00,0.008252263
2019-09-30 10:40:00,0.016471505
2019-09-30 10:50:00,0.0075422525
2019-09-30 11:00:00,0.014354348
2019-09-30 11:10:00,0.008927047
2019-09-30 11:20:00,0.01532045
2019-09-30 11:30:00,0.007675469
2019-09-30 11:40:00,0.014854848
2019-09-30 11:50:00,0.009207547
2019-09-30 12:00:00,0.015302986
2019-09-30 12:10:00,0.0077724457
2019-09-30 12:20:00,0.014447689
2019-09-30 12:30:00,0.00971514
2019-09-30 12:40:00,0.015031368
2019-09-30 12:50:00,0.00838986
2019-09-30 13:00:00,0.0145531
2019-09-30 13:10:00,0.009824693
2019-09-30 13:20:00,0.015461355
2019-09-30 13:30:00,0.008405507
2019-09-30 13:40:00,0.014551878
2019-09-30 13:50:00,0.010789096
2019-09-30 14:00:00,0.016563475
2019-09-30 14:10:00,0.009724975
2019-09-30 14:20:00,0.015553892
2019-09-30 14:30:00,0.011410892
2019-09-30 14:40:00,0.014739484
2019-09-30 14:50:00,0.010133922
2019-09-30 15:00:00,0.014202565
2019-09-30 15:10:00,0.01397717
2019-09-30 15:20:00,0.016588956
2019-09-30 15:30:00,0.010864377
2019-09-30 15:40:00,0.014694691
2019-09-30 15:50:00,0.013863891
2019-09-30 16:00:00,0.014009893
2019-09-30 16:10:00,0.010970563
2019-09-30 16:20:00,0.014074713
2019-09-30 16:30:00,0.013486266
2019-09-30 16:40:00,0.0138861835
2019-09-30 16:50:00,0.010011882
2019-09-30 17:00:00,0.013053447
2019-09-30 17:10:00,0.01338017
2019-09-30 17:20:00,0.013803363
2019-09-30 17:30:00,0.01118657
2019-09-30 17:40:00,0.014463246
2019-09-30 17:50:00,0.014261842
2019-09-30 18:00:00,0.014587969
2019-09-30 18:10:00,0.012210518
2019-09-30 18:20:00,0.014234334
2019-09-30 18:30:00,0.015242636
2019-09-30 18:40:00,0.01447314
2019-09-30 18:50:00,0.011929095
2019-09-30 19:00:00,0.01417622
2019-09-30 19:10:00,0.01605022
2019-09-30 19:20:00,0.014128417
2019-09-30 19:30:00,0.012839168
2019-09-30 19:40:00,0.014231682
2019-09-30 19:50:00,0.01745683
2019-09-30 20:00:00,0.015494108
2019-09-30 20:10:00,0.013946503
2019-09-30 20:20:00,0.013518661
2019-09-30 20:30:00,0.017893702
2019-09-30 20:40:00,0.0120482445
2019-09-30 20:50:00,0.014748037
2019-09-30 21:00:00,0.011605024
2019-09-30 21:10:00,0.01859361
2019-09-30 21:20:00,0.011349678
2019-09-30 21:30:00,0.013743401
2019-09-30 21:40:00,0.010925531
2019-09-30 21:50:00,0.019616216
2019-09-30 22:00:00,0.010596395
2019-09-30 22:10:00,0.016018659
2019-09-30 22:20:00,0.010244846
2019-09-30 22:30:00,0.02210185
2019-09-30 22:40:00,0.010378957
2019-09-30 22:50:00,0.016852915
2019-09-30 23:00:00,0.010654062
2019-09-30 23:10:00,0.022529632
2019-09-30 23:20:00,0.01194945
2019-09-30 23:30:00,0.017779142
2019-09-30 23:40:00,0.011500001
2019-09-30 23:50:00,0.023069084
2019-10-01 00:00:00,0.011928558
2019-10-01 00:10:00,0.01899767
2019-10-01 00:20:00,0.011397094
2019-10-01 00:30:00,0.02113843
2019-10-01 00:40:00,0.012059122
2019-10-01 00:50:00,0.018415332
2019-10-01 01:00:00,0.012057483
2019-10-01 01:10:00,0.02506411
2019-10-01 01:20:00,0.014030874
2019-10-01 01:30:00,0.022675693
2019-10-01 01:40:00,0.014364928
2019-10-01 01:50:00,0.027304947
2019-10-01 02:00:00,0.01373136
2019-10-01 02:10:00,0.023700118
2019-10-01 02:20:00,0.0143525
2019-10-01 02:30:00,0.025551409
2019-10-01 02:40:00,0.015583813
2019-10-01 02:50:00,0.02102995
2019-10-01 03:00:00,0.017456144
2019-10-01 03:10:00,0.024289995
2019-10-01 03:20:00,0.016716957
2019-10-01 03:30:00,0.022241354
2019-10-01 03:40:00,0.017131656
2019-10-01 03:50:00,0.027274817
2019-10-01 04:00:00,0.017608196
2019-10-01 04:10:00,0.022921354
2019-10-01 04:20:00,0.017696321
2019-10-01 04:30:00,0.027350724
2019-10-01 04:40:00,0.01853618
2019-10-01 04:50:00,0.02747029
2019-10-01 05:00:00,0.019001305
2019-10-01 05:10:00,0.031316996
2019-10-01 05:20:00,0.018590868
2019-10-01 05:30:00,0.028758466
2019-10-01 05:40:00,0.018610239
2019-10-01 05:50:00,0.03468615
2019-10-01 06:00:00,0.019752145
2019-10-01 06:10:00,0.030717432
2019-10-01 06:20:00,0.021448523
2019-10-01 06:30:00,0.031681806
2019-10-01 06:40:00,0.017366678
2019-10-01 06:50:00,0.031064361
2019-10-01 07:00:00,0.026882976
2019-10-01 07:10:00,0.034020394
2019-10-01 07:20:00,0.025469303
2019-10-01 07:30:00,0.035911232
2019-10-01 07:40:00,0.027864844
2019-10-01 07:50:00,0.036969334
2019-10-01 08:00:00,0.028538138
2019-10-01 08:10:00,0.03911054
2019-10-01 08:20:00,0.03004992
2019-10-01 08:30:00,0.039633512
2019-10-01 08:40:00,0.029614896
2019-10-01 08:50:00,0.037566513
2019-10-01 09:00:00,0.03045389
2019-10-01 09:10:00,0.03863913
2019-10-01 09:20:00,0.030092865
2019-10-01 09:30:00,0.04020804
2019-10-01 09:40:00,0.032984078
2019-10-01 09:50:00,0.039375216
2019-10-01 10:00:00,0.02966398
2019-10-01 10:10:00,0.041198492
2019-10-01 10:20:00,0.03304398
2019-10-01 10:30:00,0.03807333
2019-10-01 10:40:00,0.028800905
2019-10-01 10:50:00,0.03975162
2019-10-01 11:00:00,0.03605026
2019-10-01 11:10:00,0.039287478
2019-10-01 11:20:00,0.03339103
2019-10-01 11:30:00,0.038773954
2019-10-01 11:40:00,0.036717206
2019-10-01 11:50:00,0.039025664
2019-10-01 12:00:00,0.032995284
2019-10-01 12:10:00,0.038788885
2019-10-01 12:20:00,0.03525132
2019-10-01 12:30:00,0.035388708
2019-10-01 12:40:00,0.032535493
2019-10-01 12:50:00,0.03714001
2019-10-01 13:00:00,0.03692445
2019-10-01 13:10:00,0.03716618
2019-10-01 13:20:00,0.03294161
2019-10-01 13:30:00,0.039569616
2019-10-01 13:40:00,0.038512945
2019-10-01 13:50:00,0.03658089
2019-10-01 14:00:00,0.031638175
2019-10-01 14:10:00,0.038494408
2019-10-01 14:20:00,0.037684232
2019-10-01 14:30:00,0.03809926
2019-10-01 14:40:00,0.034821063
2019-10-01 14:50:00,0.03737551
2019-10-01 15:00:00,0.038312405
2019-10-01 15:10:00,0.036122292
2019-10-01 15:20:00,0.03649524
2019-10-01 15:30:00,0.039740384
2019-10-01 15:40:00,0.042063117
2019-10-01 15:50:00,0.036997885
2019-10-01 16:00:00,0.037917286
2019-10-01 16:10:00,0.038993
2019-10-01 16:20:00,0.049143165
2019-10-01 16:30:00,0.034374416
2019-10-01 16:40:00,0.037536085
2019-10-01 16:50:00,0.034736007
2019-10-01 17:00:00,0.046799928
2019-10-01 17:10:00,0.0323624
2019-10-01 17:20:00,0.04362157
2019-10-01 17:30:00,0.03623402
2019-10-01 17:40:00,0.045722634
2019-10-01 17:50:00,0.0312759
2019-10-01 18:00:00,0.039229333
2019-10-01 18:10:00,0.03325692
2019-10-01 18:20:00,0.046818197
2019-10-01 18:30:00,0.032423317
2019-10-01 18:40:00,0.042038947
2019-10-01 18:50:00,0.03772807
2019-10-01 19:00:00,0.04901728
2019-10-01 19:10:00,0.03659907
2019-10-01 19:20:00,0.04489988
2019-10-01 19:30:00,0.039258003
2019-10-01 19:40:00,0.047320813
2019-10-01 19:50:00,0.03435722
2019-10-01 20:00:00,0.04142636
2019-10-01 20:10:00,0.039080113
2019-10-01 20:20:00,0.04895225
2019-10-01 20:30:00,0.040542394
2019-10-01 20:40:00,0.045343637
2019-10-01 20:50:00,0.04723227
2019-10-01 21:00:00,0.045330346
2019-10-01 21:10:00,0.0379678
2019-10-01 21:20:00,0.043205798
2019-10-01 21:30:00,0.037421256
2019-10-01 21:40:00,0.03923565
2019-10-01 21:50:00,0.033715576
2019-10-01 22:00:00,0.036196172
2019-10-01 22:10:00,0.037781507
2019-10-01 22:20:00,0.038677007
2019-10-01 22:30:00,0.033148497
2019-10-01 22:40:00,0.036497474
2019-10-01 22:50:00,0.03675109
2019-10-01 23:00:00,0.03894916
2019-10-01 23:10:00,0.03206572
2019-10-01 23:20:00,0.035438746
2019-10-01 23:30:00,0.0363293
2019-10-01 23:40:00,0.039417237
2019-10-01 23:50:00,0.032007813
2019-10-02 00:00:00,0.03682351
2019-10-02 00:10:00,0.036657512
2019-10-02 00:20:00,0.03905633
2019-10-02 00:30:00,0.032073766
2019-10-02 00:40:00,0.035975337
2019-10-02 00:50:00,0.03326744
2019-10-02 01:00:00,0.037964255
2019-10-02 01:10:00,0.030482233
2019-10-02 01:20:00,0.035050362
2019-10-02 01:30:00,0.032212228
2019-10-02 01:40:00,0.038259327
2019-10-02 01:50:00,0.027986795
2019-10-02 02:00:00,0.035331815
2019-10-02 02:10:00,0.029194593
2019-10-02 02:20:00,0.038403362
2019-10-02 02:30:00,0.028130949
2019-10-02 02:40:00,0.0376122
2019-10-02 02:50:00,0.029809028
2019-10-02 03:00:00,0.039211333
2019-10-02 03:10:00,0.02872023
2019-10-02 03:20:00,0.038961828
2019-10-02 03:30:00,0.03173235
2019-10-02 03:40:00,0.042722434
2019-10-02 03:50:00,0.028903812
2019-10-02 04:00:00,0.037919313
2019-10-02 04:10:00,0.030242026
2019-10-02 04:20:00,0.040094793
2019-10-02 04:30:00,0.028668404
2019-10-02 04:40:00,0.038481146
2019-10-02 04:50:00,0.030164778
2019-10-02 05:00:00,0.04133174
2019-10-02 05:10:00,0.02749607
2019-10-02 05:20:00,0.03848937
2019-10-02 05:30:00,0.028432965
2019-10-02 05:40:00,0.039316267
2019-10-02 05:50:00,0.02747193
2019-10-02 06:00:00,0.037385613
2019-10-02 06:10:00,0.028536767
2019-10-02 06:20:00,0.039248735
2019-10-02 06:30:00,0.025435656
2019-10-02 06:40:00,0.034271
2019-10-02 06:50:00,0.029324263
2019-10-02 07:00:00,0.036740363
2019-10-02 07:10:00,0.025502414
2019-10-02 07:20:00,0.032915145
2019-10-02 07:30:00,0.026630223
2019-10-02 07:40:00,0.03457433
2019-10-02 07:50:00,0.023490667
2019-10-02 08:00:00,0.03043437
2019-10-02 08:10:00,0.025317967
2019-10-02 08:20:00,0.03339359
2019-10-02 08:30:00,0.02304846
2019-10-02 08:40:00,0.030214906
2019-10-02 08:50:00,0.025292605
2019-10-02 09:00:00,0.031785488
2019-10-02 09:10:00,0.023771882
2019-10-02 09:20:00,0.02709204
2019-10-02 09:30:00,0.023137957
2019-10-02 09:40:00,0.028393984
2019-10-02 09:50:00,0.018493861
2019-10-02 10:00:00,0.026277274
2019-10-02 10:10:00,0.02545771
2019-10-02 10:20:00,0.027376354
2019-10-02 10:30:00,0.024391532
2019-10-02 10:40:00,0.025268435
2019-10-02 10:50:00,0.02525112
2019-10-02 11:00:00,0.026854783
2019-10-02 11:10:00,0.025981545
2019-10-02 11:20:00,0.024130791
2019-10-02 11:30:00,0.025711536
2019-10-02 11:40:00,0.026404142
2019-10-02 11:50:00,0.025757343
2019-10-02 12:00:00,0.025755167
2019-10-02 12:10:00,0.026137143
2019-10-02 12:20:00,0.027214915
2019-10-02 12:30:00,0.024226189
2019-10-02 12:40:00,0.02201125
2019-10-02 12:50:00,0.025075555
2019-10-02 13:00:00,0.023000926
2019-10-02 13:10:00,0.022301883
2019-10-02 13:20:00,0.020629168
2019-10-02 13:30:00,0.022841245
2019-10-02 13:40:00,0.025130391
2019-10-02 13:50:00,0.023621917
2019-10-02 14:00:00,0.021452427
2019-10-02 14:10:00,0.023808002
2019-10-02 14:20:00,0.02405852
2019-10-02 14:30:00,0.02514261
2019-10-02 14:40:00,0.021547347
2019-10-02 14:50:00,0.0243074
2019-10-02 15:00:00,0.023449063
2019-10-02 15:10:00,0.024141014
2019-10-02 15:20:00,0.01985997
2019-10-02 15:30:00,0.023663461
2019-10-02 15:40:00,0.022167623
2019-10-02 15:50:00,0.02467361
2019-10-02 16:00:00,0.018641263
2019-10-02 16:10:00,0.02459976
2019-10-02 16:20:00,0.020366877
2019-10-02 16:30:00,0.025257736
2019-10-02 16:40:00,0.01913476
2019-10-02 16:50:00,0.025433153
2019-10-02 17:00:00,0.020537823
2019-10-02 17:10:00,0.025987923
2019-10-02 17:20:00,0.018591821
2019-10-02 17:30:00,0.02478391
2019-10-02 17:40:00,0.020050526
2019-10-02 17:50:00,0.025803953
2019-10-02 18:00:00,0.018290669
2019-10-02 18:10:00,0.024099797
2019-10-02 18:20:00,0.019355178
2019-10-02 18:30:00,0.023899406
2019-10-02 18:40:00,0.017707318
2019-10-02 18:50:00,0.022119612
2019-10-02 19:00:00,0.018201262
2019-10-02 19:10:00,0.02238068
2019-10-02 19:20:00,0.0167588
2019-10-02 19:30:00,0.022046
2019-10-02 19:40:00,0.019034058
2019-10-02 19:50:00,0.025782228
2019-10-02 20:00:00,0.018614441
2019-10-02 20:10:00,0.0230636
2019-10-02 20:20:00,0.018341333
2019-10-02 20:30:00,0.023876369
2019-10-02 20:40:00,0.016810626
2019-10-02 20:50:00,0.022028565
2019-10-02 21:00:00,0.017905325
2019-10-02 21:10:00,0.022111237
2019-10-02 21:20:00,0.016186327
2019-10-02 21:30:00,0.021702647
2019-10-02 21:40:00,0.018071234
2019-10-02 21:50:00,0.022111714
2019-10-02 22:00:00,0.016620785
2019-10-02 22:10:00,0.020586908
2019-10-02 22:20:00,0.016976953
2019-10-02 22:30:00,0.021068215
2019-10-02 22:40:00,0.016787738
2019-10-02 22:50:00,0.020255953
2019-10-02 23:00:00,0.017189533
2019-10-02 23:10:00,0.021176219
2019-10-02 23:20:00,0.016607761
2019-10-02 23:30:00,0.023076683
2019-10-02 23:40:00,0.019202054
2019-10-02 23:50:00,0.024364471
2019-10-03 00:00:00,0.018405676
2019-10-03 00:10:00,0.02390641
2019-10-03 00:20:00,0.019763827
2019-10-03 00:30:00,0.025037944
2019-10-03 00:40:00,0.018053949
2019-10-03 00:50:00,0.021509916
2019-10-03 01:00:00,0.018804908
2019-10-03 01:10:00,0.023150444
2019-10-03 01:20:00,0.017656922
2019-10-03 01:30:00,0.02168113
2019-10-03 01:40:00,0.018435717
2019-10-03 01:50:00,0.023364514
2019-10-03 02:00:00,0.017820328
2019-10-03 02:10:00,0.021795392
2019-10-03 02:20:00,0.018852562
2019-10-03 02:30:00,0.02237767
2019-10-03 02:40:00,0.018642396
2019-10-03 02:50:00,0.021738619
2019-10-03 03:00:00,0.019240767
2019-10-03 03:40:00,0.02222851
2019-10-03 03:50:00,0.018763155
2019-10-03 04:00:00,0.020519286
2019-10-03 04:10:00,0.019411385
2019-10-03 04:20:00,0.019248933
2019-10-03 04:30:00,0.018243968
2019-10-03 04:40:00,0.018501878
2019-10-03 04:50:00,0.020496547
2019-10-03 05:00:00,0.01936239
2019-10-03 05:10:00,0.020262599
2019-10-03 05:20:00,0.017738074
2019-10-03 05:30:00,0.021562815
2019-10-03 05:40:00,0.019362986
2019-10-03 05:50:00,0.02117604
2019-10-03 06:00:00,0.019815385
2019-10-03 06:10:00,0.023003578
2019-10-03 06:20:00,0.022058427
2019-10-03 06:30:00,0.021118045
2019-10-03 06:40:00,0.020275861
2019-10-03 06:50:00,0.021921396
2019-10-03 07:00:00,0.020683527
2019-10-03 07:10:00,0.02177158
2019-10-03 07:20:00,0.020800263
2019-10-03 07:30:00,0.023006171
2019-10-03 07:40:00,0.022565514
2019-10-03 07:50:00,0.023330301
2019-10-03 08:00:00,0.02254343
2019-10-03 08:10:00,0.024399549
2019-10-03 08:20:00,0.023291767
2019-10-03 08:30:00,0.023620695
2019-10-03 08:40:00,0.024114579
2019-10-03 08:50:00,0.024062395
2019-10-03 09:00:00,0.024926871
2019-10-03 09:10:00,0.023747742
2019-10-03 09:20:00,0.0247522
2019-10-03 09:30:00,0.02470699
2019-10-03 09:40:00,0.02601549
2019-10-03 09:50:00,0.02351129
2019-10-03 10:00:00,0.025611997
2019-10-03 10:10:00,0.024496585
2019-10-03 10:20:00,0.026597738
2019-10-03 10:30:00,0.024018258
2019-10-03 10:40:00,0.025657743
2019-10-03 10:50:00,0.025565833
2019-10-03 11:00:00,0.027070105
2019-10-03 11:10:00,0.024512589
2019-10-03 11:20:00,0.025619268
2019-10-03 11:30:00,0.025995374
2019-10-03 11:40:00,0.028091043
2019-10-03 11:50:00,0.02602622
2019-10-03 12:00:00,0.027916908
2019-10-03 12:10:00,0.02611202
2019-10-03 12:20:00,0.026071995
2019-10-03 12:30:00,0.026662469
2019-10-03 12:40:00,0.02710846
2019-10-03 12:50:00,0.029769361
2019-10-03 13:00:00,0.029910594
2019-10-03 13:10:00,0.032720894
2019-10-03 13:20:00,0.029604852
2019-10-03 13:30:00,0.034600228
2019-10-03 13:40:00,0.03228262
2019-10-03 13:50:00,0.037375778
2019-10-03 14:00:00,0.031412184
2019-10-03 14:10:00,0.038530856
2019-10-03 14:20:00,0.034038335
2019-10-03 14:30:00,0.039996117
2019-10-03 14:40:00,0.035786778
2019-10-03 14:50:00,0.042132646
2019-10-03 15:00:00,0.03633523
2019-10-03 15:10:00,0.045115054
2019-10-03 15:20:00,0.037251502
2019-10-03 15:30:00,0.048550904
2019-10-03 15:40:00,0.040717214
2019-10-03 15:50:00,0.05145654
2019-10-03 16:00:00,0.04079911
2019-10-03 16:10:00,0.051082462
2019-10-03 16:20:00,0.0437223
2019-10-03 16:30:00,0.05507344
2019-10-03 16:40:00,0.043283135
2019-10-03 16:50:00,0.0581716
2019-10-03 17:00:00,0.049084514
2019-10-03 17:10:00,0.06427696
2019-10-03 17:20:00,0.04910013
2019-10-03 17:30:00,0.065104514
2019-10-03 17:40:00,0.051862568
2019-10-03 17:50:00,0.06838602
2019-10-03 18:00:00,0.051324576
2019-10-03 18:10:00,0.069592
2019-10-03 18:20:00,0.053414553
2019-10-03 18:30:00,0.072227746
2019-10-03 18:40:00,0.052597195
2019-10-03 18:50:00,0.074180305
2019-10-03 19:00:00,0.05479297
2019-10-03 19:10:00,0.075636
2019-10-03 19:20:00,0.053163677
2019-10-03 19:30:00,0.075507134
2019-10-03 19:40:00,0.060462445
2019-10-03 19:50:00,0.07932937
2019-10-03 20:00:00,0.063044876
2019-10-03 20:10:00,0.08328423
2019-10-03 20:20:00,0.066292375
2019-10-03 20:30:00,0.08663949
2019-10-03 20:40:00,0.061700195
2019-10-03 20:50:00,0.08363816
2019-10-03 21:00:00,0.06285909
2019-10-03 21:10:00,0.08956361
2019-10-03 21:20:00,0.064397514
2019-10-03 21:30:00,0.08869025
2019-10-03 21:40:00,0.068722844
2019-10-03 21:50:00,0.08677885
2019-10-03 22:00:00,0.063849956
2019-10-03 22:10:00,0.094124764
2019-10-03 22:20:00,0.07556847
2019-10-03 22:30:00,0.101171464
2019-10-03 22:40:00,0.0780718
2019-10-03 22:50:00,0.10094422
2019-10-03 23:00:00,0.0813449
2019-10-03 23:10:00,0.104493886
2019-10-03 23:20:00,0.072773546
2019-10-03 23:30:00,0.10578933
2019-10-03 23:40:00,0.075217694
2019-10-03 23:50:00,0.11149645
2019-10-04 00:00:00,0.072790414
2019-10-04 00:10:00,0.10804182
2019-10-04 00:20:00,0.075621784
2019-10-04 00:30:00,0.112030566
2019-10-04 00:40:00,0.076865345
2019-10-04 00:50:00,0.108685344
2019-10-04 01:00:00,0.07826659
2019-10-04 01:10:00,0.112298995
2019-10-04 01:20:00,0.08119574
2019-10-04 01:30:00,0.11142123
2019-10-04 01:40:00,0.08167532
2019-10-04 01:50:00,0.116125435
2019-10-04 02:00:00,0.08241218
2019-10-04 02:10:00,0.11259052
2019-10-04 02:20:00,0.08545259
2019-10-04 02:30:00,0.11722389
2019-10-04 02:40:00,0.083831966
2019-10-04 02:50:00,0.111322165
2019-10-04 03:00:00,0.08384025
2019-10-04 03:10:00,0.11770731
2019-10-04 03:20:00,0.08193517
2019-10-04 03:30:00,0.11629063
2019-10-04 03:40:00,0.086216
2019-10-04 03:50:00,0.12272608
2019-10-04 04:00:00,0.085755885
2019-10-04 04:10:00,0.11924541
2019-10-04 04:20:00,0.08808029
2019-10-04 04:30:00,0.12207198
2019-10-04 04:40:00,0.0851928
2019-10-04 04:50:00,0.11997336
2019-10-04 05:00:00,0.08829975
2019-10-04 05:10:00,0.12490055
2019-10-04 05:20:00,0.08656585
2019-10-04 05:30:00,0.120239615
2019-10-04 05:40:00,0.08893734
2019-10-04 05:50:00,0.12421864
2019-10-04 06:00:00,0.08699417
2019-10-04 06:10:00,0.12075716
2019-10-04 06:20:00,0.087972224
2019-10-04 06:30:00,0.12459317
2019-10-04 06:40:00,0.08626631
2019-10-04 06:50:00,0.12019351
2019-10-04 07:00:00,0.0877758
2019-10-04 07:10:00,0.1266326
2019-10-04 07:20:00,0.084180474
2019-10-04 07:30:00,0.119580865
2019-10-04 07:40:00,0.08559129
2019-10-04 07:50:00,0.11700961
2019-10-04 08:00:00,0.078523755
2019-10-04 08:10:00,0.106159985
2019-10-04 08:20:00,0.080023915
2019-10-04 08:30:00,0.10624832
2019-10-04 08:40:00,0.073928416
2019-10-04 08:50:00,0.102493495
2019-10-04 09:00:00,0.077536404
2019-10-04 09:10:00,0.10596278
2019-10-04 09:20:00,0.07678509
2019-10-04 09:30:00,0.105982006
2019-10-04 09:40:00,0.07928133
2019-10-04 09:50:00,0.106797785
2019-10-04 10:00:00,0.07571378
2019-10-04 10:10:00,0.10420534
2019-10-04 10:20:00,0.080448985
2019-10-04 10:30:00,0.10622874
2019-10-04 10:40:00,0.0772886
2019-10-04 10:50:00,0.10424018
2019-10-04 11:00:00,0.08239958
2019-10-04 11:10:00,0.107336104
2019-10-04 11:20:00,0.079942554
2019-10-04 11:30:00,0.102003515
2019-10-04 11:40:00,0.08247483
2019-10-04 11:50:00,0.10137373
2019-10-04 12:00:00,0.076296866
2019-10-04 12:10:00,0.10762626
2019-10-04 12:20:00,0.078970075
2019-10-04 12:30:00,0.10659438
2019-10-04 12:40:00,0.07676622
2019-10-04 12:50:00,0.10324368
2019-10-04 13:00:00,0.08177701
2019-10-04 13:10:00,0.10221851
2019-10-04 13:20:00,0.07651359
2019-10-04 13:30:00,0.098192036
2019-10-04 13:40:00,0.08158997
2019-10-04 13:50:00,0.09864557
2019-10-04 14:00:00,0.07546133
2019-10-04 14:10:00,0.09315291
2019-10-04 14:20:00,0.07871777
2019-10-04 14:30:00,0.09321213
2019-10-04 14:40:00,0.07433751
2019-10-04 14:50:00,0.09171471
2019-10-04 15:00:00,0.081852615
2019-10-04 15:10:00,0.099303424
2019-10-04 15:20:00,0.0788089
2019-10-04 15:30:00,0.09670609
2019-10-04 15:40:00,0.08685961
2019-10-04 15:50:00,0.09992385
2019-10-04 16:00:00,0.07901639
2019-10-04 16:10:00,0.08922985
2019-10-04 16:20:00,0.08139467
2019-10-04 16:30:00,0.09187198
2019-10-04 16:40:00,0.0764173
2019-10-04 16:50:00,0.08742669
2019-10-04 17:00:00,0.07995278
2019-10-04 17:10:00,0.087559104
2019-10-04 17:20:00,0.07410082
2019-10-04 17:30:00,0.081487805
2019-10-04 17:40:00,0.07746613
2019-10-04 17:50:00,0.084468305
2019-10-04 18:00:00,0.07394332
2019-10-04 18:10:00,0.08285436
2019-10-04 18:20:00,0.081701726
2019-10-04 18:30:00,0.08721644
2019-10-04 18:40:00,0.07777035
2019-10-04 18:50:00,0.081229985
2019-10-04 19:00:00,0.0837684
2019-10-04 19:10:00,0.08439097
2019-10-04 19:20:00,0.080004305
2019-10-04 19:30:00,0.0776256
2019-10-04 19:40:00,0.08475536
2019-10-04 19:50:00,0.08077121
2019-10-04 20:00:00,0.08102834
2019-10-04 20:10:00,0.07674727
2019-10-04 20:20:00,0.08529258
2019-10-04 20:30:00,0.080441564
2019-10-04 20:40:00,0.07860112
2019-10-04 20:50:00,0.06988931
2019-10-04 21:00:00,0.086003035
2019-10-04 21:10:00,0.07312223
2019-10-04 21:20:00,0.076082796
2019-10-04 21:30:00,0.06780955
2019-10-04 21:40:00,0.07919678
2019-10-04 21:50:00,0.06995565
2019-10-04 22:00:00,0.07115215
2019-10-04 22:10:00,0.0655244
2019-10-04 22:20:00,0.077883124
2019-10-04 22:30:00,0.071362555
2019-10-04 22:40:00,0.073066235
2019-10-04 22:50:00,0.06614238
2019-10-04 23:00:00,0.07664758
2019-10-04 23:10:00,0.06332022
2019-10-04 23:20:00,0.06750721
2019-10-04 23:30:00,0.053259194
2019-10-04 23:40:00,0.07078299
2019-10-04 23:50:00,0.058617055
2019-10-05 00:00:00,0.067751706
2019-10-05 00:10:00,0.05110383
2019-10-05 00:20:00,0.069464594
2019-10-05 00:30:00,0.055873156
2019-10-05 00:40:00,0.0683493
2019-10-05 00:50:00,0.05156836
2019-10-05 01:00:00,0.07377651
2019-10-05 01:10:00,0.054520845
2019-10-05 01:20:00,0.06931874
2019-10-05 01:30:00,0.055057168
2019-10-05 01:40:00,0.075339526
2019-10-05 01:50:00,0.054177076
2019-10-05 02:00:00,0.06823504
2019-10-05 02:10:00,0.051251173
2019-10-05 02:20:00,0.06883469
2019-10-05 02:30:00,0.052782327
2019-10-05 02:40:00,0.06333661
2019-10-05 02:50:00,0.0477646
2019-10-05 03:00:00,0.063779235
2019-10-05 03:10:00,0.05122891
2019-10-05 03:20:00,0.05294305
2019-10-05 03:30:00,0.047841907
2019-10-05 03:40:00,0.05726576
2019-10-05 03:50:00,0.048128337
2019-10-05 04:00:00,0.051642716
2019-10-05 04:10:00,0.046202213
2019-10-05 04:20:00,0.0547826
2019-10-05 04:30:00,0.048585355
2019-10-05 04:40:00,0.04834187
2019-10-05 04:50:00,0.04565096
2019-10-05 05:00:00,0.049974233
2019-10-05 05:10:00,0.044577837
2019-10-05 05:20:00,0.04486826
2019-10-05 05:30:00,0.038976997
2019-10-05 05:40:00,0.048371106
2019-10-05 05:50:00,0.041425437
2019-10-05 06:00:00,0.03787151
2019-10-05 06:10:00,0.03185451
2019-10-05 06:20:00,0.039932758
2019-10-05 06:30:00,0.0366154
2019-10-05 06:40:00,0.03138727
2019-10-05 06:50:00,0.025892109
2019-10-05 07:00:00,0.03177008
2019-10-05 07:10:00,0.028750926
2019-10-05 07:20:00,0.027351499
2019-10-05 07:30:00,0.020912707
2019-10-05 07:40:00,0.028834522
2019-10-05 07:50:00,0.024062127
2019-10-05 08:00:00,0.02735722
2019-10-05 08:10:00,0.023621082
2019-10-05 08:20:00,0.02964729
2019-10-05 08:30:00,0.025916398
2019-10-05 08:40:00,0.027449846
2019-10-05 08:50:00,0.02229467
2019-10-05 09:00:00,0.02785775
2019-10-05 09:10:00,0.024650186
2019-10-05 09:20:00,0.024941206
2019-10-05 09:30:00,0.021250963
2019-10-05 09:40:00,0.026175976
2019-10-05 09:50:00,0.024101973
2019-10-05 10:00:00,0.024622083
2019-10-05 10:10:00,0.020259917
2019-10-05 10:20:00,0.02437228
2019-10-05 10:30:00,0.022155464
2019-10-05 10:40:00,0.021942586
2019-10-05 10:50:00,0.01774776
2019-10-05 11:00:00,0.022420436
2019-10-05 11:10:00,0.020822227
2019-10-05 11:20:00,0.020366877
2019-10-05 11:30:00,0.017632067
2019-10-05 11:40:00,0.020893395
2019-10-05 11:50:00,0.020134598
2019-10-05 12:00:00,0.018813133
2019-10-05 12:10:00,0.016793042
2019-10-05 12:20:00,0.0191527
2019-10-05 12:30:00,0.018878788
2019-10-05 12:40:00,0.017703474
2019-10-05 12:50:00,0.015707225
2019-10-05 13:00:00,0.017943084
2019-10-05 13:10:00,0.01780039
2019-10-05 13:20:00,0.01712054
2019-10-05 13:30:00,0.015653253
2019-10-05 13:40:00,0.017869323
2019-10-05 13:50:00,0.01840058
2019-10-05 14:00:00,0.015589923
2019-10-05 14:10:00,0.015279114
2019-10-05 14:20:00,0.014940888
2019-10-05 14:30:00,0.017896086
2019-10-05 14:40:00,0.012530595
2019-10-05 14:50:00,0.015258431
2019-10-05 15:00:00,0.012470871
2019-10-05 15:10:00,0.017985106
2019-10-05 15:20:00,0.01160872
2019-10-05 15:30:00,0.013844162
2019-10-05 15:40:00,0.011729747
2019-10-05 15:50:00,0.016763419
2019-10-05 16:00:00,0.010833532
2019-10-05 16:10:00,0.014309078
2019-10-05 16:20:00,0.011123747
2019-10-05 16:30:00,0.01816976
2019-10-05 16:40:00,0.01003167
2019-10-05 16:50:00,0.014658481
2019-10-05 17:00:00,0.010609984
2019-10-05 17:10:00,0.017551303
2019-10-05 17:20:00,0.009756178
2019-10-05 17:30:00,0.014918178
2019-10-05 17:40:00,0.0098544955
2019-10-05 17:50:00,0.018997252
2019-10-05 18:00:00,0.010061204
2019-10-05 18:10:00,0.014298618
2019-10-05 18:20:00,0.010191947
2019-10-05 18:30:00,0.017885953
2019-10-05 18:40:00,0.009283572
2019-10-05 18:50:00,0.015064985
2019-10-05 19:00:00,0.009117484
2019-10-05 19:10:00,0.017717332
2019-10-05 19:20:00,0.0082348585
2019-10-05 19:30:00,0.014964998
2019-10-05 19:40:00,0.008359402
2019-10-05 19:50:00,0.01772955
2019-10-05 20:00:00,0.007749915
2019-10-05 20:10:00,0.015242189
2019-10-05 20:20:00,0.00830394
2019-10-05 20:30:00,0.018311739
2019-10-05 20:40:00,0.008068055
2019-10-05 20:50:00,0.016023278
2019-10-05 21:00:00,0.007931709
2019-10-05 21:10:00,0.018073827
2019-10-05 21:20:00,0.007819623
2019-10-05 21:30:00,0.015292555
2019-10-05 21:40:00,0.007293284
2019-10-05 21:50:00,0.018276691
2019-10-05 22:00:00,0.0069534183
2019-10-05 22:10:00,0.015257597
2019-10-05 22:20:00,0.007029265
2019-10-05 22:30:00,0.01637572
2019-10-05 22:40:00,0.0062767267
2019-10-05 22:50:00,0.014577717
2019-10-05 23:00:00,0.006663382
2019-10-05 23:10:00,0.016807228
2019-10-05 23:20:00,0.0061608553
2019-10-05 23:30:00,0.014621228
2019-10-05 23:40:00,0.0064021647
2019-10-05 23:50:00,0.018064082
2019-10-06 00:00:00,0.0064803064
2019-10-06 00:10:00,0.015242696
2019-10-06 00:20:00,0.0066042244
2019-10-06 00:30:00,0.01877731
2019-10-06 00:40:00,0.0060281157
2019-10-06 00:50:00,0.015040964
2019-10-06 01:00:00,0.006586224
2019-10-06 01:10:00,0.017137736
2019-10-06 01:20:00,0.006031841
2019-10-06 01:30:00,0.01594156
2019-10-06 01:40:00,0.006167501
2019-10-06 01:50:00,0.017866433
2019-10-06 02:00:00,0.0058787167
2019-10-06 02:10:00,0.015026629
2019-10-06 02:20:00,0.0057608485
2019-10-06 02:30:00,0.017518312
2019-10-06 02:40:00,0.0058341324
2019-10-06 02:50:00,0.014879763
2019-10-06 03:00:00,0.006316453
2019-10-06 03:10:00,0.016773134
2019-10-06 03:20:00,0.0060964227
2019-10-06 03:30:00,0.015217841
2019-10-06 03:40:00,0.0065588355
2019-10-06 03:50:00,0.016953737
2019-10-06 04:00:00,0.0063391924
2019-10-06 04:10:00,0.015417725
2019-10-06 04:20:00,0.006552875
2019-10-06 04:30:00,0.017037451
2019-10-06 04:40:00,0.0059464276
2019-10-06 04:50:00,0.013781846
2019-10-06 05:00:00,0.005884081
2019-10-06 05:10:00,0.015564442
2019-10-06 05:20:00,0.0059137344
2019-10-06 05:30:00,0.014101982
2019-10-06 05:40:00,0.005776435
2019-10-06 05:50:00,0.015346795
2019-10-06 06:00:00,0.0057139695
2019-10-06 06:10:00,0.014956325
2019-10-06 06:20:00,0.0063481927
2019-10-06 06:30:00,0.015857518
2019-10-06 06:40:00,0.006454587
2019-10-06 06:50:00,0.015844584
2019-10-06 07:00:00,0.0072947145
2019-10-06 07:10:00,0.017995417
2019-10-06 07:20:00,0.007189542
2019-10-06 07:30:00,0.016856343
2019-10-06 07:40:00,0.007450342
2019-10-06 07:50:00,0.020195305
2019-10-06 08:00:00,0.007426262
2019-10-06 08:10:00,0.018640399
2019-10-06 08:20:00,0.008828133
2019-10-06 08:30:00,0.020041287
2019-10-06 08:40:00,0.008165777
2019-10-06 08:50:00,0.018189669
2019-10-06 09:00:00,0.008844435
2019-10-06 09:10:00,0.020185083
2019-10-06 09:20:00,0.008919507
2019-10-06 09:30:00,0.019449115
2019-10-06 09:40:00,0.009915203
2019-10-06 09:50:00,0.021000683
2019-10-06 10:00:00,0.010312378
2019-10-06 10:10:00,0.019342095
2019-10-06 10:20:00,0.010962516
2019-10-06 10:30:00,0.022405237
2019-10-06 10:40:00,0.0110731125
2019-10-06 10:50:00,0.02175039
2019-10-06 11:00:00,0.0123820305
2019-10-06 11:10:00,0.025129765
2019-10-06 11:20:00,0.012256116
2019-10-06 11:30:00,0.02340421
2019-10-06 11:40:00,0.013620466
2019-10-06 11:50:00,0.027896643
2019-10-06 12:00:00,0.013485044
2019-10-06 12:10:00,0.026154041
2019-10-06 12:20:00,0.014791757
2019-10-06 12:30:00,0.030325472
2019-10-06 12:40:00,0.015908122
2019-10-06 12:50:00,0.028528571
2019-10-06 13:00:00,0.016179204
2019-10-06 13:10:00,0.031047106
2019-10-06 13:20:00,0.017659068
2019-10-06 13:30:00,0.031690955
2019-10-06 13:40:00,0.01674363
2019-10-06 13:50:00,0.038099706
2019-10-06 14:00:00,0.020519257
2019-10-06 14:10:00,0.03796467
2019-10-06 14:20:00,0.02129054
2019-10-06 14:30:00,0.041653544
2019-10-06 14:40:00,0.022450745
2019-10-06 14:50:00,0.038648486
2019-10-06 15:00:00,0.024675667
2019-10-06 15:10:00,0.04218465
2019-10-06 15:20:00,0.02324459
2019-10-06 15:30:00,0.039240807
2019-10-06 15:40:00,0.025347471
2019-10-06 15:50:00,0.040558636
2019-10-06 16:00:00,0.023525894
2019-10-06 16:10:00,0.036605656
2019-10-06 16:20:00,0.025072992
2019-10-06 16:30:00,0.039827675
2019-10-06 16:40:00,0.02570343
2019-10-06 16:50:00,0.037599027
2019-10-06 17:00:00,0.026133418
2019-10-06 17:10:00,0.041041106
2019-10-06 17:20:00,0.02588141
2019-10-06 17:30:00,0.038037747
2019-10-06 17:40:00,0.026924849
2019-10-06 17:50:00,0.040775687
2019-10-06 18:00:00,0.026436627
2019-10-06 18:10:00,0.03723827
2019-10-06 18:20:00,0.026363164
2019-10-06 18:30:00,0.039389938
2019-10-06 18:40:00,0.025100082
2019-10-06 18:50:00,0.03565392
2019-10-06 19:00:00,0.025557429
2019-10-06 19:10:00,0.037602544
2019-10-06 19:20:00,0.024737716
2019-10-06 19:30:00,0.034528613
2019-10-06 19:40:00,0.026908726
2019-10-06 19:50:00,0.03532681
2019-10-06 20:00:00,0.025425613
2019-10-06 20:10:00,0.034238547
2019-10-06 20:20:00,0.02693814
2019-10-06 20:30:00,0.03609678
2019-10-06 20:40:00,0.02792567
2019-10-06 20:50:00,0.03621632
2019-10-06 21:00:00,0.029598951
2019-10-06 21:10:00,0.039162815
2019-10-06 21:20:00,0.031992942
2019-10-06 21:30:00,0.039786935
2019-10-06 21:40:00,0.0379391
2019-10-06 21:50:00,0.040349245
2019-10-06 22:00:00,0.03605047
2019-10-06 22:10:00,0.039410233
2019-10-06 22:20:00,0.036944777
2019-10-06 22:30:00,0.0424563
2019-10-06 22:40:00,0.03840205
2019-10-06 22:50:00,0.04092902
2019-10-06 23:00:00,0.038879693
2019-10-06 23:10:00,0.039221585
2019-10-06 23:20:00,0.038972527
2019-10-06 23:30:00,0.0406214
2019-10-06 23:40:00,0.041056067
2019-10-06 23:50:00,0.03983423
2019-10-07 00:00:00,0.040354818
2019-10-07 00:10:00,0.03841573
2019-10-07 00:20:00,0.038312674
2019-10-07 00:30:00,0.03785169
2019-10-07 00:40:00,0.038637877
2019-10-07 00:50:00,0.03865567
2019-10-07 01:00:00,0.038663507
2019-10-07 01:10:00,0.0370214
2019-10-07 01:20:00,0.04058668
2019-10-07 01:30:00,0.03553325
2019-10-07 01:40:00,0.04011339
2019-10-07 01:50:00,0.03624642
2019-10-07 02:00:00,0.040926725
2019-10-07 02:10:00,0.036376595
2019-10-07 02:20:00,0.04056096
2019-10-07 02:30:00,0.03746578
2019-10-07 02:40:00,0.041987598
2019-10-07 02:50:00,0.03788224
2019-10-07 03:00:00,0.04186231
2019-10-07 03:10:00,0.037871957
2019-10-07 03:20:00,0.04514149
2019-10-07 03:30:00,0.03673929
2019-10-07 03:40:00,0.04361847
2019-10-07 03:50:00,0.036489308
2019-10-07 04:00:00,0.044013947
2019-10-07 04:10:00,0.03666538
2019-10-07 04:20:00,0.04382974
2019-10-07 04:30:00,0.037856847
2019-10-07 04:40:00,0.04310298
2019-10-07 04:50:00,0.03703463
2019-10-07 05:00:00,0.041438133
2019-10-07 05:10:00,0.03673941
2019-10-07 05:20:00,0.042608798
2019-10-07 05:30:00,0.037607223
2019-10-07 05:40:00,0.04351431
2019-10-07 05:50:00,0.037420094
2019-10-07 06:00:00,0.043697715
2019-10-07 06:10:00,0.03771004
2019-10-07 06:20:00,0.041000754
2019-10-07 06:30:00,0.03628066
2019-10-07 06:40:00,0.04003632
2019-10-07 06:50:00,0.037457496
2019-10-07 07:00:00,0.041825563
2019-10-07 07:10:00,0.037780374
2019-10-07 07:20:00,0.041026264
2019-10-07 07:30:00,0.03675458
2019-10-07 07:40:00,0.039617926
2019-10-07 07:50:00,0.03710383
2019-10-07 08:00:00,0.039979994
2019-10-07 08:10:00,0.035808265
2019-10-07 08:20:00,0.038615495
2019-10-07 08:30:00,0.036215305
2019-10-07 08:40:00,0.038472116
2019-10-07 08:50:00,0.03903818
2019-10-07 09:00:00,0.039530635
2019-10-07 09:10:00,0.040395647
2019-10-07 09:20:00,0.042842925
2019-10-07 09:30:00,0.04013124
2019-10-07 09:40:00,0.039776444
2019-10-07 09:50:00,0.03860867
2019-10-07 10:00:00,0.03988412
2019-10-07 10:10:00,0.03976199
2019-10-07 10:20:00,0.037389398
2019-10-07 10:30:00,0.038925767
2019-10-07 10:40:00,0.038791686
2019-10-07 10:50:00,0.04029268
2019-10-07 11:00:00,0.037926257
2019-10-07 11:10:00,0.040643126
2019-10-07 11:20:00,0.039597273
2019-10-07 11:30:00,0.042004466
2019-10-07 11:40:00,0.038137317
2019-10-07 11:50:00,0.042729765
2019-10-07 12:00:00,0.040290236
2019-10-07 12:10:00,0.043833137
2019-10-07 12:20:00,0.03991708
2019-10-07 12:30:00,0.042580634
2019-10-07 12:40:00,0.040624976
2019-10-07 12:50:00,0.041786075
2019-10-07 13:00:00,0.04115802
2019-10-07 13:10:00,0.038019896
2019-10-07 13:20:00,0.0425497
2019-10-07 13:30:00,0.037719846
2019-10-07 13:40:00,0.040500432
2019-10-07 13:50:00,0.03937432
2019-10-07 14:00:00,0.042999297
2019-10-07 14:10:00,0.040213913
2019-10-07 14:20:00,0.03939715
2019-10-07 14:30:00,0.03900245
2019-10-07 14:40:00,0.04063505
2019-10-07 14:50:00,0.0342229
2019-10-07 15:00:00,0.038502872
2019-10-07 15:10:00,0.03269419
2019-10-07 15:20:00,0.039102703
2019-10-07 15:30:00,0.03775707
2019-10-07 15:40:00,0.039124846
2019-10-07 15:50:00,0.037593544
2019-10-07 16:00:00,0.038585693
2019-10-07 16:10:00,0.038235635
2019-10-07 16:20:00,0.036544144
2019-10-07 16:30:00,0.036944598
2019-10-07 16:40:00,0.03585559
2019-10-07 16:50:00,0.038615674
2019-10-07 17:00:00,0.03673479
2019-10-07 17:10:00,0.037591815
2019-10-07 17:20:00,0.03790906
2019-10-07 17:30:00,0.039432377
2019-10-07 17:40:00,0.035465837
2019-10-07 17:50:00,0.034396738
2019-10-07 18:00:00,0.036960512
2019-10-07 18:10:00,0.034977764
2019-10-07 18:20:00,0.035203844
2019-10-07 18:30:00,0.03247577
2019-10-07 18:40:00,0.034570068
2019-10-07 18:50:00,0.031297565
2019-10-07 19:00:00,0.032604128
2019-10-07 19:10:00,0.0279499
2019-10-07 19:20:00,0.032833815
2019-10-07 19:30:00,0.029695034
2019-10-07 19:40:00,0.032637566
2019-10-07 19:50:00,0.027744502
2019-10-07 20:00:00,0.032489926
2019-10-07 20:10:00,0.030848652
2019-10-07 20:20:00,0.03251949
2019-10-07 20:30:00,0.02847445
2019-10-07 20:40:00,0.03158194
2019-10-07 20:50:00,0.029255241
2019-10-07 21:00:00,0.030361474
2019-10-07 21:10:00,0.027279764
2019-10-07 21:20:00,0.030435413
2019-10-07 21:30:00,0.029500395
2019-10-07 21:40:00,0.029032975
2019-10-07 21:50:00,0.027782202
2019-10-07 22:00:00,0.028496027
2019-10-07 22:10:00,0.029618084
2019-10-07 22:20:00,0.029027075
2019-10-07 22:30:00,0.02838862
2019-10-07 22:40:00,0.030100286
2019-10-07 22:50:00,0.030275732
2019-10-07 23:00:00,0.029969424
2019-10-07 23:10:00,0.029141426
2019-10-07 23:20:00,0.030303478
2019-10-07 23:30:00,0.03284192
2019-10-07 23:40:00,0.031778306
2019-10-07 23:50:00,0.030965626
2019-10-08 00:00:00,0.030145168
2019-10-08 00:10:00,0.032988816
2019-10-08 00:20:00,0.031151652
2019-10-08 00:30:00,0.030858696
2019-10-08 00:40:00,0.030112505
2019-10-08 00:50:00,0.032904923
2019-10-08 01:00:00,0.030864716
2019-10-08 01:10:00,0.0313206
2019-10-08 01:20:00,0.02921769
2019-10-08 01:30:00,0.03229612
2019-10-08 01:40:00,0.03055954
2019-10-08 01:50:00,0.030435055
2019-10-08 02:00:00,0.029552996
2019-10-08 02:10:00,0.03435868
2019-10-08 02:20:00,0.029911816
2019-10-08 02:30:00,0.031853795
2019-10-08 02:40:00,0.029890358
2019-10-08 02:50:00,0.033353
2019-10-08 03:00:00,0.031009316
2019-10-08 03:10:00,0.03198412
2019-10-08 03:20:00,0.029403746
2019-10-08 03:30:00,0.03459409
2019-10-08 03:40:00,0.030578643
2019-10-08 03:50:00,0.032325685
2019-10-08 04:00:00,0.0281896
2019-10-08 04:10:00,0.03294003
2019-10-08 04:20:00,0.02872485
2019-10-08 04:30:00,0.028988153
2019-10-08 04:40:00,0.024263024
2019-10-08 04:50:00,0.032262564
2019-10-08 05:00:00,0.024171144
2019-10-08 05:10:00,0.030854583
2019-10-08 05:20:00,0.021042705
2019-10-08 05:30:00,0.03309822
2019-10-08 05:40:00,0.023980528
2019-10-08 05:50:00,0.030767113
2019-10-08 06:00:00,0.021820575
2019-10-08 06:10:00,0.033210307
2019-10-08 06:20:00,0.024173796
2019-10-08 06:30:00,0.030935824
2019-10-08 06:40:00,0.021611392
2019-10-08 06:50:00,0.03479603
2019-10-08 07:00:00,0.023290902
2019-10-08 07:10:00,0.034086347
2019-10-08 07:20:00,0.021578133
2019-10-08 07:30:00,0.03519866
2019-10-08 07:40:00,0.022977889
2019-10-08 07:50:00,0.0351533
2019-10-08 08:00:00,0.021844804
2019-10-08 08:10:00,0.04013884
2019-10-08 08:20:00,0.02314213
2019-10-08 08:30:00,0.03593743
2019-10-08 08:40:00,0.021315247
2019-10-08 08:50:00,0.03903842
2019-10-08 09:00:00,0.023297578
2019-10-08 09:10:00,0.035957694
2019-10-08 09:20:00,0.021315157
2019-10-08 09:30:00,0.04074058
2019-10-08 09:40:00,0.023203284
2019-10-08 09:50:00,0.037172765
2019-10-08 10:00:00,0.019726545
2019-10-08 10:10:00,0.03834021
2019-10-08 10:20:00,0.02072528
2019-10-08 10:30:00,0.036647767
2019-10-08 10:40:00,0.01924318
2019-10-08 10:50:00,0.039662868
2019-10-08 11:00:00,0.019953579
2019-10-08 11:10:00,0.03567508
2019-10-08 11:20:00,0.018528193
2019-10-08 11:30:00,0.04136023
2019-10-08 11:40:00,0.019159138
2019-10-08 11:50:00,0.03776717
2019-10-08 12:00:00,0.018507808
2019-10-08 12:10:00,0.041494787
2019-10-08 12:20:00,0.019562751
2019-10-08 12:30:00,0.037448406
2019-10-08 12:40:00,0.018963158
2019-10-08 12:50:00,0.04064572
2019-10-08 13:00:00,0.0190157
2019-10-08 13:10:00,0.037422538
2019-10-08 13:20:00,0.017169535
2019-10-08 13:30:00,0.04083106
2019-10-08 13:40:00,0.018129379
2019-10-08 13:50:00,0.03780836
2019-10-08 14:00:00,0.017840713
2019-10-08 14:10:00,0.042344272
2019-10-08 14:20:00,0.018897146
2019-10-08 14:30:00,0.03916678
2019-10-08 14:40:00,0.01793927
2019-10-08 14:50:00,0.032231122
2019-10-08 15:00:00,0.019422501
2019-10-08 15:10:00,0.029910922
2019-10-08 15:20:00,0.0171386
2019-10-08 15:30:00,0.022513717
2019-10-08 15:40:00,0.01832968
2019-10-08 15:50:00,0.019605547
2019-10-08 16:00:00,0.016908914
2019-10-08 16:10:00,0.018239021
2019-10-08 16:20:00,0.018719196
2019-10-08 16:30:00,0.018827587
2019-10-08 16:40:00,0.017113805
2019-10-08 16:50:00,0.019952804
2019-10-08 17:00:00,0.017662048
2019-10-08 17:10:00,0.019148588
2019-10-08 17:20:00,0.015946686
2019-10-08 17:30:00,0.01875025
2019-10-08 17:40:00,0.016711622
2019-10-08 17:50:00,0.018742591
2019-10-08 18:00:00,0.015372306
2019-10-08 18:10:00,0.016442358
2019-10-08 18:20:00,0.01601243
2019-10-08 18:30:00,0.016832054
2019-10-08 18:40:00,0.015838116
2019-10-08 18:50:00,0.01598838
2019-10-08 19:00:00,0.018069476
2019-10-08 19:10:00,0.017470151
2019-10-08 19:20:00,0.017674118
2019-10-08 19:30:00,0.016515434
2019-10-08 19:40:00,0.01831597
2019-10-08 19:50:00,0.017444491
2019-10-08 20:00:00,0.01829639
2019-10-08 20:10:00,0.016447544
2019-10-08 20:20:00,0.020005703
2019-10-08 20:30:00,0.017433822
2019-10-08 20:40:00,0.018588215
2019-10-08 20:50:00,0.015767366
2019-10-08 21:00:00,0.02008459
2019-10-08 21:10:00,0.017668486
2019-10-08 21:20:00,0.020397484
2019-10-08 21:30:00,0.016704619
2019-10-08 21:40:00,0.021744877
2019-10-08 21:50:00,0.018477768
2019-10-08 22:00:00,0.022316098
2019-10-08 22:10:00,0.017791212
2019-10-08 22:20:00,0.024535656
2019-10-08 22:30:00,0.019492269
2019-10-08 22:40:00,0.024775535
2019-10-08 22:50:00,0.017915994
2019-10-08 23:00:00,0.025969654
2019-10-08 23:10:00,0.019328773
2019-10-08 23:20:00,0.02713707
2019-10-08 23:30:00,0.018017083
2019-10-08 23:40:00,0.029053628
2019-10-08 23:50:00,0.01753065
2019-10-09 00:00:00,0.02823779
2019-10-09 00:10:00,0.016766757
2019-10-09 00:20:00,0.029259443
2019-10-09 00:30:00,0.019295126
2019-10-09 00:40:00,0.03091076
2019-10-09 00:50:00,0.017933011
2019-10-09 01:00:00,0.03230813
2019-10-09 01:10:00,0.017898858
2019-10-09 01:20:00,0.0331783
2019-10-09 01:30:00,0.017508268
2019-10-09 01:40:00,0.03648293
2019-10-09 01:50:00,0.018812597
2019-10-09 02:00:00,0.036844224
2019-10-09 02:10:00,0.01811862
2019-10-09 02:20:00,0.039960533
2019-10-09 02:30:00,0.020883948
2019-10-09 02:40:00,0.040048838
2019-10-09 02:50:00,0.020288348
2019-10-09 03:00:00,0.044702083
2019-10-09 03:10:00,0.022343576
2019-10-09 03:20:00,0.040807188
2019-10-09 03:30:00,0.017239451
2019-10-09 03:40:00,0.037662327
2019-10-09 03:50:00,0.019464761
2019-10-09 04:00:00,0.035597503
2019-10-09 04:10:00,0.016100973
2019-10-09 04:20:00,0.037056327
2019-10-09 04:30:00,0.019283324
2019-10-09 04:40:00,0.037293762
2019-10-09 04:50:00,0.015691072
2019-10-09 05:00:00,0.040552646
2019-10-09 05:10:00,0.018889517
2019-10-09 05:20:00,0.043263882
2019-10-09 05:30:00,0.016259998
2019-10-09 05:40:00,0.04470387
2019-10-09 05:50:00,0.019497752
2019-10-09 06:00:00,0.04574108
2019-10-09 06:10:00,0.016928673
2019-10-09 06:20:00,0.047885627
2019-10-09 06:30:00,0.020232141
2019-10-09 06:40:00,0.051324755
2019-10-09 06:50:00,0.015832245
2019-10-09 07:00:00,0.04696217
2019-10-09 07:10:00,0.018692374
2019-10-09 07:20:00,0.047308147
2019-10-09 07:30:00,0.014093488
2019-10-09 07:40:00,0.044858754
2019-10-09 07:50:00,0.017231107
2019-10-09 08:00:00,0.048860162
2019-10-09 08:10:00,0.015056133
2019-10-09 08:20:00,0.047965586
2019-10-09 08:30:00,0.01782927
2019-10-09 08:40:00,0.05269119
2019-10-09 08:50:00,0.016823918
2019-10-09 09:00:00,0.054014623
2019-10-09 09:10:00,0.019501954
2019-10-09 09:20:00,0.056216627
2019-10-09 09:30:00,0.016924024
2019-10-09 09:40:00,0.05832243
2019-10-09 09:50:00,0.020571232
2019-10-09 10:00:00,0.06082976
2019-10-09 10:10:00,0.017403573
2019-10-09 10:20:00,0.05872017
2019-10-09 10:30:00,0.02053386
2019-10-09 10:40:00,0.0628922
2019-10-09 10:50:00,0.016948998
2019-10-09 11:00:00,0.05882311
2019-10-09 11:10:00,0.02035442
2019-10-09 11:20:00,0.058986753
2019-10-09 11:30:00,0.017083764
2019-10-09 11:40:00,0.059128284
2019-10-09 11:50:00,0.02066335
2019-10-09 12:00:00,0.06899625
2019-10-09 12:10:00,0.018524677
2019-10-09 12:20:00,0.06575698
2019-10-09 12:30:00,0.022658318
2019-10-09 12:40:00,0.06897575
2019-10-09 12:50:00,0.0180524
2019-10-09 13:00:00,0.06630659
2019-10-09 13:10:00,0.020489007
2019-10-09 13:20:00,0.06936693
2019-10-09 13:30:00,0.01643157
2019-10-09 13:40:00,0.06712815
2019-10-09 13:50:00,0.019547194
2019-10-09 14:00:00,0.07003805
2019-10-09 14:10:00,0.01640746
2019-10-09 14:20:00,0.06563261
2019-10-09 14:30:00,0.020228952
2019-10-09 14:40:00,0.07298505
2019-10-09 14:50:00,0.018487513
2019-10-09 15:00:00,0.06485394
2019-10-09 15:10:00,0.021111041
2019-10-09 15:20:00,0.07144433
2019-10-09 15:30:00,0.018672675
2019-10-09 15:40:00,0.06839955
2019-10-09 15:50:00,0.022801906
2019-10-09 16:00:00,0.07320666
2019-10-09 16:10:00,0.020620108
2019-10-09 16:20:00,0.07252097
2019-10-09 16:30:00,0.023798436
2019-10-09 16:40:00,0.076467335
2019-10-09 16:50:00,0.020436734
2019-10-09 17:00:00,0.07543531
2019-10-09 17:10:00,0.024603486
2019-10-09 17:20:00,0.080838144
2019-10-09 17:30:00,0.02046737
2019-10-09 17:40:00,0.07772413
2019-10-09 17:50:00,0.024531573
2019-10-09 18:00:00,0.07925126
2019-10-09 18:10:00,0.021743119
2019-10-09 18:20:00,0.078181
2019-10-09 18:30:00,0.024688423
2019-10-09 18:40:00,0.07881358
2019-10-09 18:50:00,0.022687703
2019-10-09 19:00:00,0.07633042
2019-10-09 19:10:00,0.025686085
2019-10-09 19:20:00,0.0776979
2019-10-09 19:30:00,0.023767859
2019-10-09 19:40:00,0.07193971
2019-10-09 19:50:00,0.027409583
2019-10-09 20:00:00,0.07362336
2019-10-09 20:10:00,0.02491206
2019-10-09 20:20:00,0.0768106
2019-10-09 20:30:00,0.024442166
2019-10-09 20:40:00,0.06932816
2019-10-09 20:50:00,0.024973035
2019-10-09 21:00:00,0.06947321
2019-10-09 21:10:00,0.027913213
2019-10-09 21:20:00,0.070533305
2019-10-09 21:30:00,0.030527264
2019-10-09 21:40:00,0.07101807
2019-10-09 21:50:00,0.032818794
2019-10-09 22:00:00,0.06993589
2019-10-09 22:10:00,0.03464234
2019-10-09 22:20:00,0.07270694
2019-10-09 22:30:00,0.051670343
2019-10-09 22:40:00,0.07776436
2019-10-09 22:50:00,0.04848817
2019-10-09 23:00:00,0.07204884
2019-10-09 23:10:00,0.052512914
2019-10-09 23:20:00,0.07154158
2019-10-09 23:30:00,0.04741198
2019-10-09 23:40:00,0.0676001
2019-10-09 23:50:00,0.043212473
2019-10-10 00:00:00,0.067664295
2019-10-10 00:10:00,0.040848523
2019-10-10 00:20:00,0.06781247
2019-10-10 00:30:00,0.039509267
2019-10-10 00:40:00,0.0749141
2019-10-10 00:50:00,0.038956523
2019-10-10 01:00:00,0.055411547
2019-10-10 01:10:00,0.035766125
2019-10-10 01:20:00,0.050632954
2019-10-10 01:30:00,0.032395333
2019-10-10 01:40:00,0.0473952
2019-10-10 01:50:00,0.026343048
2019-10-10 02:00:00,0.045434892
2019-10-10 02:10:00,0.022917837
2019-10-10 02:20:00,0.040810227
2019-10-10 02:30:00,0.019757569
2019-10-10 02:40:00,0.04323402
2019-10-10 02:50:00,0.022275597
2019-10-10 03:00:00,0.03587556
2019-10-10 03:10:00,0.018396825
2019-10-10 03:20:00,0.034526378
2019-10-10 03:30:00,0.018948913
2019-10-10 03:40:00,0.029203594
2019-10-10 03:50:00,0.015397906
2019-10-10 04:00:00,0.028950274
2019-10-10 04:10:00,0.016705602
2019-10-10 04:20:00,0.026725441
2019-10-10 04:30:00,0.011785954
2019-10-10 04:40:00,0.028222919
2019-10-10 04:50:00,0.012147844
2019-10-10 05:00:00,0.024021924
2019-10-10 05:10:00,0.008931845
2019-10-10 05:20:00,0.024664968
2019-10-10 05:30:00,0.009571761
2019-10-10 05:40:00,0.021676034
2019-10-10 05:50:00,0.008377969
2019-10-10 06:00:00,0.023252279
2019-10-10 06:10:00,0.009112537
2019-10-10 06:20:00,0.01962778
2019-10-10 06:30:00,0.0070542693
2019-10-10 06:40:00,0.020739317
2019-10-10 06:50:00,0.008761048
2019-10-10 07:00:00,0.019263119
2019-10-10 07:10:00,0.0070106387
2019-10-10 07:20:00,0.021370947
2019-10-10 07:30:00,0.008638382
2019-10-10 07:40:00,0.01838845
2019-10-10 07:50:00,0.0062690675
2019-10-10 08:00:00,0.019931525
2019-10-10 08:10:00,0.007434875
2019-10-10 08:20:00,0.017726153
2019-10-10 08:30:00,0.005312592
2019-10-10 08:40:00,0.018630266
2019-10-10 08:50:00,0.0063090324
2019-10-10 09:00:00,0.014675558
2019-10-10 09:10:00,0.0050310493
2019-10-10 09:20:00,0.017889917
2019-10-10 09:30:00,0.0050931275
2019-10-10 09:40:00,0.013160229
2019-10-10 09:50:00,0.004074633
2019-10-10 10:00:00,0.016084075
2019-10-10 10:10:00,0.00544554
2019-10-10 10:20:00,0.014655203
2019-10-10 10:30:00,0.003793925
2019-10-10 10:40:00,0.017234027
2019-10-10 10:50:00,0.005084038
2019-10-10 11:00:00,0.015385985
2019-10-10 11:10:00,0.0039149523
2019-10-10 11:20:00,0.018307239
2019-10-10 11:30:00,0.005131185
2019-10-10 11:40:00,0.01619628
2019-10-10 11:50:00,0.003790021
2019-10-10 12:00:00,0.017316192
2019-10-10 12:10:00,0.0050244927
2019-10-10 12:20:00,0.014916897
2019-10-10 12:30:00,0.0036230385
2019-10-10 12:40:00,0.015471965
2019-10-10 12:50:00,0.0046910048
2019-10-10 13:00:00,0.012050867
2019-10-10 13:10:00,0.0031211376
2019-10-10 13:20:00,0.013785034
2019-10-10 13:30:00,0.0044452846
2019-10-10 13:40:00,0.0112635195
2019-10-10 13:50:00,0.0029480457
2019-10-10 14:00:00,0.011971742
2019-10-10 14:10:00,0.0040717125
2019-10-10 14:20:00,0.01152578
2019-10-10 14:30:00,0.0028683841
2019-10-10 14:40:00,0.012706757
2019-10-10 14:50:00,0.004334599
2019-10-10 15:00:00,0.011887103
2019-10-10 15:10:00,0.0028792322
2019-10-10 15:20:00,0.012488753
2019-10-10 15:30:00,0.0038860738
2019-10-10 15:40:00,0.011307597
2019-10-10 15:50:00,0.0028087795
2019-10-10 16:00:00,0.011526644
2019-10-10 16:10:00,0.0038560927
2019-10-10 16:20:00,0.010432988
2019-10-10 16:30:00,0.0025556982
2019-10-10 16:40:00,0.010912895
2019-10-10 16:50:00,0.003630519
2019-10-10 17:00:00,0.009954065
2019-10-10 17:10:00,0.002419144
2019-10-10 17:20:00,0.010332912
2019-10-10 17:30:00,0.0033150315
2019-10-10 17:40:00,0.010405272
2019-10-10 17:50:00,0.0026937127
2019-10-10 18:00:00,0.012406975
2019-10-10 18:10:00,0.0033849776
2019-10-10 18:20:00,0.011030436
2019-10-10 18:30:00,0.0026493669
2019-10-10 18:40:00,0.012531102
2019-10-10 18:50:00,0.0034745038
2019-10-10 19:00:00,0.011720389
2019-10-10 19:10:00,0.002385527
2019-10-10 19:20:00,0.012611717
2019-10-10 19:30:00,0.003699541
2019-10-10 19:40:00,0.011948615
2019-10-10 19:50:00,0.0027028322
2019-10-10 20:00:00,0.012473434
2019-10-10 20:10:00,0.0040191114
2019-10-10 20:20:00,0.012090117
2019-10-10 20:30:00,0.0028619468
2019-10-10 20:40:00,0.012573272
2019-10-10 20:50:00,0.0044481754
2019-10-10 21:00:00,0.011608928
2019-10-10 21:10:00,0.00315243
2019-10-10 21:20:00,0.012119085
2019-10-10 21:30:00,0.0043348074
2019-10-10 21:40:00,0.011144012
2019-10-10 21:50:00,0.00327909
2019-10-10 22:00:00,0.011851639
2019-10-10 22:10:00,0.0045855343
2019-10-10 22:20:00,0.011470437
2019-10-10 22:30:00,0.0037275255
2019-10-10 22:40:00,0.01272884
2019-10-10 22:50:00,0.004992336
2019-10-10 23:00:00,0.009838104
2019-10-10 23:10:00,0.0037854016
2019-10-10 23:20:00,0.00962159
2019-10-10 23:30:00,0.005171329
2019-10-10 23:40:00,0.008513659
2019-10-10 23:50:00,0.0039002001
2019-10-11 00:00:00,0.008774728
2019-10-11 00:10:00,0.0053373277
2019-10-11 00:20:00,0.0082601905
2019-10-11 00:30:00,0.0043063164
2019-10-11 00:40:00,0.009964734
2019-10-11 00:50:00,0.005806625
2019-10-11 01:00:00,0.008811176
2019-10-11 01:10:00,0.004743159
2019-10-11 01:20:00,0.010821849
2019-10-11 01:30:00,0.0064742267
2019-10-11 01:40:00,0.00925523
2019-10-11 01:50:00,0.004990995
2019-10-11 02:00:00,0.010369271
2019-10-11 02:10:00,0.006373346
2019-10-11 02:20:00,0.009356886
2019-10-11 02:30:00,0.004975438
2019-10-11 02:40:00,0.010639399
2019-10-11 02:50:00,0.005910456
2019-10-11 03:00:00,0.008802921
2019-10-11 03:10:00,0.0046906173
2019-10-11 03:20:00,0.009178519
2019-10-11 03:30:00,0.005665183
2019-10-11 03:40:00,0.0077857673
2019-10-11 03:50:00,0.004831046
2019-10-11 04:00:00,0.008765817
2019-10-11 04:10:00,0.006107539
2019-10-11 04:20:00,0.0076085925
2019-10-11 04:30:00,0.005065948
2019-10-11 04:40:00,0.008333117
2019-10-11 04:50:00,0.006476164
2019-10-11 05:00:00,0.0076809824
2019-10-11 05:10:00,0.0057608783
2019-10-11 05:20:00,0.008200735
2019-10-11 05:30:00,0.007322252
2019-10-11 05:40:00,0.0072972476
2019-10-11 05:50:00,0.0066729784
2019-10-11 06:00:00,0.008490294
2019-10-11 06:10:00,0.0078091323
2019-10-11 06:20:00,0.0077063143
2019-10-11 06:30:00,0.0074513555
2019-10-11 06:40:00,0.008561939
2019-10-11 06:50:00,0.008353204
2019-10-11 07:00:00,0.007830441
2019-10-11 07:10:00,0.00831455
2019-10-11 07:20:00,0.008523315
2019-10-11 07:30:00,0.008953005
2019-10-11 07:40:00,0.007701665
2019-10-11 07:50:00,0.008498579
2019-10-11 08:00:00,0.008254558
2019-10-11 08:10:00,0.010487437
2019-10-11 08:20:00,0.008783191
2019-10-11 08:30:00,0.013254434
2019-10-11 08:40:00,0.009639412
2019-10-11 08:50:00,0.012490749
2019-10-11 09:00:00,0.00941366
2019-10-11 09:10:00,0.013997376
2019-10-11 09:20:00,0.010334611
2019-10-11 09:30:00,0.015359044
2019-10-11 09:40:00,0.009320676
2019-10-11 09:50:00,0.014970124
2019-10-11 10:00:00,0.010251492
2019-10-11 10:10:00,0.01743117
2019-10-11 10:20:00,0.0104756355
2019-10-11 10:30:00,0.017883629
2019-10-11 10:40:00,0.011772573
2019-10-11 10:50:00,0.018809766
2019-10-11 11:00:00,0.011146158
2019-10-11 11:10:00,0.023072809
2019-10-11 11:20:00,0.012044817
2019-10-11 11:30:00,0.022697449
2019-10-11 11:40:00,0.011321753
2019-10-11 11:50:00,0.023750037
2019-10-11 12:00:00,0.012105435
2019-10-11 12:10:00,0.024912924
2019-10-11 12:20:00,0.011194259
2019-10-11 12:30:00,0.025812656
2019-10-11 12:40:00,0.011757314
2019-10-11 12:50:00,0.028203905
2019-10-11 13:00:00,0.010542035
2019-10-11 13:10:00,0.029331863
2019-10-11 13:20:00,0.011976153
2019-10-11 13:30:00,0.030411422
2019-10-11 13:40:00,0.011695534
2019-10-11 13:50:00,0.031443596
2019-10-11 14:00:00,0.011768013
2019-10-11 14:10:00,0.030736536
2019-10-11 14:20:00,0.011063516
2019-10-11 14:30:00,0.031549692
2019-10-11 14:40:00,0.011615306
2019-10-11 14:50:00,0.032345474
2019-10-11 15:00:00,0.011550903
2019-10-11 15:10:00,0.032752246
2019-10-11 15:20:00,0.012239695
2019-10-11 15:30:00,0.03349343
2019-10-11 15:40:00,0.011277258
2019-10-11 15:50:00,0.035437763
2019-10-11 16:00:00,0.011792302
2019-10-11 16:10:00,0.036679894
2019-10-11 16:20:00,0.011420429
2019-10-11 16:30:00,0.03761089
2019-10-11 16:40:00,0.013814688
2019-10-11 16:50:00,0.03780496
2019-10-11 17:00:00,0.012321055
2019-10-11 17:10:00,0.03854668
2019-10-11 17:20:00,0.013108999
2019-10-11 17:30:00,0.040456325
2019-10-11 17:40:00,0.0128518045
2019-10-11 17:50:00,0.038900584
2019-10-11 18:00:00,0.0134679675
2019-10-11 18:10:00,0.036734313
2019-10-11 18:20:00,0.012951791
2019-10-11 18:30:00,0.0357365
2019-10-11 18:40:00,0.014843911
2019-10-11 18:50:00,0.036311597
2019-10-11 19:00:00,0.0139741
2019-10-11 19:10:00,0.035770208
2019-10-11 19:20:00,0.014494836
2019-10-11 19:30:00,0.03921902
2019-10-11 19:40:00,0.0144485235
2019-10-11 19:50:00,0.037784338
2019-10-11 20:00:00,0.015565336
2019-10-11 20:10:00,0.03772664
2019-10-11 20:20:00,0.015329599
2019-10-11 20:30:00,0.037837505
2019-10-11 20:40:00,0.01811859
2019-10-11 20:50:00,0.037387967
2019-10-11 21:00:00,0.01611194
2019-10-11 21:10:00,0.037147045
2019-10-11 21:20:00,0.018347561
2019-10-11 21:30:00,0.04052192
2019-10-11 21:40:00,0.016665041
2019-10-11 21:50:00,0.040032536
2019-10-11 22:00:00,0.018440455
2019-10-11 22:10:00,0.04059273
2019-10-11 22:20:00,0.018186688
2019-10-11 22:30:00,0.039092988
2019-10-11 22:40:00,0.01966083
2019-10-11 22:50:00,0.041544497
2019-10-11 23:00:00,0.017193407
2019-10-11 23:10:00,0.03947416
2019-10-11 23:20:00,0.018952698
2019-10-11 23:30:00,0.041240513
2019-10-11 23:40:00,0.017964095
2019-10-11 23:50:00,0.037932694
2019-10-12 00:00:00,0.01965931
2019-10-12 00:10:00,0.04098478
2019-10-12 00:20:00,0.018712401
2019-10-12 00:30:00,0.03898123
2019-10-12 00:40:00,0.021681845
2019-10-12 00:50:00,0.040801197
2019-10-12 01:00:00,0.018248528
2019-10-12 01:10:00,0.035551906
2019-10-12 01:20:00,0.019121408
2019-10-12 01:30:00,0.041249603
2019-10-12 01:40:00,0.019557834
2019-10-12 01:50:00,0.039185137
2019-10-12 02:00:00,0.02117899
2019-10-12 02:10:00,0.03746137
2019-10-12 02:20:00,0.0193052
2019-10-12 02:30:00,0.035773247
2019-10-12 02:40:00,0.021452278
2019-10-12 02:50:00,0.03504035
2019-10-12 03:00:00,0.019077241
2019-10-12 03:10:00,0.031267643
2019-10-12 03:20:00,0.0208745
2019-10-12 03:30:00,0.032894045
2019-10-12 03:40:00,0.020404577
2019-10-12 03:50:00,0.034674823
2019-10-12 04:00:00,0.022690564
2019-10-12 04:10:00,0.03538388
2019-10-12 04:20:00,0.02243951
2019-10-12 04:30:00,0.032979816
2019-10-12 04:40:00,0.023715824
2019-10-12 04:50:00,0.03318906
2019-10-12 05:00:00,0.023099631
2019-10-12 05:10:00,0.033504993
2019-10-12 05:20:00,0.024888128
2019-10-12 05:30:00,0.032178372
2019-10-12 05:40:00,0.024564803
2019-10-12 05:50:00,0.03258437
2019-10-12 06:00:00,0.028683364
2019-10-12 06:10:00,0.033011854
2019-10-12 06:20:00,0.029802233
2019-10-12 06:30:00,0.031793
2019-10-12 06:40:00,0.030380458
2019-10-12 06:50:00,0.02964729
2019-10-12 07:00:00,0.030355215
2019-10-12 07:10:00,0.032851517
2019-10-12 07:20:00,0.032254636
2019-10-12 07:30:00,0.031969905
2019-10-12 07:40:00,0.029807359
2019-10-12 07:50:00,0.03103581
2019-10-12 08:00:00,0.03150186
2019-10-12 08:10:00,0.029598892
2019-10-12 08:20:00,0.030445784
2019-10-12 08:30:00,0.0301117
2019-10-12 08:40:00,0.03225431
2019-10-12 08:50:00,0.030413926
2019-10-12 09:00:00,0.03103152
2019-10-12 09:10:00,0.032408804
2019-10-12 09:20:00,0.03272286
2019-10-12 09:30:00,0.03210625
2019-10-12 09:40:00,0.031379342
2019-10-12 09:50:00,0.032807767
2019-10-12 10:00:00,0.03246382
2019-10-12 10:10:00,0.033899516
2019-10-12 10:20:00,0.032455713
2019-10-12 10:30:00,0.03252524
2019-10-12 10:40:00,0.03211552
2019-10-12 10:50:00,0.03276518
2019-10-12 11:00:00,0.034269214
2019-10-12 11:10:00,0.031903863
2019-10-12 11:20:00,0.036461115
2019-10-12 11:30:00,0.029251426
2019-10-12 11:40:00,0.03359711
2019-10-12 11:50:00,0.0292615
2019-10-12 12:00:00,0.034783274
2019-10-12 12:10:00,0.029007912
2019-10-12 12:20:00,0.032713532
2019-10-12 12:30:00,0.02761212
2019-10-12 12:40:00,0.032803327
2019-10-12 12:50:00,0.027232945
2019-10-12 13:00:00,0.031610608
2019-10-12 13:10:00,0.026709557
2019-10-12 13:20:00,0.03247717
2019-10-12 13:30:00,0.026000112
2019-10-12 13:40:00,0.02981469
2019-10-12 13:50:00,0.024490297
2019-10-12 14:00:00,0.030828953
2019-10-12 14:10:00,0.024694026
2019-10-12 14:20:00,0.030375421
2019-10-12 14:30:00,0.024588525
2019-10-12 14:40:00,0.031131655
2019-10-12 14:50:00,0.024717867
2019-10-12 15:00:00,0.029254794
2019-10-12 15:10:00,0.023082048
2019-10-12 15:20:00,0.029633641
2019-10-12 15:30:00,0.023399234
2019-10-12 15:40:00,0.028187662
2019-10-12 15:50:00,0.022923976
2019-10-12 16:00:00,0.029518574
2019-10-12 16:10:00,0.023079216
2019-10-12 16:20:00,0.028146684
2019-10-12 16:30:00,0.021570623
2019-10-12 16:40:00,0.028949201
2019-10-12 16:50:00,0.021910012
2019-10-12 17:00:00,0.028262675
2019-10-12 17:10:00,0.021379441
2019-10-12 17:20:00,0.030674845
2019-10-12 17:30:00,0.021667331
2019-10-12 17:40:00,0.026971221
2019-10-12 17:50:00,0.019844681
2019-10-12 18:00:00,0.029797912
2019-10-12 18:10:00,0.021038115
2019-10-12 18:20:00,0.02906081
2019-10-12 18:30:00,0.020908773
2019-10-12 18:40:00,0.030144185
2019-10-12 18:50:00,0.021321505
2019-10-12 19:00:00,0.028847009
2019-10-12 19:10:00,0.020078003
2019-10-12 19:20:00,0.030344367
2019-10-12 19:30:00,0.020412624
2019-10-12 19:40:00,0.03035134
2019-10-12 19:50:00,0.019723386
2019-10-12 20:00:00,0.030735135
2019-10-12 20:10:00,0.020542681
2019-10-12 20:20:00,0.02962181
2019-10-12 20:30:00,0.019248217
2019-10-12 20:40:00,0.030908853
2019-10-12 20:50:00,0.020028353
2019-10-12 21:00:00,0.029387385
2019-10-12 21:10:00,0.018171549
2019-10-12 21:20:00,0.029081196
2019-10-12 21:30:00,0.017705828
2019-10-12 21:40:00,0.028369129
2019-10-12 21:50:00,0.018837154
2019-10-12 22:00:00,0.030473769
2019-10-12 22:10:00,0.019399673
2019-10-12 22:20:00,0.028574228
2019-10-12 22:30:00,0.018575072
2019-10-12 22:40:00,0.028909326
2019-10-12 22:50:00,0.019081354
2019-10-12 23:00:00,0.029228628
2019-10-12 23:10:00,0.019272685
2019-10-12 23:20:00,0.03019154
2019-10-12 23:30:00,0.019483
2019-10-12 23:40:00,0.029240042
2019-10-12 23:50:00,0.019715488
2019-10-13 00:00:00,0.03120771
2019-10-13 00:10:00,0.019512922
2019-10-13 00:20:00,0.030583382
2019-10-13 00:30:00,0.019898057
2019-10-13 00:40:00,0.0308868
2019-10-13 00:50:00,0.02019623
2019-10-13 01:00:00,0.030530661
2019-10-13 01:10:00,0.021013528
2019-10-13 01:20:00,0.031381786
2019-10-13 01:30:00,0.021416992
2019-10-13 01:40:00,0.029773444
2019-10-13 01:50:00,0.021776617
2019-10-13 02:00:00,0.030700743
2019-10-13 02:10:00,0.022471935
2019-10-13 02:20:00,0.030307204
2019-10-13 02:30:00,0.02278024
2019-10-13 02:40:00,0.03254673
2019-10-13 02:50:00,0.022890627
2019-10-13 03:00:00,0.031645596
2019-10-13 03:10:00,0.022181839
2019-10-13 03:20:00,0.032620013
2019-10-13 03:30:00,0.023588061
2019-10-13 03:40:00,0.03373924
2019-10-13 03:50:00,0.023511112
2019-10-13 04:00:00,0.03306654
2019-10-13 04:10:00,0.023451954
2019-10-13 04:20:00,0.032476097
2019-10-13 04:30:00,0.023349285
2019-10-13 04:40:00,0.03315264
2019-10-13 04:50:00,0.02328065
2019-10-13 05:00:00,0.032309026
2019-10-13 05:10:00,0.023197144
2019-10-13 05:20:00,0.0319556
2019-10-13 05:30:00,0.023812532
2019-10-13 05:40:00,0.03183949
2019-10-13 05:50:00,0.023680836
2019-10-13 06:00:00,0.033444434
2019-10-13 06:10:00,0.024530113
2019-10-13 06:20:00,0.03363359
2019-10-13 06:30:00,0.024721086
2019-10-13 06:40:00,0.034343958
2019-10-13 06:50:00,0.025366068
2019-10-13 07:00:00,0.03478673
2019-10-13 07:10:00,0.025253981
2019-10-13 07:20:00,0.03422442
2019-10-13 07:30:00,0.024834603
2019-10-13 07:40:00,0.034185648
2019-10-13 07:50:00,0.026162833
2019-10-13 08:00:00,0.036263913
2019-10-13 08:10:00,0.027448714
2019-10-13 08:20:00,0.036017597
2019-10-13 08:30:00,0.027242154
2019-10-13 08:40:00,0.035695642
2019-10-13 08:50:00,0.028790027
2019-10-13 09:00:00,0.036186874
2019-10-13 09:10:00,0.028410494
2019-10-13 09:20:00,0.036369324
2019-10-13 09:30:00,0.031136036
2019-10-13 09:40:00,0.038016677
2019-10-13 09:50:00,0.02963087
2019-10-13 10:00:00,0.03683579
2019-10-13 10:10:00,0.03277296
2019-10-13 10:20:00,0.039541572
2019-10-13 10:30:00,0.03229162
2019-10-13 10:40:00,0.038094252
2019-10-13 10:50:00,0.033338457
2019-10-13 11:00:00,0.03865233
2019-10-13 11:10:00,0.032597333
2019-10-13 11:20:00,0.039518625
2019-10-13 11:30:00,0.034918427
2019-10-13 11:40:00,0.040253103
2019-10-13 11:50:00,0.033936113
2019-10-13 12:00:00,0.039865404
2019-10-13 12:10:00,0.034388155
2019-10-13 12:20:00,0.039311737
2019-10-13 12:30:00,0.03227964
2019-10-13 12:40:00,0.036191016
2019-10-13 12:50:00,0.03161344
2019-10-13 13:00:00,0.034599245
2019-10-13 13:10:00,0.030196726
2019-10-13 13:20:00,0.03452936
2019-10-13 13:30:00,0.03228131
2019-10-13 13:40:00,0.03231424
2019-10-13 13:50:00,0.0315288
2019-10-13 14:00:00,0.031062752
2019-10-13 14:10:00,0.03113386
2019-10-13 14:20:00,0.028340012
2019-10-13 14:30:00,0.029842734
2019-10-13 14:40:00,0.026943922
2019-10-13 14:50:00,0.028870225
2019-10-13 15:00:00,0.02985552
2019-10-13 15:10:00,0.026611567
2019-10-13 15:20:00,0.027605683
2019-10-13 15:30:00,0.024212897
2019-10-13 15:40:00,0.027471542
2019-10-13 15:50:00,0.022713989
2019-10-13 16:00:00,0.026261747
2019-10-13 16:10:00,0.02218178
2019-10-13 16:20:00,0.027120143
2019-10-13 16:30:00,0.02112639
2019-10-13 16:40:00,0.024204493
2019-10-13 16:50:00,0.022404402
2019-10-13 17:00:00,0.02467236
2019-10-13 17:10:00,0.02318269
2019-10-13 17:20:00,0.022698253
2019-10-13 17:30:00,0.023480058
2019-10-13 17:40:00,0.022927523
2019-10-13 17:50:00,0.023778796
2019-10-13 18:00:00,0.02072972
2019-10-13 18:10:00,0.02346775
2019-10-13 18:20:00,0.022930413
2019-10-13 18:30:00,0.02315852
2019-10-13 18:40:00,0.020333737
2019-10-13 18:50:00,0.023541719
2019-10-13 19:00:00,0.0216389
2019-10-13 19:10:00,0.023079455
2019-10-13 19:20:00,0.019806117
2019-10-13 19:30:00,0.022835523
2019-10-13 19:40:00,0.020594329
2019-10-13 19:50:00,0.022786558
2019-10-13 20:00:00,0.01936689
2019-10-13 20:10:00,0.023037285
2019-10-13 20:20:00,0.019900411
2019-10-13 20:30:00,0.022086024
2019-10-13 20:40:00,0.018126309
2019-10-13 20:50:00,0.021916538
2019-10-13 21:00:00,0.018615305
2019-10-13 21:10:00,0.019886672
2019-10-13 21:20:00,0.0150080025
2019-10-13 21:30:00,0.018673807
2019-10-13 21:40:00,0.015892327
2019-10-13 21:50:00,0.01616159
2019-10-13 22:00:00,0.0139320195
2019-10-13 22:10:00,0.016029716
2019-10-13 22:20:00,0.015438974
2019-10-13 22:30:00,0.0144557655
2019-10-13 22:40:00,0.015070885
2019-10-13 22:50:00,0.014937252
2019-10-13 23:00:00,0.01660636
2019-10-13 23:10:00,0.013548702
2019-10-13 23:20:00,0.015613556
2019-10-13 23:30:00,0.011734426
2019-10-13 23:40:00,0.016257018
2019-10-13 23:50:00,0.00995028
2019-10-14 00:00:00,0.015020609
2019-10-14 00:10:00,0.009776711
2019-10-14 00:20:00,0.016003907
2019-10-14 00:30:00,0.009190112
2019-10-14 00:40:00,0.014898956
2019-10-14 00:50:00,0.010308355
2019-10-14 01:00:00,0.015112847
2019-10-14 01:10:00,0.008934349
2019-10-14 01:20:00,0.013873905
2019-10-14 01:30:00,0.010024548
2019-10-14 01:40:00,0.014889181
2019-10-14 01:50:00,0.009081334
2019-10-14 02:00:00,0.01429069
2019-10-14 02:10:00,0.010295093
2019-10-14 02:20:00,0.016381353
2019-10-14 02:30:00,0.009574026
2019-10-14 02:40:00,0.016149104
2019-10-14 02:50:00,0.0106751025
2019-10-14 03:00:00,0.017801225
2019-10-14 03:10:00,0.00952065
2019-10-14 03:20:00,0.01743579
2019-10-14 03:30:00,0.010786384
2019-10-14 03:40:00,0.019103467
2019-10-14 03:50:00,0.0097824335
2019-10-14 04:00:00,0.018717736
2019-10-14 04:10:00,0.011499941
2019-10-14 04:20:00,0.020836323
2019-10-14 04:30:00,0.010305911
2019-10-14 04:40:00,0.020754278
2019-10-14 04:50:00,0.012057841
2019-10-14 05:00:00,0.023116738
2019-10-14 05:10:00,0.010865152
2019-10-14 05:20:00,0.023109287
2019-10-14 05:30:00,0.012722909
2019-10-14 05:40:00,0.024594516
2019-10-14 05:50:00,0.011163771
2019-10-14 06:00:00,0.025161356
2019-10-14 06:10:00,0.013495803
2019-10-14 06:20:00,0.027124971
2019-10-14 06:30:00,0.012082785
2019-10-14 06:40:00,0.028148621
2019-10-14 06:50:00,0.014900446
2019-10-14 07:00:00,0.029660612
2019-10-14 07:10:00,0.012938082
2019-10-14 07:20:00,0.030174822
2019-10-14 07:30:00,0.016218215
2019-10-14 07:40:00,0.033584595
2019-10-14 07:50:00,0.013452977
2019-10-14 08:00:00,0.032876402
2019-10-14 08:10:00,0.0155799985
2019-10-14 08:20:00,0.036324173
2019-10-14 08:30:00,0.0137321055
2019-10-14 08:40:00,0.03814602
2019-10-14 08:50:00,0.016359806
2019-10-14 09:00:00,0.041586757
2019-10-14 09:10:00,0.014167547
2019-10-14 09:20:00,0.042559743
2019-10-14 09:30:00,0.016903192
2019-10-14 09:40:00,0.046162367
2019-10-14 09:50:00,0.014379203
2019-10-14 10:00:00,0.04555115
2019-10-14 10:10:00,0.017362982
2019-10-14 10:20:00,0.045874357
2019-10-14 10:30:00,0.014534742
2019-10-14 10:40:00,0.04890901
2019-10-14 10:50:00,0.017400622
2019-10-14 11:00:00,0.048938036
2019-10-14 11:10:00,0.01409173
2019-10-14 11:20:00,0.049063176
2019-10-14 11:30:00,0.015966326
2019-10-14 11:40:00,0.049105823
2019-10-14 11:50:00,0.01354903
2019-10-14 12:00:00,0.046188205
2019-10-14 12:10:00,0.01606515
2019-10-14 12:20:00,0.04303199
2019-10-14 12:30:00,0.013519734
2019-10-14 12:40:00,0.041303813
2019-10-14 12:50:00,0.016477168
2019-10-14 13:00:00,0.0413948
2019-10-14 13:10:00,0.014279038
2019-10-14 13:20:00,0.042938948
2019-10-14 13:30:00,0.017584532
2019-10-14 13:40:00,0.04489574
2019-10-14 13:50:00,0.016163647
2019-10-14 14:00:00,0.04669115
2019-10-14 14:10:00,0.019794405
2019-10-14 14:20:00,0.049405545
2019-10-14 14:30:00,0.017395318
2019-10-14 14:40:00,0.05190733
2019-10-14 14:50:00,0.021206051
2019-10-14 15:00:00,0.05355507
2019-10-14 15:10:00,0.01911503
2019-10-14 15:20:00,0.05332786
2019-10-14 15:30:00,0.022740483
2019-10-14 15:40:00,0.051086783
2019-10-14 15:50:00,0.01861006
2019-10-14 16:00:00,0.05381596
2019-10-14 16:10:00,0.022154957
2019-10-14 16:20:00,0.049851805
2019-10-14 16:30:00,0.017009914
2019-10-14 16:40:00,0.046632826
2019-10-14 16:50:00,0.018686086
2019-10-14 17:00:00,0.046984047
2019-10-14 17:10:00,0.016381294
2019-10-14 17:20:00,0.046789944
2019-10-14 17:30:00,0.02009517
2019-10-14 17:40:00,0.05028853
2019-10-14 17:50:00,0.01721862
2019-10-14 18:00:00,0.05277762
2019-10-14 18:10:00,0.021823019
2019-10-14 18:20:00,0.05011952
2019-10-14 18:30:00,0.018325716
2019-10-14 18:40:00,0.051229864
2019-10-14 18:50:00,0.019921333
2019-10-14 19:00:00,0.048294783
2019-10-14 19:10:00,0.01655078
2019-10-14 19:20:00,0.049399316
2019-10-14 19:30:00,0.020047933
2019-10-14 19:40:00,0.04817626
2019-10-14 19:50:00,0.018406987
2019-10-14 20:00:00,0.05248341
2019-10-14 20:10:00,0.021425426
2019-10-14 20:20:00,0.051512063
2019-10-14 20:30:00,0.016761452
2019-10-14 20:40:00,0.0569413
2019-10-14 20:50:00,0.02082923
2019-10-14 21:00:00,0.05171317
2019-10-14 21:10:00,0.019162208
2019-10-14 21:20:00,0.057814002
2019-10-14 21:30:00,0.022848248
2019-10-14 21:40:00,0.05815035
2019-10-14 21:50:00,0.021181852
2019-10-14 22:00:00,0.059076846
2019-10-14 22:10:00,0.025888294
2019-10-14 22:20:00,0.054383308
2019-10-14 22:30:00,0.02236867
2019-10-14 22:40:00,0.057235718
2019-10-14 22:50:00,0.027447551
2019-10-14 23:00:00,0.054575622
2019-10-14 23:10:00,0.023689598
2019-10-14 23:20:00,0.059668213
2019-10-14 23:30:00,0.03290212
2019-10-14 23:40:00,0.059421122
2019-10-14 23:50:00,0.028621584
2019-10-15 00:00:00,0.064340234
2019-10-15 00:10:00,0.036364198
2019-10-15 00:20:00,0.06220621
2019-10-15 00:30:00,0.032126904
2019-10-15 00:40:00,0.06448728
2019-10-15 00:50:00,0.037670404
2019-10-15 01:00:00,0.06489283
2019-10-15 01:10:00,0.03347054
2019-10-15 01:20:00,0.07653478
2019-10-15 01:30:00,0.03832227
2019-10-15 01:40:00,0.07415846
2019-10-15 01:50:00,0.036308855
2019-10-15 02:00:00,0.07897323
2019-10-15 02:10:00,0.041879445
2019-10-15 02:20:00,0.07650885
2019-10-15 02:30:00,0.0386554
2019-10-15 02:40:00,0.0872857
2019-10-15 02:50:00,0.052118957
2019-10-15 03:00:00,0.078213006
2019-10-15 03:10:00,0.040755153
2019-10-15 03:20:00,0.080592304
2019-10-15 03:30:00,0.05188307
2019-10-15 03:40:00,0.06958264
2019-10-15 03:50:00,0.041996747
2019-10-15 04:00:00,0.07881445
2019-10-15 04:10:00,0.0523355
2019-10-15 04:20:00,0.07226497
2019-10-15 04:30:00,0.04522425
2019-10-15 04:40:00,0.07604101
2019-10-15 04:50:00,0.051680088
2019-10-15 05:00:00,0.067830026
2019-10-15 05:10:00,0.043300986
2019-10-15 05:20:00,0.07078174
2019-10-15 05:30:00,0.058842123
2019-10-15 05:40:00,0.06837615
2019-10-15 05:50:00,0.052842945
2019-10-15 06:00:00,0.06844917
2019-10-15 06:10:00,0.06359255
2019-10-15 06:20:00,0.06626889
2019-10-15 06:30:00,0.06075576
2019-10-15 06:40:00,0.068677366
2019-10-15 06:50:00,0.07058331
2019-10-15 07:00:00,0.06718886
2019-10-15 07:10:00,0.06306541
2019-10-15 07:20:00,0.06943378
2019-10-15 07:30:00,0.0730198
2019-10-15 07:40:00,0.06803852
2019-10-15 07:50:00,0.06559974
2019-10-15 08:00:00,0.069833994
2019-10-15 08:10:00,0.07784772
2019-10-15 08:20:00,0.07330236
2019-10-15 08:30:00,0.079095304
2019-10-15 08:40:00,0.07875943
2019-10-15 08:50:00,0.078979045
2019-10-15 09:00:00,0.06882417
2019-10-15 09:10:00,0.07019389
2019-10-15 09:20:00,0.063527435
2019-10-15 09:30:00,0.07482579
2019-10-15 09:40:00,0.058848202
2019-10-15 09:50:00,0.067341834
2019-10-15 10:00:00,0.05857393
2019-10-15 10:10:00,0.07024601
2019-10-15 10:20:00,0.05525908
2019-10-15 10:30:00,0.061083764
2019-10-15 10:40:00,0.05292505
2019-10-15 10:50:00,0.07002419
2019-10-15 11:00:00,0.05234593
2019-10-15 11:10:00,0.064257294
2019-10-15 11:20:00,0.05150032
2019-10-15 11:30:00,0.07057977
2019-10-15 11:40:00,0.049643695
2019-10-15 11:50:00,0.0640333
2019-10-15 12:00:00,0.04937592
2019-10-15 12:10:00,0.06390023
2019-10-15 12:20:00,0.046217144
2019-10-15 12:30:00,0.056168348
2019-10-15 12:40:00,0.044933796
2019-10-15 12:50:00,0.05880174
2019-10-15 13:00:00,0.043808073
2019-10-15 13:10:00,0.050477207
2019-10-15 13:20:00,0.042009592
2019-10-15 13:30:00,0.05407965
2019-10-15 13:40:00,0.040474176
2019-10-15 13:50:00,0.050010473
2019-10-15 14:00:00,0.039333165
2019-10-15 14:10:00,0.054674834
2019-10-15 14:20:00,0.039005548
2019-10-15 14:30:00,0.049924314
2019-10-15 14:40:00,0.037262887
2019-10-15 14:50:00,0.05249718
2019-10-15 15:00:00,0.036539584
2019-10-15 15:10:00,0.04575014
2019-10-15 15:20:00,0.03665334
2019-10-15 15:30:00,0.052547187
2019-10-15 15:40:00,0.03863144
2019-10-15 15:50:00,0.047927618
2019-10-15 16:00:00,0.03731829
2019-10-15 16:10:00,0.05292216
2019-10-15 16:20:00,0.040974855
2019-10-15 16:30:00,0.05353239
2019-10-15 16:40:00,0.040938854
2019-10-15 16:50:00,0.061372668
2019-10-15 17:00:00,0.044942677
2019-10-15 17:10:00,0.06158933
2019-10-15 17:20:00,0.04596719
2019-10-15 17:30:00,0.06767234
2019-10-15 17:40:00,0.04658264
2019-10-15 17:50:00,0.06296262
2019-10-15 18:00:00,0.044873208
2019-10-15 18:10:00,0.0615786
2019-10-15 18:20:00,0.045012534
2019-10-15 18:30:00,0.058777392
2019-10-15 18:40:00,0.0450373
2019-10-15 18:50:00,0.06583479
2019-10-15 19:00:00,0.05118069
2019-10-15 19:10:00,0.06584659
2019-10-15 19:20:00,0.051330507
2019-10-15 19:30:00,0.064825475
2019-10-15 19:40:00,0.054791808
2019-10-15 19:50:00,0.06395537
2019-10-15 20:00:00,0.05526203
2019-10-15 20:10:00,0.064308316
2019-10-15 20:20:00,0.056834668
2019-10-15 20:30:00,0.057930827
2019-10-15 20:40:00,0.0562253
2019-10-15 20:50:00,0.06413427
2019-10-15 21:00:00,0.058918357
2019-10-15 21:10:00,0.06257817
2019-10-15 21:20:00,0.05697018
2019-10-15 21:30:00,0.058689296
2019-10-15 21:40:00,0.057840496
2019-10-15 21:50:00,0.06064543
2019-10-15 22:00:00,0.05527237
2019-10-15 22:10:00,0.056314975
2019-10-15 22:20:00,0.058042496
2019-10-15 22:30:00,0.060398906
2019-10-15 22:40:00,0.056169063
2019-10-15 22:50:00,0.059125245
2019-10-15 23:00:00,0.05773434
2019-10-15 23:10:00,0.06072089
2019-10-15 23:20:00,0.05561337
2019-10-15 23:30:00,0.06386444
2019-10-15 23:40:00,0.05862409
2019-10-15 23:50:00,0.069306254
2019-10-16 00:00:00,0.05585724
2019-10-16 00:10:00,0.063246876
2019-10-16 00:20:00,0.061688304
2019-10-16 00:30:00,0.067641616
2019-10-16 00:40:00,0.057667464
2019-10-16 00:50:00,0.06323102
2019-10-16 01:00:00,0.059411645
2019-10-16 01:10:00,0.06685576
2019-10-16 01:20:00,0.050373465
2019-10-16 01:30:00,0.061685205
2019-10-16 01:40:00,0.051570237
2019-10-16 01:50:00,0.066034436
2019-10-16 02:00:00,0.048024237
2019-10-16 02:10:00,0.059838444
2019-10-16 02:20:00,0.053038865
2019-10-16 02:30:00,0.06728113
2019-10-16 02:40:00,0.047760844
2019-10-16 02:50:00,0.06269115
2019-10-16 03:00:00,0.056826144
2019-10-16 03:10:00,0.06884414
2019-10-16 03:20:00,0.04740429
2019-10-16 03:30:00,0.051301688
2019-10-16 03:40:00,0.054044813
2019-10-16 03:50:00,0.066856205
2019-10-16 04:00:00,0.048888892
2019-10-16 04:10:00,0.060988933
2019-10-16 04:20:00,0.05561942
2019-10-16 04:30:00,0.069812685
2019-10-16 04:40:00,0.049524516
2019-10-16 04:50:00,0.06017089
2019-10-16 05:00:00,0.05518627
2019-10-16 05:10:00,0.06250098
2019-10-16 05:20:00,0.046477824
2019-10-16 05:30:00,0.055890173
2019-10-16 05:40:00,0.05033508
2019-10-16 05:50:00,0.06255305
2019-10-16 06:00:00,0.041895807
2019-10-16 06:10:00,0.053537548
2019-10-16 06:20:00,0.047132343
2019-10-16 06:30:00,0.05705622
2019-10-16 06:40:00,0.04177648
2019-10-16 06:50:00,0.051300168
2019-10-16 07:00:00,0.043860584
2019-10-16 07:10:00,0.055040956
2019-10-16 07:20:00,0.037626922
2019-10-16 07:30:00,0.046463996
2019-10-16 07:40:00,0.04121867
2019-10-16 07:50:00,0.055295765
2019-10-16 08:00:00,0.037187785
2019-10-16 08:10:00,0.041111022
2019-10-16 08:20:00,0.03764829
2019-10-16 08:30:00,0.042904556
2019-10-16 08:40:00,0.0329836
2019-10-16 08:50:00,0.03876847
2019-10-16 09:00:00,0.036955237
2019-10-16 09:10:00,0.044149786
2019-10-16 09:20:00,0.031832606
2019-10-16 09:30:00,0.039004207
2019-10-16 09:40:00,0.036397755
2019-10-16 09:50:00,0.04584238
2019-10-16 10:00:00,0.03429532
2019-10-16 10:10:00,0.03807968
2019-10-16 10:20:00,0.035916954
2019-10-16 10:30:00,0.042366862
2019-10-16 10:40:00,0.03166303
2019-10-16 10:50:00,0.037551343
2019-10-16 11:00:00,0.034899145
2019-10-16 11:10:00,0.04274836
2019-10-16 11:20:00,0.032051593
2019-10-16 11:30:00,0.038199365
2019-10-16 11:40:00,0.03482735
2019-10-16 11:50:00,0.044530094
2019-10-16 12:00:00,0.033489704
2019-10-16 12:10:00,0.03943327
2019-10-16 12:20:00,0.037522435
2019-10-16 12:30:00,0.044441044
2019-10-16 12:40:00,0.034598112
2019-10-16 12:50:00,0.039719224
2019-10-16 13:00:00,0.037659317
2019-10-16 13:10:00,0.042774826
2019-10-16 13:20:00,0.032079935
2019-10-16 13:30:00,0.039167702
2019-10-16 13:40:00,0.03539887
2019-10-16 13:50:00,0.042993516
2019-10-16 14:00:00,0.028770596
2019-10-16 14:10:00,0.037418753
2019-10-16 14:20:00,0.032476544
2019-10-16 14:30:00,0.03818503
2019-10-16 14:40:00,0.02934143
2019-10-16 14:50:00,0.03462836
2019-10-16 15:00:00,0.030296057
2019-10-16 15:10:00,0.035229117
2019-10-16 15:20:00,0.027796566
2019-10-16 15:30:00,0.033056617
2019-10-16 15:40:00,0.033360362
2019-10-16 15:50:00,0.035392404
2019-10-16 16:00:00,0.028914869
2019-10-16 16:10:00,0.030475229
2019-10-16 16:20:00,0.03332448
2019-10-16 16:30:00,0.033263773
2019-10-16 16:40:00,0.03204307
2019-10-16 16:50:00,0.032243133
2019-10-16 17:00:00,0.032001466
2019-10-16 17:10:00,0.03124255
2019-10-16 17:20:00,0.027257264
2019-10-16 17:30:00,0.028205931
2019-10-16 17:40:00,0.0322572
2019-10-16 17:50:00,0.03272456
2019-10-16 18:00:00,0.026815802
2019-10-16 18:10:00,0.026587576
2019-10-16 18:20:00,0.02828008
2019-10-16 18:30:00,0.028935105
2019-10-16 18:40:00,0.026443452
2019-10-16 18:50:00,0.027659744
2019-10-16 19:00:00,0.030188084
2019-10-16 19:10:00,0.03135866
2019-10-16 19:20:00,0.027348727
2019-10-16 19:30:00,0.030372947
2019-10-16 19:40:00,0.030320913
2019-10-16 19:50:00,0.031872064
2019-10-16 20:00:00,0.026968777
2019-10-16 20:10:00,0.029896975
2019-10-16 20:20:00,0.03237033
2019-10-16 20:30:00,0.032231987
2019-10-16 20:40:00,0.028774798
2019-10-16 20:50:00,0.031833112
2019-10-16 21:00:00,0.03253874
2019-10-16 21:10:00,0.03366849
2019-10-16 21:20:00,0.029185772
2019-10-16 21:30:00,0.031424224
2019-10-16 21:40:00,0.031409502
2019-10-16 21:50:00,0.033693016
2019-10-16 22:00:00,0.029458195
2019-10-16 22:10:00,0.030582666
2019-10-16 22:20:00,0.032416105
2019-10-16 22:30:00,0.03162545
2019-10-16 22:40:00,0.028925389
2019-10-16 22:50:00,0.031392634
2019-10-16 23:00:00,0.031727076
2019-10-16 23:10:00,0.031222373
2019-10-16 23:20:00,0.028896213
2019-10-16 23:30:00,0.029474646
2019-10-16 23:40:00,0.031904668
2019-10-16 23:50:00,0.030400127
2019-10-17 00:00:00,0.029182851
2019-10-17 00:10:00,0.031252086
2019-10-17 00:20:00,0.033728212
2019-10-17 00:30:00,0.02996102
2019-10-17 00:40:00,0.029111922
2019-10-17 00:50:00,0.029562473
2019-10-17 01:00:00,0.032117307
2019-10-17 01:10:00,0.030238986
2019-10-17 01:20:00,0.02982989
2019-10-17 01:30:00,0.030049682
2019-10-17 01:40:00,0.03234622
2019-10-17 01:50:00,0.029767066
2019-10-17 02:00:00,0.0318453
2019-10-17 02:10:00,0.030279756
2019-10-17 02:20:00,0.034837753
2019-10-17 02:30:00,0.03103754
2019-10-17 02:40:00,0.03136629
2019-10-17 02:50:00,0.030685186
2019-10-17 03:00:00,0.032146215
2019-10-17 03:10:00,0.029154181
2019-10-17 03:20:00,0.030210227
2019-10-17 03:30:00,0.032345444
2019-10-17 03:40:00,0.03608927
2019-10-17 03:50:00,0.031526566
2019-10-17 04:00:00,0.032708228
2019-10-17 04:10:00,0.03191325
2019-10-17 04:20:00,0.03579673
2019-10-17 04:30:00,0.029746741
2019-10-17 04:40:00,0.033382177
2019-10-17 04:50:00,0.030244976
2019-10-17 05:00:00,0.035245866
2019-10-17 05:10:00,0.02970168
2019-10-17 05:20:00,0.032643974
2019-10-17 05:30:00,0.031199545
2019-10-17 05:40:00,0.037733287
2019-10-17 05:50:00,0.028889418
2019-10-17 06:00:00,0.034950376
2019-10-17 06:10:00,0.030376703
2019-10-17 06:20:00,0.03991604
2019-10-17 06:30:00,0.02934748
2019-10-17 06:40:00,0.03683898
2019-10-17 06:50:00,0.029860467
2019-10-17 07:00:00,0.039201766
2019-10-17 07:10:00,0.029225558
2019-10-17 07:20:00,0.03695962
2019-10-17 07:30:00,0.029968798
2019-10-17 07:40:00,0.04083979
2019-10-17 07:50:00,0.026717573
2019-10-17 08:00:00,0.041105658
2019-10-17 08:10:00,0.027615607
2019-10-17 08:20:00,0.042788714
2019-10-17 08:30:00,0.024396747
2019-10-17 08:40:00,0.041924268
2019-10-17 08:50:00,0.02627942
2019-10-17 09:00:00,0.04600647
2019-10-17 09:10:00,0.02659747
2019-10-17 09:20:00,0.044638425
2019-10-17 09:30:00,0.02873975
2019-10-17 09:40:00,0.049677998
2019-10-17 09:50:00,0.027034909
2019-10-17 10:00:00,0.046972573
2019-10-17 10:10:00,0.028881699
2019-10-17 10:20:00,0.047645062
2019-10-17 10:30:00,0.027698785
2019-10-17 10:40:00,0.04761219
2019-10-17 10:50:00,0.030746728
2019-10-17 11:00:00,0.05048102
2019-10-17 11:10:00,0.030175388
2019-10-17 11:20:00,0.052026182
2019-10-17 11:30:00,0.03215623
2019-10-17 11:40:00,0.053254038
2019-10-17 11:50:00,0.03172797
2019-10-17 12:00:00,0.052915633
2019-10-17 12:10:00,0.034185916
2019-10-17 12:20:00,0.053098977
2019-10-17 12:30:00,0.032946408
2019-10-17 12:40:00,0.052711695
2019-10-17 12:50:00,0.037080735
2019-10-17 13:00:00,0.05428624
2019-10-17 13:10:00,0.035771847
2019-10-17 13:20:00,0.056024194
2019-10-17 13:30:00,0.038162857
2019-10-17 13:40:00,0.05965963
2019-10-17 13:50:00,0.036235332
2019-10-17 14:00:00,0.05733335
2019-10-17 14:10:00,0.039118946
2019-10-17 14:20:00,0.060917765
2019-10-17 14:30:00,0.03815171
2019-10-17 14:40:00,0.0612455
2019-10-17 14:50:00,0.04304284
2019-10-17 15:00:00,0.0595046
2019-10-17 15:10:00,0.04216203
2019-10-17 15:20:00,0.060399413
2019-10-17 15:30:00,0.04406777
2019-10-17 15:40:00,0.057575107
2019-10-17 15:50:00,0.04222864
2019-10-17 16:00:00,0.05680704
2019-10-17 16:10:00,0.04237762
2019-10-17 16:20:00,0.05829826
2019-10-17 16:30:00,0.04334891
2019-10-17 16:40:00,0.058479965
2019-10-17 16:50:00,0.044350624
2019-10-17 17:00:00,0.056278735
2019-10-17 17:10:00,0.045006752
2019-10-17 17:20:00,0.056631446
2019-10-17 17:30:00,0.04620394
2019-10-17 17:40:00,0.05404988
2019-10-17 17:50:00,0.04398188
2019-10-17 18:00:00,0.055699587
2019-10-17 18:10:00,0.04625842
2019-10-17 18:20:00,0.054873496
2019-10-17 18:30:00,0.046999514
2019-10-17 18:40:00,0.0569185
2019-10-17 18:50:00,0.04592046
2019-10-17 19:00:00,0.054847956
2019-10-17 19:10:00,0.046045274
2019-10-17 19:20:00,0.054758847
2019-10-17 19:30:00,0.04654959
2019-10-17 19:40:00,0.05584091
2019-10-17 19:50:00,0.04678592
2019-10-17 20:00:00,0.056957632
2019-10-17 20:10:00,0.04910311
2019-10-17 20:20:00,0.056932896
2019-10-17 20:30:00,0.04885444
2019-10-17 20:40:00,0.056677967
2019-10-17 20:50:00,0.047406495
2019-10-17 21:00:00,0.056411803
2019-10-17 21:10:00,0.046236217
2019-10-17 21:20:00,0.056408346
2019-10-17 21:30:00,0.04631841
2019-10-17 21:40:00,0.05515936
2019-10-17 21:50:00,0.045260638
2019-10-17 22:00:00,0.0576649
2019-10-17 22:10:00,0.045402855
2019-10-17 22:20:00,0.053922743
2019-10-17 22:30:00,0.046934158
2019-10-17 22:40:00,0.057516932
2019-10-17 22:50:00,0.05089864
2019-10-17 23:00:00,0.056323856
2019-10-17 23:10:00,0.050095648
2019-10-17 23:20:00,0.058930755
2019-10-17 23:30:00,0.046654105
2019-10-17 23:40:00,0.049663097
2019-10-17 23:50:00,0.045078397
2019-10-18 00:00:00,0.0512622
2019-10-18 00:10:00,0.04231417
2019-10-18 00:20:00,0.04112643
2019-10-18 00:30:00,0.040599287
2019-10-18 00:40:00,0.04292971
2019-10-18 00:50:00,0.038857073
2019-10-18 01:00:00,0.037813365
2019-10-18 01:10:00,0.038046986
2019-10-18 01:20:00,0.039894074
2019-10-18 01:30:00,0.035898864
2019-10-18 01:40:00,0.035349756
2019-10-18 01:50:00,0.035935283
2019-10-18 02:00:00,0.038843393
2019-10-18 02:10:00,0.03302464
2019-10-18 02:20:00,0.035037488
2019-10-18 02:30:00,0.034198344
2019-10-18 02:40:00,0.036709636
2019-10-18 02:50:00,0.032255292
2019-10-18 03:00:00,0.03354481
2019-10-18 03:10:00,0.032197595
2019-10-18 03:20:00,0.036228567
2019-10-18 03:30:00,0.027359128
2019-10-18 03:40:00,0.029982567
2019-10-18 03:50:00,0.026977748
2019-10-18 04:00:00,0.03331971
2019-10-18 04:10:00,0.026563764
2019-10-18 04:20:00,0.029959798
2019-10-18 04:30:00,0.026928306
2019-10-18 04:40:00,0.03335619
2019-10-18 04:50:00,0.025417894
2019-10-18 05:00:00,0.028521001
2019-10-18 05:10:00,0.02560094
2019-10-18 05:20:00,0.03130752
2019-10-18 05:30:00,0.0226264
2019-10-18 05:40:00,0.029610604
2019-10-18 05:50:00,0.026997983
2019-10-18 06:00:00,0.032958418
2019-10-18 06:10:00,0.024137944
2019-10-18 06:20:00,0.028874516
2019-10-18 06:30:00,0.027038634
2019-10-18 06:40:00,0.029682606
2019-10-18 06:50:00,0.024196446
2019-10-18 07:00:00,0.027309597
2019-10-18 07:10:00,0.027068228
2019-10-18 07:20:00,0.030595005
2019-10-18 07:30:00,0.02457133
2019-10-18 07:40:00,0.02717343
2019-10-18 07:50:00,0.027243465
2019-10-18 08:00:00,0.03237304
2019-10-18 08:10:00,0.024968237
2019-10-18 08:20:00,0.028120905
2019-10-18 08:30:00,0.027964354
2019-10-18 08:40:00,0.03156644
2019-10-18 08:50:00,0.025335282
2019-10-18 09:00:00,0.027627528
2019-10-18 09:10:00,0.028410107
2019-10-18 09:20:00,0.03120923
2019-10-18 09:30:00,0.025197059
2019-10-18 09:40:00,0.028343976
2019-10-18 09:50:00,0.02701521
2019-10-18 10:00:00,0.031184226
2019-10-18 10:10:00,0.023735315
2019-10-18 10:20:00,0.028071582
2019-10-18 10:30:00,0.02577439
2019-10-18 10:40:00,0.029990375
2019-10-18 10:50:00,0.021912694
2019-10-18 11:00:00,0.025517136
2019-10-18 11:10:00,0.025419295
2019-10-18 11:20:00,0.028950214
2019-10-18 11:30:00,0.022787958
2019-10-18 11:40:00,0.025053442
2019-10-18 11:50:00,0.026101768
2019-10-18 12:00:00,0.028574169
2019-10-18 12:10:00,0.023600996
2019-10-18 12:20:00,0.027919084
2019-10-18 12:30:00,0.02998519
2019-10-18 12:40:00,0.029826641
2019-10-18 12:50:00,0.025958687
2019-10-18 13:00:00,0.029308975
2019-10-18 13:10:00,0.030891925
2019-10-18 13:20:00,0.032411814
2019-10-18 13:30:00,0.02842012
2019-10-18 13:40:00,0.031585336
2019-10-18 13:50:00,0.03289181
2019-10-18 14:00:00,0.03382516
2019-10-18 14:10:00,0.027787983
2019-10-18 14:20:00,0.031076938
2019-10-18 14:30:00,0.031524867
2019-10-18 14:40:00,0.032429755
2019-10-18 14:50:00,0.02861929
2019-10-18 15:00:00,0.029339641
2019-10-18 15:10:00,0.03330043
2019-10-18 15:20:00,0.034511685
2019-10-18 15:30:00,0.030280441
2019-10-18 15:40:00,0.03615409
2019-10-18 15:50:00,0.036946863
2019-10-18 16:00:00,0.03967461
2019-10-18 16:10:00,0.032511055
2019-10-18 16:20:00,0.038502485
2019-10-18 16:30:00,0.03652841
2019-10-18 16:40:00,0.040210515
2019-10-18 16:50:00,0.033717275
2019-10-18 17:00:00,0.039633602
2019-10-18 17:10:00,0.038470447
2019-10-18 17:20:00,0.042114466
2019-10-18 17:30:00,0.03325489
2019-10-18 17:40:00,0.039559633
2019-10-18 17:50:00,0.036027223
2019-10-18 18:00:00,0.041039318
2019-10-18 18:10:00,0.031275183
2019-10-18 18:20:00,0.03894353
2019-10-18 18:30:00,0.033183992
2019-10-18 18:40:00,0.042517275
2019-10-18 18:50:00,0.028429866
2019-10-18 19:00:00,0.040195376
2019-10-18 19:10:00,0.034970492
2019-10-18 19:20:00,0.04370305
2019-10-18 19:30:00,0.02458787
2019-10-18 19:40:00,0.03563744
2019-10-18 19:50:00,0.023683459
2019-10-18 20:00:00,0.038534313
2019-10-18 20:10:00,0.019545078
2019-10-18 20:20:00,0.03544998
2019-10-18 20:30:00,0.022030503
2019-10-18 20:40:00,0.03754109
2019-10-18 20:50:00,0.017365307
2019-10-18 21:00:00,0.032705665
2019-10-18 21:10:00,0.020798951
2019-10-18 21:20:00,0.03551835
2019-10-18 21:30:00,0.01656118
2019-10-18 21:40:00,0.031052023
2019-10-18 21:50:00,0.0216569
2019-10-18 22:00:00,0.034509957
2019-10-18 22:10:00,0.01848784
2019-10-18 22:20:00,0.034241498
2019-10-18 22:30:00,0.020914763
2019-10-18 22:40:00,0.035144895
2019-10-18 22:50:00,0.0172925
2019-10-18 23:00:00,0.032815218
2019-10-18 23:10:00,0.01855874
2019-10-18 23:20:00,0.034110814
2019-10-18 23:30:00,0.015101999
2019-10-18 23:40:00,0.03295523
2019-10-18 23:50:00,0.016040653
2019-10-19 00:00:00,0.03579822
2019-10-19 00:10:00,0.014168173
2019-10-19 00:20:00,0.034317166
2019-10-19 00:30:00,0.015589803
2019-10-19 00:40:00,0.036518425
2019-10-19 00:50:00,0.013365626
2019-10-19 01:00:00,0.035163432
2019-10-19 01:10:00,0.016670436
2019-10-19 01:20:00,0.037869215
2019-10-19 01:30:00,0.013770223
2019-10-19 01:40:00,0.034813702
2019-10-19 01:50:00,0.016145319
2019-10-19 02:00:00,0.0366199
2019-10-19 02:10:00,0.013252467
2019-10-19 02:20:00,0.03423956
2019-10-19 02:30:00,0.015788704
2019-10-19 02:40:00,0.03666091
2019-10-19 02:50:00,0.013574332
2019-10-19 03:00:00,0.03428811
2019-10-19 03:10:00,0.01622349
2019-10-19 03:20:00,0.033135593
2019-10-19 03:30:00,0.012488604
2019-10-19 03:40:00,0.03261718
2019-10-19 03:50:00,0.014429212
2019-10-19 04:00:00,0.0285303
2019-10-19 04:10:00,0.011914104
2019-10-19 04:20:00,0.029415905
2019-10-19 04:30:00,0.015758336
2019-10-19 04:40:00,0.032025993
2019-10-19 04:50:00,0.012343794
2019-10-19 05:00:00,0.031995565
2019-10-19 05:10:00,0.014833331
2019-10-19 05:20:00,0.03136763
2019-10-19 05:30:00,0.01215899
2019-10-19 05:40:00,0.033525556
2019-10-19 05:50:00,0.013798356
2019-10-19 06:00:00,0.030765831
2019-10-19 06:10:00,0.011439949
2019-10-19 06:20:00,0.032826334
2019-10-19 06:30:00,0.014108449
2019-10-19 06:40:00,0.030142277
2019-10-19 06:50:00,0.011439711
2019-10-19 07:00:00,0.03077811
2019-10-19 07:10:00,0.014644504
2019-10-19 07:20:00,0.030478686
2019-10-19 07:30:00,0.011474043
2019-10-19 07:40:00,0.033391774
2019-10-19 07:50:00,0.014448762
2019-10-19 08:00:00,0.030763328
2019-10-19 08:10:00,0.012099236
2019-10-19 08:20:00,0.03363484
2019-10-19 08:30:00,0.012838304
2019-10-19 08:40:00,0.030965626
2019-10-19 08:50:00,0.01090309
2019-10-19 09:00:00,0.034176648
2019-10-19 09:10:00,0.012154996
2019-10-19 09:20:00,0.030772656
2019-10-19 09:30:00,0.010687113
2019-10-19 09:40:00,0.031956106
2019-10-19 09:50:00,0.013231635
2019-10-19 10:00:00,0.03052923
2019-10-19 10:10:00,0.011117578
2019-10-19 10:20:00,0.030386746
2019-10-19 10:30:00,0.011657059
2019-10-19 10:40:00,0.026846826
2019-10-19 10:50:00,0.0098231435
2019-10-19 11:00:00,0.02589804
2019-10-19 11:10:00,0.010323584
2019-10-19 11:20:00,0.023797065
2019-10-19 11:30:00,0.0100085735
2019-10-19 11:40:00,0.025741458
2019-10-19 11:50:00,0.011979431
2019-10-19 12:00:00,0.025588334
2019-10-19 12:10:00,0.010441661
2019-10-19 12:20:00,0.024832666
2019-10-19 12:30:00,0.011850715
2019-10-19 12:40:00,0.026807815
2019-10-19 12:50:00,0.010220945
2019-10-19 13:00:00,0.025316626
2019-10-19 13:10:00,0.011195302
2019-10-19 13:20:00,0.023620188
2019-10-19 13:30:00,0.009618044
2019-10-19 13:40:00,0.024451643
2019-10-19 13:50:00,0.010190815
2019-10-19 14:00:00,0.02134478
2019-10-19 14:10:00,0.009108633
2019-10-19 14:20:00,0.022344768
2019-10-19 14:30:00,0.009504944
2019-10-19 14:40:00,0.021619976
2019-10-19 14:50:00,0.009016365
2019-10-19 15:00:00,0.02208054
2019-10-19 15:10:00,0.009604931
2019-10-19 15:20:00,0.019882917
2019-10-19 15:30:00,0.00874418
2019-10-19 15:40:00,0.019875616
2019-10-19 15:50:00,0.008978546
2019-10-19 16:00:00,0.018425524
2019-10-19 16:10:00,0.008355945
2019-10-19 16:20:00,0.019213587
2019-10-19 16:30:00,0.008474678
2019-10-19 16:40:00,0.016801089
2019-10-19 16:50:00,0.007781774
2019-10-19 17:00:00,0.016563594
2019-10-19 17:10:00,0.008051783
2019-10-19 17:20:00,0.015245467
2019-10-19 17:30:00,0.0074918866
2019-10-19 17:40:00,0.015940875
2019-10-19 17:50:00,0.008348495
2019-10-19 18:00:00,0.016810715
2019-10-19 18:10:00,0.008024812
2019-10-19 18:20:00,0.018493772
2019-10-19 18:30:00,0.008628607
2019-10-19 18:40:00,0.016720861
2019-10-19 18:50:00,0.007649362
2019-10-19 19:00:00,0.017089725
2019-10-19 19:10:00,0.008502632
2019-10-19 19:20:00,0.01556617
2019-10-19 19:30:00,0.008103311
2019-10-19 19:40:00,0.015882641
2019-10-19 19:50:00,0.008983612
2019-10-19 20:00:00,0.014920324
2019-10-19 20:10:00,0.008900106
2019-10-19 20:20:00,0.015207559
2019-10-19 20:30:00,0.009257793
2019-10-19 20:40:00,0.015233606
2019-10-19 20:50:00,0.008823127
2019-10-19 21:00:00,0.01562941
2019-10-19 21:10:00,0.009473741
2019-10-19 21:20:00,0.014918625
2019-10-19 21:30:00,0.009693652
2019-10-19 21:40:00,0.01617068
2019-10-19 21:50:00,0.010268688
2019-10-19 22:00:00,0.014809608
2019-10-19 22:10:00,0.0097056925
2019-10-19 22:20:00,0.015314639
2019-10-19 22:30:00,0.008840859
2019-10-19 22:40:00,0.0132781565
2019-10-19 22:50:00,0.008709639
2019-10-19 23:00:00,0.013427675
2019-10-19 23:10:00,0.0084837675
2019-10-19 23:20:00,0.011597604
2019-10-19 23:30:00,0.008624762
2019-10-19 23:40:00,0.012928158
2019-10-19 23:50:00,0.0092237
2019-10-20 00:00:00,0.012642473
2019-10-20 00:10:00,0.0097103715
2019-10-20 00:20:00,0.013482958
2019-10-20 00:30:00,0.010234147
2019-10-20 00:40:00,0.012003005
2019-10-20 00:50:00,0.010770023
2019-10-20 01:00:00,0.014452517
2019-10-20 01:10:00,0.010689348
2019-10-20 01:20:00,0.012917757
2019-10-20 01:30:00,0.011048555
2019-10-20 01:40:00,0.01415804
2019-10-20 01:50:00,0.010692358
2019-10-20 02:00:00,0.01301378
2019-10-20 02:10:00,0.012047589
2019-10-20 02:20:00,0.015110016
2019-10-20 02:30:00,0.012298077
2019-10-20 02:40:00,0.014334023
2019-10-20 02:50:00,0.013277173
2019-10-20 03:00:00,0.0149900615
2019-10-20 03:10:00,0.012697816
2019-10-20 03:20:00,0.012641102
2019-10-20 03:30:00,0.013809085
2019-10-20 03:40:00,0.014648885
2019-10-20 03:50:00,0.015564531
2019-10-20 04:00:00,0.015202254
2019-10-20 04:10:00,0.016229957
2019-10-20 04:20:00,0.015818655
2019-10-20 04:30:00,0.015597194
2019-10-20 04:40:00,0.014135003
2019-10-20 04:50:00,0.016643822
2019-10-20 05:00:00,0.014628321
2019-10-20 05:10:00,0.015632004
2019-10-20 05:20:00,0.013496101
2019-10-20 05:30:00,0.016371667
2019-10-20 05:40:00,0.0127390325
2019-10-20 05:50:00,0.016087145
2019-10-20 06:00:00,0.0120304525
2019-10-20 06:10:00,0.017486542
2019-10-20 06:20:00,0.013933897
2019-10-20 06:30:00,0.01926285
2019-10-20 06:40:00,0.013667047
2019-10-20 06:50:00,0.02052015
2019-10-20 07:00:00,0.013078392
2019-10-20 07:10:00,0.021605462
2019-10-20 07:20:00,0.014024675
2019-10-20 07:30:00,0.026897073
2019-10-20 07:40:00,0.015404135
2019-10-20 07:50:00,0.024808496
2019-10-20 08:00:00,0.014530182
2019-10-20 08:10:00,0.024283826
2019-10-20 08:20:00,0.014817804
2019-10-20 08:30:00,0.025387347
2019-10-20 08:40:00,0.014286071
2019-10-20 08:50:00,0.027818859
2019-10-20 09:00:00,0.015124172
2019-10-20 09:10:00,0.027788967
2019-10-20 09:20:00,0.014686972
2019-10-20 09:30:00,0.030479163
2019-10-20 09:40:00,0.016869187
2019-10-20 09:50:00,0.031657428
2019-10-20 10:00:00,0.01613444
2019-10-20 10:10:00,0.03371021
2019-10-20 10:20:00,0.017518044
2019-10-20 10:30:00,0.028722465
2019-10-20 10:40:00,0.01658535
2019-10-20 10:50:00,0.032733023
2019-10-20 11:00:00,0.018847793
2019-10-20 11:10:00,0.031493336
2019-10-20 11:20:00,0.018220812
2019-10-20 11:30:00,0.035456777
2019-10-20 11:40:00,0.019493967
2019-10-20 11:50:00,0.03207484
2019-10-20 12:00:00,0.018078893
2019-10-20 12:10:00,0.033150017
2019-10-20 12:20:00,0.017514229
2019-10-20 12:30:00,0.031084508
2019-10-20 12:40:00,0.016430229
2019-10-20 12:50:00,0.031918257
2019-10-20 13:00:00,0.016790539
2019-10-20 13:10:00,0.03055787
2019-10-20 13:20:00,0.015799165
2019-10-20 13:30:00,0.03315881
2019-10-20 13:40:00,0.015589923
2019-10-20 13:50:00,0.031837463
2019-10-20 14:00:00,0.016285509
2019-10-20 14:10:00,0.036135018
2019-10-20 14:20:00,0.016213298
2019-10-20 14:30:00,0.03251645
2019-10-20 14:40:00,0.015521884
2019-10-20 14:50:00,0.036414593
2019-10-20 15:00:00,0.017077833
2019-10-20 15:10:00,0.035666764
2019-10-20 15:20:00,0.015440136
2019-10-20 15:30:00,0.03649378
2019-10-20 15:40:00,0.015399635
2019-10-20 15:50:00,0.035312027
2019-10-20 16:00:00,0.0142143965
2019-10-20 16:10:00,0.035608828
2019-10-20 16:20:00,0.0154132545
2019-10-20 16:30:00,0.033920527
2019-10-20 16:40:00,0.013945252
2019-10-20 16:50:00,0.037990183
2019-10-20 17:00:00,0.014700472
2019-10-20 17:10:00,0.037531346
2019-10-20 17:20:00,0.014937192
2019-10-20 17:30:00,0.042337686
2019-10-20 17:40:00,0.017153054
2019-10-20 17:50:00,0.039899677
2019-10-20 18:00:00,0.0152409375
2019-10-20 18:10:00,0.039581537
2019-10-20 18:20:00,0.016555578
2019-10-20 18:30:00,0.035432905
2019-10-20 18:40:00,0.014033854
2019-10-20 18:50:00,0.03478977
2019-10-20 19:00:00,0.015007168
2019-10-20 19:10:00,0.031178892
2019-10-20 19:20:00,0.01286298
2019-10-20 19:30:00,0.03254488
2019-10-20 19:40:00,0.01383391
2019-10-20 19:50:00,0.031306475
2019-10-20 20:00:00,0.01312387
2019-10-20 20:10:00,0.033285648
2019-10-20 20:20:00,0.013986826
2019-10-20 20:30:00,0.030259818
2019-10-20 20:40:00,0.0126669705
2019-10-20 20:50:00,0.031728506
2019-10-20 21:00:00,0.013702065
2019-10-20 21:10:00,0.028859079
2019-10-20 21:20:00,0.012200892
2019-10-20 21:30:00,0.029101789
2019-10-20 21:40:00,0.013553232
2019-10-20 21:50:00,0.027116328
2019-10-20 22:00:00,0.012245923
2019-10-20 22:10:00,0.027486473
2019-10-20 22:20:00,0.013006359
2019-10-20 22:30:00,0.024786234
2019-10-20 22:40:00,0.012979537
2019-10-20 22:50:00,0.026686162
2019-10-20 23:00:00,0.013308138
2019-10-20 23:10:00,0.026155889
2019-10-20 23:20:00,0.012633622
2019-10-20 23:30:00,0.027445495
2019-10-20 23:40:00,0.014244944
2019-10-20 23:50:00,0.026067764
2019-10-21 00:00:00,0.016552538
2019-10-21 00:10:00,0.028949648
2019-10-21 00:20:00,0.015844762
2019-10-21 00:30:00,0.02621144
2019-10-21 00:40:00,0.014891833
2019-10-21 00:50:00,0.025226653
2019-10-21 01:00:00,0.014483392
2019-10-21 01:10:00,0.022995502
2019-10-21 01:20:00,0.013760567
2019-10-21 01:30:00,0.023496568
2019-10-21 01:40:00,0.013964474
2019-10-21 01:50:00,0.021667153
2019-10-21 02:00:00,0.0137987435
2019-10-21 02:10:00,0.022923052
2019-10-21 02:20:00,0.015469909
2019-10-21 02:30:00,0.021803707
2019-10-21 02:40:00,0.015465021
2019-10-21 02:50:00,0.023753345
2019-10-21 03:00:00,0.016503453
2019-10-21 03:10:00,0.021277815
2019-10-21 03:20:00,0.01581639
2019-10-21 03:30:00,0.021019697
2019-10-21 03:40:00,0.015401453
2019-10-21 03:50:00,0.02058971
2019-10-21 04:00:00,0.016177118
2019-10-21 04:10:00,0.019813985
2019-10-21 04:20:00,0.016659975
2019-10-21 04:30:00,0.02013567
2019-10-21 04:40:00,0.01605767
2019-10-21 04:50:00,0.02071628
2019-10-21 05:00:00,0.016212314
2019-10-21 05:10:00,0.020743608
2019-10-21 05:20:00,0.017133832
2019-10-21 05:30:00,0.021470368
2019-10-21 05:40:00,0.018321365
2019-10-21 05:50:00,0.021950185
2019-10-21 06:00:00,0.019079149
2019-10-21 06:10:00,0.021449268
2019-10-21 06:20:00,0.018519163
2019-10-21 06:30:00,0.021430552
2019-10-21 06:40:00,0.019191653
2019-10-21 06:50:00,0.021627396
2019-10-21 07:00:00,0.018159121
2019-10-21 07:10:00,0.019045562
2019-10-21 07:20:00,0.017937988
2019-10-21 07:30:00,0.018428802
2019-10-21 07:40:00,0.017379493
2019-10-21 07:50:00,0.01865828
2019-10-21 08:00:00,0.018886447
2019-10-21 08:10:00,0.020034492
2019-10-21 08:20:00,0.01885432
2019-10-21 08:30:00,0.017839253
2019-10-21 08:40:00,0.019602984
2019-10-21 08:50:00,0.019420981
2019-10-21 09:00:00,0.019257784
2019-10-21 09:10:00,0.018654555
2019-10-21 09:20:00,0.019532561
2019-10-21 09:30:00,0.018482238
2019-10-21 09:40:00,0.020310432
2019-10-21 09:50:00,0.01740095
2019-10-21 10:00:00,0.021180391
2019-10-21 10:10:00,0.01835978
2019-10-21 10:20:00,0.019825667
2019-10-21 10:30:00,0.018260926
2019-10-21 10:40:00,0.02062121
2019-10-21 10:50:00,0.018455774
2019-10-21 11:00:00,0.019394934
2019-10-21 11:10:00,0.017359704
2019-10-21 11:20:00,0.019910842
2019-10-21 11:30:00,0.018992871
2019-10-21 11:40:00,0.022636384
2019-10-21 11:50:00,0.018695772
2019-10-21 12:00:00,0.023419112
2019-10-21 12:10:00,0.019236445
2019-10-21 12:20:00,0.024544626
2019-10-21 12:30:00,0.018326372
2019-10-21 12:40:00,0.024665028
2019-10-21 12:50:00,0.019926786
2019-10-21 13:00:00,0.02465266
2019-10-21 13:10:00,0.019143999
2019-10-21 13:20:00,0.02385962
2019-10-21 13:30:00,0.018105417
2019-10-21 13:40:00,0.023179352
2019-10-21 13:50:00,0.017394006
2019-10-21 14:00:00,0.023120254
2019-10-21 14:10:00,0.017053336
2019-10-21 14:20:00,0.023304015
2019-10-21 14:30:00,0.01633364
2019-10-21 14:40:00,0.022742331
2019-10-21 14:50:00,0.01690936
2019-10-21 15:00:00,0.023896933
2019-10-21 15:10:00,0.016542703
2019-10-21 15:20:00,0.023741484
2019-10-21 15:30:00,0.01614225
2019-10-21 15:40:00,0.022781134
2019-10-21 15:50:00,0.015458912
2019-10-21 16:00:00,0.023291051
2019-10-21 16:10:00,0.015025049
2019-10-21 16:20:00,0.02203846
2019-10-21 16:30:00,0.014722407
2019-10-21 16:40:00,0.023872316
2019-10-21 16:50:00,0.015697062
2019-10-21 17:00:00,0.02508369
2019-10-21 17:10:00,0.015824765
2019-10-21 17:20:00,0.025991917
2019-10-21 17:30:00,0.015945494
2019-10-21 17:40:00,0.025652528
2019-10-21 17:50:00,0.015965402
2019-10-21 18:00:00,0.027517617
2019-10-21 18:10:00,0.016399473
2019-10-21 18:20:00,0.026846856
2019-10-21 18:30:00,0.017193824
2019-10-21 18:40:00,0.030528218
2019-10-21 18:50:00,0.018218458
2019-10-21 19:00:00,0.03102243
2019-10-21 19:10:00,0.020062119
2019-10-21 19:20:00,0.035102665
2019-10-21 19:30:00,0.021080136
2019-10-21 19:40:00,0.034189582
2019-10-21 19:50:00,0.021692961
2019-10-21 20:00:00,0.039494425
2019-10-21 20:10:00,0.023102194
2019-10-21 20:20:00,0.038268417
2019-10-21 20:30:00,0.025074273
2019-10-21 20:40:00,0.04090914
2019-10-21 20:50:00,0.02424264
2019-10-21 21:00:00,0.039881676
2019-10-21 21:10:00,0.025929302
2019-10-21 21:20:00,0.044563234
2019-10-21 21:30:00,0.023485065
2019-10-21 21:40:00,0.04217124
2019-10-21 21:50:00,0.025694042
2019-10-21 22:00:00,0.045764387
2019-10-21 22:10:00,0.024589628
2019-10-21 22:20:00,0.04545334
2019-10-21 22:30:00,0.025093794
2019-10-21 22:40:00,0.04926926
2019-10-21 22:50:00,0.028649718
2019-10-21 23:00:00,0.04933417
2019-10-21 23:10:00,0.02996102
2019-10-21 23:20:00,0.052823484
2019-10-21 23:30:00,0.028837144
2019-10-21 23:40:00,0.04974827
2019-10-21 23:50:00,0.028944016
2019-10-22 00:00:00,0.05371681
2019-10-22 00:10:00,0.028158814
2019-10-22 00:20:00,0.049649775
2019-10-22 00:30:00,0.028363585
2019-10-22 00:40:00,0.055947483
2019-10-22 00:50:00,0.028458178
2019-10-22 01:00:00,0.054322302
2019-10-22 01:10:00,0.03152299
2019-10-22 01:20:00,0.060001105
2019-10-22 01:30:00,0.030804187
2019-10-22 01:40:00,0.058514148
2019-10-22 01:50:00,0.032137632
2019-10-22 02:00:00,0.058986217
2019-10-22 02:10:00,0.031034917
2019-10-22 02:20:00,0.0568434
2019-10-22 02:30:00,0.038403988
2019-10-22 02:40:00,0.062787235
2019-10-22 02:50:00,0.033987015
2019-10-22 03:00:00,0.061646253
2019-10-22 03:10:00,0.03365317
2019-10-22 03:20:00,0.05981657
2019-10-22 03:30:00,0.03348866
2019-10-22 03:40:00,0.0503231
2019-10-22 03:50:00,0.036177546
2019-10-22 04:00:00,0.050794303
2019-10-22 04:10:00,0.03470865
2019-10-22 04:20:00,0.047917426
2019-10-22 04:30:00,0.035956472
2019-10-22 04:40:00,0.051523775
2019-10-22 04:50:00,0.03658268
2019-10-22 05:00:00,0.05130574
2019-10-22 05:10:00,0.040254414
2019-10-22 05:20:00,0.048613608
2019-10-22 05:30:00,0.039656073
2019-10-22 05:40:00,0.051888257
2019-10-22 05:50:00,0.042966127
2019-10-22 06:00:00,0.05017656
2019-10-22 06:10:00,0.038277566
2019-10-22 06:20:00,0.051157147
2019-10-22 06:30:00,0.03898269
2019-10-22 06:40:00,0.04914853
2019-10-22 06:50:00,0.03645432
2019-10-22 07:00:00,0.047261
2019-10-22 07:10:00,0.0380069
2019-10-22 07:20:00,0.047528714
2019-10-22 07:30:00,0.035713136
2019-10-22 07:40:00,0.0510087
2019-10-22 07:50:00,0.042127877
2019-10-22 08:00:00,0.04924345
2019-10-22 08:10:00,0.040478885
2019-10-22 08:20:00,0.049648345
2019-10-22 08:30:00,0.0434829
2019-10-22 08:40:00,0.050770402
2019-10-22 08:50:00,0.04177347
2019-10-22 09:00:00,0.04993534
2019-10-22 09:10:00,0.04412076
2019-10-22 09:20:00,0.04994884
2019-10-22 09:30:00,0.04218623
2019-10-22 09:40:00,0.048288673
2019-10-22 09:50:00,0.043063194
2019-10-22 10:00:00,0.048728734
2019-10-22 10:10:00,0.042520523
2019-10-22 10:20:00,0.048790634
2019-10-22 10:30:00,0.043758303
2019-10-22 10:40:00,0.049987257
2019-10-22 10:50:00,0.04276246
2019-10-22 11:00:00,0.05004093
2019-10-22 11:10:00,0.045984387
2019-10-22 11:20:00,0.048924178
2019-10-22 11:30:00,0.0442124
2019-10-22 11:40:00,0.048272222
2019-10-22 11:50:00,0.04522276
2019-10-22 12:00:00,0.048724055
2019-10-22 12:10:00,0.043720633
2019-10-22 12:20:00,0.04782644
2019-10-22 12:30:00,0.0458194
2019-10-22 12:40:00,0.049100637
2019-10-22 12:50:00,0.043008804
2019-10-22 13:00:00,0.04778272
2019-10-22 13:10:00,0.04480943
2019-10-22 13:20:00,0.048322767
2019-10-22 13:30:00,0.04526201
2019-10-22 13:40:00,0.045762032
2019-10-22 13:50:00,0.04672858
2019-10-22 14:00:00,0.049263477
2019-10-22 14:10:00,0.04447162
2019-10-22 14:20:00,0.04725617
2019-10-22 14:30:00,0.048364878
2019-10-22 14:40:00,0.051728964
2019-10-22 14:50:00,0.047323823
2019-10-22 15:00:00,0.051108092
2019-10-22 15:10:00,0.049654186
2019-10-22 15:20:00,0.052252293
2019-10-22 15:30:00,0.04857391
2019-10-22 15:40:00,0.049456418
2019-10-22 15:50:00,0.049806237
2019-10-22 16:00:00,0.049347788
2019-10-22 16:10:00,0.049714983
2019-10-22 16:20:00,0.049741775
2019-10-22 16:30:00,0.05240944
2019-10-22 16:40:00,0.05211824
2019-10-22 16:50:00,0.048737586
2019-10-22 17:00:00,0.04819244
2019-10-22 17:10:00,0.051715285
2019-10-22 17:20:00,0.049227715
2019-10-22 17:30:00,0.048439145
2019-10-22 17:40:00,0.047442615
2019-10-22 17:50:00,0.05058986
2019-10-22 18:00:00,0.051044136
2019-10-22 18:10:00,0.048990577
2019-10-22 18:20:00,0.04866287
2019-10-22 18:30:00,0.05369243
2019-10-22 18:40:00,0.04893005
2019-10-22 18:50:00,0.04822275
2019-10-22 19:00:00,0.04690987
2019-10-22 19:10:00,0.046117842
2019-10-22 19:20:00,0.049626857
2019-10-22 19:30:00,0.045080125
2019-10-22 19:40:00,0.04811552
2019-10-22 19:50:00,0.044626415
2019-10-22 20:00:00,0.047187686
2019-10-22 20:10:00,0.04502359
2019-10-22 20:20:00,0.04758632
2019-10-22 20:30:00,0.045431852
2019-10-22 20:40:00,0.048849314
2019-10-22 20:50:00,0.043303996
2019-10-22 21:00:00,0.04678318
2019-10-22 21:10:00,0.042960525
2019-10-22 21:20:00,0.047594786
2019-10-22 21:30:00,0.040767908
2019-10-22 21:40:00,0.046812177
2019-10-22 21:50:00,0.042203337
2019-10-22 22:00:00,0.048446327
2019-10-22 22:10:00,0.043424457
2019-10-22 22:20:00,0.046934158
2019-10-22 22:30:00,0.04069048
2019-10-22 22:40:00,0.045015037
2019-10-22 22:50:00,0.03695345
2019-10-22 23:00:00,0.040288955
2019-10-22 23:10:00,0.035411745
2019-10-22 23:20:00,0.037540555
2019-10-22 23:30:00,0.033645064
2019-10-22 23:40:00,0.035692096
2019-10-22 23:50:00,0.03320104
2019-10-23 00:00:00,0.034746557
2019-10-23 00:10:00,0.034712017
2019-10-23 00:20:00,0.03659138
2019-10-23 00:30:00,0.032473147
2019-10-23 00:40:00,0.03255257
2019-10-23 00:50:00,0.030029893
2019-10-23 01:00:00,0.030060649
2019-10-23 01:10:00,0.026562661
2019-10-23 01:20:00,0.028286278
2019-10-23 01:30:00,0.025051743
2019-10-23 01:40:00,0.028943926
2019-10-23 01:50:00,0.022492528
2019-10-23 02:00:00,0.026839763
2019-10-23 02:10:00,0.020070583
2019-10-23 02:20:00,0.025689304
2019-10-23 02:30:00,0.020870715
2019-10-23 02:40:00,0.02402395
2019-10-23 02:50:00,0.019991308
2019-10-23 03:00:00,0.023389727
2019-10-23 03:10:00,0.018692315
2019-10-23 03:20:00,0.021619588
2019-10-23 03:30:00,0.017704755
2019-10-23 03:40:00,0.021490932
2019-10-23 03:50:00,0.018017381
2019-10-23 04:00:00,0.017895997
2019-10-23 04:10:00,0.017921656
2019-10-23 04:20:00,0.017011523
2019-10-23 04:30:00,0.01691389
2019-10-23 04:40:00,0.01394406
2019-10-23 04:50:00,0.015797913
2019-10-23 05:00:00,0.014313281
2019-10-23 05:10:00,0.015693605
2019-10-23 05:20:00,0.013387859
2019-10-23 05:30:00,0.015724808
2019-10-23 05:40:00,0.013833821
2019-10-23 05:50:00,0.015221328
2019-10-23 06:00:00,0.012687236
2019-10-23 06:10:00,0.015385866
2019-10-23 06:20:00,0.013917208
2019-10-23 06:30:00,0.0150155425
2019-10-23 06:40:00,0.012752205
2019-10-23 06:50:00,0.014563441
2019-10-23 07:00:00,0.013200045
2019-10-23 07:10:00,0.014172643
2019-10-23 07:20:00,0.011929572
2019-10-23 07:30:00,0.013951987
2019-10-23 07:40:00,0.012333006
2019-10-23 07:50:00,0.013974249
2019-10-23 08:00:00,0.00991559
2019-10-23 08:10:00,0.012996405
2019-10-23 08:20:00,0.009675115
2019-10-23 08:30:00,0.011179626
2019-10-23 08:40:00,0.007983714
2019-10-23 08:50:00,0.009816408
2019-10-23 09:00:00,0.008568376
2019-10-23 09:10:00,0.009786844
2019-10-23 09:20:00,0.0070251822
2019-10-23 09:30:00,0.00978604
2019-10-23 09:40:00,0.00807479
2019-10-23 09:50:00,0.009939402
2019-10-23 10:00:00,0.006833285
2019-10-23 10:10:00,0.009219497
2019-10-23 10:20:00,0.008025676
2019-10-23 10:30:00,0.010190368
2019-10-23 10:40:00,0.005864799
2019-10-23 10:50:00,0.00907743
2019-10-23 11:00:00,0.006931901
2019-10-23 11:10:00,0.009236693
2019-10-23 11:20:00,0.0062856674
2019-10-23 11:30:00,0.008824855
2019-10-23 11:40:00,0.0071695745
2019-10-23 11:50:00,0.009393275
2019-10-23 12:00:00,0.0057694316
2019-10-23 12:10:00,0.008129656
2019-10-23 12:20:00,0.006323844
2019-10-23 12:30:00,0.008442521
2019-10-23 12:40:00,0.0049451888
2019-10-23 12:50:00,0.007835209
2019-10-23 13:00:00,0.005198866
2019-10-23 13:10:00,0.008461684
2019-10-23 13:20:00,0.0048025846
2019-10-23 13:30:00,0.007924736
2019-10-23 13:40:00,0.005764127
2019-10-23 13:50:00,0.008612037
2019-10-23 14:00:00,0.0046550035
2019-10-23 14:10:00,0.007740289
2019-10-23 14:20:00,0.0053866506
2019-10-23 14:30:00,0.008116841
2019-10-23 14:40:00,0.0042316616
2019-10-23 14:50:00,0.0062365234
2019-10-23 15:00:00,0.005215049
2019-10-23 15:10:00,0.0070293844
2019-10-23 15:20:00,0.004166484
2019-10-23 15:30:00,0.0058506727
2019-10-23 15:40:00,0.005076468
2019-10-23 15:50:00,0.006496817
2019-10-23 16:00:00,0.0038150847
2019-10-23 16:10:00,0.0052761734
2019-10-23 16:20:00,0.004658401
2019-10-23 16:30:00,0.00609076
2019-10-23 16:40:00,0.0037903488
2019-10-23 16:50:00,0.0051335394
2019-10-23 17:00:00,0.004757762
2019-10-23 17:10:00,0.0062873065
2019-10-23 17:20:00,0.003746897
2019-10-23 17:30:00,0.0054251254
2019-10-23 17:40:00,0.0046177804
2019-10-23 17:50:00,0.0065629184
2019-10-23 18:00:00,0.003468275
2019-10-23 18:10:00,0.004975736
2019-10-23 18:20:00,0.00486061
2019-10-23 18:30:00,0.00658679
2019-10-23 18:40:00,0.0038385093
2019-10-23 18:50:00,0.0051473975
2019-10-23 19:00:00,0.0049521327
2019-10-23 19:10:00,0.006701261
2019-10-23 19:20:00,0.004075259
2019-10-23 19:30:00,0.0055212677
2019-10-23 19:40:00,0.005245
2019-10-23 19:50:00,0.007085681
2019-10-23 20:00:00,0.004146248
2019-10-23 20:10:00,0.0055662394
2019-10-23 20:20:00,0.0052088797
2019-10-23 20:30:00,0.0071848035
2019-10-23 20:40:00,0.004445255
2019-10-23 20:50:00,0.005646974
2019-10-23 21:00:00,0.006041527
2019-10-23 21:10:00,0.007986307
2019-10-23 21:20:00,0.005047977
2019-10-23 21:30:00,0.0066503584
2019-10-23 21:40:00,0.006641984
2019-10-23 21:50:00,0.0085579455
2019-10-23 22:00:00,0.005255401
2019-10-23 22:10:00,0.0059785843
2019-10-23 22:20:00,0.0064908564
2019-10-23 22:30:00,0.0083498955
2019-10-23 22:40:00,0.0048929453
2019-10-23 22:50:00,0.0065150857
2019-10-23 23:00:00,0.0062845945
2019-10-23 23:10:00,0.009240776
2019-10-23 23:20:00,0.004444003
2019-10-23 23:30:00,0.0069585145
2019-10-23 23:40:00,0.0060523152
2019-10-23 23:50:00,0.009875923
2019-10-24 00:00:00,0.0051085055
2019-10-24 00:10:00,0.008069307
2019-10-24 00:20:00,0.006505817
2019-10-24 00:30:00,0.011394471
2019-10-24 00:40:00,0.00521186
2019-10-24 00:50:00,0.00849241
2019-10-24 01:00:00,0.0066482723
2019-10-24 01:10:00,0.011723727
2019-10-24 01:20:00,0.0052565634
2019-10-24 01:30:00,0.009351671
2019-10-24 01:40:00,0.0070628226
2019-10-24 01:50:00,0.013383031
2019-10-24 02:00:00,0.0057774186
2019-10-24 02:10:00,0.010583103
2019-10-24 02:20:00,0.007834524
2019-10-24 02:30:00,0.014801532
2019-10-24 02:40:00,0.0060590804
2019-10-24 02:50:00,0.011624694
2019-10-24 03:00:00,0.0086297095
2019-10-24 03:10:00,0.016217887
2019-10-24 03:20:00,0.006475866
2019-10-24 03:30:00,0.010820925
2019-10-24 03:40:00,0.0075268447
2019-10-24 03:50:00,0.015355289
2019-10-24 04:00:00,0.00562799
2019-10-24 04:10:00,0.011217594
2019-10-24 04:20:00,0.0075412393
2019-10-24 04:30:00,0.015827686
2019-10-24 04:40:00,0.006112784
2019-10-24 04:50:00,0.012504727
2019-10-24 05:00:00,0.008306235
2019-10-24 05:10:00,0.017995983
2019-10-24 05:20:00,0.0069568157
2019-10-24 05:30:00,0.014327973
2019-10-24 05:40:00,0.009275764
2019-10-24 05:50:00,0.021882266
2019-10-24 06:00:00,0.008494794
2019-10-24 06:10:00,0.017361999
2019-10-24 06:20:00,0.010795206
2019-10-24 06:30:00,0.024659157
2019-10-24 06:40:00,0.009215236
2019-10-24 06:50:00,0.018576175
2019-10-24 07:00:00,0.01170221
2019-10-24 07:10:00,0.025623858
2019-10-24 07:20:00,0.0096949935
2019-10-24 07:30:00,0.022196472
2019-10-24 07:40:00,0.01277566
2019-10-24 07:50:00,0.032381326
2019-10-24 08:00:00,0.010569721
2019-10-24 08:10:00,0.024872184
2019-10-24 08:20:00,0.013362825
2019-10-24 08:30:00,0.035214156
2019-10-24 08:40:00,0.011411577
2019-10-24 08:50:00,0.027328223
2019-10-24 09:00:00,0.013675809
2019-10-24 09:10:00,0.03702882
2019-10-24 09:20:00,0.011810273
2019-10-24 09:30:00,0.02844736
2019-10-24 09:40:00,0.014586896
2019-10-24 09:50:00,0.03344986
2019-10-24 10:00:00,0.011756122
2019-10-24 10:10:00,0.024405748
2019-10-24 10:20:00,0.013265371
2019-10-24 10:30:00,0.027020842
2019-10-24 10:40:00,0.010494232
2019-10-24 10:50:00,0.021335393
2019-10-24 11:00:00,0.01524061
2019-10-24 11:10:00,0.024352789
2019-10-24 11:20:00,0.013843238
2019-10-24 11:30:00,0.016853482
2019-10-24 11:40:00,0.018110454
2019-10-24 11:50:00,0.023659766
2019-10-24 12:00:00,0.014774293
2019-10-24 12:10:00,0.018219173
2019-10-24 12:20:00,0.018737197
2019-10-24 12:30:00,0.024202406
2019-10-24 12:40:00,0.016318232
2019-10-24 12:50:00,0.018500865
2019-10-24 13:00:00,0.018765897
2019-10-24 13:10:00,0.023278236
2019-10-24 13:20:00,0.015319675
2019-10-24 13:30:00,0.016893804
2019-10-24 13:40:00,0.017872244
2019-10-24 13:50:00,0.022699445
2019-10-24 14:00:00,0.014847428
2019-10-24 14:10:00,0.018036485
2019-10-24 14:20:00,0.01720205
2019-10-24 14:30:00,0.022797108
2019-10-24 14:40:00,0.016537666
2019-10-24 14:50:00,0.01823765
2019-10-24 15:00:00,0.02002424
2019-10-24 15:10:00,0.028373629
2019-10-24 15:20:00,0.02021882
2019-10-24 15:30:00,0.024341196
2019-10-24 15:40:00,0.02333048
2019-10-24 15:50:00,0.029623538
2019-10-24 16:00:00,0.020918936
2019-10-24 16:10:00,0.024514973
2019-10-24 16:20:00,0.022318095
2019-10-24 16:30:00,0.028305978
2019-10-24 16:40:00,0.020454764
2019-10-24 16:50:00,0.022803515
2019-10-24 17:00:00,0.022584587
2019-10-24 17:10:00,0.025419027
2019-10-24 17:20:00,0.02102387
2019-10-24 17:30:00,0.019454151
2019-10-24 17:40:00,0.024596661
2019-10-24 17:50:00,0.022636026
2019-10-24 18:00:00,0.02276507
2019-10-24 18:10:00,0.018625319
2019-10-24 18:20:00,0.022419214
2019-10-24 18:30:00,0.02225414
2019-10-24 18:40:00,0.021498501
2019-10-24 18:50:00,0.017788291
2019-10-24 19:00:00,0.02253598
2019-10-24 19:10:00,0.021210432
2019-10-24 19:20:00,0.020237386
2019-10-24 19:30:00,0.016045809
2019-10-24 19:40:00,0.022498518
2019-10-24 19:50:00,0.019586653
2019-10-24 20:00:00,0.02030626
2019-10-24 20:10:00,0.015553623
2019-10-24 20:20:00,0.023691714
2019-10-24 20:30:00,0.019107878
2019-10-24 20:40:00,0.020626009
2019-10-24 20:50:00,0.015171319
2019-10-24 21:00:00,0.023315549
2019-10-24 21:10:00,0.01790747
2019-10-24 21:20:00,0.020296782
2019-10-24 21:30:00,0.013444781
2019-10-24 21:40:00,0.022887766
2019-10-24 21:50:00,0.016988814
2019-10-24 22:00:00,0.019343287
2019-10-24 22:10:00,0.014162421
2019-10-24 22:20:00,0.019832462
2019-10-24 22:30:00,0.016715318
2019-10-24 22:40:00,0.016673177
2019-10-24 22:50:00,0.01443857
2019-10-24 23:00:00,0.017169446
2019-10-24 23:10:00,0.015987724
2019-10-24 23:20:00,0.014299065
2019-10-24 23:30:00,0.012199223
2019-10-24 23:40:00,0.014959961
2019-10-24 23:50:00,0.013718307
2019-10-25 00:00:00,0.012285888
2019-10-25 00:10:00,0.011432767
2019-10-25 00:20:00,0.015074551
2019-10-25 00:30:00,0.012891144
2019-10-25 00:40:00,0.011692762
2019-10-25 00:50:00,0.011000246
2019-10-25 01:00:00,0.01395604
2019-10-25 01:10:00,0.012299001
2019-10-25 01:20:00,0.010679662
2019-10-25 01:30:00,0.009978086
2019-10-25 01:40:00,0.012218326
2019-10-25 01:50:00,0.010859132
2019-10-25 02:00:00,0.0087662935
2019-10-25 02:10:00,0.00923866
2019-10-25 02:20:00,0.009684652
2019-10-25 02:30:00,0.009460717
2019-10-25 02:40:00,0.0074441433
2019-10-25 02:50:00,0.0074009
2019-10-25 03:00:00,0.008793235
2019-10-25 03:10:00,0.008502036
2019-10-25 03:20:00,0.0075567067
2019-10-25 03:30:00,0.00682649
2019-10-25 03:40:00,0.008535087
2019-10-25 03:50:00,0.007922441
2019-10-25 04:00:00,0.0065591037
2019-10-25 04:10:00,0.006907493
2019-10-25 04:20:00,0.007636249
2019-10-25 04:30:00,0.007193774
2019-10-25 04:40:00,0.0065113604
2019-10-25 04:50:00,0.007188469
2019-10-25 05:00:00,0.007623434
2019-10-25 05:10:00,0.0076622963
2019-10-25 05:20:00,0.006558925
2019-10-25 05:30:00,0.007167399
2019-10-25 05:40:00,0.008190066
2019-10-25 05:50:00,0.007964343
2019-10-25 06:00:00,0.0065006316
2019-10-25 06:10:00,0.006056726
2019-10-25 06:20:00,0.0073208213
2019-10-25 06:30:00,0.0067611635
2019-10-25 06:40:00,0.006733209
2019-10-25 06:50:00,0.006794393
2019-10-25 07:00:00,0.007689148
2019-10-25 07:10:00,0.005871892
2019-10-25 07:20:00,0.005867064
2019-10-25 07:30:00,0.0055957437
2019-10-25 07:40:00,0.0061582625
2019-10-25 07:50:00,0.005577326
2019-10-25 08:00:00,0.005632788
2019-10-25 08:10:00,0.0049488246
2019-10-25 08:20:00,0.0063908696
2019-10-25 08:30:00,0.004997313
2019-10-25 08:40:00,0.0053415596
2019-10-25 08:50:00,0.0048951507
2019-10-25 09:00:00,0.006044835
2019-10-25 09:10:00,0.005375147
2019-10-25 09:20:00,0.005421579
2019-10-25 09:30:00,0.004705161
2019-10-25 09:40:00,0.006136924
2019-10-25 09:50:00,0.0056820214
2019-10-25 10:00:00,0.004941553
2019-10-25 10:10:00,0.0045665205
2019-10-25 10:20:00,0.005553037
2019-10-25 10:30:00,0.0051244795
2019-10-25 10:40:00,0.005179256
2019-10-25 10:50:00,0.0048452616
2019-10-25 11:00:00,0.0059256256
2019-10-25 11:10:00,0.005450517
2019-10-25 11:20:00,0.005369514
2019-10-25 11:30:00,0.004953593
2019-10-25 11:40:00,0.0056477785
2019-10-25 11:50:00,0.00536716
2019-10-25 12:00:00,0.0051096976
2019-10-25 12:10:00,0.0051247478
2019-10-25 12:20:00,0.005690962
2019-10-25 12:30:00,0.0053602457
2019-10-25 12:40:00,0.0045640767
2019-10-25 12:50:00,0.0050881207
2019-10-25 13:00:00,0.0052629113
2019-10-25 13:10:00,0.004654169
2019-10-25 13:20:00,0.0045173466
2019-10-25 13:30:00,0.0045381784
2019-10-25 13:40:00,0.005374849
2019-10-25 13:50:00,0.0047891736
2019-10-25 14:00:00,0.004697114
2019-10-25 14:10:00,0.004321128
2019-10-25 14:20:00,0.005151093
2019-10-25 14:30:00,0.0049355626
2019-10-25 14:40:00,0.004841
2019-10-25 14:50:00,0.0042364895
2019-10-25 15:00:00,0.0049953163
2019-10-25 15:10:00,0.00442189
2019-10-25 15:20:00,0.003927201
2019-10-25 15:30:00,0.003673613
2019-10-25 15:40:00,0.0043759644
2019-10-25 15:50:00,0.0041262507
2019-10-25 16:00:00,0.0036889017
2019-10-25 16:10:00,0.003975272
2019-10-25 16:20:00,0.004098624
2019-10-25 16:30:00,0.0046004653
2019-10-25 16:40:00,0.004120767
2019-10-25 16:50:00,0.004672736
2019-10-25 17:00:00,0.004876882
2019-10-25 17:10:00,0.0052056313
2019-10-25 17:20:00,0.0049360693
2019-10-25 17:30:00,0.0051259696
2019-10-25 17:40:00,0.0052530468
2019-10-25 17:50:00,0.0061638355
2019-10-25 18:00:00,0.005841583
2019-10-25 18:10:00,0.0061864555
2019-10-25 18:20:00,0.0055725873
2019-10-25 18:30:00,0.0063828826
2019-10-25 18:40:00,0.0056636035
2019-10-25 18:50:00,0.0067118704
2019-10-25 19:00:00,0.0062718987
2019-10-25 19:10:00,0.007171184
2019-10-25 19:20:00,0.005951047
2019-10-25 19:30:00,0.0066792667
2019-10-25 19:40:00,0.0058294237
2019-10-25 19:50:00,0.0069729984
2019-10-25 20:00:00,0.0062232316
2019-10-25 20:10:00,0.0067571998
2019-10-25 20:20:00,0.006075144
2019-10-25 20:30:00,0.0070288777
2019-10-25 20:40:00,0.006094694
2019-10-25 20:50:00,0.0070140064
2019-10-25 21:00:00,0.006437391
2019-10-25 21:10:00,0.0074881613
2019-10-25 21:20:00,0.006002158
2019-10-25 21:30:00,0.007288307
2019-10-25 21:40:00,0.0062350333
2019-10-25 21:50:00,0.007868469
2019-10-25 22:00:00,0.0068553984
2019-10-25 22:10:00,0.0071905255
2019-10-25 22:20:00,0.006722331
2019-10-25 22:30:00,0.007121712
2019-10-25 22:40:00,0.006759584
2019-10-25 22:50:00,0.007055223
2019-10-25 23:00:00,0.00719893
2019-10-25 23:10:00,0.0074789226
2019-10-25 23:20:00,0.0066492558
2019-10-25 23:30:00,0.007096499
2019-10-25 23:40:00,0.0066570938
2019-10-25 23:50:00,0.00760749
2019-10-26 00:00:00,0.005817592
2019-10-26 00:10:00,0.007078409
2019-10-26 00:20:00,0.005270928
2019-10-26 00:30:00,0.007484585
2019-10-26 00:40:00,0.004989356
2019-10-26 00:50:00,0.0071560442
2019-10-26 01:00:00,0.004630655
2019-10-26 01:10:00,0.00718835
2019-10-26 01:20:00,0.0042773485
2019-10-26 01:30:00,0.0068534315
2019-10-26 01:40:00,0.0041737556
2019-10-26 01:50:00,0.00738129
2019-10-26 02:00:00,0.0049591064
2019-10-26 02:10:00,0.0072490275
2019-10-26 02:20:00,0.004824102
2019-10-26 02:30:00,0.007921368
2019-10-26 02:40:00,0.005800128
2019-10-26 02:50:00,0.0068791807
2019-10-26 03:00:00,0.0047621727
2019-10-26 03:10:00,0.007258326
2019-10-26 03:20:00,0.0054955184
2019-10-26 03:30:00,0.0070548058
2019-10-26 03:40:00,0.005458027
2019-10-26 03:50:00,0.008014917
2019-10-26 04:00:00,0.0062668324
2019-10-26 04:10:00,0.0067136586
2019-10-26 04:20:00,0.0052136183
2019-10-26 04:30:00,0.0075012445
2019-10-26 04:40:00,0.005910158
2019-10-26 04:50:00,0.0069374144
2019-10-26 05:00:00,0.005249828
2019-10-26 05:10:00,0.00773108
2019-10-26 05:20:00,0.0061811805
2019-10-26 05:30:00,0.007445991
2019-10-26 05:40:00,0.006035447
2019-10-26 05:50:00,0.008224636
2019-10-26 06:00:00,0.0067147613
2019-10-26 06:10:00,0.0075808167
2019-10-26 06:20:00,0.006166965
2019-10-26 06:30:00,0.008403242
2019-10-26 06:40:00,0.0071557164
2019-10-26 06:50:00,0.00760448
2019-10-26 07:00:00,0.0062286556
2019-10-26 07:10:00,0.008359104
2019-10-26 07:20:00,0.007909596
2019-10-26 07:30:00,0.007943302
2019-10-26 07:40:00,0.0070060194
2019-10-26 07:50:00,0.008601576
2019-10-26 08:00:00,0.008169025
2019-10-26 08:10:00,0.007626742
2019-10-26 08:20:00,0.006786853
2019-10-26 08:30:00,0.008736134
2019-10-26 08:40:00,0.008329928
2019-10-26 08:50:00,0.008394718
2019-10-26 09:00:00,0.0069565475
2019-10-26 09:10:00,0.008779019
2019-10-26 09:20:00,0.008749515
2019-10-26 09:30:00,0.008684576
2019-10-26 09:40:00,0.007439524
2019-10-26 09:50:00,0.00930801
2019-10-26 10:00:00,0.009570718
2019-10-26 10:10:00,0.00923273
2019-10-26 10:20:00,0.008351117
2019-10-26 10:30:00,0.010019451
2019-10-26 10:40:00,0.009750128
2019-10-26 10:50:00,0.009264946
2019-10-26 11:00:00,0.0068689585
2019-10-26 11:10:00,0.009446681
2019-10-26 11:20:00,0.008665353
2019-10-26 11:30:00,0.009293407
2019-10-26 11:40:00,0.0072665215
2019-10-26 11:50:00,0.009206533
2019-10-26 12:00:00,0.008536726
2019-10-26 12:10:00,0.008586496
2019-10-26 12:20:00,0.007531196
2019-10-26 12:30:00,0.00876528
2019-10-26 12:40:00,0.009004742
2019-10-26 12:50:00,0.008379757
2019-10-26 13:00:00,0.007932365
2019-10-26 13:10:00,0.009989381
2019-10-26 13:20:00,0.009439826
2019-10-26 13:30:00,0.008968502
2019-10-26 13:40:00,0.007870764
2019-10-26 13:50:00,0.01003626
2019-10-26 14:00:00,0.008930653
2019-10-26 14:10:00,0.00873062
2019-10-26 14:20:00,0.0073044
2019-10-26 14:30:00,0.0106007755
2019-10-26 14:40:00,0.008424163
2019-10-26 14:50:00,0.008759826
2019-10-26 15:00:00,0.008155316
2019-10-26 15:10:00,0.010044247
2019-10-26 15:20:00,0.009324312
2019-10-26 15:30:00,0.010217905
2019-10-26 15:40:00,0.008125097
2019-10-26 15:50:00,0.010817945
2019-10-26 16:00:00,0.010179639
2019-10-26 16:10:00,0.010766536
2019-10-26 16:20:00,0.008919567
2019-10-26 16:30:00,0.011256963
2019-10-26 16:40:00,0.0098961
2019-10-26 16:50:00,0.011236995
2019-10-26 17:00:00,0.009246379
2019-10-26 17:10:00,0.0111172795
2019-10-26 17:20:00,0.010780156
2019-10-26 17:30:00,0.010078728
2019-10-26 17:40:00,0.009674966
2019-10-26 17:50:00,0.009821236
2019-10-26 18:00:00,0.010540575
2019-10-26 18:10:00,0.009030879
2019-10-26 18:20:00,0.009612501
2019-10-26 18:30:00,0.009169221
2019-10-26 18:40:00,0.0107657015
2019-10-26 18:50:00,0.009703517
2019-10-26 19:00:00,0.009778559
2019-10-26 19:10:00,0.009846836
2019-10-26 19:20:00,0.011306852
2019-10-26 19:30:00,0.010352045
2019-10-26 19:40:00,0.009229571
2019-10-26 19:50:00,0.009782881
2019-10-26 20:00:00,0.010772884
2019-10-26 20:10:00,0.00989607
2019-10-26 20:20:00,0.008949369
2019-10-26 20:30:00,0.009475619
2019-10-26 20:40:00,0.010010749
2019-10-26 20:50:00,0.009032905
2019-10-26 21:00:00,0.009534895
2019-10-26 21:10:00,0.008728087
2019-10-26 21:20:00,0.010204852
2019-10-26 21:30:00,0.008567989
2019-10-26 21:40:00,0.008614123
2019-10-26 21:50:00,0.0071563125
2019-10-26 22:00:00,0.009462088
2019-10-26 22:10:00,0.0072149634
2019-10-26 22:20:00,0.009031087
2019-10-26 22:30:00,0.0061819553
2019-10-26 22:40:00,0.010327816
2019-10-26 22:50:00,0.0068271756
2019-10-26 23:00:00,0.009594917
2019-10-26 23:10:00,0.0066370964
2019-10-26 23:20:00,0.011652291
2019-10-26 23:30:00,0.007110566
2019-10-26 23:40:00,0.011269569
2019-10-26 23:50:00,0.0067090094
2019-10-27 00:00:00,0.012516439
2019-10-27 00:10:00,0.0071105957
2019-10-27 00:20:00,0.011208117
2019-10-27 00:30:00,0.006265104
2019-10-27 00:40:00,0.01214093
2019-10-27 00:50:00,0.006954074
2019-10-27 01:00:00,0.011449635
2019-10-27 01:10:00,0.006219983
2019-10-27 01:20:00,0.012306184
2019-10-27 01:30:00,0.0069107413
2019-10-27 01:40:00,0.0112531185
2019-10-27 01:50:00,0.0061511695
2019-10-27 02:00:00,0.012718856
2019-10-27 02:10:00,0.006869793
2019-10-27 02:20:00,0.012150198
2019-10-27 02:30:00,0.006379515
2019-10-27 02:40:00,0.013559312
2019-10-27 02:50:00,0.0071923137
2019-10-27 03:00:00,0.0118459165
2019-10-27 03:10:00,0.0056792796
2019-10-27 03:20:00,0.01301834
2019-10-27 03:30:00,0.006792903
2019-10-27 03:40:00,0.012514979
2019-10-27 03:50:00,0.0059560835
2019-10-27 04:00:00,0.014272839
2019-10-27 04:10:00,0.006960213
2019-10-27 04:20:00,0.013129592
2019-10-27 04:30:00,0.006077111
2019-10-27 04:40:00,0.014964104
2019-10-27 04:50:00,0.0071486533
2019-10-27 05:00:00,0.014174074
2019-10-27 05:10:00,0.0061875284
2019-10-27 05:20:00,0.01639998
2019-10-27 05:30:00,0.006964743
2019-10-27 05:40:00,0.015513331
2019-10-27 05:50:00,0.0065901875
2019-10-27 06:00:00,0.018030465
2019-10-27 06:10:00,0.007398814
2019-10-27 06:20:00,0.017336965
2019-10-27 06:30:00,0.006535679
2019-10-27 06:40:00,0.02003485
2019-10-27 06:50:00,0.006989509
2019-10-27 07:00:00,0.02008012
2019-10-27 07:10:00,0.006165743
2019-10-27 07:20:00,0.023234963
2019-10-27 07:30:00,0.0064475536
2019-10-27 07:40:00,0.023082644
2019-10-27 07:50:00,0.005601138
2019-10-27 08:00:00,0.025598317
2019-10-27 08:10:00,0.006866932
2019-10-27 08:20:00,0.02570641
2019-10-27 08:30:00,0.0063425004
2019-10-27 08:40:00,0.02748108
2019-10-27 08:50:00,0.0060756207
2019-10-27 09:00:00,0.025470406
2019-10-27 09:10:00,0.0056487024
2019-10-27 09:20:00,0.026297927
2019-10-27 09:30:00,0.0065077543
2019-10-27 09:40:00,0.022526056
2019-10-27 09:50:00,0.005430281
2019-10-27 10:00:00,0.023993641
2019-10-27 10:10:00,0.0062091947
2019-10-27 10:20:00,0.022689521
2019-10-27 10:30:00,0.0054649413
2019-10-27 10:40:00,0.023749083
2019-10-27 10:50:00,0.006323278
2019-10-27 11:00:00,0.023893595
2019-10-27 11:10:00,0.0051079094
2019-10-27 11:20:00,0.022663742
2019-10-27 11:30:00,0.0068948865
2019-10-27 11:40:00,0.022188663
2019-10-27 11:50:00,0.0054830313
2019-10-27 12:00:00,0.023311257
2019-10-27 12:10:00,0.006305009
2019-10-27 12:20:00,0.02212581
2019-10-27 12:30:00,0.0050563514
2019-10-27 12:40:00,0.023096025
2019-10-27 12:50:00,0.005975932
2019-10-27 13:00:00,0.022663027
2019-10-27 13:10:00,0.0053716004
2019-10-27 13:20:00,0.023436576
2019-10-27 13:30:00,0.006287843
2019-10-27 13:40:00,0.023508966
2019-10-27 13:50:00,0.005138427
2019-10-27 14:00:00,0.021822512
2019-10-27 14:10:00,0.0054986775
2019-10-27 14:20:00,0.020950824
2019-10-27 14:30:00,0.004555315
2019-10-27 14:40:00,0.019337267
2019-10-27 14:50:00,0.0055277348
2019-10-27 15:00:00,0.019527018
2019-10-27 15:10:00,0.004695028
2019-10-27 15:20:00,0.019984871
2019-10-27 15:30:00,0.0054168105
2019-10-27 15:40:00,0.019566387
2019-10-27 15:50:00,0.0045663416
2019-10-27 16:00:00,0.01992324
2019-10-27 16:10:00,0.005343616
2019-10-27 16:20:00,0.01909411
2019-10-27 16:30:00,0.0047840476
2019-10-27 16:40:00,0.019620866
2019-10-27 16:50:00,0.005498737
2019-10-27 17:00:00,0.018165857
2019-10-27 17:10:00,0.0045098364
2019-10-27 17:20:00,0.017979503
2019-10-27 17:30:00,0.0050184727
2019-10-27 17:40:00,0.017727911
2019-10-27 17:50:00,0.0044335425
2019-10-27 18:00:00,0.017971635
2019-10-27 18:10:00,0.0055086613
2019-10-27 18:20:00,0.01933983
2019-10-27 18:30:00,0.004860401
2019-10-27 18:40:00,0.018882096
2019-10-27 18:50:00,0.0056280494
2019-10-27 19:00:00,0.019833684
2019-10-27 19:10:00,0.0048265457
2019-10-27 19:20:00,0.01975292
2019-10-27 19:30:00,0.005819738
2019-10-27 19:40:00,0.020006627
2019-10-27 19:50:00,0.004852414
2019-10-27 20:00:00,0.019676745
2019-10-27 20:10:00,0.006158352
2019-10-27 20:20:00,0.020059258
2019-10-27 20:30:00,0.0051904917
2019-10-27 20:40:00,0.020869702
2019-10-27 20:50:00,0.006348133
2019-10-27 21:00:00,0.021574318
2019-10-27 21:10:00,0.005706042
2019-10-27 21:20:00,0.022054344
2019-10-27 21:30:00,0.0069122612
2019-10-27 21:40:00,0.020482004
2019-10-27 21:50:00,0.006223887
2019-10-27 22:00:00,0.020302832
2019-10-27 22:10:00,0.0074282587
2019-10-27 22:20:00,0.02257827
2019-10-27 22:30:00,0.00676021
2019-10-27 22:40:00,0.021248013
2019-10-27 22:50:00,0.007952601
2019-10-27 23:00:00,0.021903694
2019-10-27 23:10:00,0.007447213
2019-10-27 23:20:00,0.021454006
2019-10-27 23:30:00,0.008619815
2019-10-27 23:40:00,0.019794703
2019-10-27 23:50:00,0.007032037
2019-10-28 00:00:00,0.018824726
2019-10-28 00:10:00,0.007773638
2019-10-28 00:20:00,0.015910536
2019-10-28 00:30:00,0.0066580176
2019-10-28 00:40:00,0.016411096
2019-10-28 00:50:00,0.0074938536
2019-10-28 01:00:00,0.01661411
2019-10-28 01:10:00,0.0074677765
2019-10-28 01:20:00,0.016676307
2019-10-28 01:30:00,0.009345084
2019-10-28 01:40:00,0.017340988
2019-10-28 01:50:00,0.008783668
2019-10-28 02:00:00,0.017873406
2019-10-28 02:10:00,0.008787185
2019-10-28 02:20:00,0.016993582
2019-10-28 02:30:00,0.008632034
2019-10-28 02:40:00,0.017454892
2019-10-28 02:50:00,0.009663761
2019-10-28 03:00:00,0.017170072
2019-10-28 03:10:00,0.009023219
2019-10-28 03:20:00,0.017435133
2019-10-28 03:30:00,0.009974867
2019-10-28 03:40:00,0.01794377
2019-10-28 03:50:00,0.009117186
2019-10-28 04:00:00,0.017321318
2019-10-28 04:10:00,0.010524213
2019-10-28 04:20:00,0.018948615
2019-10-28 04:30:00,0.010740727
2019-10-28 04:40:00,0.019060552
2019-10-28 04:50:00,0.011527836
2019-10-28 05:00:00,0.019567102
2019-10-28 05:10:00,0.010885149
2019-10-28 05:20:00,0.019734263
2019-10-28 05:30:00,0.011685878
2019-10-28 05:40:00,0.019071579
2019-10-28 05:50:00,0.011280566
2019-10-28 06:00:00,0.01913184
2019-10-28 06:10:00,0.012581378
2019-10-28 06:20:00,0.019552618
2019-10-28 06:30:00,0.012822866
2019-10-28 06:40:00,0.01989445
2019-10-28 06:50:00,0.013532937
2019-10-28 07:00:00,0.01974392
2019-10-28 07:10:00,0.012621969
2019-10-28 07:20:00,0.02024132
2019-10-28 07:30:00,0.013637811
2019-10-28 07:40:00,0.019786596
2019-10-28 07:50:00,0.013094783
2019-10-28 08:00:00,0.019952506
2019-10-28 08:10:00,0.01285243
2019-10-28 08:20:00,0.019454986
2019-10-28 08:30:00,0.011529714
2019-10-28 08:40:00,0.0196926
2019-10-28 08:50:00,0.01249823
2019-10-28 09:00:00,0.018684
2019-10-28 09:10:00,0.011183232
2019-10-28 09:20:00,0.017882615
2019-10-28 09:30:00,0.010578483
2019-10-28 09:40:00,0.014774412
2019-10-28 09:50:00,0.009203255
2019-10-28 10:00:00,0.013678461
2019-10-28 10:10:00,0.008693725
2019-10-28 10:20:00,0.011926323
2019-10-28 10:30:00,0.007594645
2019-10-28 10:40:00,0.011213899
2019-10-28 10:50:00,0.0075516105
2019-10-28 11:00:00,0.010618657
2019-10-28 11:10:00,0.007628441
2019-10-28 11:20:00,0.011319786
2019-10-28 11:30:00,0.008268863
2019-10-28 11:40:00,0.0117127
2019-10-28 11:50:00,0.008050501
2019-10-28 12:00:00,0.011718005
2019-10-28 12:10:00,0.0086582005
2019-10-28 12:20:00,0.0114175975
2019-10-28 12:30:00,0.008498609
2019-10-28 12:40:00,0.011095732
2019-10-28 12:50:00,0.008650631
2019-10-28 13:00:00,0.01087904
2019-10-28 13:10:00,0.008459419
2019-10-28 13:20:00,0.011414111
2019-10-28 13:30:00,0.008938402
2019-10-28 13:40:00,0.010538667
2019-10-28 13:50:00,0.008703202
2019-10-28 14:00:00,0.010699421
2019-10-28 14:10:00,0.009506673
2019-10-28 14:20:00,0.010346413
2019-10-28 14:30:00,0.009147167
2019-10-28 14:40:00,0.01045984
2019-10-28 14:50:00,0.009323895
2019-10-28 15:00:00,0.009920329
2019-10-28 15:10:00,0.0096722245
2019-10-28 15:20:00,0.01009649
2019-10-28 15:30:00,0.009933174
2019-10-28 15:40:00,0.009215534
2019-10-28 15:50:00,0.0092149675
2019-10-28 16:00:00,0.00911504
2019-10-28 16:10:00,0.009580523
2019-10-28 16:20:00,0.008785903
2019-10-28 16:30:00,0.009089142
2019-10-28 16:40:00,0.00873512
2019-10-28 16:50:00,0.00943163
2019-10-28 17:00:00,0.009138286
2019-10-28 17:10:00,0.009358674
2019-10-28 17:20:00,0.009282857
2019-10-28 17:30:00,0.009052306
2019-10-28 17:40:00,0.008292198
2019-10-28 17:50:00,0.008664072
2019-10-28 18:00:00,0.008315504
2019-10-28 18:10:00,0.008466691
2019-10-28 18:20:00,0.008338213
2019-10-28 18:30:00,0.009384602
2019-10-28 18:40:00,0.008496791
2019-10-28 18:50:00,0.0093027055
2019-10-28 19:00:00,0.008204609
2019-10-28 19:10:00,0.009411603
2019-10-28 19:20:00,0.008513033
2019-10-28 19:30:00,0.0092411935
2019-10-28 19:40:00,0.008152932
2019-10-28 19:50:00,0.009679347
2019-10-28 20:00:00,0.008043408
2019-10-28 20:10:00,0.008901089
2019-10-28 20:20:00,0.007617533
2019-10-28 20:30:00,0.009141147
2019-10-28 20:40:00,0.008010656
2019-10-28 20:50:00,0.009074241
2019-10-28 21:00:00,0.007356584
2019-10-28 21:10:00,0.009223759
2019-10-28 21:20:00,0.0075773597
2019-10-28 21:30:00,0.0093434155
2019-10-28 21:40:00,0.008108199
2019-10-28 21:50:00,0.010025591
2019-10-28 22:00:00,0.009260625
2019-10-28 22:10:00,0.010151684
2019-10-28 22:20:00,0.009430438
2019-10-28 22:30:00,0.011299938
2019-10-28 22:40:00,0.010089725
2019-10-28 22:50:00,0.011129081
2019-10-28 23:00:00,0.0094255805
2019-10-28 23:10:00,0.011361182
2019-10-28 23:20:00,0.009158969
2019-10-28 23:30:00,0.011150986
2019-10-28 23:40:00,0.01032728
2019-10-28 23:50:00,0.012616754
2019-10-29 00:00:00,0.010794401
2019-10-29 00:10:00,0.012708992
2019-10-29 00:20:00,0.01138249
2019-10-29 00:30:00,0.014300346
2019-10-29 00:40:00,0.012180358
2019-10-29 00:50:00,0.013976961
2019-10-29 01:00:00,0.012784243
2019-10-29 01:10:00,0.015558898
2019-10-29 01:20:00,0.013705879
2019-10-29 01:30:00,0.01492697
2019-10-29 01:40:00,0.01326707
2019-10-29 01:50:00,0.01587379
2019-10-29 02:00:00,0.013844222
2019-10-29 02:10:00,0.015233487
2019-10-29 02:20:00,0.013178289
2019-10-29 02:30:00,0.016313761
2019-10-29 02:40:00,0.012846559
2019-10-29 02:50:00,0.015590608
2019-10-29 03:00:00,0.0134219825
2019-10-29 03:10:00,0.01785618
2019-10-29 03:20:00,0.014062822
2019-10-29 03:30:00,0.018079787
2019-10-29 03:40:00,0.013983965
2019-10-29 03:50:00,0.019309819
2019-10-29 04:00:00,0.014844686
2019-10-29 04:10:00,0.018157303
2019-10-29 04:20:00,0.01538834
2019-10-29 04:30:00,0.019346416
2019-10-29 04:40:00,0.015805453
2019-10-29 04:50:00,0.01902625
2019-10-29 05:00:00,0.015167087
2019-10-29 05:10:00,0.022113144
2019-10-29 05:20:00,0.01609829
2019-10-29 05:30:00,0.020878226
2019-10-29 05:40:00,0.0155195
2019-10-29 05:50:00,0.023229688
2019-10-29 06:00:00,0.016907156
2019-10-29 06:10:00,0.022835404
2019-10-29 06:20:00,0.018108219
2019-10-29 06:30:00,0.026858956
2019-10-29 06:40:00,0.019731313
2019-10-29 06:50:00,0.027374685
2019-10-29 07:00:00,0.021620244
2019-10-29 07:10:00,0.030327827
2019-10-29 07:20:00,0.023766905
2019-10-29 07:30:00,0.03057906
2019-10-29 07:40:00,0.024758339
2019-10-29 07:50:00,0.033996046
2019-10-29 08:00:00,0.026170641
2019-10-29 08:10:00,0.035325825
2019-10-29 08:20:00,0.027727723
2019-10-29 08:30:00,0.04419449
2019-10-29 08:40:00,0.030388087
2019-10-29 08:50:00,0.043218195
2019-10-29 09:00:00,0.029474914
2019-10-29 09:10:00,0.049843103
2019-10-29 09:20:00,0.033025324
2019-10-29 09:30:00,0.04859981
2019-10-29 09:40:00,0.034721613
2019-10-29 09:50:00,0.055155963
2019-10-29 10:00:00,0.03676939
2019-10-29 10:10:00,0.054855496
2019-10-29 10:20:00,0.037259787
2019-10-29 10:30:00,0.06442037
2019-10-29 10:40:00,0.041374743
2019-10-29 10:50:00,0.06064108
2019-10-29 11:00:00,0.043680012
2019-10-29 11:10:00,0.07097879
2019-10-29 11:20:00,0.04506424
2019-10-29 11:30:00,0.07288653
2019-10-29 11:40:00,0.048025727
2019-10-29 11:50:00,0.07999769
2019-10-29 12:00:00,0.044232458
2019-10-29 12:10:00,0.07501575
2019-10-29 12:20:00,0.046470553
2019-10-29 12:30:00,0.089281976
2019-10-29 12:40:00,0.045601934
2019-10-29 12:50:00,0.09409663
2019-10-29 13:00:00,0.050809205
2019-10-29 13:10:00,0.10474217
2019-10-29 13:20:00,0.04943624
2019-10-29 13:30:00,0.09751558
2019-10-29 13:40:00,0.053053647
2019-10-29 13:50:00,0.10528824
2019-10-29 14:00:00,0.052030355
2019-10-29 14:10:00,0.09986645
2019-10-29 14:20:00,0.056468785
2019-10-29 14:30:00,0.11920267
2019-10-29 14:40:00,0.056656152
2019-10-29 14:50:00,0.10880211
2019-10-29 15:00:00,0.05940357
2019-10-29 15:10:00,0.12055993
2019-10-29 15:20:00,0.0597668
2019-10-29 15:30:00,0.12519246
2019-10-29 15:40:00,0.07006273
2019-10-29 15:50:00,0.14739805
2019-10-29 16:00:00,0.074316084
2019-10-29 16:10:00,0.14956906
2019-10-29 16:20:00,0.091649055
2019-10-29 16:30:00,0.17591462
2019-10-29 16:40:00,0.08927658
2019-10-29 16:50:00,0.1794469
2019-10-29 17:00:00,0.108965695
2019-10-29 17:10:00,0.20059273
2019-10-29 17:20:00,0.12676528
2019-10-29 17:30:00,0.21051547
2019-10-29 17:40:00,0.13961342
2019-10-29 17:50:00,0.2519024
2019-10-29 18:00:00,0.14014596
2019-10-29 18:10:00,0.23943788
2019-10-29 18:20:00,0.15002301
2019-10-29 18:30:00,0.24898556
2019-10-29 18:40:00,0.14464128
2019-10-29 18:50:00,0.24993324
2019-10-29 19:00:00,0.16011563
2019-10-29 19:10:00,0.26531017
2019-10-29 19:20:00,0.16186419
2019-10-29 19:30:00,0.26121315
2019-10-29 19:40:00,0.17090851
2019-10-29 19:50:00,0.27806023
2019-10-29 20:00:00,0.1718359
2019-10-29 20:10:00,0.27629519
2019-10-29 20:20:00,0.18614003
2019-10-29 20:30:00,0.3004971
2019-10-29 20:40:00,0.1884349
2019-10-29 20:50:00,0.30317408
2019-10-29 21:00:00,0.20861527
2019-10-29 21:10:00,0.32991892
2019-10-29 21:20:00,0.20809928
2019-10-29 21:30:00,0.32528695
2019-10-29 21:40:00,0.22565281
2019-10-29 21:50:00,0.3384938
2019-10-29 22:00:00,0.22283986
2019-10-29 22:10:00,0.33566096
2019-10-29 22:20:00,0.23407686
2019-10-29 22:30:00,0.3503936
2019-10-29 22:40:00,0.23851377
2019-10-29 22:50:00,0.35658646
2019-10-29 23:00:00,0.25535408
2019-10-29 23:10:00,0.3721096
2019-10-29 23:20:00,0.26235735
2019-10-29 23:30:00,0.36493918
2019-10-29 23:40:00,0.25512832
2019-10-29 23:50:00,0.38015658
2019-10-30 00:00:00,0.29915363
2019-10-30 00:10:00,0.41434065
2019-10-30 00:20:00,0.31936902
2019-10-30 00:30:00,0.43231648
2019-10-30 00:40:00,0.31747213
2019-10-30 00:50:00,0.44006827
2019-10-30 01:00:00,0.33371225
2019-10-30 01:10:00,0.45485264
2019-10-30 01:20:00,0.33988792
2019-10-30 01:30:00,0.46495658
2019-10-30 01:40:00,0.35118258
2019-10-30 01:50:00,0.47978824
2019-10-30 02:00:00,0.35332906
2019-10-30 02:10:00,0.48158023
2019-10-30 02:20:00,0.3694197
2019-10-30 02:30:00,0.5014345
2019-10-30 02:40:00,0.380145
2019-10-30 02:50:00,0.5123243
2019-10-30 03:00:00,0.40222132
2019-10-30 03:10:00,0.5233632
2019-10-30 03:20:00,0.39678392
2019-10-30 03:30:00,0.48190075
2019-10-30 03:40:00,0.4149064
2019-10-30 03:50:00,0.5057365
2019-10-30 04:00:00,0.39531305
2019-10-30 04:10:00,0.48326546
2019-10-30 04:20:00,0.3781796
2019-10-30 04:30:00,0.4760669
2019-10-30 04:40:00,0.36116487
2019-10-30 04:50:00,0.42933607
2019-10-30 05:00:00,0.31228197
2019-10-30 05:10:00,0.42610633
2019-10-30 05:20:00,0.29814947
2019-10-30 05:30:00,0.3943531
2019-10-30 05:40:00,0.29191667
2019-10-30 05:50:00,0.409536
2019-10-30 06:00:00,0.2976571
2019-10-30 06:10:00,0.3878069
2019-10-30 06:20:00,0.303139
2019-10-30 06:30:00,0.4028093
2019-10-30 06:40:00,0.306558
2019-10-30 06:50:00,0.37122697
2019-10-30 07:00:00,0.3024218
2019-10-30 07:10:00,0.38846588
2019-10-30 07:20:00,0.29660478
2019-10-30 07:30:00,0.36196843
2019-10-30 07:40:00,0.2998273
2019-10-30 07:50:00,0.39502096
2019-10-30 08:00:00,0.3087023
2019-10-30 08:10:00,0.35732335
2019-10-30 08:20:00,0.29472116
2019-10-30 08:30:00,0.37860858
2019-10-30 08:40:00,0.25440317
2019-10-30 08:50:00,0.32631156
2019-10-30 09:00:00,0.25476223
2019-10-30 09:10:00,0.34599465
2019-10-30 09:20:00,0.23050424
2019-10-30 09:30:00,0.30532324
2019-10-30 09:40:00,0.23583311
2019-10-30 09:50:00,0.33757687
2019-10-30 10:00:00,0.22829854
2019-10-30 10:10:00,0.29403257
2019-10-30 10:20:00,0.22305158
2019-10-30 10:30:00,0.30534512
2019-10-30 10:40:00,0.20321766
2019-10-30 10:50:00,0.28263903
2019-10-30 11:00:00,0.21685886
2019-10-30 11:10:00,0.30712128
2019-10-30 11:20:00,0.20640168
2019-10-30 11:30:00,0.28617346
2019-10-30 11:40:00,0.22157025
2019-10-30 11:50:00,0.29645854
2019-10-30 12:00:00,0.19375995
2019-10-30 12:10:00,0.25409174
2019-10-30 12:20:00,0.21283907
2019-10-30 12:30:00,0.26722386
2019-10-30 12:40:00,0.19231096
2019-10-30 12:50:00,0.21879333
2019-10-30 13:00:00,0.16202343
2019-10-30 13:10:00,0.2378883
2019-10-30 13:20:00,0.1583992
2019-10-30 13:30:00,0.20603597
2019-10-30 13:40:00,0.1297751
2019-10-30 13:50:00,0.19616604
2019-10-30 14:00:00,0.14296466
2019-10-30 14:10:00,0.20140088
2019-10-30 14:20:00,0.1464122
2019-10-30 14:30:00,0.22547549
2019-10-30 14:40:00,0.13894582
2019-10-30 14:50:00,0.18929034
2019-10-30 15:00:00,0.13794056
2019-10-30 15:10:00,0.20654702
2019-10-30 15:20:00,0.13093168
2019-10-30 15:30:00,0.17112023
2019-10-30 15:40:00,0.13002175
2019-10-30 15:50:00,0.189248
2019-10-30 16:00:00,0.1292342
2019-10-30 16:10:00,0.16324845
2019-10-30 16:20:00,0.1308161
2019-10-30 16:30:00,0.1850459
2019-10-30 16:40:00,0.11517149
2019-10-30 16:50:00,0.15166119
2019-10-30 17:00:00,0.11915785
2019-10-30 17:10:00,0.17163658
2019-10-30 17:20:00,0.10981408
2019-10-30 17:30:00,0.14113334
2019-10-30 17:40:00,0.109709114
2019-10-30 17:50:00,0.16041961
2019-10-30 18:00:00,0.10070342
2019-10-30 18:10:00,0.1273078
2019-10-30 18:20:00,0.08866626
2019-10-30 18:30:00,0.14689162
2019-10-30 18:40:00,0.08493993
2019-10-30 18:50:00,0.115211815
2019-10-30 19:00:00,0.090542465
2019-10-30 19:10:00,0.13496208
2019-10-30 19:20:00,0.09194967
2019-10-30 19:30:00,0.11021191
2019-10-30 19:40:00,0.09111148
2019-10-30 19:50:00,0.1336335
2019-10-30 20:00:00,0.086785555
2019-10-30 20:10:00,0.11082208
2019-10-30 20:20:00,0.08397594
2019-10-30 20:30:00,0.12852901
2019-10-30 20:40:00,0.07685262
2019-10-30 20:50:00,0.09863973
2019-10-30 21:00:00,0.08179107
2019-10-30 21:10:00,0.12800148
2019-10-30 21:20:00,0.072689235
2019-10-30 21:30:00,0.10416466
2019-10-30 21:40:00,0.07834521
2019-10-30 21:50:00,0.12647584
2019-10-30 22:00:00,0.06906462
2019-10-30 22:10:00,0.09471786
2019-10-30 22:20:00,0.066352695
2019-10-30 22:30:00,0.11867964
2019-10-30 22:40:00,0.065348774
2019-10-30 22:50:00,0.09569827
2019-10-30 23:00:00,0.07104233
2019-10-30 23:10:00,0.1205661
2019-10-30 23:20:00,0.06614086
2019-10-30 23:30:00,0.08513659
2019-10-30 23:40:00,0.061503112
2019-10-30 23:50:00,0.10311967
2019-10-31 00:00:00,0.056263328
2019-10-31 00:10:00,0.07238209
2019-10-31 00:20:00,0.05364448
2019-10-31 00:30:00,0.09103218
2019-10-31 00:40:00,0.050230175
2019-10-31 00:50:00,0.06649953
2019-10-31 01:00:00,0.04704994
2019-10-31 01:10:00,0.08419323
2019-10-31 01:20:00,0.044947714
2019-10-31 01:30:00,0.061246157
2019-10-31 01:40:00,0.042470217
2019-10-31 01:50:00,0.07965422
2019-10-31 02:00:00,0.040334076
2019-10-31 02:10:00,0.05826825
2019-10-31 02:20:00,0.03820449
2019-10-31 02:30:00,0.0746811
2019-10-31 02:40:00,0.036052972
2019-10-31 02:50:00,0.051115096
2019-10-31 03:00:00,0.03218344
2019-10-31 03:10:00,0.060513645
2019-10-31 03:20:00,0.030797362
2019-10-31 03:30:00,0.043738246
2019-10-31 03:40:00,0.03018117
2019-10-31 03:50:00,0.055430353
2019-10-31 04:00:00,0.029930115
2019-10-31 04:10:00,0.040995747
2019-10-31 04:20:00,0.029258043
2019-10-31 04:30:00,0.054854095
2019-10-31 04:40:00,0.027947277
2019-10-31 04:50:00,0.040404677
2019-10-31 05:00:00,0.028905839
2019-10-31 05:10:00,0.053777397
2019-10-31 05:20:00,0.028067261
2019-10-31 05:30:00,0.038339853
2019-10-31 05:40:00,0.027803391
2019-10-31 05:50:00,0.049763948
2019-10-31 06:00:00,0.025438309
2019-10-31 06:10:00,0.03575471
2019-10-31 06:20:00,0.024151117
2019-10-31 06:30:00,0.046584427
2019-10-31 06:40:00,0.023877442
2019-10-31 06:50:00,0.035677165
2019-10-31 07:00:00,0.022616118
2019-10-31 07:10:00,0.045693845
2019-10-31 07:20:00,0.021399528
2019-10-31 07:30:00,0.03529498
2019-10-31 07:40:00,0.020552129
2019-10-31 07:50:00,0.04805222
2019-10-31 08:00:00,0.019799858
2019-10-31 08:10:00,0.0363836
2019-10-31 08:20:00,0.020195633
2019-10-31 08:30:00,0.041469067
2019-10-31 08:40:00,0.018818855
2019-10-31 08:50:00,0.031336218
2019-10-31 09:00:00,0.01868248
2019-10-31 09:10:00,0.037417978
2019-10-31 09:20:00,0.018504143
2019-10-31 09:30:00,0.029033303
2019-10-31 09:40:00,0.018075198
2019-10-31 09:50:00,0.03566149
2019-10-31 10:00:00,0.017053634
2019-10-31 10:10:00,0.028949946
2019-10-31 10:20:00,0.01675862
2019-10-31 10:30:00,0.031159967
2019-10-31 10:40:00,0.013706446
2019-10-31 10:50:00,0.02502063
2019-10-31 11:00:00,0.014192075
2019-10-31 11:10:00,0.029987335
2019-10-31 11:20:00,0.012874544
2019-10-31 11:30:00,0.02491349
2019-10-31 11:40:00,0.0136734545
2019-10-31 11:50:00,0.030949563
2019-10-31 12:00:00,0.013886631
2019-10-31 12:10:00,0.027472615
2019-10-31 12:20:00,0.015909165
2019-10-31 12:30:00,0.024738848
2019-10-31 12:40:00,0.012021393
2019-10-31 12:50:00,0.026140869
2019-10-31 13:00:00,0.015738964
2019-10-31 13:10:00,0.026474893
2019-10-31 13:20:00,0.013074189
2019-10-31 13:30:00,0.024567336
2019-10-31 13:40:00,0.01344499
2019-10-31 13:50:00,0.023972958
2019-10-31 14:00:00,0.011141598
2019-10-31 14:10:00,0.021128565
2019-10-31 14:20:00,0.010923415
2019-10-31 14:30:00,0.019580811
2019-10-31 14:40:00,0.009347528
2019-10-31 14:50:00,0.01824674
2019-10-31 15:00:00,0.010664314
2019-10-31 15:10:00,0.020028591
2019-10-31 15:20:00,0.010243386
2019-10-31 15:30:00,0.019007325
2019-10-31 15:40:00,0.010793239
2019-10-31 15:50:00,0.019886196
2019-10-31 16:00:00,0.011884332
2019-10-31 16:10:00,0.020953566
2019-10-31 16:20:00,0.012601346
2019-10-31 16:30:00,0.020179957
2019-10-31 16:40:00,0.010422021
2019-10-31 16:50:00,0.019718945
2019-10-31 17:00:00,0.011650473
2019-10-31 17:10:00,0.019470572
2019-10-31 17:20:00,0.010666728
2019-10-31 17:30:00,0.018483311
2019-10-31 17:40:00,0.010661691
2019-10-31 17:50:00,0.01825285
2019-10-31 18:00:00,0.010111988
2019-10-31 18:10:00,0.01656586
2019-10-31 18:20:00,0.010394931
2019-10-31 18:30:00,0.015243202
2019-10-31 18:40:00,0.009321153
2019-10-31 18:50:00,0.01560083
2019-10-31 19:00:00,0.010245532
2019-10-31 19:10:00,0.014709324
2019-10-31 19:20:00,0.00815472
2019-10-31 19:30:00,0.014482558
2019-10-31 19:40:00,0.0090991855
2019-10-31 19:50:00,0.014382482
2019-10-31 20:00:00,0.008204758
2019-10-31 20:10:00,0.013975978
2019-10-31 20:20:00,0.008500516
2019-10-31 20:30:00,0.012937814
2019-10-31 20:40:00,0.007292688
2019-10-31 20:50:00,0.01257053
2019-10-31 21:00:00,0.007683605
2019-10-31 21:10:00,0.012596458
2019-10-31 21:20:00,0.007142931
2019-10-31 21:30:00,0.0129491985
2019-10-31 21:40:00,0.007119
2019-10-31 21:50:00,0.012913853
2019-10-31 22:00:00,0.0066134036
2019-10-31 22:10:00,0.012064934
2019-10-31 22:20:00,0.0063819885
2019-10-31 22:30:00,0.012640595
2019-10-31 22:40:00,0.0052998066
2019-10-31 22:50:00,0.01323238
2019-10-31 23:00:00,0.0060946345
2019-10-31 23:10:00,0.01202473
2019-10-31 23:20:00,0.0054407716
2019-10-31 23:30:00,0.01256755
2019-10-31 23:40:00,0.0059301853
2019-10-31 23:50:00,0.011571765
2019-11-01 00:00:00,0.0054074824
2019-11-01 00:10:00,0.011953622
2019-11-01 00:20:00,0.0059313476
2019-11-01 00:30:00,0.010839403
2019-11-01 00:40:00,0.0056293607
2019-11-01 00:50:00,0.011696219
2019-11-01 01:00:00,0.0062887967
2019-11-01 01:10:00,0.011307836
2019-11-01 01:20:00,0.0058118403
2019-11-01 01:30:00,0.012248278
2019-11-01 01:40:00,0.005529076
2019-11-01 01:50:00,0.010546595
2019-11-01 02:00:00,0.004940182
2019-11-01 02:10:00,0.010313511
2019-11-01 02:20:00,0.004518956
2019-11-01 02:30:00,0.009567648
2019-11-01 02:40:00,0.0041624606
2019-11-01 02:50:00,0.011091888
2019-11-01 03:00:00,0.005073577
2019-11-01 03:10:00,0.010278195
2019-11-01 03:20:00,0.0045040846
2019-11-01 03:30:00,0.010844231
2019-11-01 03:40:00,0.0047362447
2019-11-01 03:50:00,0.009066492
2019-11-01 04:00:00,0.004199177
2019-11-01 04:10:00,0.010470629
2019-11-01 04:20:00,0.004496038
2019-11-01 04:30:00,0.009340256
2019-11-01 04:40:00,0.004051
2019-11-01 04:50:00,0.010047555
2019-11-01 05:00:00,0.004192978
2019-11-01 05:10:00,0.008385509
2019-11-01 05:20:00,0.0036521256
2019-11-01 05:30:00,0.009843081
2019-11-01 05:40:00,0.0039040148
2019-11-01 05:50:00,0.0081397295
2019-11-01 06:00:00,0.0032508671
2019-11-01 06:10:00,0.008975297
2019-11-01 06:20:00,0.003696978
2019-11-01 06:30:00,0.007821292
2019-11-01 06:40:00,0.0032769144
2019-11-01 06:50:00,0.00940299
2019-11-01 07:00:00,0.0038687289
2019-11-01 07:10:00,0.0085195005
2019-11-01 07:20:00,0.0033878684
2019-11-01 07:30:00,0.0095000565
2019-11-01 07:40:00,0.0036684275
2019-11-01 07:50:00,0.0076975822
2019-11-01 08:00:00,0.0032936633
2019-11-01 08:10:00,0.0079809725
2019-11-01 08:20:00,0.0031561852
2019-11-01 08:30:00,0.005734265
2019-11-01 08:40:00,0.0027914345
2019-11-01 08:50:00,0.00600785
2019-11-01 09:00:00,0.0031207502
2019-11-01 09:10:00,0.0053193867
2019-11-01 09:20:00,0.0029338598
2019-11-01 09:30:00,0.006190777
2019-11-01 09:40:00,0.0035342276
2019-11-01 09:50:00,0.005963266
2019-11-01 10:00:00,0.0031186938
2019-11-01 10:10:00,0.0070468485
2019-11-01 10:20:00,0.0033377707
2019-11-01 10:30:00,0.0061079264
2019-11-01 10:40:00,0.0029388964
2019-11-01 10:50:00,0.0066349804
2019-11-01 11:00:00,0.0034855008
2019-11-01 11:10:00,0.0061335266
2019-11-01 11:20:00,0.0033266842
2019-11-01 11:30:00,0.0067976117
2019-11-01 11:40:00,0.003416568
2019-11-01 11:50:00,0.0061022937
2019-11-01 12:00:00,0.0029767752
2019-11-01 12:10:00,0.0065605342
2019-11-01 12:20:00,0.0036632419
2019-11-01 12:30:00,0.00620234
2019-11-01 12:40:00,0.0034400225
2019-11-01 12:50:00,0.006604165
2019-11-01 13:00:00,0.003714949
2019-11-01 13:10:00,0.005992919
2019-11-01 13:20:00,0.0033049881
2019-11-01 13:30:00,0.0063681006
2019-11-01 13:40:00,0.0036619902
2019-11-01 13:50:00,0.005850345
2019-11-01 14:00:00,0.003338486
2019-11-01 14:10:00,0.0061289966
2019-11-01 14:20:00,0.0037427843
2019-11-01 14:30:00,0.0057471693
2019-11-01 14:40:00,0.0035924315
2019-11-01 14:50:00,0.006240338
2019-11-01 15:00:00,0.004121393
2019-11-01 15:10:00,0.0057868958
2019-11-01 15:20:00,0.0040843785
2019-11-01 15:30:00,0.0062651634
2019-11-01 15:40:00,0.004512787
2019-11-01 15:50:00,0.0057986975
2019-11-01 16:00:00,0.00402683
2019-11-01 16:10:00,0.0064004064
2019-11-01 16:20:00,0.004329145
2019-11-01 16:30:00,0.006272644
2019-11-01 16:40:00,0.0042836964
2019-11-01 16:50:00,0.0070150495
2019-11-01 17:00:00,0.004963845
2019-11-01 17:10:00,0.0072086453
2019-11-01 17:20:00,0.0049988925
2019-11-01 17:30:00,0.007320881
2019-11-01 17:40:00,0.005117327
2019-11-01 17:50:00,0.0072111785
2019-11-01 18:00:00,0.0050888658
2019-11-01 18:10:00,0.007587999
2019-11-01 18:20:00,0.0058945715
2019-11-01 18:30:00,0.008343875
2019-11-01 18:40:00,0.0063553452
2019-11-01 18:50:00,0.009219676
2019-11-01 19:00:00,0.0071258247
2019-11-01 19:10:00,0.009172648
2019-11-01 19:20:00,0.0067915022
2019-11-01 19:30:00,0.009280086
2019-11-01 19:40:00,0.007560134
2019-11-01 19:50:00,0.009362876
2019-11-01 20:00:00,0.006801009
2019-11-01 20:10:00,0.008989692
2019-11-01 20:20:00,0.007824808
2019-11-01 20:30:00,0.009106666
2019-11-01 20:40:00,0.007760346
2019-11-01 20:50:00,0.009348422
2019-11-01 21:00:00,0.008974522
2019-11-01 21:10:00,0.009381056
2019-11-01 21:20:00,0.008144081
2019-11-01 21:30:00,0.00810799
2019-11-01 21:40:00,0.008764833
2019-11-01 21:50:00,0.007154882
2019-11-01 22:00:00,0.007832676
2019-11-01 22:10:00,0.0068820417
2019-11-01 22:20:00,0.008576483
2019-11-01 22:30:00,0.0065274835
2019-11-01 22:40:00,0.008419663
2019-11-01 22:50:00,0.0071442723
2019-11-01 23:00:00,0.009339839
2019-11-01 23:10:00,0.006825298
2019-11-01 23:20:00,0.008587599
2019-11-01 23:30:00,0.0067878366
2019-11-01 23:40:00,0.009439439
2019-11-01 23:50:00,0.0064627826
2019-11-02 00:00:00,0.008890212
2019-11-02 00:10:00,0.006775856
2019-11-02 00:20:00,0.009933233
2019-11-02 00:30:00,0.006957799
2019-11-02 00:40:00,0.009247035
2019-11-02 00:50:00,0.007018566
2019-11-02 01:00:00,0.010170728
2019-11-02 01:10:00,0.0072206557
2019-11-02 01:20:00,0.009914994
2019-11-02 01:30:00,0.0071248114
2019-11-02 01:40:00,0.010956168
2019-11-02 01:50:00,0.006896436
2019-11-02 02:00:00,0.010237277
2019-11-02 02:10:00,0.006759405
2019-11-02 02:20:00,0.012002617
2019-11-02 02:30:00,0.0069084167
2019-11-02 02:40:00,0.011710882
2019-11-02 02:50:00,0.0068820417
2019-11-02 03:00:00,0.013473839
2019-11-02 03:10:00,0.006897688
2019-11-02 03:20:00,0.013054758
2019-11-02 03:30:00,0.006881684
2019-11-02 03:40:00,0.014604986
2019-11-02 03:50:00,0.006789267
2019-11-02 04:00:00,0.014171362
2019-11-02 04:10:00,0.006908864
2019-11-02 04:20:00,0.01505807
2019-11-02 04:30:00,0.0062574744
2019-11-02 04:40:00,0.014169991
2019-11-02 04:50:00,0.0077991188
2019-11-02 05:00:00,0.018388689
2019-11-02 05:10:00,0.0076284707
2019-11-02 05:20:00,0.018229336
2019-11-02 05:30:00,0.008146644
2019-11-02 05:40:00,0.020878613
2019-11-02 05:50:00,0.007894576
2019-11-02 06:00:00,0.019284487
2019-11-02 06:10:00,0.008216292
2019-11-02 06:20:00,0.02026084
2019-11-02 06:30:00,0.007763803
2019-11-02 06:40:00,0.018649489
2019-11-02 06:50:00,0.008091152
2019-11-02 07:00:00,0.01835668
2019-11-02 07:10:00,0.0073317885
2019-11-02 07:20:00,0.015004307
2019-11-02 07:30:00,0.0075494647
2019-11-02 07:40:00,0.015280485
2019-11-02 07:50:00,0.0072339177
2019-11-02 08:00:00,0.015706956
2019-11-02 08:10:00,0.008107424
2019-11-02 08:20:00,0.016237885
2019-11-02 08:30:00,0.009217799
2019-11-02 08:40:00,0.02234307
2019-11-02 08:50:00,0.009489566
2019-11-02 09:00:00,0.021702528
2019-11-02 09:10:00,0.009354323
2019-11-02 09:20:00,0.021770597
2019-11-02 09:30:00,0.008375466
2019-11-02 09:40:00,0.020242512
2019-11-02 09:50:00,0.008157909
2019-11-02 10:00:00,0.019673109
2019-11-02 10:10:00,0.008141577
2019-11-02 10:20:00,0.018586159
2019-11-02 10:30:00,0.0080497265
2019-11-02 10:40:00,0.019122452
2019-11-02 10:50:00,0.0073605776
2019-11-02 11:00:00,0.017338663
2019-11-02 11:10:00,0.008102268
2019-11-02 11:20:00,0.02098772
2019-11-02 11:30:00,0.008187801
2019-11-02 11:40:00,0.019120574
2019-11-02 11:50:00,0.008223832
2019-11-02 12:00:00,0.020299435
2019-11-02 12:10:00,0.008120298
2019-11-02 12:20:00,0.018267691
2019-11-02 12:30:00,0.00877583
2019-11-02 12:40:00,0.021149933
2019-11-02 12:50:00,0.008909613
2019-11-02 13:00:00,0.01932621
2019-11-02 13:10:00,0.008783847
2019-11-02 13:20:00,0.020561904
2019-11-02 13:30:00,0.008675963
2019-11-02 13:40:00,0.018470556
2019-11-02 13:50:00,0.009070784
2019-11-02 14:00:00,0.020554036
2019-11-02 14:10:00,0.00972721
2019-11-02 14:20:00,0.01992464
2019-11-02 14:30:00,0.010031074
2019-11-02 14:40:00,0.023536593
2019-11-02 14:50:00,0.010696828
2019-11-02 15:00:00,0.021778435
2019-11-02 15:10:00,0.011324853
2019-11-02 15:20:00,0.024525195
2019-11-02 15:30:00,0.011954367
2019-11-02 15:40:00,0.022111058
2019-11-02 15:50:00,0.012321323
2019-11-02 16:00:00,0.024703562
2019-11-02 16:10:00,0.012477219
2019-11-02 16:20:00,0.022313803
2019-11-02 16:30:00,0.013030231
2019-11-02 16:40:00,0.024329752
2019-11-02 16:50:00,0.01362136
2019-11-02 17:00:00,0.0239304
2019-11-02 17:10:00,0.014044136
2019-11-02 17:20:00,0.027059346
2019-11-02 17:30:00,0.014187753
2019-11-02 17:40:00,0.024230063
2019-11-02 17:50:00,0.013992786
2019-11-02 18:00:00,0.027482301
2019-11-02 18:10:00,0.013736725
2019-11-02 18:20:00,0.023623705
2019-11-02 18:30:00,0.014154345
2019-11-02 18:40:00,0.02619636
2019-11-02 18:50:00,0.013974637
2019-11-02 19:00:00,0.022012174
2019-11-02 19:10:00,0.014038771
2019-11-02 19:20:00,0.026370555
2019-11-02 19:30:00,0.013757646
2019-11-02 19:40:00,0.022363573
2019-11-02 19:50:00,0.013875037
2019-11-02 20:00:00,0.026307195
2019-11-02 20:10:00,0.015144616
2019-11-02 20:20:00,0.024081528
2019-11-02 20:30:00,0.014914006
2019-11-02 20:40:00,0.027711093
2019-11-02 20:50:00,0.015318692
2019-11-02 21:00:00,0.023872495
2019-11-02 21:10:00,0.014939964
2019-11-02 21:20:00,0.027037889
2019-11-02 21:30:00,0.01631999
2019-11-02 21:40:00,0.023789346
2019-11-02 21:50:00,0.015871197
2019-11-02 22:00:00,0.02686727
2019-11-02 22:10:00,0.016813725
2019-11-02 22:20:00,0.024661034
2019-11-02 22:30:00,0.01666364
2019-11-02 22:40:00,0.02919656
2019-11-02 22:50:00,0.017892987
2019-11-02 23:00:00,0.025857508
2019-11-02 23:10:00,0.017618
2019-11-02 23:20:00,0.027905405
2019-11-02 23:30:00,0.017473817
2019-11-02 23:40:00,0.02380535
2019-11-02 23:50:00,0.01753068
2019-11-03 00:00:00,0.027743906
2019-11-03 00:10:00,0.017838687
2019-11-03 00:20:00,0.024902642
2019-11-03 00:30:00,0.01823771
2019-11-03 00:40:00,0.027804852
2019-11-03 00:50:00,0.018831432
2019-11-03 01:00:00,0.023783416
2019-11-03 01:10:00,0.018028945
2019-11-03 01:20:00,0.027114898
2019-11-03 01:30:00,0.018480003
2019-11-03 01:40:00,0.026138693
2019-11-03 01:50:00,0.02151981
2019-11-03 02:00:00,0.028848499
2019-11-03 02:10:00,0.021329433
2019-11-03 02:20:00,0.025253505
2019-11-03 02:30:00,0.02170059
2019-11-03 02:40:00,0.028565407
2019-11-03 02:50:00,0.02115047
2019-11-03 03:00:00,0.024879307
2019-11-03 03:10:00,0.022537142
2019-11-03 03:20:00,0.027316809
2019-11-03 03:30:00,0.02202645
2019-11-03 03:40:00,0.023825437
2019-11-03 03:50:00,0.022205025
2019-11-03 04:00:00,0.026315868
2019-11-03 04:10:00,0.023778737
2019-11-03 04:20:00,0.023453295
2019-11-03 04:30:00,0.02475822
2019-11-03 04:40:00,0.027154297
2019-11-03 04:50:00,0.025918186
2019-11-03 05:00:00,0.024751723
2019-11-03 05:10:00,0.027121156
2019-11-03 05:20:00,0.027720481
2019-11-03 05:30:00,0.027650476
2019-11-03 05:40:00,0.024423152
2019-11-03 05:50:00,0.029403567
2019-11-03 06:00:00,0.027970642
2019-11-03 06:10:00,0.026050448
2019-11-03 06:20:00,0.02455011
2019-11-03 06:30:00,0.026995242
2019-11-03 06:40:00,0.027098536
2019-11-03 06:50:00,0.026950032
2019-11-03 07:00:00,0.025000662
2019-11-03 07:10:00,0.028782368
2019-11-03 07:20:00,0.028215885
2019-11-03 07:30:00,0.027781129
2019-11-03 07:40:00,0.02581957
2019-11-03 07:50:00,0.029680163
2019-11-03 08:00:00,0.028877228
2019-11-03 08:10:00,0.02817282
2019-11-03 08:20:00,0.026519448
2019-11-03 08:30:00,0.030202866
2019-11-03 08:40:00,0.030597538
2019-11-03 08:50:00,0.029700369
2019-11-03 09:00:00,0.02721703
2019-11-03 09:10:00,0.032951772
2019-11-03 09:20:00,0.031279594
2019-11-03 09:30:00,0.032283098
2019-11-03 09:40:00,0.02985835
2019-11-03 09:50:00,0.035915226
2019-11-03 10:00:00,0.031555086
2019-11-03 10:10:00,0.034097552
2019-11-03 10:20:00,0.030342579
2019-11-03 10:30:00,0.038733304
2019-11-03 10:40:00,0.032931924
2019-11-03 10:50:00,0.03627363
2019-11-03 11:00:00,0.03161916
2019-11-03 11:10:00,0.042520195
2019-11-03 11:20:00,0.036659002
2019-11-03 11:30:00,0.03772822
2019-11-03 11:40:00,0.033304155
2019-11-03 11:50:00,0.04052171
2019-11-03 12:00:00,0.034617692
2019-11-03 12:10:00,0.035972387
2019-11-03 12:20:00,0.031760067
2019-11-03 12:30:00,0.0379076
2019-11-03 12:40:00,0.03234175
2019-11-03 12:50:00,0.034414977
2019-11-03 13:00:00,0.0310722
2019-11-03 13:10:00,0.041150242
2019-11-03 13:20:00,0.033530742
2019-11-03 13:30:00,0.03638473
2019-11-03 13:40:00,0.035326302
2019-11-03 13:50:00,0.04621941
2019-11-03 14:00:00,0.036313474
2019-11-03 14:10:00,0.040689856
2019-11-03 14:20:00,0.03643459
2019-11-03 14:30:00,0.047287494
2019-11-03 14:40:00,0.04176867
2019-11-03 14:50:00,0.04732281
2019-11-03 15:00:00,0.04358524
2019-11-03 15:10:00,0.05243957
2019-11-03 15:20:00,0.045099944
2019-11-03 15:30:00,0.052325398
2019-11-03 15:40:00,0.04587397
2019-11-03 15:50:00,0.058153987
2019-11-03 16:00:00,0.046733618
2019-11-03 16:10:00,0.055434406
2019-11-03 16:20:00,0.043183953
2019-11-03 16:30:00,0.06204143
2019-11-03 16:40:00,0.046037793
2019-11-03 16:50:00,0.06086266
2019-11-03 17:00:00,0.049125165
2019-11-03 17:10:00,0.0685696
2019-11-03 17:20:00,0.05081123
2019-11-03 17:30:00,0.06570104
2019-11-03 17:40:00,0.049256563
2019-11-03 17:50:00,0.07402247
2019-11-03 18:00:00,0.045564115
2019-11-03 18:10:00,0.0632132
2019-11-03 18:20:00,0.04905811
2019-11-03 18:30:00,0.07440865
2019-11-03 18:40:00,0.051282078
2019-11-03 18:50:00,0.07301384
2019-11-03 19:00:00,0.04977718
2019-11-03 19:10:00,0.07728872
2019-11-03 19:20:00,0.047019243
2019-11-03 19:30:00,0.06800774
2019-11-03 19:40:00,0.044585407
2019-11-03 19:50:00,0.07320902
2019-11-03 20:00:00,0.044131875
2019-11-03 20:10:00,0.069352776
2019-11-03 20:20:00,0.04504031
2019-11-03 20:30:00,0.080993414
2019-11-03 20:40:00,0.04584378
2019-11-03 20:50:00,0.06695384
2019-11-03 21:00:00,0.045410424
2019-11-03 21:10:00,0.08367017
2019-11-03 21:20:00,0.046994776
2019-11-03 21:30:00,0.07097229
2019-11-03 21:40:00,0.05116999
2019-11-03 21:50:00,0.08564687
2019-11-03 22:00:00,0.05049628
2019-11-03 22:10:00,0.07675579
2019-11-03 22:20:00,0.05118552
2019-11-03 22:30:00,0.08361581
2019-11-03 22:40:00,0.052117586
2019-11-03 22:50:00,0.07693192
2019-11-03 23:00:00,0.05218962
2019-11-03 23:10:00,0.08900756
2019-11-03 23:20:00,0.05183223
2019-11-03 23:30:00,0.07816753
2019-11-03 23:40:00,0.05107194
2019-11-03 23:50:00,0.09056625
2019-11-04 00:00:00,0.05283627
2019-11-04 00:10:00,0.08438194
2019-11-04 00:20:00,0.055385172
2019-11-04 00:30:00,0.09907961
2019-11-04 00:40:00,0.055308193
2019-11-04 00:50:00,0.088389516
2019-11-04 01:00:00,0.054858863
2019-11-04 01:10:00,0.10344544
2019-11-04 01:20:00,0.05357504
2019-11-04 01:30:00,0.08625689
2019-11-04 01:40:00,0.05401954
2019-11-04 01:50:00,0.10262218
2019-11-04 02:00:00,0.052643567
2019-11-04 02:10:00,0.085712224
2019-11-04 02:20:00,0.05139923
2019-11-04 02:30:00,0.10275301
2019-11-04 02:40:00,0.05323574
2019-11-04 02:50:00,0.08785191
2019-11-04 03:00:00,0.0551126
2019-11-04 03:10:00,0.09515488
2019-11-04 03:20:00,0.054137826
2019-11-04 03:30:00,0.080770016
2019-11-04 03:40:00,0.05787608
2019-11-04 03:50:00,0.0922856
2019-11-04 04:00:00,0.057183743
2019-11-04 04:10:00,0.0816665
2019-11-04 04:20:00,0.056595832
2019-11-04 04:30:00,0.09541798
2019-11-04 04:40:00,0.058422208
2019-11-04 04:50:00,0.0838314
2019-11-04 05:00:00,0.059298307
2019-11-04 05:10:00,0.09681517
2019-11-04 05:20:00,0.0591197
2019-11-04 05:30:00,0.08201331
2019-11-04 05:40:00,0.06036845
2019-11-04 05:50:00,0.09779596
2019-11-04 06:00:00,0.062399685
2019-11-04 06:10:00,0.09453893
2019-11-04 06:20:00,0.06938511
2019-11-04 06:30:00,0.106654435
2019-11-04 06:40:00,0.070572495
2019-11-04 06:50:00,0.09488559
2019-11-04 07:00:00,0.07527256
2019-11-04 07:10:00,0.10681188
2019-11-04 07:20:00,0.071615934
2019-11-04 07:30:00,0.094287455
2019-11-04 07:40:00,0.073619366
2019-11-04 07:50:00,0.10422975
2019-11-04 08:00:00,0.0715799
2019-11-04 08:10:00,0.09486005
2019-11-04 08:20:00,0.07561347
2019-11-04 08:30:00,0.10451496
2019-11-04 08:40:00,0.06974536
2019-11-04 08:50:00,0.09280419
2019-11-04 09:00:00,0.073918164
2019-11-04 09:10:00,0.101501375
2019-11-04 09:20:00,0.07131919
2019-11-04 09:30:00,0.09085688
2019-11-04 09:40:00,0.075513095
2019-11-04 09:50:00,0.10495782
2019-11-04 10:00:00,0.07212293
2019-11-04 10:10:00,0.09105447
2019-11-04 10:20:00,0.07759878
2019-11-04 10:30:00,0.099770635
2019-11-04 10:40:00,0.07607144
2019-11-04 10:50:00,0.093690515
2019-11-04 11:00:00,0.07840744
2019-11-04 11:10:00,0.10259631
2019-11-04 11:20:00,0.0803943
2019-11-04 11:30:00,0.09611094
2019-11-04 11:40:00,0.08514586
2019-11-04 11:50:00,0.10404232
2019-11-04 12:00:00,0.085471064
2019-11-04 12:10:00,0.10141885
2019-11-04 12:20:00,0.08926317
2019-11-04 12:30:00,0.10980517
2019-11-04 12:40:00,0.09388593
2019-11-04 12:50:00,0.10673869
2019-11-04 13:00:00,0.096129894
2019-11-04 13:10:00,0.12072298
2019-11-04 13:20:00,0.09278473
2019-11-04 13:30:00,0.10748449
2019-11-04 13:40:00,0.09044099
2019-11-04 13:50:00,0.11054489
2019-11-04 14:00:00,0.090592176
2019-11-04 14:10:00,0.10425386
2019-11-04 14:20:00,0.09940559
2019-11-04 14:30:00,0.11695063
2019-11-04 14:40:00,0.09427741
2019-11-04 14:50:00,0.11058897
2019-11-04 15:00:00,0.09294593
2019-11-04 15:10:00,0.10842818
2019-11-04 15:20:00,0.08851817
2019-11-04 15:30:00,0.100655854
2019-11-04 15:40:00,0.08249658
2019-11-04 15:50:00,0.09801948
2019-11-04 16:00:00,0.081979215
2019-11-04 16:10:00,0.09333277
2019-11-04 16:20:00,0.07697296
2019-11-04 16:30:00,0.07594994
2019-11-04 16:40:00,0.059814394
2019-11-04 16:50:00,0.061811864
2019-11-04 17:00:00,0.049448013
2019-11-04 17:10:00,0.04393789
2019-11-04 17:20:00,0.04380399
2019-11-04 17:30:00,0.03802225
2019-11-04 17:40:00,0.037361056
2019-11-04 17:50:00,0.029077828
2019-11-04 18:00:00,0.031787246
2019-11-04 18:10:00,0.025616944
2019-11-04 18:20:00,0.027187854
2019-11-04 18:30:00,0.019327402
2019-11-04 18:40:00,0.02400884
2019-11-04 18:50:00,0.017885208
2019-11-04 19:00:00,0.024961054
2019-11-04 19:10:00,0.021890521
2019-11-04 19:20:00,0.026296914
2019-11-04 19:30:00,0.019262105
2019-11-04 19:40:00,0.02602753
2019-11-04 19:50:00,0.020830184
2019-11-04 20:00:00,0.026486993
2019-11-04 20:10:00,0.018663168
2019-11-04 20:20:00,0.023518145
2019-11-04 20:30:00,0.018231362
2019-11-04 20:40:00,0.023087382
2019-11-04 20:50:00,0.017213106
2019-11-04 21:00:00,0.02230835
2019-11-04 21:10:00,0.016472608
2019-11-04 21:20:00,0.022708654
2019-11-04 21:30:00,0.015601605
2019-11-04 21:40:00,0.022431642
2019-11-04 21:50:00,0.014957815
2019-11-04 22:00:00,0.019366145
2019-11-04 22:10:00,0.011983931
2019-11-04 22:20:00,0.017659038
2019-11-04 22:30:00,0.011364102
2019-11-04 22:40:00,0.016845435
2019-11-04 22:50:00,0.009000748
2019-11-04 23:00:00,0.0168854
2019-11-04 23:10:00,0.008641541
2019-11-04 23:20:00,0.016063482
2019-11-04 23:30:00,0.0076706707
2019-11-04 23:40:00,0.014477491
2019-11-04 23:50:00,0.007735431
2019-11-05 00:00:00,0.013678968
2019-11-05 00:10:00,0.0068052113
2019-11-05 00:20:00,0.012293994
2019-11-05 00:30:00,0.0069209337
2019-11-05 00:40:00,0.012042433
2019-11-05 00:50:00,0.00583297
2019-11-05 01:00:00,0.0101282
2019-11-05 01:10:00,0.0054710507
2019-11-05 01:20:00,0.009763807
2019-11-05 01:30:00,0.0047376156
2019-11-05 01:40:00,0.009003997
2019-11-05 01:50:00,0.004651636
2019-11-05 02:10:00,0.00905937
2019-11-05 02:20:00,0.004149437
2019-11-05 02:30:00,0.008135319
2019-11-05 02:40:00,0.0041695833
2019-11-05 02:50:00,0.0070928633
2019-11-05 03:00:00,0.0032014847
2019-11-05 03:10:00,0.0062897503
2019-11-05 03:20:00,0.0032805204
2019-11-05 03:30:00,0.005291462
2019-11-05 03:40:00,0.0024229884
2019-11-05 03:50:00,0.004201025
2019-11-05 04:00:00,0.0022633076
2019-11-05 04:10:00,0.004069358
2019-11-05 04:20:00,0.0018983781
2019-11-05 04:30:00,0.0037858486
2019-11-05 04:40:00,0.0021646917
2019-11-05 04:50:00,0.0032672882
2019-11-05 05:00:00,0.00184834
2019-11-05 05:10:00,0.0028842986
2019-11-05 05:20:00,0.0019716024
2019-11-05 05:30:00,0.0030478537
2019-11-05 05:40:00,0.0018869936
2019-11-05 05:50:00,0.0027837455
2019-11-05 06:00:00,0.0018624663
2019-11-05 06:10:00,0.0023935735
2019-11-05 06:20:00,0.001386255
2019-11-05 06:30:00,0.0020387769
2019-11-05 06:40:00,0.0013154745
2019-11-05 06:50:00,0.001853317
2019-11-05 07:00:00,0.0012122393
2019-11-05 07:10:00,0.0016310811
2019-11-05 07:20:00,0.0013683438
2019-11-05 07:30:00,0.001649797
2019-11-05 07:40:00,0.0012488663
2019-11-05 07:50:00,0.0016785562
2019-11-05 08:00:00,0.0013196468
2019-11-05 08:10:00,0.0015804768
2019-11-05 08:20:00,0.0010777414
2019-11-05 08:30:00,0.0015143752
2019-11-05 08:40:00,0.0013077557
2019-11-05 08:50:00,0.0015056133
2019-11-05 09:00:00,0.001083225
2019-11-05 09:10:00,0.0014636517
2019-11-05 09:20:00,0.0012088418
2019-11-05 09:30:00,0.001482755
2019-11-05 09:40:00,0.0010396838
2019-11-05 09:50:00,0.001417011
2019-11-05 10:00:00,0.0011818111
2019-11-05 10:10:00,0.0012894571
2019-11-05 10:20:00,0.0010011792
2019-11-05 10:30:00,0.001193434
2019-11-05 10:40:00,0.0011826456
2019-11-05 10:50:00,0.00116539
2019-11-05 11:00:00,0.0010320842
2019-11-05 11:10:00,0.0012133718
2019-11-05 11:20:00,0.0012341738
2019-11-05 11:30:00,0.0011150241
2019-11-05 11:40:00,0.0010514259
2019-11-05 11:50:00,0.0011847317
2019-11-05 12:00:00,0.0013435185
2019-11-05 12:10:00,0.001134485
2019-11-05 12:20:00,0.0011349022
2019-11-05 12:30:00,0.0010787845
2019-11-05 12:40:00,0.0014013946
2019-11-05 12:50:00,0.0011669695
2019-11-05 13:00:00,0.0011562109
2019-11-05 13:10:00,0.0010081232
2019-11-05 13:20:00,0.0012808442
2019-11-05 13:30:00,0.0009691417
2019-11-05 13:40:00,0.0010764003
2019-11-05 13:50:00,0.0009443462
2019-11-05 14:00:00,0.0013061464
2019-11-05 14:10:00,0.00094896555
2019-11-05 14:20:00,0.0011971295
2019-11-05 14:30:00,0.00091579556
2019-11-05 14:40:00,0.001306802
2019-11-05 14:50:00,0.0009149909
2019-11-05 15:00:00,0.001098901
2019-11-05 15:10:00,0.0008941591
2019-11-05 15:20:00,0.0013526082
2019-11-05 15:30:00,0.0010094345
2019-11-05 15:40:00,0.0012197196
2019-11-05 15:50:00,0.0009962022
2019-11-05 16:00:00,0.0014430583
2019-11-05 16:10:00,0.0010905862
2019-11-05 16:20:00,0.0013915598
2019-11-05 16:30:00,0.0011148155
2019-11-05 16:40:00,0.0017962456
2019-11-05 16:50:00,0.0012112558
2019-11-05 17:00:00,0.0017277896
2019-11-05 17:10:00,0.0012865961
2019-11-05 17:20:00,0.0023410618
2019-11-05 17:30:00,0.0014813542
2019-11-05 17:40:00,0.0022234917
2019-11-05 17:50:00,0.0014947057
2019-11-05 18:00:00,0.0028714836
2019-11-05 18:10:00,0.0016447604
2019-11-05 18:20:00,0.0026191473
2019-11-05 18:30:00,0.0017021596
2019-11-05 18:40:00,0.0034895837
2019-11-05 18:50:00,0.0019651651
2019-11-05 19:00:00,0.0032307506
2019-11-05 19:10:00,0.0018363297
2019-11-05 19:20:00,0.003531754
2019-11-05 19:30:00,0.0019339025
2019-11-05 19:40:00,0.003319651
2019-11-05 19:50:00,0.001873374
2019-11-05 20:00:00,0.0038213432
2019-11-05 20:10:00,0.002105683
2019-11-05 20:20:00,0.0038983226
2019-11-05 20:30:00,0.0023582876
2019-11-05 20:40:00,0.0047699213
2019-11-05 20:50:00,0.0026996434
2019-11-05 21:00:00,0.004651606
2019-11-05 21:10:00,0.002705425
2019-11-05 21:20:00,0.005254805
2019-11-05 21:30:00,0.003206402
2019-11-05 21:40:00,0.005523205
2019-11-05 21:50:00,0.0034402013
2019-11-05 22:00:00,0.0069481432
2019-11-05 22:10:00,0.0036054254
2019-11-05 22:20:00,0.006481111
2019-11-05 22:30:00,0.003570199
2019-11-05 22:40:00,0.005996287
2019-11-05 22:50:00,0.0038115978
2019-11-05 23:00:00,0.0053177476
2019-11-05 23:10:00,0.004110247
2019-11-05 23:20:00,0.0060362816
2019-11-05 23:30:00,0.005294621
2019-11-05 23:40:00,0.0063655674
2019-11-05 23:50:00,0.006236404
2019-11-06 00:00:00,0.009122074
2019-11-06 00:10:00,0.0079782605
2019-11-06 00:20:00,0.009917349
2019-11-06 00:30:00,0.008227646
2019-11-06 00:40:00,0.013487667
2019-11-06 00:50:00,0.008913159
2019-11-06 01:00:00,0.017800152
2019-11-06 01:10:00,0.010407299
2019-11-06 01:20:00,0.019633383
2019-11-06 01:30:00,0.014638454
2019-11-06 01:40:00,0.02102241
2019-11-06 01:50:00,0.0133547485
2019-11-06 02:00:00,0.020440787
2019-11-06 02:10:00,0.015858024
2019-11-06 02:20:00,0.022067696
2019-11-06 02:30:00,0.015888363
2019-11-06 02:40:00,0.019774616
2019-11-06 02:50:00,0.016949266
2019-11-06 03:00:00,0.021326452
2019-11-06 03:10:00,0.016192079
2019-11-06 03:20:00,0.018863142
2019-11-06 03:30:00,0.017421156
2019-11-06 03:40:00,0.021257758
2019-11-06 03:50:00,0.018416822
2019-11-06 04:00:00,0.018928766
2019-11-06 04:10:00,0.018072903
2019-11-06 04:20:00,0.019744992
2019-11-06 04:30:00,0.017092735
2019-11-06 04:40:00,0.017617881
2019-11-06 04:50:00,0.019507587
2019-11-06 05:00:00,0.01845637
2019-11-06 05:10:00,0.019399405
2019-11-06 05:20:00,0.018088937
2019-11-06 05:30:00,0.021122396
2019-11-06 05:40:00,0.019596547
2019-11-06 05:50:00,0.020541787
2019-11-06 06:00:00,0.017790496
2019-11-06 06:10:00,0.020374537
2019-11-06 06:20:00,0.018457472
2019-11-06 06:30:00,0.021184295
2019-11-06 06:40:00,0.017649144
2019-11-06 06:50:00,0.023250818
2019-11-06 07:00:00,0.01788634
2019-11-06 07:10:00,0.025543243
2019-11-06 07:20:00,0.017033696
2019-11-06 07:30:00,0.026764125
2019-11-06 07:40:00,0.017664462
2019-11-06 07:50:00,0.025667816
2019-11-06 08:00:00,0.017237782
2019-11-06 08:10:00,0.027502507
2019-11-06 08:20:00,0.018196702
2019-11-06 08:30:00,0.027187645
2019-11-06 08:40:00,0.018361151
2019-11-06 08:50:00,0.031154096
2019-11-06 09:00:00,0.020082772
2019-11-06 09:10:00,0.030840367
2019-11-06 09:20:00,0.019014359
2019-11-06 09:30:00,0.032416135
2019-11-06 09:40:00,0.018147916
2019-11-06 09:50:00,0.033023417
2019-11-06 10:00:00,0.019277751
2019-11-06 10:10:00,0.04059112
2019-11-06 10:20:00,0.021084398
2019-11-06 10:30:00,0.04270637
2019-11-06 10:40:00,0.019593239
2019-11-06 10:50:00,0.044097334
2019-11-06 11:00:00,0.020446151
2019-11-06 11:10:00,0.043071687
2019-11-06 11:20:00,0.020637214
2019-11-06 11:30:00,0.049660593
2019-11-06 11:40:00,0.021436691
2019-11-06 11:50:00,0.048885226
2019-11-06 12:00:00,0.021466464
2019-11-06 12:10:00,0.049227893
2019-11-06 12:20:00,0.01931116
2019-11-06 12:30:00,0.046944797
2019-11-06 12:40:00,0.018219948
2019-11-06 12:50:00,0.047399968
2019-11-06 13:00:00,0.017336935
2019-11-06 13:10:00,0.048752815
2019-11-06 13:20:00,0.017730832
2019-11-06 13:30:00,0.048146933
2019-11-06 13:40:00,0.015783876
2019-11-06 13:50:00,0.047273904
2019-11-06 14:00:00,0.015655667
2019-11-06 14:10:00,0.046708375
2019-11-06 14:20:00,0.015996516
2019-11-06 14:30:00,0.04810351
2019-11-06 14:40:00,0.01592505
2019-11-06 14:50:00,0.049341083
2019-11-06 15:00:00,0.01573369
2019-11-06 15:10:00,0.048867404
2019-11-06 15:20:00,0.015655428
2019-11-06 15:30:00,0.048656642
2019-11-06 15:40:00,0.0149782
2019-11-06 15:50:00,0.04626894
2019-11-06 16:00:00,0.015239298
2019-11-06 16:10:00,0.046295226
2019-11-06 16:20:00,0.014752537
2019-11-06 16:30:00,0.047485203
2019-11-06 16:40:00,0.01484552
2019-11-06 16:50:00,0.04864365
2019-11-06 17:00:00,0.015540868
2019-11-06 17:10:00,0.050886124
2019-11-06 17:20:00,0.017027557
2019-11-06 17:30:00,0.048425823
2019-11-06 17:40:00,0.014823794
2019-11-06 17:50:00,0.04732424
2019-11-06 18:00:00,0.014899135
2019-11-06 18:10:00,0.044956923
2019-11-06 18:20:00,0.012726724
2019-11-06 18:30:00,0.044877082
2019-11-06 18:40:00,0.013486654
2019-11-06 18:50:00,0.047613174
2019-11-06 19:00:00,0.012895614
2019-11-06 19:10:00,0.047266692
2019-11-06 19:20:00,0.013638198
2019-11-06 19:30:00,0.04642853
2019-11-06 19:40:00,0.013380051
2019-11-06 19:50:00,0.045796305
2019-11-06 20:00:00,0.013548434
2019-11-06 20:10:00,0.046478897
2019-11-06 20:20:00,0.01298365
2019-11-06 20:30:00,0.047721505
2019-11-06 20:40:00,0.013767511
2019-11-06 20:50:00,0.04649979
2019-11-06 21:00:00,0.013648421
2019-11-06 21:10:00,0.047661543
2019-11-06 21:20:00,0.013783067
2019-11-06 21:30:00,0.04714048
2019-11-06 21:40:00,0.014237881
2019-11-06 21:50:00,0.04947707
2019-11-06 22:00:00,0.014663845
2019-11-06 22:10:00,0.047824323
2019-11-06 22:20:00,0.014548153
2019-11-06 22:30:00,0.048900753
2019-11-06 22:40:00,0.015359044
2019-11-06 22:50:00,0.04786977
2019-11-06 23:00:00,0.015385658
2019-11-06 23:10:00,0.04926774
2019-11-06 23:20:00,0.016322196
2019-11-06 23:30:00,0.046367824
2019-11-06 23:40:00,0.016440064
2019-11-06 23:50:00,0.04732129
2019-11-07 00:00:00,0.01602596
2019-11-07 00:10:00,0.045182973
2019-11-07 00:20:00,0.016889125
2019-11-07 00:30:00,0.047620177
2019-11-07 00:40:00,0.01752752
2019-11-07 00:50:00,0.046285838
2019-11-07 01:00:00,0.017312199
2019-11-07 01:10:00,0.046437323
2019-11-07 01:20:00,0.017968267
2019-11-07 01:30:00,0.04654655
2019-11-07 01:40:00,0.016764313
2019-11-07 01:50:00,0.04600793
2019-11-07 02:00:00,0.017136425
2019-11-07 02:10:00,0.04636547
2019-11-07 02:20:00,0.017496228
2019-11-07 02:30:00,0.04717508
2019-11-07 02:40:00,0.01798588
2019-11-07 02:50:00,0.043759227
2019-11-07 03:00:00,0.017563522
2019-11-07 03:10:00,0.043904692
2019-11-07 03:20:00,0.017520964
2019-11-07 03:30:00,0.043491453
2019-11-07 03:40:00,0.017014295
2019-11-07 03:50:00,0.043559223
2019-11-07 04:00:00,0.016914755
2019-11-07 04:10:00,0.04209158
2019-11-07 04:20:00,0.017050266
2019-11-07 04:30:00,0.044835657
2019-11-07 04:40:00,0.017545044
2019-11-07 04:50:00,0.04414338
2019-11-07 05:00:00,0.017811894
2019-11-07 05:10:00,0.04489532
2019-11-07 05:20:00,0.019307345
2019-11-07 05:30:00,0.04161352
2019-11-07 05:40:00,0.022534877
2019-11-07 05:50:00,0.042172372
2019-11-07 06:00:00,0.02716282
2019-11-07 06:10:00,0.040394485
2019-11-07 06:20:00,0.020395696
2019-11-07 06:30:00,0.039299905
2019-11-07 06:40:00,0.019393444
2019-11-07 06:50:00,0.03998339
2019-11-07 07:00:00,0.015381515
2019-11-07 07:10:00,0.04247433
2019-11-07 07:20:00,0.016405404
2019-11-07 07:30:00,0.03892076
2019-11-07 07:40:00,0.015805632
2019-11-07 07:50:00,0.03905186
2019-11-07 08:00:00,0.015957564
2019-11-07 08:10:00,0.038235426
2019-11-07 08:20:00,0.015282214
2019-11-07 08:30:00,0.040765405
2019-11-07 08:40:00,0.015536964
2019-11-07 08:50:00,0.035978884
2019-11-07 09:00:00,0.013848841
2019-11-07 09:10:00,0.036452413
2019-11-07 09:20:00,0.014351308
2019-11-07 09:30:00,0.033875823
2019-11-07 09:40:00,0.013632417
2019-11-07 09:50:00,0.036750346
2019-11-07 10:00:00,0.01420334
2019-11-07 10:10:00,0.035218567
2019-11-07 10:20:00,0.0142401755
2019-11-07 10:30:00,0.03905645
2019-11-07 10:40:00,0.014753073
2019-11-07 10:50:00,0.03647262
2019-11-07 11:00:00,0.014110267
2019-11-07 11:10:00,0.03839922
2019-11-07 11:20:00,0.014584124
2019-11-07 11:30:00,0.035752296
2019-11-07 11:40:00,0.013183475
2019-11-07 11:50:00,0.03774792
2019-11-07 12:00:00,0.013199151
2019-11-07 12:10:00,0.034074128
2019-11-07 12:20:00,0.012102962
2019-11-07 12:30:00,0.037820846
2019-11-07 12:40:00,0.01300022
2019-11-07 12:50:00,0.03339991
2019-11-07 13:00:00,0.012564361
2019-11-07 13:10:00,0.035387605
2019-11-07 13:20:00,0.013878703
2019-11-07 13:30:00,0.032642007
2019-11-07 13:40:00,0.013571769
2019-11-07 13:50:00,0.03191024
2019-11-07 14:00:00,0.013706088
2019-11-07 14:10:00,0.031038284
2019-11-07 14:20:00,0.013051808
2019-11-07 14:30:00,0.034541667
2019-11-07 14:40:00,0.013822645
2019-11-07 14:50:00,0.032422096
2019-11-07 15:00:00,0.01332745
2019-11-07 15:10:00,0.033960283
2019-11-07 15:20:00,0.013418078
2019-11-07 15:30:00,0.030710995
2019-11-07 15:40:00,0.012931347
2019-11-07 15:50:00,0.032418072
2019-11-07 16:00:00,0.013402551
2019-11-07 16:10:00,0.03023699
2019-11-07 16:20:00,0.013188809
2019-11-07 16:30:00,0.03228748
2019-11-07 16:40:00,0.014107108
2019-11-07 16:50:00,0.030561984
2019-11-07 17:00:00,0.0140580535
2019-11-07 17:10:00,0.03422168
2019-11-07 17:20:00,0.014276236
2019-11-07 17:30:00,0.026715636
2019-11-07 17:40:00,0.0124349
2019-11-07 17:50:00,0.026604116
2019-11-07 18:00:00,0.0105783045
2019-11-07 18:10:00,0.023605913
2019-11-07 18:20:00,0.009479612
2019-11-07 18:30:00,0.028600454
2019-11-07 18:40:00,0.010218054
2019-11-07 18:50:00,0.027830929
2019-11-07 19:00:00,0.010003477
2019-11-07 19:10:00,0.029795676
2019-11-07 19:20:00,0.010748059
2019-11-07 19:30:00,0.0257442
2019-11-07 19:40:00,0.010494858
2019-11-07 19:50:00,0.02987504
2019-11-07 20:00:00,0.011633694
2019-11-07 20:10:00,0.02812916
2019-11-07 20:20:00,0.010723263
2019-11-07 20:30:00,0.03063637
2019-11-07 20:40:00,0.011692077
2019-11-07 20:50:00,0.027114064
2019-11-07 21:00:00,0.011371404
2019-11-07 21:10:00,0.029571146
2019-11-07 21:20:00,0.011430919
2019-11-07 21:30:00,0.026736557
2019-11-07 21:40:00,0.010804504
2019-11-07 21:50:00,0.030343086
2019-11-07 22:00:00,0.011194825
2019-11-07 22:10:00,0.027440637
2019-11-07 22:20:00,0.010521054
2019-11-07 22:30:00,0.030111372
2019-11-07 22:40:00,0.01050666
2019-11-07 22:50:00,0.026210606
2019-11-07 23:00:00,0.010277152
2019-11-07 23:10:00,0.02846691
2019-11-07 23:20:00,0.010382682
2019-11-07 23:30:00,0.022782058
2019-11-07 23:40:00,0.008706719
2019-11-07 23:50:00,0.023511887
2019-11-08 00:00:00,0.008140236
2019-11-08 00:10:00,0.019791037
2019-11-08 00:20:00,0.0077117085
2019-11-08 00:30:00,0.023619235
2019-11-08 00:40:00,0.0081451535
2019-11-08 00:50:00,0.020128608
2019-11-08 01:00:00,0.007956833
2019-11-08 01:10:00,0.023793489
2019-11-08 01:20:00,0.008609533
2019-11-08 01:30:00,0.018319696
2019-11-08 01:40:00,0.007256031
2019-11-08 01:50:00,0.019821912
2019-11-08 02:00:00,0.0073305964
2019-11-08 02:10:00,0.016584784
2019-11-08 02:20:00,0.0062057376
2019-11-08 02:30:00,0.01806721
2019-11-08 02:40:00,0.0065746605
2019-11-08 02:50:00,0.0146000385
2019-11-08 03:00:00,0.005928725
2019-11-08 03:10:00,0.01663658
2019-11-08 03:20:00,0.0061303973
2019-11-08 03:30:00,0.013377309
2019-11-08 03:40:00,0.005939275
2019-11-08 03:50:00,0.01669082
2019-11-08 04:00:00,0.0062614977
2019-11-08 04:10:00,0.012238026
2019-11-08 04:20:00,0.0052147806
2019-11-08 04:30:00,0.013689697
2019-11-08 04:40:00,0.00495708
2019-11-08 04:50:00,0.009952098
2019-11-08 05:00:00,0.0044979155
2019-11-08 05:10:00,0.012470007
2019-11-08 05:20:00,0.0047643483
2019-11-08 05:30:00,0.009444803
2019-11-08 05:40:00,0.004252523
2019-11-08 05:50:00,0.011728823
2019-11-08 06:00:00,0.004387617
2019-11-08 06:10:00,0.008795023
2019-11-08 06:20:00,0.004142165
2019-11-08 06:30:00,0.011543751
2019-11-08 06:40:00,0.0047063828
2019-11-08 06:50:00,0.0088118315
2019-11-08 07:00:00,0.0042205453
2019-11-08 07:10:00,0.0108606815
2019-11-08 07:20:00,0.004409671
2019-11-08 07:30:00,0.008315384
2019-11-08 07:40:00,0.0036253333
2019-11-08 07:50:00,0.009755373
2019-11-08 08:00:00,0.004052043
2019-11-08 08:10:00,0.007594794
2019-11-08 08:20:00,0.0031651258
2019-11-08 08:30:00,0.00881055
2019-11-08 08:40:00,0.0036537945
2019-11-08 08:50:00,0.006583512
2019-11-08 09:00:00,0.0030678809
2019-11-08 09:10:00,0.0087890625
2019-11-08 09:20:00,0.0037091672
2019-11-08 09:30:00,0.006665051
2019-11-08 09:40:00,0.0031659007
2019-11-08 09:50:00,0.009845316
2019-11-08 10:00:00,0.003939897
2019-11-08 10:10:00,0.0072859824
2019-11-08 10:20:00,0.0034572482
2019-11-08 10:30:00,0.010204673
2019-11-08 10:40:00,0.0042652786
2019-11-08 10:50:00,0.0073316395
2019-11-08 11:00:00,0.0037984252
2019-11-08 11:10:00,0.009465009
2019-11-08 11:20:00,0.004360974
2019-11-08 11:30:00,0.0070566833
2019-11-08 11:40:00,0.0037545562
2019-11-08 11:50:00,0.008962452
2019-11-08 12:00:00,0.0045239925
2019-11-08 12:10:00,0.0068977177
2019-11-08 12:20:00,0.0040340126
2019-11-08 12:30:00,0.009563088
2019-11-08 12:40:00,0.0047433674
2019-11-08 12:50:00,0.008529723
2019-11-08 13:00:00,0.004305005
2019-11-08 13:10:00,0.010790765
2019-11-08 13:20:00,0.0046632886
2019-11-08 13:30:00,0.007975966
2019-11-08 13:40:00,0.0043150187
2019-11-08 13:50:00,0.010459632
2019-11-08 14:00:00,0.005355358
2019-11-08 14:10:00,0.008533537
2019-11-08 14:20:00,0.0056256354
2019-11-08 14:30:00,0.011605293
2019-11-08 14:40:00,0.006714046
2019-11-08 14:50:00,0.009286433
2019-11-08 15:00:00,0.00610584
2019-11-08 15:10:00,0.011869431
2019-11-08 15:20:00,0.007204324
2019-11-08 15:30:00,0.009441674
2019-11-08 15:40:00,0.0061342716
2019-11-08 15:50:00,0.01249072
2019-11-08 16:00:00,0.008380443
2019-11-08 16:10:00,0.010481536
2019-11-08 16:20:00,0.006868392
2019-11-08 16:30:00,0.012689054
2019-11-08 16:40:00,0.00807935
2019-11-08 16:50:00,0.010349959
2019-11-08 17:00:00,0.006472647
2019-11-08 17:10:00,0.013863027
2019-11-08 17:20:00,0.008045286
2019-11-08 17:30:00,0.011249572
2019-11-08 17:40:00,0.006592244
2019-11-08 17:50:00,0.014660537
2019-11-08 18:00:00,0.008270681
2019-11-08 18:10:00,0.01032564
2019-11-08 18:20:00,0.0065790713
2019-11-08 18:30:00,0.01294744
2019-11-08 18:40:00,0.008801997
2019-11-08 18:50:00,0.010166675
2019-11-08 19:00:00,0.006757498
2019-11-08 19:10:00,0.01419431
2019-11-08 19:20:00,0.009077549
2019-11-08 19:30:00,0.0108983815
2019-11-08 19:40:00,0.0077781975
2019-11-08 19:50:00,0.014266193
2019-11-08 20:00:00,0.009103566
2019-11-08 20:10:00,0.011377662
2019-11-08 20:20:00,0.008027047
2019-11-08 20:30:00,0.015180677
2019-11-08 20:40:00,0.009375691
2019-11-08 20:50:00,0.012052447
2019-11-08 21:00:00,0.008360922
2019-11-08 21:10:00,0.01658097
2019-11-08 21:20:00,0.010020733
2019-11-08 21:30:00,0.0123568475
2019-11-08 21:40:00,0.0086479485
2019-11-08 21:50:00,0.015859783
2019-11-08 22:00:00,0.010601878
2019-11-08 22:10:00,0.012482762
2019-11-08 22:20:00,0.008805931
2019-11-08 22:30:00,0.017165214
2019-11-08 22:40:00,0.010981917
2019-11-08 22:50:00,0.01345706
2019-11-08 23:00:00,0.009359956
2019-11-08 23:10:00,0.017691553
2019-11-08 23:20:00,0.011368483
2019-11-08 23:30:00,0.013852656
2019-11-08 23:40:00,0.009819955
2019-11-08 23:50:00,0.01810062
2019-11-09 00:00:00,0.0120534
2019-11-09 00:10:00,0.01526618
2019-11-09 00:20:00,0.011403352
2019-11-09 00:30:00,0.021761179
2019-11-09 00:40:00,0.015222877
2019-11-09 00:50:00,0.018089443
2019-11-09 01:00:00,0.013867497
2019-11-09 01:10:00,0.023487985
2019-11-09 01:20:00,0.016768694
2019-11-09 01:30:00,0.018670827
2019-11-09 01:40:00,0.014464021
2019-11-09 01:50:00,0.022218734
2019-11-09 02:00:00,0.017491966
2019-11-09 02:10:00,0.017320633
2019-11-09 02:20:00,0.011490703
2019-11-09 02:30:00,0.023614079
2019-11-09 02:40:00,0.017011553
2019-11-09 02:50:00,0.018652797
2019-11-09 03:00:00,0.015444815
2019-11-09 03:10:00,0.02359581
2019-11-09 03:20:00,0.017593026
2019-11-09 03:30:00,0.019342035
2019-11-09 03:40:00,0.015505016
2019-11-09 03:50:00,0.022654474
2019-11-09 04:00:00,0.016930223
2019-11-09 04:10:00,0.017521799
2019-11-09 04:20:00,0.014607877
2019-11-09 04:30:00,0.021761715
2019-11-09 04:40:00,0.016323954
2019-11-09 04:50:00,0.017148644
2019-11-09 05:00:00,0.015060812
2019-11-09 05:10:00,0.02192676
2019-11-09 05:20:00,0.017534286
2019-11-09 05:30:00,0.018453896
2019-11-09 05:40:00,0.016317248
2019-11-09 05:50:00,0.023306578
2019-11-09 06:00:00,0.01840514
2019-11-09 06:10:00,0.018555135
2019-11-09 06:20:00,0.017366946
2019-11-09 06:30:00,0.02374518
2019-11-09 06:40:00,0.020315021
2019-11-09 06:50:00,0.02026543
2019-11-09 07:00:00,0.020579338
2019-11-09 07:10:00,0.025571913
2019-11-09 07:20:00,0.021782607
2019-11-09 07:30:00,0.020994216
2019-11-09 07:40:00,0.020515978
2019-11-09 07:50:00,0.026679575
2019-11-09 08:00:00,0.02319029
2019-11-09 08:10:00,0.023920506
2019-11-09 08:20:00,0.024323374
2019-11-09 08:30:00,0.030160427
2019-11-09 08:40:00,0.027158678
2019-11-09 08:50:00,0.026634574
2019-11-09 09:00:00,0.026517868
2019-11-09 09:10:00,0.031173408
2019-11-09 09:20:00,0.027473152
2019-11-09 09:30:00,0.028665781
2019-11-09 09:40:00,0.029340953
2019-11-09 09:50:00,0.036170483
2019-11-09 10:00:00,0.03196469
2019-11-09 10:10:00,0.030245364
2019-11-09 10:20:00,0.030234337
2019-11-09 10:30:00,0.035437256
2019-11-09 10:40:00,0.030065536
2019-11-09 10:50:00,0.030426204
2019-11-09 11:00:00,0.029569358
2019-11-09 11:10:00,0.037438035
2019-11-09 11:20:00,0.033725828
2019-11-09 11:30:00,0.028078467
2019-11-09 11:40:00,0.034392416
2019-11-09 11:50:00,0.03208053
2019-11-09 12:00:00,0.03427887
2019-11-09 12:10:00,0.026082963
2019-11-09 12:20:00,0.0352906
2019-11-09 12:30:00,0.031025827
2019-11-09 12:40:00,0.036426306
2019-11-09 12:50:00,0.026791453
2019-11-09 13:00:00,0.036755264
2019-11-09 13:10:00,0.031167
2019-11-09 13:20:00,0.037616044
2019-11-09 13:30:00,0.027436256
2019-11-09 13:40:00,0.038948506
2019-11-09 13:50:00,0.03086105
2019-11-09 14:00:00,0.03892708
2019-11-09 14:10:00,0.026938707
2019-11-09 14:20:00,0.040142685
2019-11-09 14:30:00,0.032491297
2019-11-09 14:40:00,0.03736213
2019-11-09 14:50:00,0.027660519
2019-11-09 15:00:00,0.04652241
2019-11-09 15:10:00,0.03247276
2019-11-09 15:20:00,0.046222508
2019-11-09 15:30:00,0.030684829
2019-11-09 15:40:00,0.0456737
2019-11-09 15:50:00,0.03343457
2019-11-09 16:00:00,0.044915497
2019-11-09 16:10:00,0.030180126
2019-11-09 16:20:00,0.046023995
2019-11-09 16:30:00,0.033126473
2019-11-09 16:40:00,0.043823183
2019-11-09 16:50:00,0.029028445
2019-11-09 17:00:00,0.043314576
2019-11-09 17:10:00,0.031481385
2019-11-09 17:20:00,0.039825648
2019-11-09 17:30:00,0.028739572
2019-11-09 17:40:00,0.035619736
2019-11-09 17:50:00,0.033851355
2019-11-09 18:00:00,0.033709824
2019-11-09 18:10:00,0.029467672
2019-11-09 18:20:00,0.03150302
2019-11-09 18:30:00,0.028992325
2019-11-09 18:40:00,0.029969096
2019-11-09 18:50:00,0.024926394
2019-11-09 19:00:00,0.027983457
2019-11-09 19:10:00,0.025965959
2019-11-09 19:20:00,0.026440889
2019-11-09 19:30:00,0.023701012
2019-11-09 19:40:00,0.02441758
2019-11-09 19:50:00,0.025325805
2019-11-09 20:00:00,0.025676131
2019-11-09 20:10:00,0.022378087
2019-11-09 20:20:00,0.024146348
2019-11-09 20:30:00,0.023065418
2019-11-09 20:40:00,0.024284005
2019-11-09 20:50:00,0.021093696
2019-11-09 21:00:00,0.022662908
2019-11-09 21:10:00,0.021345735
2019-11-09 21:20:00,0.021621585
2019-11-09 21:30:00,0.019921571
2019-11-09 21:40:00,0.021502048
2019-11-09 21:50:00,0.020687193
2019-11-09 22:00:00,0.019690335
2019-11-09 22:10:00,0.018918157
2019-11-09 22:20:00,0.01925075
2019-11-09 22:30:00,0.01955393
2019-11-09 22:40:00,0.017196476
2019-11-09 22:50:00,0.017816663
2019-11-09 23:00:00,0.017746538
2019-11-09 23:10:00,0.018930644
2019-11-09 23:20:00,0.016939461
2019-11-09 23:30:00,0.01861155
2019-11-09 23:40:00,0.017136723
2019-11-09 23:50:00,0.018285096
2019-11-10 00:00:00,0.016777456
2019-11-10 00:10:00,0.01826629
2019-11-10 00:20:00,0.017559677
2019-11-10 00:30:00,0.017426789
2019-11-10 00:40:00,0.017147154
2019-11-10 00:50:00,0.0185287
2019-11-10 01:00:00,0.017584085
2019-11-10 01:10:00,0.01874125
2019-11-10 01:20:00,0.016228706
2019-11-10 01:30:00,0.018824697
2019-11-10 01:40:00,0.01564467
2019-11-10 01:50:00,0.019104004
2019-11-10 02:00:00,0.015601844
2019-11-10 02:10:00,0.01849848
2019-11-10 02:20:00,0.015589684
2019-11-10 02:30:00,0.018498927
2019-11-10 02:40:00,0.0151287615
2019-11-10 02:50:00,0.018053025
2019-11-10 03:00:00,0.014738023
2019-11-10 03:10:00,0.017281264
2019-11-10 03:20:00,0.0132703185
2019-11-10 03:30:00,0.016335845
2019-11-10 03:40:00,0.012927741
2019-11-10 03:50:00,0.015676707
2019-11-10 04:00:00,0.011993945
2019-11-10 04:10:00,0.014853716
2019-11-10 04:20:00,0.012366474
2019-11-10 04:30:00,0.015024364
2019-11-10 04:40:00,0.0123823285
2019-11-10 04:50:00,0.015373707
2019-11-10 05:00:00,0.012492329
2019-11-10 05:10:00,0.015479714
2019-11-10 05:20:00,0.012293845
2019-11-10 05:30:00,0.0152364075
2019-11-10 05:40:00,0.012161851
2019-11-10 05:50:00,0.01500091
2019-11-10 06:00:00,0.011585951
2019-11-10 06:10:00,0.01436612
2019-11-10 06:20:00,0.011940956
2019-11-10 06:30:00,0.013448566
2019-11-10 06:40:00,0.011670172
2019-11-10 06:50:00,0.013646722
2019-11-10 07:00:00,0.011656731
2019-11-10 07:10:00,0.013358027
2019-11-10 07:20:00,0.011583269
2019-11-10 07:30:00,0.013644606
2019-11-10 07:40:00,0.011850178
2019-11-10 07:50:00,0.0132724345
2019-11-10 08:00:00,0.01150924
2019-11-10 08:10:00,0.013432533
2019-11-10 08:20:00,0.01189068
2019-11-10 08:30:00,0.013280511
2019-11-10 08:40:00,0.011374533
2019-11-10 08:50:00,0.013373464
2019-11-10 09:00:00,0.011427522
2019-11-10 09:10:00,0.01373899
2019-11-10 09:20:00,0.011614025
2019-11-10 09:30:00,0.013817698
2019-11-10 09:40:00,0.011769235
2019-11-10 09:50:00,0.013758361
2019-11-10 10:00:00,0.011762559
2019-11-10 10:10:00,0.013571352
2019-11-10 10:20:00,0.01195693
2019-11-10 10:30:00,0.013183713
2019-11-10 10:40:00,0.011611074
2019-11-10 10:50:00,0.013976485
2019-11-10 11:00:00,0.012149245
2019-11-10 11:10:00,0.013640374
2019-11-10 11:20:00,0.012731761
2019-11-10 11:30:00,0.013111502
2019-11-10 11:40:00,0.01246199
2019-11-10 11:50:00,0.012924701
2019-11-10 12:00:00,0.012035698
2019-11-10 12:10:00,0.011892289
2019-11-10 12:20:00,0.0110042095
2019-11-10 12:30:00,0.01130271
2019-11-10 12:40:00,0.011186153
2019-11-10 12:50:00,0.01068005
2019-11-10 13:00:00,0.010689646
2019-11-10 13:10:00,0.010516405
2019-11-10 13:20:00,0.011156112
2019-11-10 13:30:00,0.011039168
2019-11-10 13:40:00,0.01150015
2019-11-10 13:50:00,0.011315823
2019-11-10 14:00:00,0.012100041
2019-11-10 14:10:00,0.011898518
2019-11-10 14:20:00,0.012258112
2019-11-10 14:30:00,0.011805952
2019-11-10 14:40:00,0.012846619
2019-11-10 14:50:00,0.01226446
2019-11-10 15:00:00,0.01363641
2019-11-10 15:10:00,0.012717783
2019-11-10 15:20:00,0.0135938525
2019-11-10 15:30:00,0.012281984
2019-11-10 15:40:00,0.013911575
2019-11-10 15:50:00,0.013214409
2019-11-10 16:00:00,0.014243692
2019-11-10 16:10:00,0.012635142
2019-11-10 16:20:00,0.014962912
2019-11-10 16:30:00,0.013201892
2019-11-10 16:40:00,0.015240997
2019-11-10 16:50:00,0.01223588
2019-11-10 17:00:00,0.015774697
2019-11-10 17:10:00,0.012256891
2019-11-10 17:20:00,0.015126407
2019-11-10 17:30:00,0.01109007
2019-11-10 17:40:00,0.016063482
2019-11-10 17:50:00,0.011458427
2019-11-10 18:00:00,0.01706177
2019-11-10 18:10:00,0.0123538375
2019-11-10 18:20:00,0.018079787
2019-11-10 18:30:00,0.012575775
2019-11-10 18:40:00,0.019131124
2019-11-10 18:50:00,0.012645751
2019-11-10 19:00:00,0.020302087
2019-11-10 19:10:00,0.012567401
2019-11-10 19:20:00,0.020743728
2019-11-10 19:30:00,0.011711419
2019-11-10 19:40:00,0.021495312
2019-11-10 19:50:00,0.012143612
2019-11-10 20:00:00,0.022979856
2019-11-10 20:10:00,0.01314953
2019-11-10 20:20:00,0.024832875
2019-11-10 20:30:00,0.013116449
2019-11-10 20:40:00,0.025108933
2019-11-10 20:50:00,0.013008803
2019-11-10 21:00:00,0.030248463
2019-11-10 21:10:00,0.015415698
2019-11-10 21:20:00,0.030519754
2019-11-10 21:30:00,0.013967663
2019-11-10 21:40:00,0.033200264
2019-11-10 21:50:00,0.015412092
2019-11-10 22:00:00,0.03515488
2019-11-10 22:10:00,0.01589325
2019-11-10 22:20:00,0.039065093
2019-11-10 22:30:00,0.01795283
2019-11-10 22:40:00,0.041847825
2019-11-10 22:50:00,0.017005682
2019-11-10 23:00:00,0.046394885
2019-11-10 23:10:00,0.019254863
2019-11-10 23:20:00,0.045889527
2019-11-10 23:30:00,0.018025666
2019-11-10 23:40:00,0.051608354
2019-11-10 23:50:00,0.020830095
2019-11-11 00:00:00,0.052876443
2019-11-11 00:10:00,0.020028949
2019-11-11 00:20:00,0.061909467
2019-11-11 00:30:00,0.023047894
2019-11-11 00:40:00,0.06595531
2019-11-11 00:50:00,0.022051483
2019-11-11 01:00:00,0.07528651
2019-11-11 01:10:00,0.02700743
2019-11-11 01:20:00,0.0755519
2019-11-11 01:30:00,0.026523024
2019-11-11 01:40:00,0.0851278
2019-11-11 01:50:00,0.025846094
2019-11-11 02:00:00,0.09715477
2019-11-11 02:10:00,0.031971335
2019-11-11 02:20:00,0.11154452
2019-11-11 02:30:00,0.03553185
2019-11-11 02:40:00,0.11219522
2019-11-11 02:50:00,0.034772545
2019-11-11 03:00:00,0.12418482
2019-11-11 03:10:00,0.041280627
2019-11-11 03:20:00,0.12826431
2019-11-11 03:30:00,0.040572077
2019-11-11 03:40:00,0.14917028
2019-11-11 03:50:00,0.047319412
2019-11-11 04:00:00,0.15837094
2019-11-11 04:10:00,0.047305495
2019-11-11 04:20:00,0.16316634
2019-11-11 04:30:00,0.05637923
2019-11-11 04:40:00,0.17867416
2019-11-11 04:50:00,0.05489084
2019-11-11 05:00:00,0.19268602
2019-11-11 05:10:00,0.06393504
2019-11-11 05:20:00,0.20045313
2019-11-11 05:30:00,0.062288284
2019-11-11 05:40:00,0.19576672
2019-11-11 05:50:00,0.06320587
2019-11-11 06:00:00,0.20297721
2019-11-11 06:10:00,0.06530306
2019-11-11 06:20:00,0.22093815
2019-11-11 06:30:00,0.07184839
2019-11-11 06:40:00,0.23446694
2019-11-11 06:50:00,0.06771809
2019-11-11 07:00:00,0.23719376
2019-11-11 07:10:00,0.07453078
2019-11-11 07:20:00,0.25528377
2019-11-11 07:30:00,0.07195738
2019-11-11 07:40:00,0.26603872
2019-11-11 07:50:00,0.080712646
2019-11-11 08:00:00,0.28596553
2019-11-11 08:10:00,0.07876232
2019-11-11 08:20:00,0.29103762
2019-11-11 08:30:00,0.08934629
2019-11-11 08:40:00,0.30851778
2019-11-11 08:50:00,0.086637974
2019-11-11 09:00:00,0.31505048
2019-11-11 09:10:00,0.09861857
2019-11-11 09:20:00,0.33986598
2019-11-11 09:30:00,0.09967211
2019-11-11 09:40:00,0.3538568
2019-11-11 09:50:00,0.10958311
2019-11-11 10:00:00,0.36856627
2019-11-11 10:10:00,0.10670683
2019-11-11 10:20:00,0.38142326
2019-11-11 10:30:00,0.12129578
2019-11-11 10:40:00,0.40041012
2019-11-11 10:50:00,0.12201339
2019-11-11 11:00:00,0.41020495
2019-11-11 11:10:00,0.14046559
2019-11-11 11:20:00,0.40405318
2019-11-11 11:30:00,0.14075682
2019-11-11 11:40:00,0.41150028
2019-11-11 11:50:00,0.15807867
2019-11-11 12:00:00,0.39374518
2019-11-11 12:10:00,0.15369949
2019-11-11 12:20:00,0.41506538
2019-11-11 12:30:00,0.16506165
2019-11-11 12:40:00,0.41551948
2019-11-11 12:50:00,0.15591156
2019-11-11 13:00:00,0.4203841
2019-11-11 13:10:00,0.17613772
2019-11-11 13:20:00,0.43422362
2019-11-11 13:30:00,0.1786358
2019-11-11 13:40:00,0.4452884
2019-11-11 13:50:00,0.19673014
2019-11-11 14:00:00,0.45573604
2019-11-11 14:10:00,0.19757232
2019-11-11 14:20:00,0.46949375
2019-11-11 14:30:00,0.21167672
2019-11-11 14:40:00,0.4694921
2019-11-11 14:50:00,0.21987176
2019-11-11 15:00:00,0.49031758
2019-11-11 15:10:00,0.23721603
2019-11-11 15:20:00,0.485657
2019-11-11 15:30:00,0.24235955
2019-11-11 15:40:00,0.5001105
2019-11-11 15:50:00,0.2463302
2019-11-11 16:00:00,0.5063054
2019-11-11 16:10:00,0.25334793
2019-11-11 16:20:00,0.5220056
2019-11-11 16:30:00,0.26007256
2019-11-11 16:40:00,0.5206704
2019-11-11 16:50:00,0.26256576
2019-11-11 17:00:00,0.5406411
2019-11-11 17:10:00,0.291825
2019-11-11 17:20:00,0.5495497
2019-11-11 17:30:00,0.3038018
2019-11-11 17:40:00,0.54428583
2019-11-11 17:50:00,0.312392
2019-11-11 18:00:00,0.55621994
2019-11-11 18:10:00,0.32465535
2019-11-11 18:20:00,0.56469977
2019-11-11 18:30:00,0.3393767
2019-11-11 18:40:00,0.5718328
2019-11-11 18:50:00,0.3429013
2019-11-11 19:00:00,0.5852206
2019-11-11 19:10:00,0.38276285
2019-11-11 19:20:00,0.57981974
2019-11-11 19:30:00,0.38869202
2019-11-11 19:40:00,0.5900797
2019-11-11 19:50:00,0.37134707
2019-11-11 20:00:00,0.5701403
2019-11-11 20:10:00,0.36706972
2019-11-11 20:20:00,0.55582833
2019-11-11 20:30:00,0.33922526
2019-11-11 20:40:00,0.5238773
2019-11-11 20:50:00,0.32761854
2019-11-11 21:00:00,0.53027785
2019-11-11 21:10:00,0.3037026
2019-11-11 21:20:00,0.49877825
2019-11-11 21:30:00,0.31247234
2019-11-11 21:40:00,0.5110783
2019-11-11 21:50:00,0.2864077
2019-11-11 22:00:00,0.47751123
2019-11-11 22:10:00,0.28547752
2019-11-11 22:20:00,0.49284512
2019-11-11 22:30:00,0.2579597
2019-11-11 22:40:00,0.4473395
2019-11-11 22:50:00,0.28187162
2019-11-11 23:00:00,0.46222487
2019-11-11 23:10:00,0.26420847
2019-11-11 23:20:00,0.44876775
2019-11-11 23:30:00,0.30003795
2019-11-11 23:40:00,0.4521814
2019-11-11 23:50:00,0.26961556
2019-11-12 00:00:00,0.41765076
2019-11-12 00:10:00,0.28135502
2019-11-12 00:20:00,0.43070912
2019-11-12 00:30:00,0.25992316
2019-11-12 00:40:00,0.40752605
2019-11-12 00:50:00,0.28804362
2019-11-12 01:00:00,0.43457893
2019-11-12 01:10:00,0.2704373
2019-11-12 01:20:00,0.3975822
2019-11-12 01:30:00,0.28669584
2019-11-12 01:40:00,0.42083192
2019-11-12 01:50:00,0.29047096
2019-11-12 02:00:00,0.4047165
2019-11-12 02:10:00,0.29245716
2019-11-12 02:20:00,0.39095974
2019-11-12 02:30:00,0.19837978
2019-11-12 02:40:00,0.31959635
2019-11-12 02:50:00,0.21867782
2019-11-12 03:00:00,0.3395028
2019-11-12 03:10:00,0.15781593
2019-11-12 03:20:00,0.27795386
2019-11-12 03:30:00,0.16230756
2019-11-12 03:40:00,0.29542977
2019-11-12 03:50:00,0.12611896
2019-11-12 04:00:00,0.26078916
2019-11-12 04:10:00,0.1364207
2019-11-12 04:20:00,0.28752083
2019-11-12 04:30:00,0.12078482
2019-11-12 04:40:00,0.24096853
2019-11-12 04:50:00,0.12682974
2019-11-12 05:00:00,0.26611596
2019-11-12 05:10:00,0.10176787
2019-11-12 05:20:00,0.22379816
2019-11-12 05:30:00,0.10584912
2019-11-12 05:40:00,0.25548065
2019-11-12 05:50:00,0.08633688
2019-11-12 06:00:00,0.20702341
2019-11-12 06:10:00,0.09753123
2019-11-12 06:20:00,0.23228592
2019-11-12 06:30:00,0.08051652
2019-11-12 06:40:00,0.19004583
2019-11-12 06:50:00,0.090115875
2019-11-12 07:00:00,0.2176995
2019-11-12 07:10:00,0.0740757
2019-11-12 07:20:00,0.1765897
2019-11-12 07:30:00,0.08033657
2019-11-12 07:40:00,0.20222527
2019-11-12 07:50:00,0.065995455
2019-11-12 08:00:00,0.1617868
2019-11-12 08:10:00,0.0743503
2019-11-12 08:20:00,0.18599379
2019-11-12 08:30:00,0.059874505
2019-11-12 08:40:00,0.14303884
2019-11-12 08:50:00,0.06245503
2019-11-12 09:00:00,0.16681099
2019-11-12 09:10:00,0.050621778
2019-11-12 09:20:00,0.13211453
2019-11-12 09:30:00,0.06025991
2019-11-12 09:40:00,0.16387218
2019-11-12 09:50:00,0.05230108
2019-11-12 10:00:00,0.12589222
2019-11-12 10:10:00,0.057965487
2019-11-12 10:20:00,0.1439898
2019-11-12 10:30:00,0.048583537
2019-11-12 10:40:00,0.10540211
2019-11-12 10:50:00,0.04696718
2019-11-12 11:00:00,0.12420359
2019-11-12 11:10:00,0.03406483
2019-11-12 11:20:00,0.09739545
2019-11-12 11:30:00,0.036639065
2019-11-12 11:40:00,0.11833385
2019-11-12 11:50:00,0.030881315
2019-11-12 12:00:00,0.09400952
2019-11-12 12:10:00,0.03306395
2019-11-12 12:20:00,0.112436086
2019-11-12 12:30:00,0.029272556
2019-11-12 12:40:00,0.08700535
2019-11-12 12:50:00,0.032352597
2019-11-12 13:00:00,0.11190227
2019-11-12 13:10:00,0.02890706
2019-11-12 13:20:00,0.08904004
2019-11-12 13:30:00,0.031818807
2019-11-12 13:40:00,0.11112338
2019-11-12 13:50:00,0.028365344
2019-11-12 14:00:00,0.08456394
2019-11-12 14:10:00,0.029741138
2019-11-12 14:20:00,0.098694235
2019-11-12 14:30:00,0.026773721
2019-11-12 14:40:00,0.07706213
2019-11-12 14:50:00,0.026308984
2019-11-12 15:00:00,0.09716138
2019-11-12 15:10:00,0.025686651
2019-11-12 15:20:00,0.07586005
2019-11-12 15:30:00,0.026022196
2019-11-12 15:40:00,0.09360573
2019-11-12 15:50:00,0.022755235
2019-11-12 16:00:00,0.070241004
2019-11-12 16:10:00,0.023542792
2019-11-12 16:20:00,0.085531205
2019-11-12 16:30:00,0.021440476
2019-11-12 16:40:00,0.06641835
2019-11-12 16:50:00,0.022164494
2019-11-12 17:00:00,0.08154115
2019-11-12 17:10:00,0.021022737
2019-11-12 17:20:00,0.06643322
2019-11-12 17:30:00,0.021473348
2019-11-12 17:40:00,0.08213046
2019-11-12 17:50:00,0.019542068
2019-11-12 18:00:00,0.06841141
2019-11-12 18:10:00,0.020316362
2019-11-12 18:20:00,0.08403182
2019-11-12 18:30:00,0.019292265
2019-11-12 18:40:00,0.07116157
2019-11-12 18:50:00,0.017911583
2019-11-12 19:00:00,0.08217746
2019-11-12 19:10:00,0.017960131
2019-11-12 19:20:00,0.06799239
2019-11-12 19:30:00,0.017259032
2019-11-12 19:40:00,0.08188543
2019-11-12 19:50:00,0.016106308
2019-11-12 20:00:00,0.06967276
2019-11-12 20:10:00,0.017114043
2019-11-12 20:20:00,0.079355866
2019-11-12 20:30:00,0.017219782
2019-11-12 20:40:00,0.06402457
2019-11-12 20:50:00,0.015742034
2019-11-12 21:00:00,0.0772669
2019-11-12 21:10:00,0.016933054
2019-11-12 21:20:00,0.06613296
2019-11-12 21:30:00,0.017084986
2019-11-12 21:40:00,0.08206874
2019-11-12 21:50:00,0.017610252
2019-11-12 22:00:00,0.0652107
2019-11-12 22:10:00,0.01758933
2019-11-12 22:20:00,0.07467076
2019-11-12 22:30:00,0.016625315
2019-11-12 22:40:00,0.056764305
2019-11-12 22:50:00,0.016127378
2019-11-12 23:00:00,0.06458306
2019-11-12 23:10:00,0.016534507
2019-11-12 23:20:00,0.053042263
2019-11-12 23:30:00,0.016909897
2019-11-12 23:40:00,0.06695607
2019-11-12 23:50:00,0.018309683
2019-11-13 00:00:00,0.05520484
2019-11-13 00:10:00,0.017664462
2019-11-13 00:20:00,0.06023115
2019-11-13 00:30:00,0.019195646
2019-11-13 00:40:00,0.055583835
2019-11-13 00:50:00,0.01992935
2019-11-13 01:00:00,0.06587717
2019-11-13 01:10:00,0.018325567
2019-11-13 01:20:00,0.05344674
2019-11-13 01:30:00,0.018230438
2019-11-13 01:40:00,0.06132579
2019-11-13 01:50:00,0.019364715
2019-11-13 02:00:00,0.053019077
2019-11-13 02:10:00,0.01892817
2019-11-13 02:20:00,0.061612517
2019-11-13 02:30:00,0.02175349
2019-11-13 02:40:00,0.055250555
2019-11-13 02:50:00,0.020705849
2019-11-13 03:00:00,0.06555718
2019-11-13 03:10:00,0.02529946
2019-11-13 03:20:00,0.06055206
2019-11-13 03:30:00,0.027046353
2019-11-13 03:40:00,0.075873554
2019-11-13 03:50:00,0.031148016
2019-11-13 04:00:00,0.06694341
2019-11-13 04:10:00,0.028807938
2019-11-13 04:20:00,0.08020049
2019-11-13 04:30:00,0.033334315
2019-11-13 04:40:00,0.07278353
2019-11-13 04:50:00,0.03384143
2019-11-13 05:00:00,0.08138183
2019-11-13 05:10:00,0.037518084
2019-11-13 05:20:00,0.07359496
2019-11-13 05:30:00,0.035217077
2019-11-13 05:40:00,0.08110678
2019-11-13 05:50:00,0.036947012
2019-11-13 06:00:00,0.07222566
2019-11-13 06:10:00,0.03186512
2019-11-13 06:20:00,0.07219273
2019-11-13 06:30:00,0.030426353
2019-11-13 06:40:00,0.06347197
2019-11-13 06:50:00,0.029167473
2019-11-13 07:00:00,0.07554793
2019-11-13 07:10:00,0.032319993
2019-11-13 07:20:00,0.072071165
2019-11-13 07:30:00,0.034014136
2019-11-13 07:40:00,0.07412928
2019-11-13 07:50:00,0.035611987
2019-11-13 08:00:00,0.06970158
2019-11-13 08:10:00,0.034826696
2019-11-13 08:20:00,0.07613158
2019-11-13 08:30:00,0.04064676
2019-11-13 08:40:00,0.072680324
2019-11-13 08:50:00,0.03839928
2019-11-13 09:00:00,0.08002186
2019-11-13 09:10:00,0.045520306
2019-11-13 09:20:00,0.070738494
2019-11-13 09:30:00,0.045951545
2019-11-13 09:40:00,0.07456285
2019-11-13 09:50:00,0.054427803
2019-11-13 10:00:00,0.077508
2019-11-13 10:10:00,0.062171668
2019-11-13 10:20:00,0.08348954
2019-11-13 10:30:00,0.07420492
2019-11-13 10:40:00,0.082321525
2019-11-13 10:50:00,0.074207515
2019-11-13 11:00:00,0.08619237
2019-11-13 11:10:00,0.080932826
2019-11-13 11:20:00,0.08199844
2019-11-13 11:30:00,0.07692531
2019-11-13 11:40:00,0.08432245
2019-11-13 11:50:00,0.08181128
2019-11-13 12:00:00,0.08007386
2019-11-13 12:10:00,0.07477799
2019-11-13 12:20:00,0.07772082
2019-11-13 12:30:00,0.084748924
2019-11-13 12:40:00,0.076117545
2019-11-13 12:50:00,0.07852501
2019-11-13 13:00:00,0.07274121
2019-11-13 13:10:00,0.07979429
2019-11-13 13:20:00,0.07049942
2019-11-13 13:30:00,0.07412127
2019-11-13 13:40:00,0.067014575
2019-11-13 13:50:00,0.07548836
2019-11-13 14:00:00,0.067112535
2019-11-13 14:10:00,0.076503724
2019-11-13 14:20:00,0.06671056
2019-11-13 14:30:00,0.07994291
2019-11-13 14:40:00,0.06392273
2019-11-13 14:50:00,0.07451329
2019-11-13 15:00:00,0.062544346
2019-11-13 15:10:00,0.07740465
2019-11-13 15:20:00,0.060116827
2019-11-13 15:30:00,0.07404113
2019-11-13 15:40:00,0.059078157
2019-11-13 15:50:00,0.080370754
2019-11-13 16:00:00,0.057812214
2019-11-13 16:10:00,0.0724023
2019-11-13 16:20:00,0.054911524
2019-11-13 16:30:00,0.069809586
2019-11-13 16:40:00,0.055803895
2019-11-13 16:50:00,0.076827765
2019-11-13 17:00:00,0.054360837
2019-11-13 17:10:00,0.08414331
2019-11-13 17:20:00,0.057452798
2019-11-13 17:30:00,0.093064785
2019-11-13 17:40:00,0.060594946
2019-11-13 17:50:00,0.09912419
2019-11-13 18:00:00,0.05555892
2019-11-13 18:10:00,0.092817515
2019-11-13 18:20:00,0.054544955
2019-11-13 18:30:00,0.091898024
2019-11-13 18:40:00,0.054787785
2019-11-13 18:50:00,0.0894649
2019-11-13 19:00:00,0.051864505
2019-11-13 19:10:00,0.092880815
2019-11-13 19:20:00,0.050207883
2019-11-13 19:30:00,0.09528166
2019-11-13 19:40:00,0.047079116
2019-11-13 19:50:00,0.09348783
2019-11-13 20:00:00,0.047070593
2019-11-13 20:10:00,0.09122068
2019-11-13 20:20:00,0.04091984
2019-11-13 20:30:00,0.09181604
2019-11-13 20:40:00,0.04315126
2019-11-13 20:50:00,0.09700847
2019-11-13 21:00:00,0.039479196
2019-11-13 21:10:00,0.09467378
2019-11-13 21:20:00,0.038695544
2019-11-13 21:30:00,0.09183723
2019-11-13 21:40:00,0.03640163
2019-11-13 21:50:00,0.08255315
2019-11-13 22:00:00,0.03803456
2019-11-13 22:10:00,0.081375
2019-11-13 22:20:00,0.035293847
2019-11-13 22:30:00,0.071073025
2019-11-13 22:40:00,0.03650573
2019-11-13 22:50:00,0.07248795
2019-11-13 23:00:00,0.033921093
2019-11-13 23:10:00,0.06898302
2019-11-13 23:20:00,0.034529895
2019-11-13 23:30:00,0.07092455
2019-11-13 23:40:00,0.036058515
2019-11-13 23:50:00,0.07431999
2019-11-14 00:00:00,0.037245154
2019-11-14 00:10:00,0.07324928
2019-11-14 00:20:00,0.03752792
2019-11-14 00:30:00,0.0732812
2019-11-14 00:40:00,0.03854263
2019-11-14 00:50:00,0.0785965
2019-11-14 01:00:00,0.039311826
2019-11-14 01:10:00,0.07636428
2019-11-14 01:20:00,0.03977579
2019-11-14 01:30:00,0.080118716
2019-11-14 01:40:00,0.03869483
2019-11-14 01:50:00,0.078401774
2019-11-14 02:00:00,0.03961742
2019-11-14 02:10:00,0.07786262
2019-11-14 02:20:00,0.037627637
2019-11-14 02:30:00,0.08059117
2019-11-14 02:40:00,0.038142443
2019-11-14 02:50:00,0.07937908
2019-11-14 03:00:00,0.038722605
2019-11-14 03:10:00,0.081374615
2019-11-14 03:20:00,0.039090663
2019-11-14 03:30:00,0.082164854
2019-11-14 03:50:00,0.03782621
2019-11-14 04:00:00,0.07623038
2019-11-14 04:10:00,0.037969142
2019-11-14 04:20:00,0.07065198
2019-11-14 04:30:00,0.036774307
2019-11-14 04:40:00,0.067162484
2019-11-14 04:50:00,0.037516266
2019-11-14 05:00:00,0.064817965
2019-11-14 05:10:00,0.03619203
2019-11-14 05:20:00,0.064382136
2019-11-14 05:30:00,0.036592454
2019-11-14 05:40:00,0.0634785
2019-11-14 05:50:00,0.03609553
2019-11-14 06:00:00,0.06629497
2019-11-14 06:10:00,0.038565874
2019-11-14 06:20:00,0.063109845
2019-11-14 06:30:00,0.03691703
2019-11-14 06:40:00,0.063978255
2019-11-14 06:50:00,0.036779433
2019-11-14 07:00:00,0.060912043
2019-11-14 07:10:00,0.037429005
2019-11-14 07:20:00,0.06343219
2019-11-14 07:30:00,0.037096024
2019-11-14 07:40:00,0.061056465
2019-11-14 07:50:00,0.03781119
2019-11-14 08:00:00,0.062646985
2019-11-14 08:10:00,0.037304908
2019-11-14 08:20:00,0.053850383
2019-11-14 08:30:00,0.034526944
2019-11-14 08:40:00,0.053087175
2019-11-14 08:50:00,0.03352946
2019-11-14 09:00:00,0.04911998
2019-11-14 09:10:00,0.032462597
2019-11-14 09:20:00,0.05478233
2019-11-14 09:30:00,0.03372541
2019-11-14 09:40:00,0.05063811
2019-11-14 09:50:00,0.03298062
2019-11-14 10:00:00,0.05688867
2019-11-14 10:10:00,0.03197959
2019-11-14 10:20:00,0.050400704
2019-11-14 10:30:00,0.027742714
2019-11-14 10:40:00,0.052670896
2019-11-14 10:50:00,0.029963613
2019-11-14 11:00:00,0.048633695
2019-11-14 11:10:00,0.028305382
2019-11-14 11:20:00,0.050200373
2019-11-14 11:30:00,0.026326627
2019-11-14 11:40:00,0.04273206
2019-11-14 11:50:00,0.02555275
2019-11-14 12:00:00,0.046895564
2019-11-14 12:10:00,0.025197238
2019-11-14 12:20:00,0.041730464
2019-11-14 12:30:00,0.024263084
2019-11-14 12:40:00,0.043110132
2019-11-14 12:50:00,0.024503618
2019-11-14 13:00:00,0.039837092
2019-11-14 13:10:00,0.023327649
2019-11-14 13:20:00,0.04254052
2019-11-14 13:30:00,0.024742246
2019-11-14 13:40:00,0.0396353
2019-11-14 13:50:00,0.02377966
2019-11-14 14:00:00,0.045102984
2019-11-14 14:10:00,0.02473244
2019-11-14 14:20:00,0.04144326
2019-11-14 14:30:00,0.024962395
2019-11-14 14:40:00,0.042788804
2019-11-14 14:50:00,0.025247395
2019-11-14 15:00:00,0.03932789
2019-11-14 15:10:00,0.02564454
2019-11-14 15:20:00,0.039616942
2019-11-14 15:30:00,0.025571167
2019-11-14 15:40:00,0.040403306
2019-11-14 15:50:00,0.025247812
2019-11-14 16:00:00,0.03982556
2019-11-14 16:10:00,0.025219023
2019-11-14 16:20:00,0.037029743
2019-11-14 16:30:00,0.025322706
2019-11-14 16:40:00,0.038105518
2019-11-14 16:50:00,0.024287194
2019-11-14 17:00:00,0.03456053
2019-11-14 17:10:00,0.025103778
2019-11-14 17:20:00,0.035934865
2019-11-14 17:30:00,0.027076572
2019-11-14 17:40:00,0.036311567
2019-11-14 17:50:00,0.027434766
2019-11-14 18:00:00,0.036272436
2019-11-14 18:10:00,0.027308762
2019-11-14 18:20:00,0.03462258
2019-11-14 18:30:00,0.027727693
2019-11-14 18:40:00,0.03688857
2019-11-14 18:50:00,0.026848495
2019-11-14 19:00:00,0.036795914
2019-11-14 19:10:00,0.030297399
2019-11-14 19:20:00,0.03708166
2019-11-14 19:30:00,0.027626187
2019-11-14 19:40:00,0.03352514
2019-11-14 19:50:00,0.03019324
2019-11-14 20:00:00,0.036079556
2019-11-14 20:10:00,0.02883175
2019-11-14 20:20:00,0.03618169
2019-11-14 20:30:00,0.031485617
2019-11-14 20:40:00,0.038712233
2019-11-14 20:50:00,0.032322586
2019-11-14 21:00:00,0.038154423
2019-11-14 21:10:00,0.03430873
2019-11-14 21:20:00,0.038662523
2019-11-14 21:30:00,0.033156693
2019-11-14 21:40:00,0.037331372
2019-11-14 21:50:00,0.034335196
2019-11-14 22:00:00,0.038781792
2019-11-14 22:10:00,0.033701956
2019-11-14 22:20:00,0.037412703
2019-11-14 22:30:00,0.034760803
2019-11-14 22:40:00,0.03983167
2019-11-14 22:50:00,0.035910487
2019-11-14 23:00:00,0.039041072
2019-11-14 23:10:00,0.03871703
2019-11-14 23:20:00,0.042119622
2019-11-14 23:30:00,0.03416598
2019-11-14 23:40:00,0.039069265
2019-11-14 23:50:00,0.03506747
2019-11-15 00:00:00,0.039870232
2019-11-15 00:10:00,0.031553626
2019-11-15 00:20:00,0.032429606
2019-11-15 00:30:00,0.032252133
2019-11-15 00:40:00,0.034156203
2019-11-15 00:50:00,0.029399663
2019-11-15 01:00:00,0.03146118
2019-11-15 01:10:00,0.03012532
2019-11-15 01:20:00,0.033786923
2019-11-15 01:30:00,0.026207924
2019-11-15 01:40:00,0.030135453
2019-11-15 01:50:00,0.02668932
2019-11-15 02:00:00,0.031154573
2019-11-15 02:10:00,0.023808539
2019-11-15 02:20:00,0.028478026
2019-11-15 02:30:00,0.02505362
2019-11-15 02:40:00,0.032898515
2019-11-15 02:50:00,0.025382936
2019-11-15 03:00:00,0.029983103
2019-11-15 03:10:00,0.0254004
2019-11-15 03:20:00,0.032678902
2019-11-15 03:30:00,0.024578035
2019-11-15 03:40:00,0.027859837
2019-11-15 03:50:00,0.023215026
2019-11-15 04:00:00,0.029355466
2019-11-15 04:10:00,0.025297552
2019-11-15 04:20:00,0.025962383
2019-11-15 04:30:00,0.02550605
2019-11-15 04:40:00,0.030554831
2019-11-15 04:50:00,0.02711606
2019-11-15 05:00:00,0.027925134
2019-11-15 05:10:00,0.025376916
2019-11-15 05:20:00,0.030459166
2019-11-15 05:30:00,0.0248093
2019-11-15 05:40:00,0.027234465
2019-11-15 05:50:00,0.023380786
2019-11-15 06:00:00,0.030170918
2019-11-15 06:10:00,0.023967385
2019-11-15 06:20:00,0.026782155
2019-11-15 06:30:00,0.023086399
2019-11-15 06:40:00,0.030388743
2019-11-15 06:50:00,0.022592932
2019-11-15 07:00:00,0.026872575
2019-11-15 07:10:00,0.020787507
2019-11-15 07:20:00,0.028005958
2019-11-15 07:30:00,0.021127582
2019-11-15 07:40:00,0.024712354
2019-11-15 07:50:00,0.019679904
2019-11-15 08:00:00,0.026697606
2019-11-15 08:10:00,0.020174414
2019-11-15 08:20:00,0.023983598
2019-11-15 08:30:00,0.019362926
2019-11-15 08:40:00,0.025681198
2019-11-15 08:50:00,0.021089315
2019-11-15 09:00:00,0.023715168
2019-11-15 09:10:00,0.020334303
2019-11-15 09:20:00,0.025481641
2019-11-15 09:30:00,0.020234853
2019-11-15 09:40:00,0.023334473
2019-11-15 09:50:00,0.019582093
2019-11-15 10:00:00,0.024764389
2019-11-15 10:10:00,0.021202743
2019-11-15 10:20:00,0.023553371
2019-11-15 10:30:00,0.019251883
2019-11-15 10:40:00,0.025660694
2019-11-15 10:50:00,0.01951915
2019-11-15 11:00:00,0.02220732
2019-11-15 11:10:00,0.017350405
2019-11-15 11:20:00,0.02461958
2019-11-15 11:30:00,0.017444432
2019-11-15 11:40:00,0.023743123
2019-11-15 11:50:00,0.016825736
2019-11-15 12:00:00,0.025770217
2019-11-15 12:10:00,0.017631501
2019-11-15 12:20:00,0.025185794
2019-11-15 12:30:00,0.01758954
2019-11-15 12:40:00,0.027558446
2019-11-15 12:50:00,0.019204319
2019-11-15 13:00:00,0.025764525
2019-11-15 13:10:00,0.018129438
2019-11-15 13:20:00,0.027455151
2019-11-15 13:30:00,0.018592507
2019-11-15 13:40:00,0.02597186
2019-11-15 13:50:00,0.018189013
2019-11-15 14:00:00,0.02726376
2019-11-15 14:10:00,0.018697083
2019-11-15 14:20:00,0.025722057
2019-11-15 14:30:00,0.018308848
2019-11-15 14:40:00,0.027065605
2019-11-15 14:50:00,0.018874198
2019-11-15 15:00:00,0.02604431
2019-11-15 15:10:00,0.018556654
2019-11-15 15:20:00,0.027485907
2019-11-15 15:30:00,0.019104749
2019-11-15 15:40:00,0.02400899
2019-11-15 15:50:00,0.01842159
2019-11-15 16:00:00,0.022635818
2019-11-15 16:10:00,0.019322813
2019-11-15 16:20:00,0.020456314
2019-11-15 16:30:00,0.018648356
2019-11-15 16:40:00,0.020643175
2019-11-15 16:50:00,0.019265652
2019-11-15 17:00:00,0.01976955
2019-11-15 17:10:00,0.019841671
2019-11-15 17:20:00,0.022277892
2019-11-15 17:30:00,0.02075252
2019-11-15 17:40:00,0.020734698
2019-11-15 17:50:00,0.019777775
2019-11-15 18:00:00,0.02090022
2019-11-15 18:10:00,0.021336287
2019-11-15 18:20:00,0.020471275
2019-11-15 18:30:00,0.020992994
2019-11-15 18:40:00,0.022007555
2019-11-15 18:50:00,0.021280587
2019-11-15 19:00:00,0.020667404
2019-11-15 19:10:00,0.020777166
2019-11-15 19:20:00,0.022260249
2019-11-15 19:30:00,0.020894706
2019-11-15 19:40:00,0.019721597
2019-11-15 19:50:00,0.020516962
2019-11-15 20:00:00,0.022569805
2019-11-15 20:10:00,0.021132737
2019-11-15 20:20:00,0.020177871
2019-11-15 20:30:00,0.019946843
2019-11-15 20:40:00,0.021790802
2019-11-15 20:50:00,0.02035737
2019-11-15 21:00:00,0.018653274
2019-11-15 21:10:00,0.019836724
2019-11-15 21:20:00,0.020261347
2019-11-15 21:30:00,0.020162314
2019-11-15 21:40:00,0.017907977
2019-11-15 21:50:00,0.020243347
2019-11-15 22:00:00,0.019272953
2019-11-15 22:10:00,0.020481199
2019-11-15 22:20:00,0.017113417
2019-11-15 22:30:00,0.02065605
2019-11-15 22:40:00,0.018220961
2019-11-15 22:50:00,0.019570261
2019-11-15 23:00:00,0.01624462
2019-11-15 23:10:00,0.01877591
2019-11-15 23:20:00,0.01822418
2019-11-15 23:30:00,0.019338042
2019-11-15 23:40:00,0.015478164
2019-11-15 23:50:00,0.018292785
2019-11-16 00:00:00,0.01792407
2019-11-16 00:10:00,0.018406987
2019-11-16 00:20:00,0.015739024
2019-11-16 00:30:00,0.018637508
2019-11-16 00:40:00,0.017121613
2019-11-16 00:50:00,0.018755466
2019-11-16 01:00:00,0.017059356
2019-11-16 01:10:00,0.018880993
2019-11-16 01:20:00,0.018516302
2019-11-16 01:30:00,0.019025981
2019-11-16 01:40:00,0.01810214
2019-11-16 01:50:00,0.021126837
2019-11-16 02:00:00,0.020236433
2019-11-16 02:10:00,0.020224988
2019-11-16 02:20:00,0.017697424
2019-11-16 02:30:00,0.021030784
2019-11-16 02:40:00,0.019173503
2019-11-16 02:50:00,0.01998216
2019-11-16 03:00:00,0.018128544
2019-11-16 03:10:00,0.020043254
2019-11-16 03:20:00,0.02047342
2019-11-16 03:30:00,0.018969655
2019-11-16 03:40:00,0.019881219
2019-11-16 03:50:00,0.020729452
2019-11-16 04:00:00,0.022029877
2019-11-16 04:10:00,0.020591885
2019-11-16 04:20:00,0.020637035
2019-11-16 04:30:00,0.022202253
2019-11-16 04:40:00,0.023450822
2019-11-16 04:50:00,0.02250266
2019-11-16 05:00:00,0.02360192
2019-11-16 05:10:00,0.025806457
2019-11-16 05:20:00,0.025701761
2019-11-16 05:30:00,0.024976373
2019-11-16 05:40:00,0.023556411
2019-11-16 05:50:00,0.025203913
2019-11-16 06:00:00,0.026725024
2019-11-16 06:10:00,0.024583608
2019-11-16 06:20:00,0.026304394
2019-11-16 06:30:00,0.025348783
2019-11-16 06:40:00,0.02659598
2019-11-16 06:50:00,0.02689737
2019-11-16 07:00:00,0.026719153
2019-11-16 07:10:00,0.034426212
2019-11-16 07:20:00,0.027822822
2019-11-16 07:30:00,0.028931081
2019-11-16 07:40:00,0.030354887
2019-11-16 07:50:00,0.03122279
2019-11-16 08:00:00,0.030742973
2019-11-16 08:10:00,0.03135392
2019-11-16 08:20:00,0.03317067
2019-11-16 08:30:00,0.03107658
2019-11-16 08:40:00,0.03353724
2019-11-16 08:50:00,0.031605452
2019-11-16 09:00:00,0.03466019
2019-11-16 09:10:00,0.03315538
2019-11-16 09:20:00,0.034795225
2019-11-16 09:30:00,0.03377202
2019-11-16 09:40:00,0.03810057
2019-11-16 09:50:00,0.03874919
2019-11-16 10:00:00,0.037252575
2019-11-16 10:10:00,0.03704965
2019-11-16 10:20:00,0.039331377
2019-11-16 10:30:00,0.038706303
2019-11-16 10:40:00,0.03914404
2019-11-16 10:50:00,0.031478614
2019-11-16 11:00:00,0.037821084
2019-11-16 11:10:00,0.032958776
2019-11-16 11:20:00,0.03562811
2019-11-16 11:30:00,0.024585873
2019-11-16 11:40:00,0.037339777
2019-11-16 11:50:00,0.025404096
2019-11-16 12:00:00,0.033011526
2019-11-16 12:10:00,0.024724424
2019-11-16 12:20:00,0.034513563
2019-11-16 12:30:00,0.0259431
2019-11-16 12:40:00,0.03518313
2019-11-16 12:50:00,0.024368197
2019-11-16 13:00:00,0.036423028
2019-11-16 13:10:00,0.025307
2019-11-16 13:20:00,0.034862548
2019-11-16 13:30:00,0.023706615
2019-11-16 13:40:00,0.037199885
2019-11-16 13:50:00,0.0255737
2019-11-16 14:00:00,0.037965626
2019-11-16 14:10:00,0.02379939
2019-11-16 14:20:00,0.03799647
2019-11-16 14:30:00,0.025929272
2019-11-16 14:40:00,0.037754864
2019-11-16 14:50:00,0.025534868
2019-11-16 15:00:00,0.041472465
2019-11-16 15:10:00,0.024073362
2019-11-16 15:20:00,0.040376484
2019-11-16 15:30:00,0.023617506
2019-11-16 15:40:00,0.042414755
2019-11-16 15:50:00,0.024139196
2019-11-16 16:00:00,0.041134894
2019-11-16 16:10:00,0.021809787
2019-11-16 16:20:00,0.042393923
2019-11-16 16:30:00,0.021935046
2019-11-16 16:40:00,0.03991908
2019-11-16 16:50:00,0.021184713
2019-11-16 17:00:00,0.040694386
2019-11-16 17:10:00,0.02224943
2019-11-16 17:20:00,0.039208293
2019-11-16 17:30:00,0.022511065
2019-11-16 17:40:00,0.041574746
2019-11-16 17:50:00,0.022877604
2019-11-16 18:00:00,0.04037237
2019-11-16 18:10:00,0.025125504
2019-11-16 18:20:00,0.0450657
2019-11-16 18:30:00,0.023968786
2019-11-16 18:40:00,0.041751564
2019-11-16 18:50:00,0.024159014
2019-11-16 19:00:00,0.043772817
2019-11-16 19:10:00,0.024384797
2019-11-16 19:20:00,0.04093647
2019-11-16 19:30:00,0.024448872
2019-11-16 19:40:00,0.042297423
2019-11-16 19:50:00,0.023332924
2019-11-16 20:00:00,0.040245563
2019-11-16 20:10:00,0.022954196
2019-11-16 20:20:00,0.042822808
2019-11-16 20:30:00,0.022883415
2019-11-16 20:40:00,0.041053265
2019-11-16 20:50:00,0.023244679
2019-11-16 21:00:00,0.043307066
2019-11-16 21:10:00,0.022963345
2019-11-16 21:20:00,0.041231215
2019-11-16 21:30:00,0.022278816
2019-11-16 21:40:00,0.043176293
2019-11-16 21:50:00,0.022812217
2019-11-16 22:00:00,0.042791456
2019-11-16 22:10:00,0.023734719
2019-11-16 22:20:00,0.04284802
2019-11-16 22:30:00,0.023744524
2019-11-16 22:40:00,0.04213476
2019-11-16 22:50:00,0.023238957
2019-11-16 23:00:00,0.045233876
2019-11-16 23:10:00,0.023533732
2019-11-16 23:20:00,0.043290645
2019-11-16 23:30:00,0.023024708
2019-11-16 23:40:00,0.04766965
2019-11-16 23:50:00,0.023409426
2019-11-17 00:00:00,0.044815153
2019-11-17 00:10:00,0.024563462
2019-11-17 00:20:00,0.049066603
2019-11-17 00:30:00,0.02198422
2019-11-17 00:40:00,0.04610616
2019-11-17 00:50:00,0.022623122
2019-11-17 01:00:00,0.048611313
2019-11-17 01:10:00,0.022022456
2019-11-17 01:20:00,0.04260975
2019-11-17 01:30:00,0.023033887
2019-11-17 01:40:00,0.044380754
2019-11-17 01:50:00,0.021968842
2019-11-17 02:00:00,0.037599206
2019-11-17 02:10:00,0.023056984
2019-11-17 02:20:00,0.039964974
2019-11-17 02:30:00,0.022434741
2019-11-17 02:40:00,0.037327588
2019-11-17 02:50:00,0.023914456
2019-11-17 03:00:00,0.040749222
2019-11-17 03:10:00,0.023314387
2019-11-17 03:20:00,0.037662566
2019-11-17 03:30:00,0.025418878
2019-11-17 03:40:00,0.042709053
2019-11-17 03:50:00,0.02435702
2019-11-17 04:00:00,0.040258527
2019-11-17 04:10:00,0.024781108
2019-11-17 04:20:00,0.04065329
2019-11-17 04:30:00,0.022932738
2019-11-17 04:40:00,0.035870165
2019-11-17 04:50:00,0.02396977
2019-11-17 05:00:00,0.041107208
2019-11-17 05:10:00,0.02392143
2019-11-17 05:20:00,0.03883168
2019-11-17 05:30:00,0.02616465
2019-11-17 05:40:00,0.040991277
2019-11-17 05:50:00,0.025710523
2019-11-17 06:00:00,0.040777504
2019-11-17 06:10:00,0.028329551
2019-11-17 06:20:00,0.041121572
2019-11-17 06:30:00,0.027617693
2019-11-17 06:40:00,0.03858745
2019-11-17 06:50:00,0.028064936
2019-11-17 07:00:00,0.03848183
2019-11-17 07:10:00,0.027387619
2019-11-17 07:20:00,0.03824687
2019-11-17 07:30:00,0.029541403
2019-11-17 07:40:00,0.038580924
2019-11-17 07:50:00,0.027160794
2019-11-17 08:00:00,0.035726458
2019-11-17 08:10:00,0.027615428
2019-11-17 08:20:00,0.03498155
2019-11-17 08:30:00,0.027539581
2019-11-17 08:40:00,0.03564331
2019-11-17 08:50:00,0.026321799
2019-11-17 09:00:00,0.03382185
2019-11-17 09:10:00,0.02606386
2019-11-17 09:20:00,0.03464195
2019-11-17 09:30:00,0.023944944
2019-11-17 09:40:00,0.030434698
2019-11-17 09:50:00,0.023564368
2019-11-17 10:00:00,0.03207442
2019-11-17 10:10:00,0.02364105
2019-11-17 10:20:00,0.030355573
2019-11-17 10:30:00,0.022942722
2019-11-17 10:40:00,0.028701305
2019-11-17 10:50:00,0.023282558
2019-11-17 11:00:00,0.027382344
2019-11-17 11:10:00,0.022447199
2019-11-17 11:20:00,0.027607322
2019-11-17 11:30:00,0.026422799
2019-11-17 11:40:00,0.024093151
2019-11-17 11:50:00,0.025410146
2019-11-17 12:00:00,0.02223
2019-11-17 12:10:00,0.02572146
2019-11-17 12:20:00,0.021274537
2019-11-17 12:30:00,0.025297731
2019-11-17 12:40:00,0.022481114
2019-11-17 12:50:00,0.026395082
2019-11-17 13:00:00,0.021096349
2019-11-17 13:10:00,0.025936455
2019-11-17 13:20:00,0.020482183
2019-11-17 13:30:00,0.027136475
2019-11-17 13:40:00,0.019468516
2019-11-17 13:50:00,0.028563708
2019-11-17 14:00:00,0.020233065
2019-11-17 14:10:00,0.029693544
2019-11-17 14:20:00,0.019613147
2019-11-17 14:30:00,0.031412542
2019-11-17 14:40:00,0.019977748
2019-11-17 14:50:00,0.03298378
2019-11-17 15:00:00,0.019113868
2019-11-17 15:10:00,0.033515185
2019-11-17 15:20:00,0.019383729
2019-11-17 15:30:00,0.03447476
2019-11-17 15:40:00,0.01829207
2019-11-17 15:50:00,0.03565827
2019-11-17 16:00:00,0.018294811
2019-11-17 16:10:00,0.036173254
2019-11-17 16:20:00,0.017116249
2019-11-17 16:30:00,0.034970075
2019-11-17 16:40:00,0.018378586
2019-11-17 16:50:00,0.036126107
2019-11-17 17:00:00,0.017511696
2019-11-17 17:10:00,0.038254738
2019-11-17 17:20:00,0.019106865
2019-11-17 17:30:00,0.04277864
2019-11-17 17:40:00,0.016566217
2019-11-17 17:50:00,0.041427404
2019-11-17 18:00:00,0.01721242
2019-11-17 18:10:00,0.04362738
2019-11-17 18:20:00,0.017830282
2019-11-17 18:30:00,0.045153618
2019-11-17 18:40:00,0.018352538
2019-11-17 18:50:00,0.044622064
2019-11-17 19:00:00,0.017241031
2019-11-17 19:10:00,0.045487165
2019-11-17 19:20:00,0.018737614
2019-11-17 19:30:00,0.047831386
2019-11-17 19:40:00,0.017003566
2019-11-17 19:50:00,0.048681557
2019-11-17 20:00:00,0.018191278
2019-11-17 20:10:00,0.048282057
2019-11-17 20:20:00,0.017627805
2019-11-17 20:30:00,0.04833001
2019-11-17 20:40:00,0.019374758
2019-11-17 20:50:00,0.04989487
2019-11-17 21:00:00,0.017739445
2019-11-17 21:10:00,0.048752427
2019-11-17 21:20:00,0.018226653
2019-11-17 21:30:00,0.048268646
2019-11-17 21:40:00,0.016711414
2019-11-17 21:50:00,0.046527773
2019-11-17 22:00:00,0.017588288
2019-11-17 22:10:00,0.04163274
2019-11-17 22:20:00,0.016598523
2019-11-17 22:30:00,0.0431152
2019-11-17 22:40:00,0.018162757
2019-11-17 22:50:00,0.043641865
2019-11-17 23:00:00,0.017197758
2019-11-17 23:10:00,0.040622264
2019-11-17 23:20:00,0.017600656
2019-11-17 23:30:00,0.042138726
2019-11-17 23:40:00,0.016593307
2019-11-17 23:50:00,0.043022215
2019-11-18 00:00:00,0.018002033
2019-11-18 00:10:00,0.042506456
2019-11-18 00:20:00,0.017142832
2019-11-18 00:30:00,0.045746356
2019-11-18 00:40:00,0.019797802
2019-11-18 00:50:00,0.046139985
2019-11-18 01:00:00,0.018677473
2019-11-18 01:10:00,0.04527515
2019-11-18 01:20:00,0.019964755
2019-11-18 01:30:00,0.04641825
2019-11-18 01:40:00,0.018911093
2019-11-18 01:50:00,0.044996798
2019-11-18 02:00:00,0.020929158
2019-11-18 02:10:00,0.044460148
2019-11-18 02:20:00,0.019551933
2019-11-18 02:30:00,0.04456842
2019-11-18 02:40:00,0.021641284
2019-11-18 02:50:00,0.045059472
2019-11-18 03:00:00,0.01980117
2019-11-18 03:10:00,0.04425153
2019-11-18 03:20:00,0.01965803
2019-11-18 03:30:00,0.04089138
2019-11-18 03:40:00,0.016861498
2019-11-18 03:50:00,0.042339295
2019-11-18 04:00:00,0.01780057
2019-11-18 04:10:00,0.042050958
2019-11-18 04:20:00,0.017297238
2019-11-18 04:30:00,0.04140994
2019-11-18 04:40:00,0.018584043
2019-11-18 04:50:00,0.038793355
2019-11-18 05:00:00,0.018042237
2019-11-18 05:10:00,0.039170295
2019-11-18 05:20:00,0.01866579
2019-11-18 05:30:00,0.03843507
2019-11-18 05:40:00,0.018026412
2019-11-18 05:50:00,0.0380584
2019-11-18 06:00:00,0.019312412
2019-11-18 06:10:00,0.038398653
2019-11-18 06:20:00,0.017944306
2019-11-18 06:30:00,0.037356377
2019-11-18 06:40:00,0.018433988
2019-11-18 06:50:00,0.037695795
2019-11-18 07:00:00,0.01802522
2019-11-18 07:10:00,0.03854233
2019-11-18 07:20:00,0.019209325
2019-11-18 07:30:00,0.038538396
2019-11-18 07:40:00,0.018007278
2019-11-18 07:50:00,0.039669573
2019-11-18 08:00:00,0.019198239
2019-11-18 08:10:00,0.03941554
2019-11-18 08:20:00,0.01892823
2019-11-18 08:30:00,0.040756524
2019-11-18 08:40:00,0.018602759
2019-11-18 08:50:00,0.040344983
2019-11-18 09:00:00,0.019437045
2019-11-18 09:10:00,0.042042494
2019-11-18 09:20:00,0.0202294
2019-11-18 09:30:00,0.042904556
2019-11-18 09:40:00,0.019566178
2019-11-18 09:50:00,0.04213223
2019-11-18 10:00:00,0.018705904
2019-11-18 10:10:00,0.04454857
2019-11-18 10:20:00,0.02045983
2019-11-18 10:30:00,0.0458723
2019-11-18 10:40:00,0.023189098
2019-11-18 10:50:00,0.04621157
2019-11-18 11:00:00,0.018122017
2019-11-18 11:10:00,0.048269987
2019-11-18 11:20:00,0.018392354
2019-11-18 11:30:00,0.03715563
2019-11-18 11:40:00,0.0026711524
2019-11-18 11:50:00,0.027897239
2019-11-18 12:00:00,0.0023266077
2019-11-18 12:10:00,0.022886664
2019-11-18 12:20:00,0.00065791607
2019-11-18 12:30:00,0.019608289
2019-11-18 12:40:00,0.00070503354
2019-11-18 12:50:00,0.02155292
2019-11-18 13:00:00,0.0010268688
2019-11-18 13:10:00,0.019400954
2019-11-18 13:20:00,0.0009989142
2019-11-18 13:30:00,0.0201523
2019-11-18 13:40:00,0.00094524026
2019-11-18 13:50:00,0.018244117
2019-11-18 14:00:00,0.0009481907
2019-11-18 14:10:00,0.019144207
2019-11-18 14:20:00,0.0007712245
2019-11-18 14:30:00,0.017053157
2019-11-18 14:40:00,0.0007497668
2019-11-18 14:50:00,0.017618835
2019-11-18 15:00:00,0.000577718
2019-11-18 15:10:00,0.0162538
2019-11-18 15:20:00,0.00057932734
2019-11-18 15:30:00,0.017156512
2019-11-18 15:40:00,0.00041419268
2019-11-18 15:50:00,0.01478374
2019-11-18 16:00:00,0.0003887713
2019-11-18 16:10:00,0.015720904
2019-11-18 16:20:00,0.00034075975
2019-11-18 16:30:00,0.0142914355
2019-11-18 16:40:00,0.00034293532
2019-11-18 16:50:00,0.015132636
2019-11-18 17:00:00,0.0002475083
2019-11-18 17:10:00,0.012719959
2019-11-18 17:20:00,0.00025090575
2019-11-18 17:30:00,0.013246685
2019-11-18 17:40:00,0.00015947223
2019-11-18 17:50:00,0.011134148
2019-11-18 18:00:00,0.00015670061
2019-11-18 18:10:00,0.011241794
2019-11-18 18:20:00,0.00014695525
2019-11-18 18:30:00,0.009373933
2019-11-18 18:40:00,0.00015327334
2019-11-18 18:50:00,0.010377616
2019-11-18 19:00:00,0.0001578033
2019-11-18 19:10:00,0.008505851
2019-11-18 19:20:00,0.00015839934
2019-11-18 19:30:00,0.008566648
2019-11-18 19:40:00,0.00010371415
2019-11-18 19:50:00,0.0073587596
2019-11-18 20:00:00,9.987989e-05
2019-11-18 20:10:00,0.007923424
2019-11-18 20:20:00,6.766086e-05
2019-11-18 20:30:00,0.0061224103
2019-11-18 20:40:00,6.624949e-05
2019-11-18 20:50:00,0.0067797005
2019-11-18 21:00:00,5.3398977e-05
2019-11-18 21:10:00,0.005381018
2019-11-18 21:20:00,5.636781e-05
2019-11-18 21:30:00,0.0063020885
2019-11-18 21:40:00,4.7579808e-05
2019-11-18 21:50:00,0.0050712824
2019-11-18 22:00:00,4.8067122e-05
2019-11-18 22:10:00,0.0063920915
2019-11-18 22:20:00,4.4285774e-05
2019-11-18 22:30:00,0.005363375
2019-11-18 22:40:00,4.6183093e-05
2019-11-18 22:50:00,0.0068714023
2019-11-18 23:00:00,4.68e-05
2019-11-18 23:10:00,0.005586058
2019-11-18 23:20:00,4.8343187e-05
2019-11-18 23:30:00,0.0067438483
2019-11-18 23:40:00,4.1876938e-05
2019-11-18 23:50:00,0.005331725
2019-11-19 00:00:00,4.213826e-05
2019-11-19 00:10:00,0.0068480372
2019-11-19 00:20:00,4.211331e-05
2019-11-19 00:30:00,0.005479127
2019-11-19 00:40:00,4.384294e-05
2019-11-19 00:50:00,0.0072087348
2019-11-19 01:00:00,3.7160968e-05
2019-11-19 01:10:00,0.005717933
2019-11-19 01:20:00,3.360388e-05
2019-11-19 01:30:00,0.006526381
2019-11-19 01:40:00,2.6077501e-05
2019-11-19 01:50:00,0.004765719
2019-11-19 02:00:00,2.6617308e-05
2019-11-19 02:10:00,0.0058934093
2019-11-19 02:20:00,2.9781271e-05
2019-11-19 02:30:00,0.0045703948
2019-11-19 02:40:00,3.2242133e-05
2019-11-19 02:50:00,0.005610466
2019-11-19 03:00:00,3.3077507e-05
2019-11-19 03:10:00,0.004242271
2019-11-19 03:20:00,3.4795758e-05
2019-11-19 03:30:00,0.0052351058
2019-11-19 03:40:00,2.8782917e-05
2019-11-19 03:50:00,0.003966838
2019-11-19 04:00:00,3.0854393e-05
2019-11-19 04:10:00,0.0053887963
2019-11-19 04:20:00,3.0184237e-05
2019-11-19 04:30:00,0.004057646
2019-11-19 04:40:00,3.248336e-05
2019-11-19 04:50:00,0.005520165
2019-11-19 05:00:00,2.976205e-05
2019-11-19 05:10:00,0.0039180517
2019-11-19 05:20:00,2.8727029e-05
2019-11-19 05:30:00,0.005442977
2019-11-19 05:40:00,3.4638953e-05
2019-11-19 05:50:00,0.0040516853
2019-11-19 06:00:00,3.5191653e-05
2019-11-19 06:10:00,0.0054698884
2019-11-19 06:20:00,4.114541e-05
2019-11-19 06:30:00,0.0044516623
2019-11-19 06:40:00,4.3937787e-05
2019-11-19 06:50:00,0.005708784
2019-11-19 07:00:00,4.0421644e-05
2019-11-19 07:10:00,0.00444147
2019-11-19 07:20:00,4.5408156e-05
2019-11-19 07:30:00,0.005551249
2019-11-19 07:40:00,4.000226e-05
2019-11-19 07:50:00,0.0041800737
2019-11-19 08:00:00,4.286103e-05
2019-11-19 08:10:00,0.0054454803
2019-11-19 08:20:00,5.17571e-05
2019-11-19 08:30:00,0.0042871535
2019-11-19 08:40:00,5.4084052e-05
2019-11-19 08:50:00,0.0052172244
2019-11-19 09:00:00,6.2552615e-05
2019-11-19 09:10:00,0.0039800406
2019-11-19 09:20:00,6.0886327e-05
2019-11-19 09:30:00,0.005049914
2019-11-19 09:40:00,5.8194404e-05
2019-11-19 09:50:00,0.0040789247
2019-11-19 10:00:00,5.944e-05
2019-11-19 10:10:00,0.00553748
2019-11-19 10:20:00,7.495326e-05
2019-11-19 10:30:00,0.0046485066
2019-11-19 10:40:00,8.558201e-05
2019-11-19 10:50:00,0.006154388
2019-11-19 11:00:00,0.000116086565
2019-11-19 11:10:00,0.005012363
2019-11-19 11:20:00,0.00012892485
2019-11-19 11:30:00,0.0072745383
2019-11-19 11:40:00,0.00021877885
2019-11-19 11:50:00,0.006465167
2019-11-19 12:00:00,0.0002310276
2019-11-19 12:10:00,0.008463502
2019-11-19 12:20:00,0.00041753054
2019-11-19 12:30:00,0.0070142746
2019-11-19 12:40:00,0.00044038892
2019-11-19 12:50:00,0.008047104
2019-11-19 13:00:00,0.00052690506
2019-11-19 13:10:00,0.0072981417
2019-11-19 13:20:00,0.0005174279
2019-11-19 13:30:00,0.008445203
2019-11-19 13:40:00,0.0006123483
2019-11-19 13:50:00,0.0076716244
2019-11-19 14:00:00,0.0006045401
2019-11-19 14:10:00,0.008853614
2019-11-19 14:20:00,0.0006940067
2019-11-19 14:30:00,0.008012593
2019-11-19 14:40:00,0.0006915629
2019-11-19 14:50:00,0.0092430115
2019-11-19 15:00:00,0.0010161996
2019-11-19 15:10:00,0.008405983
2019-11-19 15:20:00,0.0010203421
2019-11-19 15:30:00,0.010175735
2019-11-19 15:40:00,0.0013658404
2019-11-19 15:50:00,0.008244157
2019-11-19 16:00:00,0.0012251139
2019-11-19 16:10:00,0.007973403
2019-11-19 16:20:00,0.0011103749
2019-11-19 16:30:00,0.0053533018
2019-11-19 16:40:00,0.0010512471
2019-11-19 16:50:00,0.0049598515
2019-11-19 17:00:00,0.0009904802
2019-11-19 17:10:00,0.0039946437
2019-11-19 17:20:00,0.0009771287
2019-11-19 17:30:00,0.004789531
2019-11-19 17:40:00,0.0014779866
2019-11-19 17:50:00,0.0044133663
2019-11-19 18:00:00,0.0017504096
2019-11-19 18:10:00,0.005903125
2019-11-19 18:20:00,0.0041788816
2019-11-19 18:30:00,0.004921049
2019-11-19 18:40:00,0.0036051571
2019-11-19 18:50:00,0.005464107
2019-11-19 19:00:00,0.0069763362
2019-11-19 19:10:00,0.0045856833
2019-11-19 19:20:00,0.005834013
2019-11-19 19:30:00,0.00612852
2019-11-19 19:40:00,0.013503253
2019-11-19 19:50:00,0.0059066415
2019-11-19 20:00:00,0.013427407
2019-11-19 20:10:00,0.0068695247
2019-11-19 20:20:00,0.012308031
2019-11-19 20:30:00,0.0055220723
2019-11-19 20:40:00,0.012873471
2019-11-19 20:50:00,0.0063913465
2019-11-19 21:00:00,0.010956168
2019-11-19 21:10:00,0.0051067173
2019-11-19 21:20:00,0.011258781
2019-11-19 21:30:00,0.006498784
2019-11-19 21:40:00,0.010040551
2019-11-19 21:50:00,0.0049474835
2019-11-19 22:00:00,0.0106529
2019-11-19 22:10:00,0.0053906143
2019-11-19 22:20:00,0.009241134
2019-11-19 22:30:00,0.00420627
2019-11-19 22:40:00,0.00911957
2019-11-19 22:50:00,0.0050065517
2019-11-19 23:00:00,0.00723505
2019-11-19 23:10:00,0.0038395226
2019-11-19 23:20:00,0.0073693693
2019-11-19 23:30:00,0.0050789416
2019-11-19 23:40:00,0.006853819
2019-11-19 23:50:00,0.0039118826
2019-11-20 00:00:00,0.00714764
2019-11-20 00:10:00,0.0051320493
2019-11-20 00:20:00,0.006409496
2019-11-20 00:30:00,0.0034492016
2019-11-20 00:40:00,0.00621289
2019-11-20 00:50:00,0.004388839
2019-11-20 01:00:00,0.0054911673
2019-11-20 01:10:00,0.003187269
2019-11-20 01:20:00,0.005782664
2019-11-20 01:30:00,0.004871458
2019-11-20 01:40:00,0.0057147443
2019-11-20 01:50:00,0.0034820437
2019-11-20 02:00:00,0.006105721
2019-11-20 02:10:00,0.005152017
2019-11-20 02:20:00,0.0056787133
2019-11-20 02:30:00,0.0037062168
2019-11-20 02:40:00,0.005772263
2019-11-20 02:50:00,0.0053451657
2019-11-20 03:00:00,0.0054076314
2019-11-20 03:10:00,0.0038516521
2019-11-20 03:20:00,0.005269587
2019-11-20 03:30:00,0.0051209033
2019-11-20 03:40:00,0.0050030053
2019-11-20 03:50:00,0.0036223829
2019-11-20 04:00:00,0.0047326684
2019-11-20 04:10:00,0.0048149526
2019-11-20 04:20:00,0.004581839
2019-11-20 04:30:00,0.0034148693
2019-11-20 04:40:00,0.0048508644
2019-11-20 04:50:00,0.004817933
2019-11-20 05:00:00,0.0048912764
2019-11-20 05:10:00,0.0038015544
2019-11-20 05:20:00,0.0049701333
2019-11-20 05:30:00,0.005179256
2019-11-20 05:40:00,0.004961163
2019-11-20 05:50:00,0.003792584
2019-11-20 06:00:00,0.005190015
2019-11-20 06:10:00,0.0053147078
2019-11-20 06:20:00,0.0054101944
2019-11-20 06:30:00,0.0042060018
2019-11-20 06:40:00,0.005268365
2019-11-20 06:50:00,0.005639583
2019-11-20 07:00:00,0.0053879917
2019-11-20 07:10:00,0.004438907
2019-11-20 07:20:00,0.005368203
2019-11-20 07:30:00,0.0062766373
2019-11-20 07:40:00,0.0054352283
2019-11-20 07:50:00,0.004757613
2019-11-20 08:00:00,0.005832672
2019-11-20 08:10:00,0.0066355765
2019-11-20 08:20:00,0.006541729
2019-11-20 08:30:00,0.00444752
2019-11-20 08:40:00,0.0057774186
2019-11-20 08:50:00,0.0062202215
2019-11-20 09:00:00,0.006132394
2019-11-20 09:10:00,0.004897982
2019-11-20 09:20:00,0.0059811175
2019-11-20 09:30:00,0.0072003305
2019-11-20 09:40:00,0.006667942
2019-11-20 09:50:00,0.0053294003
2019-11-20 10:00:00,0.0061320662
2019-11-20 10:10:00,0.0074070096
2019-11-20 10:20:00,0.00634104
2019-11-20 10:30:00,0.0057257414
2019-11-20 10:40:00,0.0052519143
2019-11-20 10:50:00,0.0071400404
2019-11-20 11:00:00,0.005125433
2019-11-20 11:10:00,0.0044754148
2019-11-20 11:20:00,0.0042310953
2019-11-20 11:30:00,0.0053221285
2019-11-20 11:40:00,0.0044625103
2019-11-20 11:50:00,0.0037660897
2019-11-20 12:00:00,0.003997624
2019-11-20 12:10:00,0.0043492615
2019-11-20 12:20:00,0.004251182
2019-11-20 12:30:00,0.0031529665
2019-11-20 12:40:00,0.0039044023
2019-11-20 12:50:00,0.0038310587
2019-11-20 13:00:00,0.0039899945
2019-11-20 13:10:00,0.003018409
2019-11-20 13:20:00,0.0036613643
2019-11-20 13:30:00,0.003995061
2019-11-20 13:40:00,0.0038388371
2019-11-20 13:50:00,0.0025585592
2019-11-20 14:00:00,0.0034324527
2019-11-20 14:10:00,0.003292501
2019-11-20 14:20:00,0.0034336746
2019-11-20 14:30:00,0.0023694336
2019-11-20 14:40:00,0.0030601323
2019-11-20 14:50:00,0.0030368567
2019-11-20 15:00:00,0.0034521818
2019-11-20 15:10:00,0.002446562
2019-11-20 15:20:00,0.0030854642
2019-11-20 15:30:00,0.0030305088
2019-11-20 15:40:00,0.0034727752
2019-11-20 15:50:00,0.0022791922
2019-11-20 16:00:00,0.003012389
2019-11-20 16:10:00,0.0028002262
2019-11-20 16:20:00,0.0032628775
2019-11-20 16:30:00,0.0023218393
2019-11-20 16:40:00,0.0029571652
2019-11-20 16:50:00,0.0029583573
2019-11-20 17:00:00,0.00335294
2019-11-20 17:10:00,0.0023306906
2019-11-20 17:20:00,0.0032364726
2019-11-20 17:30:00,0.0029044151
2019-11-20 17:40:00,0.0034799874
2019-11-20 17:50:00,0.0022094548
2019-11-20 18:00:00,0.0030593574
2019-11-20 18:10:00,0.0025600195
2019-11-20 18:20:00,0.0030849576
2019-11-20 18:30:00,0.0020623207
2019-11-20 18:40:00,0.0026411414
2019-11-20 18:50:00,0.0022562742
2019-11-20 19:00:00,0.0029144585
2019-11-20 19:10:00,0.0019183755
2019-11-20 19:20:00,0.0023932457
2019-11-20 19:30:00,0.001483947
2019-11-20 19:40:00,0.0026572645
2019-11-20 19:50:00,0.0021036863
2019-11-20 20:00:00,0.0028508604
2019-11-20 20:10:00,0.0023839772
2019-11-20 20:20:00,0.003239572
2019-11-20 20:30:00,0.0020954013
2019-11-20 20:40:00,0.0032484531
2019-11-20 20:50:00,0.002478987
2019-11-20 21:00:00,0.0034718513
2019-11-20 21:10:00,0.0022955537
2019-11-20 21:20:00,0.0036545098
2019-11-20 21:30:00,0.0027493238
2019-11-20 21:40:00,0.004036814
2019-11-20 21:50:00,0.0022580326
2019-11-20 22:00:00,0.0036028326
2019-11-20 22:10:00,0.0023817718
2019-11-20 22:20:00,0.003926307
2019-11-20 22:30:00,0.0024161935
2019-11-20 22:40:00,0.004291296
2019-11-20 22:50:00,0.00272879
2019-11-20 23:00:00,0.0055636466
2019-11-20 23:10:00,0.002972573
2019-11-20 23:20:00,0.004865259
2019-11-20 23:30:00,0.003668666
2019-11-20 23:40:00,0.0053441226
2019-11-20 23:50:00,0.0035345554
2019-11-21 00:00:00,0.0047601163
2019-11-21 00:10:00,0.0035063624
2019-11-21 00:20:00,0.0065048337
2019-11-21 00:30:00,0.00467515
2019-11-21 00:40:00,0.0073124766
2019-11-21 00:50:00,0.0046334267
2019-11-21 01:00:00,0.008273482
2019-11-21 01:10:00,0.0054942667
2019-11-21 01:20:00,0.008153498
2019-11-21 01:30:00,0.0050958395
2019-11-21 01:40:00,0.008344948
2019-11-21 01:50:00,0.005667269
2019-11-21 02:00:00,0.0076647997
2019-11-21 02:10:00,0.005043894
2019-11-21 02:20:00,0.008013487
2019-11-21 02:30:00,0.0057011843
2019-11-21 02:40:00,0.0075312555
2019-11-21 02:50:00,0.005235225
2019-11-21 03:00:00,0.007955819
2019-11-21 03:10:00,0.006062895
2019-11-21 03:20:00,0.008407742
2019-11-21 03:30:00,0.005743563
2019-11-21 03:40:00,0.00823617
2019-11-21 03:50:00,0.006057054
2019-11-21 04:00:00,0.008123517
2019-11-21 04:10:00,0.005631298
2019-11-21 04:20:00,0.008078277
2019-11-21 04:30:00,0.005429685
2019-11-21 04:40:00,0.008065194
2019-11-21 04:50:00,0.004866004
2019-11-21 05:00:00,0.0070478916
2019-11-21 05:10:00,0.005212754
2019-11-21 05:20:00,0.0070010126
2019-11-21 05:30:00,0.0048935115
2019-11-21 05:40:00,0.006310731
2019-11-21 05:50:00,0.0053369403
2019-11-21 06:00:00,0.0064046085
2019-11-21 06:10:00,0.0050189793
2019-11-21 06:20:00,0.0055781007
2019-11-21 06:30:00,0.0052376688
2019-11-21 06:40:00,0.005894512
2019-11-21 06:50:00,0.004755974
2019-11-21 07:00:00,0.005559325
2019-11-21 07:10:00,0.005222112
2019-11-21 07:20:00,0.006190151
2019-11-21 07:30:00,0.004926145
2019-11-21 07:40:00,0.0059049428
2019-11-21 07:50:00,0.0055490136
2019-11-21 08:00:00,0.0065634847
2019-11-21 08:10:00,0.005319923
2019-11-21 08:20:00,0.0056452155
2019-11-21 08:30:00,0.006089002
2019-11-21 08:40:00,0.00604707
2019-11-21 08:50:00,0.0056388974
2019-11-21 09:00:00,0.004806578
2019-11-21 09:10:00,0.0057171285
2019-11-21 09:20:00,0.0048982203
2019-11-21 09:30:00,0.0051415563
2019-11-21 09:40:00,0.003974855
2019-11-21 09:50:00,0.0052983463
2019-11-21 10:00:00,0.0042980313
2019-11-21 10:10:00,0.0048523545
2019-11-21 10:20:00,0.0040885806
2019-11-21 10:30:00,0.0054421723
2019-11-21 10:40:00,0.004368007
2019-11-21 10:50:00,0.0047831535
2019-11-21 11:00:00,0.0038228035
2019-11-21 11:10:00,0.004986167
2019-11-21 11:20:00,0.004345417
2019-11-21 11:30:00,0.004586965
2019-11-21 11:40:00,0.0034676492
2019-11-21 11:50:00,0.004956454
2019-11-21 12:00:00,0.004068315
2019-11-21 12:10:00,0.0050520003
2019-11-21 12:20:00,0.0037699938
2019-11-21 12:30:00,0.0054858327
2019-11-21 12:40:00,0.003917396
2019-11-21 12:50:00,0.0053551793
2019-11-21 13:00:00,0.0036251247
2019-11-21 13:10:00,0.00577268
2019-11-21 13:20:00,0.003800273
2019-11-21 13:30:00,0.0047985017
2019-11-21 13:40:00,0.0034252405
2019-11-21 13:50:00,0.0050115287
2019-11-21 14:00:00,0.003647238
2019-11-21 14:10:00,0.0047338605
2019-11-21 14:20:00,0.003736049
2019-11-21 14:30:00,0.0050088167
2019-11-21 14:40:00,0.0038811564
2019-11-21 14:50:00,0.005181968
2019-11-21 15:00:00,0.0036867857
2019-11-21 15:10:00,0.0050851107
2019-11-21 15:20:00,0.0037378967
2019-11-21 15:30:00,0.005156487
2019-11-21 15:40:00,0.0038909912
2019-11-21 15:50:00,0.0056113303
2019-11-21 16:00:00,0.0040049255
2019-11-21 16:10:00,0.0054917336
2019-11-21 16:20:00,0.0039880574
2019-11-21 16:30:00,0.0063925087
2019-11-21 16:40:00,0.004625201
2019-11-21 16:50:00,0.0060849786
2019-11-21 17:00:00,0.0047293007
2019-11-21 17:10:00,0.006551534
2019-11-21 17:20:00,0.005459994
2019-11-21 17:30:00,0.0066322684
2019-11-21 17:40:00,0.0058226883
2019-11-21 17:50:00,0.007904589
2019-11-21 18:00:00,0.00643605
2019-11-21 18:10:00,0.007561356
2019-11-21 18:20:00,0.006193429
2019-11-21 18:30:00,0.008754611
2019-11-21 18:40:00,0.0064902008
2019-11-21 18:50:00,0.009582818
2019-11-21 19:00:00,0.006776303
2019-11-21 19:10:00,0.011394143
2019-11-21 19:20:00,0.0076512396
2019-11-21 19:30:00,0.011567265
2019-11-21 19:40:00,0.0075909793
2019-11-21 19:50:00,0.013010293
2019-11-21 20:00:00,0.00818795
2019-11-21 20:10:00,0.011847228
2019-11-21 20:20:00,0.007828206
2019-11-21 20:30:00,0.013761401
2019-11-21 20:40:00,0.008147329
2019-11-21 20:50:00,0.013394237
2019-11-21 21:00:00,0.008846492
2019-11-21 21:10:00,0.01471746
2019-11-21 21:20:00,0.008909851
2019-11-21 21:30:00,0.013653576
2019-11-21 21:40:00,0.009151757
2019-11-21 21:50:00,0.014647692
2019-11-21 22:00:00,0.01007387
2019-11-21 22:10:00,0.013450086
2019-11-21 22:20:00,0.010221541
2019-11-21 22:30:00,0.014520645
2019-11-21 22:40:00,0.01039809
2019-11-21 22:50:00,0.014903456
2019-11-21 23:00:00,0.010561794
2019-11-21 23:10:00,0.015368998
2019-11-21 23:20:00,0.011365414
2019-11-21 23:30:00,0.015094459
2019-11-21 23:40:00,0.012704104
2019-11-21 23:50:00,0.015444547
2019-11-22 00:00:00,0.011770785
2019-11-22 00:10:00,0.015106648
2019-11-22 00:20:00,0.012841314
2019-11-22 00:30:00,0.015772998
2019-11-22 00:40:00,0.012169242
2019-11-22 00:50:00,0.014046162
2019-11-22 01:00:00,0.012641072
2019-11-22 01:10:00,0.014667451
2019-11-22 01:20:00,0.01258713
2019-11-22 01:30:00,0.0147001445
2019-11-22 01:40:00,0.014134347
2019-11-22 01:50:00,0.016437858
2019-11-22 02:00:00,0.01292178
2019-11-22 02:10:00,0.01523754
2019-11-22 02:20:00,0.0144227445
2019-11-22 02:30:00,0.015772223
2019-11-22 02:40:00,0.013783097
2019-11-22 02:50:00,0.015440673
2019-11-22 03:00:00,0.015468955
2019-11-22 03:10:00,0.016120583
2019-11-22 03:20:00,0.01450038
2019-11-22 03:30:00,0.014714122
2019-11-22 03:40:00,0.01510787
2019-11-22 03:50:00,0.015783787
2019-11-22 04:00:00,0.013466507
2019-11-22 04:10:00,0.015173465
2019-11-22 04:20:00,0.014267087
2019-11-22 04:30:00,0.014436722
2019-11-22 04:40:00,0.011398494
2019-11-22 04:50:00,0.015841752
2019-11-22 05:00:00,0.015498251
2019-11-22 05:10:00,0.016910285
2019-11-22 05:20:00,0.014087766
2019-11-22 05:30:00,0.018196821
2019-11-22 05:40:00,0.017542511
2019-11-22 05:50:00,0.01843059
2019-11-22 06:00:00,0.016181946
2019-11-22 06:10:00,0.01891315
2019-11-22 06:20:00,0.018344969
2019-11-22 06:30:00,0.019412935
2019-11-22 06:40:00,0.016736895
2019-11-22 06:50:00,0.018380612
2019-11-22 07:00:00,0.02017963
2019-11-22 07:10:00,0.019273669
2019-11-22 07:20:00,0.018831074
2019-11-22 07:30:00,0.02050075
2019-11-22 07:40:00,0.022328943
2019-11-22 07:50:00,0.020047903
2019-11-22 08:00:00,0.01970315
2019-11-22 08:10:00,0.020439088
2019-11-22 08:20:00,0.02289322
2019-11-22 08:30:00,0.020379782
2019-11-22 08:40:00,0.021435231
2019-11-22 08:50:00,0.020764291
2019-11-22 09:00:00,0.024730474
2019-11-22 09:10:00,0.019194067
2019-11-22 09:20:00,0.021839827
2019-11-22 09:30:00,0.020017952
2019-11-22 09:40:00,0.027393818
2019-11-22 09:50:00,0.019879341
2019-11-22 10:00:00,0.023843676
2019-11-22 10:10:00,0.01897648
2019-11-22 10:20:00,0.027428448
2019-11-22 10:30:00,0.01940912
2019-11-22 10:40:00,0.024618
2019-11-22 10:50:00,0.020129055
2019-11-22 11:00:00,0.029065877
2019-11-22 11:10:00,0.019419283
2019-11-22 11:20:00,0.026423305
2019-11-22 11:30:00,0.019256622
2019-11-22 11:40:00,0.033161312
2019-11-22 11:50:00,0.019512147
2019-11-22 12:00:00,0.028802663
2019-11-22 12:10:00,0.018968314
2019-11-22 12:20:00,0.03618878
2019-11-22 12:30:00,0.020717531
2019-11-22 12:40:00,0.03381878
2019-11-22 12:50:00,0.020579368
2019-11-22 13:00:00,0.03954187
2019-11-22 13:10:00,0.021530956
2019-11-22 13:20:00,0.038197994
2019-11-22 13:30:00,0.02092281
2019-11-22 13:40:00,0.041890264
2019-11-22 13:50:00,0.02221167
2019-11-22 14:00:00,0.038544685
2019-11-22 14:10:00,0.020691276
2019-11-22 14:20:00,0.042348504
2019-11-22 14:30:00,0.019385189
2019-11-22 14:40:00,0.037851155
2019-11-22 14:50:00,0.018951714
2019-11-22 15:00:00,0.04181719
2019-11-22 15:10:00,0.01848939
2019-11-22 15:20:00,0.037364215
2019-11-22 15:30:00,0.017905533
2019-11-22 15:40:00,0.041817367
2019-11-22 15:50:00,0.018140107
2019-11-22 16:00:00,0.04056257
2019-11-22 16:10:00,0.019637525
2019-11-22 16:20:00,0.049420685
2019-11-22 16:30:00,0.019983768
2019-11-22 16:40:00,0.04843256
2019-11-22 16:50:00,0.021214753
2019-11-22 17:00:00,0.05564323
2019-11-22 17:10:00,0.021521956
2019-11-22 17:20:00,0.053136796
2019-11-22 17:30:00,0.023516983
2019-11-22 17:40:00,0.0627968
2019-11-22 17:50:00,0.024918586
2019-11-22 18:00:00,0.058844745
2019-11-22 18:10:00,0.027250439
2019-11-22 18:20:00,0.06796178
2019-11-22 18:30:00,0.028190762
2019-11-22 18:40:00,0.06050411
2019-11-22 18:50:00,0.028674513
2019-11-22 19:00:00,0.06368822
2019-11-22 19:10:00,0.029334068
2019-11-22 19:20:00,0.063121825
2019-11-22 19:30:00,0.027694523
2019-11-22 19:40:00,0.068446904
2019-11-22 19:50:00,0.026191771
2019-11-22 20:00:00,0.05542314
2019-11-22 20:10:00,0.021251082
2019-11-22 20:20:00,0.050444692
2019-11-22 20:30:00,0.020429432
2019-11-22 20:40:00,0.03373757
2019-11-22 20:50:00,0.016878188
2019-11-22 21:00:00,0.030561537
2019-11-22 21:10:00,0.015286356
2019-11-22 21:20:00,0.02148217
2019-11-22 21:30:00,0.012940496
2019-11-22 21:40:00,0.020167321
2019-11-22 21:50:00,0.012961596
2019-11-22 22:00:00,0.018338263
2019-11-22 22:10:00,0.013218135
2019-11-22 22:20:00,0.023130417
2019-11-22 22:30:00,0.016126156
2019-11-22 22:40:00,0.018125623
2019-11-22 22:50:00,0.013519287
2019-11-22 23:00:00,0.024457008
2019-11-22 23:10:00,0.014839381
2019-11-22 23:20:00,0.016992807
2019-11-22 23:30:00,0.012146682
2019-11-22 23:40:00,0.020160854
2019-11-22 23:50:00,0.012854904
2019-11-23 00:00:00,0.016237468
2019-11-23 00:10:00,0.011103511
2019-11-23 00:20:00,0.018063217
2019-11-23 00:30:00,0.0124664605
2019-11-23 00:40:00,0.014526486
2019-11-23 00:50:00,0.01118803
2019-11-23 01:00:00,0.01768598
2019-11-23 01:10:00,0.0129776895
2019-11-23 01:20:00,0.014921248
2019-11-23 01:30:00,0.010900646
2019-11-23 01:40:00,0.01682651
2019-11-23 01:50:00,0.012348235
2019-11-23 02:00:00,0.013615221
2019-11-23 02:10:00,0.010435402
2019-11-23 02:20:00,0.016626567
2019-11-23 02:30:00,0.011820167
2019-11-23 02:40:00,0.013551891
2019-11-23 02:50:00,0.009831786
2019-11-23 03:00:00,0.015493035
2019-11-23 03:10:00,0.011222571
2019-11-23 03:20:00,0.013223618
2019-11-23 03:30:00,0.009079814
2019-11-23 03:40:00,0.014333516
2019-11-23 03:50:00,0.011355311
2019-11-23 04:00:00,0.01146704
2019-11-23 04:10:00,0.009155631
2019-11-23 04:20:00,0.013934851
2019-11-23 04:30:00,0.010878742
2019-11-23 04:40:00,0.010540754
2019-11-23 04:50:00,0.008590251
2019-11-23 05:00:00,0.011354417
2019-11-23 05:10:00,0.00985378
2019-11-23 05:20:00,0.00858739
2019-11-23 05:30:00,0.0080007315
2019-11-23 05:40:00,0.009690225
2019-11-23 05:50:00,0.009669751
2019-11-23 06:00:00,0.007839322
2019-11-23 06:10:00,0.008364677
2019-11-23 06:20:00,0.010096252
2019-11-23 06:30:00,0.009793192
2019-11-23 06:40:00,0.0079087615
2019-11-23 06:50:00,0.008492887
2019-11-23 07:00:00,0.009819239
2019-11-23 07:10:00,0.010458589
2019-11-23 07:20:00,0.007626891
2019-11-23 07:30:00,0.008268356
2019-11-23 07:40:00,0.009560287
2019-11-23 07:50:00,0.010384887
2019-11-23 08:00:00,0.007783979
2019-11-23 08:10:00,0.009230286
2019-11-23 08:20:00,0.010139257
2019-11-23 08:30:00,0.011232287
2019-11-23 08:40:00,0.008208692
2019-11-23 08:50:00,0.009503692
2019-11-23 09:00:00,0.010176986
2019-11-23 09:10:00,0.011703461
2019-11-23 09:20:00,0.008050799
2019-11-23 09:30:00,0.009925276
2019-11-23 09:40:00,0.01081267
2019-11-23 09:50:00,0.012417167
2019-11-23 10:00:00,0.008506149
2019-11-23 10:10:00,0.010919571
2019-11-23 10:20:00,0.011209756
2019-11-23 10:30:00,0.013692975
2019-11-23 10:40:00,0.009062469
2019-11-23 10:50:00,0.011605412
2019-11-23 11:00:00,0.011627674
2019-11-23 11:10:00,0.014586717
2019-11-23 11:20:00,0.009663969
2019-11-23 11:30:00,0.012450695
2019-11-23 11:40:00,0.01247102
2019-11-23 11:50:00,0.015123755
2019-11-23 12:00:00,0.0099621415
2019-11-23 12:10:00,0.012156129
2019-11-23 12:20:00,0.013474554
2019-11-23 12:30:00,0.014383018
2019-11-23 12:40:00,0.009893358
2019-11-23 12:50:00,0.011776626
2019-11-23 13:00:00,0.012219518
2019-11-23 13:10:00,0.014312059
2019-11-23 13:20:00,0.009882957
2019-11-23 13:30:00,0.012322694
2019-11-23 13:40:00,0.012769759
2019-11-23 13:50:00,0.015642762
2019-11-23 14:00:00,0.010351449
2019-11-23 14:10:00,0.013163805
2019-11-23 14:20:00,0.0127134025
2019-11-23 14:30:00,0.015900493
2019-11-23 14:40:00,0.009738147
2019-11-23 14:50:00,0.013569921
2019-11-23 15:00:00,0.01314038
2019-11-23 15:10:00,0.016531795
2019-11-23 15:20:00,0.01025182
2019-11-23 15:30:00,0.014127016
2019-11-23 15:40:00,0.012569845
2019-11-23 15:50:00,0.018177778
2019-11-23 16:00:00,0.01102379
2019-11-23 16:10:00,0.015547812
2019-11-23 16:20:00,0.014023691
2019-11-23 16:30:00,0.019562483
2019-11-23 16:40:00,0.0119149685
2019-11-23 16:50:00,0.016895056
2019-11-23 17:00:00,0.014241397
2019-11-23 17:10:00,0.020608455
2019-11-23 17:20:00,0.011598766
2019-11-23 17:30:00,0.015573442
2019-11-23 17:40:00,0.013255656
2019-11-23 17:50:00,0.019803017
2019-11-23 18:00:00,0.011711985
2019-11-23 18:10:00,0.01606369
2019-11-23 18:20:00,0.013536334
2019-11-23 18:30:00,0.019969374
2019-11-23 18:40:00,0.011274427
2019-11-23 18:50:00,0.016811818
2019-11-23 19:00:00,0.012649119
2019-11-23 19:10:00,0.021692455
2019-11-23 19:20:00,0.011686325
2019-11-23 19:30:00,0.018892229
2019-11-23 19:40:00,0.014186174
2019-11-23 19:50:00,0.024018288
2019-11-23 20:00:00,0.013266534
2019-11-23 20:10:00,0.022041678
2019-11-23 20:20:00,0.016178012
2019-11-23 20:30:00,0.027651101
2019-11-23 20:40:00,0.015636653
2019-11-23 20:50:00,0.023412615
2019-11-23 21:00:00,0.01830402
2019-11-23 21:10:00,0.02991134
2019-11-23 21:20:00,0.016779035
2019-11-23 21:30:00,0.026506484
2019-11-23 21:40:00,0.020193964
2019-11-23 21:50:00,0.034448653
2019-11-23 22:00:00,0.01993832
2019-11-23 22:10:00,0.027397394
2019-11-23 22:20:00,0.020385236
2019-11-23 22:30:00,0.030983806
2019-11-23 22:40:00,0.019849837
2019-11-23 22:50:00,0.02751556
2019-11-23 23:00:00,0.019417971
2019-11-23 23:10:00,0.033352494
2019-11-23 23:20:00,0.018523216
2019-11-23 23:30:00,0.027415246
2019-11-23 23:40:00,0.018274575
2019-11-23 23:50:00,0.03378606
2019-11-24 00:00:00,0.016565502
2019-11-24 00:10:00,0.0294846
2019-11-24 00:20:00,0.019330472
2019-11-24 00:30:00,0.034050286
2019-11-24 00:40:00,0.020543367
2019-11-24 00:50:00,0.032320976
2019-11-24 01:00:00,0.023510635
2019-11-24 01:10:00,0.034532964
2019-11-24 01:20:00,0.020576745
2019-11-24 01:30:00,0.0326795
2019-11-24 01:40:00,0.023907036
2019-11-24 01:50:00,0.0366987
2019-11-24 02:00:00,0.023206681
2019-11-24 02:10:00,0.034024894
2019-11-24 02:20:00,0.025504977
2019-11-24 02:30:00,0.04112491
2019-11-24 02:40:00,0.027169049
2019-11-24 02:50:00,0.039593786
2019-11-24 03:00:00,0.0316011
2019-11-24 03:10:00,0.046557218
2019-11-24 03:20:00,0.039571464
2019-11-24 03:30:00,0.047810137
2019-11-24 03:40:00,0.058275014
2019-11-24 03:50:00,0.06558052
2019-11-24 04:00:00,0.072411686
2019-11-24 04:10:00,0.055177063
2019-11-24 04:20:00,0.07692304
2019-11-24 04:30:00,0.06960285
2019-11-24 04:40:00,0.06880364
2019-11-24 04:50:00,0.0711658
2019-11-24 05:00:00,0.07399753
2019-11-24 05:10:00,0.07526448
2019-11-24 05:20:00,0.077807546
2019-11-24 05:30:00,0.07141027
2019-11-24 05:40:00,0.07340053
2019-11-24 05:50:00,0.07581034
2019-11-24 06:00:00,0.08605358
2019-11-24 06:10:00,0.0754824
2019-11-24 06:20:00,0.07723141
2019-11-24 06:30:00,0.07819018
2019-11-24 06:40:00,0.0803746
2019-11-24 06:50:00,0.07638645
2019-11-24 07:00:00,0.0742476
2019-11-24 07:10:00,0.07400051
2019-11-24 07:20:00,0.0745804
2019-11-24 07:30:00,0.068406045
2019-11-24 07:40:00,0.073783696
2019-11-24 07:50:00,0.06762791
2019-11-24 08:00:00,0.07735875
2019-11-24 08:10:00,0.06654146
2019-11-24 08:20:00,0.07462591
2019-11-24 08:30:00,0.06852475
2019-11-24 08:40:00,0.07599747
2019-11-24 08:50:00,0.06607899
2019-11-24 09:00:00,0.070361584
2019-11-24 09:10:00,0.06727862
2019-11-24 09:20:00,0.058600664
2019-11-24 09:30:00,0.055596918
2019-11-24 09:40:00,0.05183062
2019-11-24 09:50:00,0.05190289
2019-11-24 10:00:00,0.038267076
2019-11-24 10:10:00,0.038035393
2019-11-24 10:20:00,0.03557852
2019-11-24 10:30:00,0.034119457
2019-11-24 10:40:00,0.024234712
2019-11-24 10:50:00,0.023523062
2019-11-24 11:00:00,0.02298978
2019-11-24 11:10:00,0.025067091
2019-11-24 11:20:00,0.023676902
2019-11-24 11:30:00,0.026904702
2019-11-24 11:40:00,0.027571917
2019-11-24 11:50:00,0.025434911
2019-11-24 12:00:00,0.025487542
2019-11-24 12:10:00,0.024177402
2019-11-24 12:20:00,0.028413773
2019-11-24 12:30:00,0.022792041
2019-11-24 12:40:00,0.025549352
2019-11-24 12:50:00,0.02242273
2019-11-24 13:00:00,0.024609715
2019-11-24 13:10:00,0.020452708
2019-11-24 13:20:00,0.020496905
2019-11-24 13:30:00,0.018969774
2019-11-24 13:40:00,0.020993263
2019-11-24 13:50:00,0.019373447
2019-11-24 14:00:00,0.019397259
2019-11-24 14:10:00,0.01760158
2019-11-24 14:20:00,0.0190593
2019-11-24 14:30:00,0.016259342
2019-11-24 14:40:00,0.014993548
2019-11-24 14:50:00,0.014854133
2019-11-24 15:00:00,0.017072707
2019-11-24 15:10:00,0.013056308
2019-11-24 15:20:00,0.014395446
2019-11-24 15:30:00,0.013233632
2019-11-24 15:40:00,0.016162395
2019-11-24 15:50:00,0.010877669
2019-11-24 16:00:00,0.011523902
2019-11-24 16:10:00,0.0093562305
2019-11-24 16:20:00,0.014038414
2019-11-24 16:30:00,0.009984702
2019-11-24 16:40:00,0.01016742
2019-11-24 16:50:00,0.009396017
2019-11-24 17:00:00,0.012302458
2019-11-24 17:10:00,0.008513272
2019-11-24 17:20:00,0.010917604
2019-11-24 17:30:00,0.009517342
2019-11-24 17:40:00,0.013022393
2019-11-24 17:50:00,0.008501321
2019-11-24 18:00:00,0.01066041
2019-11-24 18:10:00,0.008624852
2019-11-24 18:20:00,0.012616664
2019-11-24 18:30:00,0.0076003373
2019-11-24 18:40:00,0.009949356
2019-11-24 18:50:00,0.0073393285
2019-11-24 19:00:00,0.011341393
2019-11-24 19:10:00,0.007056296
2019-11-24 19:20:00,0.0092152655
2019-11-24 19:30:00,0.007271141
2019-11-24 19:40:00,0.010769933
2019-11-24 19:50:00,0.006431073
2019-11-24 20:00:00,0.008750707
2019-11-24 20:10:00,0.0069108605
2019-11-24 20:20:00,0.010158241
2019-11-24 20:30:00,0.006348282
2019-11-24 20:40:00,0.008907825
2019-11-24 20:50:00,0.007823408
2019-11-24 21:00:00,0.010414451
2019-11-24 21:10:00,0.006220162
2019-11-24 21:20:00,0.008794785
2019-11-24 21:30:00,0.00726524
2019-11-24 21:40:00,0.010771334
2019-11-24 21:50:00,0.0066591203
2019-11-24 22:00:00,0.008419007
2019-11-24 22:10:00,0.0074472427
2019-11-24 22:20:00,0.008545548
2019-11-24 22:30:00,0.006011009
2019-11-24 22:40:00,0.005933881
2019-11-24 22:50:00,0.006132096
2019-11-24 23:00:00,0.006252259
2019-11-24 23:10:00,0.005213022
2019-11-24 23:20:00,0.004554838
2019-11-24 23:30:00,0.00503999
2019-11-24 23:40:00,0.005729884
2019-11-24 23:50:00,0.004165232
2019-11-25 00:00:00,0.0048630834
2019-11-25 00:10:00,0.005243391
2019-11-25 00:20:00,0.0055755675
2019-11-25 00:30:00,0.0044553876
2019-11-25 00:40:00,0.005125433
2019-11-25 00:50:00,0.0057844818
2019-11-25 01:00:00,0.0056468844
2019-11-25 01:10:00,0.0048259795
2019-11-25 01:20:00,0.0046830475
2019-11-25 01:30:00,0.0059369206
2019-11-25 01:40:00,0.00510031
2019-11-25 01:50:00,0.004898101
2019-11-25 02:00:00,0.004088104
2019-11-25 02:10:00,0.0054239035
2019-11-25 02:20:00,0.0043634474
2019-11-25 02:30:00,0.0045745075
2019-11-25 02:40:00,0.0036922991
2019-11-25 02:50:00,0.00515759
2019-11-25 03:00:00,0.00408718
2019-11-25 03:10:00,0.0040534735
2019-11-25 03:20:00,0.0037116408
2019-11-25 03:30:00,0.004609853
2019-11-25 03:40:00,0.0036655068
2019-11-25 03:50:00,0.0037377477
2019-11-25 04:00:00,0.0031573772
2019-11-25 04:10:00,0.004619479
2019-11-25 04:20:00,0.0029651523
2019-11-25 04:30:00,0.0037260652
2019-11-25 04:40:00,0.0028644204
2019-11-25 04:50:00,0.004969269
2019-11-25 05:00:00,0.0029623508
2019-11-25 05:10:00,0.0038733482
2019-11-25 05:20:00,0.002776891
2019-11-25 05:30:00,0.0044810474
2019-11-25 05:40:00,0.0027597249
2019-11-25 05:50:00,0.003732711
2019-11-25 06:00:00,0.0026408136
2019-11-25 06:10:00,0.004475355
2019-11-25 06:20:00,0.0025770366
2019-11-25 06:30:00,0.0034362972
2019-11-25 06:40:00,0.0025077164
2019-11-25 06:50:00,0.0043676198
2019-11-25 07:00:00,0.002378285
2019-11-25 07:10:00,0.0038226843
2019-11-25 07:20:00,0.0024585128
2019-11-25 07:30:00,0.0045404136
2019-11-25 07:40:00,0.0022915304
2019-11-25 07:50:00,0.0035776496
2019-11-25 08:00:00,0.0023303926
2019-11-25 08:10:00,0.004428178
2019-11-25 08:20:00,0.0021418035
2019-11-25 08:30:00,0.0033131838
2019-11-25 08:40:00,0.0023118854
2019-11-25 08:50:00,0.00466606
2019-11-25 09:00:00,0.0021355748
2019-11-25 09:10:00,0.00362283
2019-11-25 09:20:00,0.0023545325
2019-11-25 09:30:00,0.0047365725
2019-11-25 09:40:00,0.0021758378
2019-11-25 09:50:00,0.0038770437
2019-11-25 10:00:00,0.0025091171
2019-11-25 10:10:00,0.0055282116
2019-11-25 10:20:00,0.002307564
2019-11-25 10:30:00,0.00463894
2019-11-25 10:40:00,0.0027702749
2019-11-25 10:50:00,0.006241411
2019-11-25 11:00:00,0.0025568902
2019-11-25 11:10:00,0.005079806
2019-11-25 11:20:00,0.0028526187
2019-11-25 11:30:00,0.0060347915
2019-11-25 11:40:00,0.002382785
2019-11-25 11:50:00,0.0050620437
2019-11-25 12:00:00,0.002906084
2019-11-25 12:10:00,0.0068063736
2019-11-25 12:20:00,0.0026380718
2019-11-25 12:30:00,0.005657345
2019-11-25 12:40:00,0.0030937493
2019-11-25 12:50:00,0.0071768165
2019-11-25 13:00:00,0.0028035939
2019-11-25 13:10:00,0.0062752366
2019-11-25 13:20:00,0.0033284426
2019-11-25 13:30:00,0.0082139075
2019-11-25 13:40:00,0.0029779673
2019-11-25 13:50:00,0.007210344
2019-11-25 14:00:00,0.0039057136
2019-11-25 14:10:00,0.01015228
2019-11-25 14:20:00,0.0035915375
2019-11-25 14:30:00,0.00976336
2019-11-25 14:40:00,0.004444748
2019-11-25 14:50:00,0.011290103
2019-11-25 15:00:00,0.0037042499
2019-11-25 15:10:00,0.009627849
2019-11-25 15:20:00,0.004487753
2019-11-25 15:30:00,0.011509359
2019-11-25 15:40:00,0.0036106408
2019-11-25 15:50:00,0.009956926
2019-11-25 16:00:00,0.004820764
2019-11-25 16:10:00,0.014255077
2019-11-25 16:20:00,0.0046049953
2019-11-25 16:30:00,0.013102025
2019-11-25 16:40:00,0.007949233
2019-11-25 16:50:00,0.017799258
2019-11-25 17:00:00,0.0060464144
2019-11-25 17:10:00,0.020966798
2019-11-25 17:20:00,0.012093186
2019-11-25 17:30:00,0.026881188
2019-11-25 17:40:00,0.00928396
2019-11-25 17:50:00,0.024248868
2019-11-25 18:00:00,0.011854082
2019-11-25 18:10:00,0.025728315
2019-11-25 18:20:00,0.008895069
2019-11-25 18:30:00,0.023113936
2019-11-25 18:40:00,0.010530055
2019-11-25 18:50:00,0.023010075
2019-11-25 19:00:00,0.007437438
2019-11-25 19:10:00,0.021053433
2019-11-25 19:20:00,0.009278357
2019-11-25 19:30:00,0.026083231
2019-11-25 19:40:00,0.008965582
2019-11-25 19:50:00,0.024487823
2019-11-25 20:00:00,0.011323899
2019-11-25 20:10:00,0.02760008
2019-11-25 20:20:00,0.0099879205
2019-11-25 20:30:00,0.02582094
2019-11-25 20:40:00,0.012055188
2019-11-25 20:50:00,0.028930128
2019-11-25 21:00:00,0.0092743635
2019-11-25 21:10:00,0.026108384
2019-11-25 21:20:00,0.011529565
2019-11-25 21:30:00,0.02920264
2019-11-25 21:40:00,0.010339737
2019-11-25 21:50:00,0.028988302
2019-11-25 22:00:00,0.01257652
2019-11-25 22:10:00,0.03185889
2019-11-25 22:20:00,0.010763258
2019-11-25 22:30:00,0.02850172
2019-11-25 22:40:00,0.012303203
2019-11-25 22:50:00,0.03313893
2019-11-25 23:00:00,0.010951489
2019-11-25 23:10:00,0.029739887
2019-11-25 23:20:00,0.012458742
2019-11-25 23:30:00,0.0325332
2019-11-25 23:40:00,0.010314435
2019-11-25 23:50:00,0.03071636
2019-11-26 00:00:00,0.011946052
2019-11-26 00:10:00,0.0336951
2019-11-26 00:20:00,0.010828942
2019-11-26 00:30:00,0.031191915
2019-11-26 00:40:00,0.012298673
2019-11-26 00:50:00,0.03361574
2019-11-26 01:00:00,0.010453343
2019-11-26 01:10:00,0.02775091
2019-11-26 01:20:00,0.009999216
2019-11-26 01:30:00,0.023871541
2019-11-26 01:40:00,0.008202165
2019-11-26 01:50:00,0.019221753
2019-11-26 02:00:00,0.0089375675
2019-11-26 02:10:00,0.018599838
2019-11-26 02:20:00,0.008441985
2019-11-26 02:30:00,0.016938716
2019-11-26 02:40:00,0.008838624
2019-11-26 02:50:00,0.019236177
2019-11-26 03:00:00,0.008506775
2019-11-26 03:10:00,0.018466353
2019-11-26 03:20:00,0.008560926
2019-11-26 03:30:00,0.020237505
2019-11-26 03:40:00,0.008978665
2019-11-26 03:50:00,0.018846303
2019-11-26 04:00:00,0.0084840655
2019-11-26 04:10:00,0.02035901
2019-11-26 04:20:00,0.009471953
2019-11-26 04:30:00,0.019082695
2019-11-26 04:40:00,0.008990765
2019-11-26 04:50:00,0.019200087
2019-11-26 05:00:00,0.01074177
2019-11-26 05:10:00,0.016426742
2019-11-26 05:20:00,0.009587258
2019-11-26 05:30:00,0.018079609
2019-11-26 05:40:00,0.01625809
2019-11-26 05:50:00,0.022351056
2019-11-26 06:00:00,0.013813347
2019-11-26 06:10:00,0.02263856
2019-11-26 06:20:00,0.015727758
2019-11-26 06:30:00,0.022349954
2019-11-26 06:40:00,0.01279223
2019-11-26 06:50:00,0.0210689
2019-11-26 07:00:00,0.014563471
2019-11-26 07:10:00,0.019992232
2019-11-26 07:20:00,0.012064874
2019-11-26 07:30:00,0.019085675
2019-11-26 07:40:00,0.014145017
2019-11-26 07:50:00,0.017202288
2019-11-26 08:00:00,0.011776686
2019-11-26 08:10:00,0.018126309
2019-11-26 08:20:00,0.014899552
2019-11-26 08:30:00,0.018427432
2019-11-26 08:40:00,0.01165694
2019-11-26 08:50:00,0.018764317
2019-11-26 09:00:00,0.014910877
2019-11-26 09:10:00,0.01936984
2019-11-26 09:20:00,0.012499422
2019-11-26 09:30:00,0.019138366
2019-11-26 09:40:00,0.014722019
2019-11-26 09:50:00,0.018461883
2019-11-26 10:00:00,0.012141615
2019-11-26 10:10:00,0.017460436
2019-11-26 10:20:00,0.013941497
2019-11-26 10:30:00,0.017366469
2019-11-26 10:40:00,0.0112526715
2019-11-26 10:50:00,0.018527627
2019-11-26 11:00:00,0.015032679
2019-11-26 11:10:00,0.019487888
2019-11-26 11:20:00,0.012737393
2019-11-26 11:30:00,0.018920928
2019-11-26 11:40:00,0.015670717
2019-11-26 11:50:00,0.021163762
2019-11-26 12:00:00,0.012848914
2019-11-26 12:10:00,0.018972188
2019-11-26 12:20:00,0.016776115
2019-11-26 12:30:00,0.020138651
2019-11-26 12:40:00,0.012763113
2019-11-26 12:50:00,0.019052178
2019-11-26 13:00:00,0.015279472
2019-11-26 13:10:00,0.019851804
2019-11-26 13:20:00,0.012292206
2019-11-26 13:30:00,0.019579947
2019-11-26 13:40:00,0.016109556
2019-11-26 13:50:00,0.019417912
2019-11-26 14:00:00,0.012045294
2019-11-26 14:10:00,0.018609554
2019-11-26 14:20:00,0.014741689
2019-11-26 14:30:00,0.020493984
2019-11-26 14:40:00,0.012184203
2019-11-26 14:50:00,0.017466217
2019-11-26 15:00:00,0.014384419
2019-11-26 15:10:00,0.01827553
2019-11-26 15:20:00,0.0116356015
2019-11-26 15:30:00,0.015569478
2019-11-26 15:40:00,0.013586879
2019-11-26 15:50:00,0.016940266
2019-11-26 16:00:00,0.009763479
2019-11-26 16:10:00,0.014391065
2019-11-26 16:20:00,0.01089254
2019-11-26 16:30:00,0.013675123
2019-11-26 16:40:00,0.007683724
2019-11-26 16:50:00,0.013372481
2019-11-26 17:00:00,0.009761721
2019-11-26 17:10:00,0.013936371
2019-11-26 17:20:00,0.007999212
2019-11-26 17:30:00,0.01236707
2019-11-26 17:40:00,0.010686696
2019-11-26 17:50:00,0.013139784
2019-11-26 18:00:00,0.008328438
2019-11-26 18:10:00,0.012954503
2019-11-26 18:20:00,0.011207402
2019-11-26 18:30:00,0.014917403
2019-11-26 18:40:00,0.008657217
2019-11-26 18:50:00,0.014156193
2019-11-26 19:00:00,0.01007086
2019-11-26 19:10:00,0.013394207
2019-11-26 19:20:00,0.0069060028
2019-11-26 19:30:00,0.012913495
2019-11-26 19:40:00,0.008366138
2019-11-26 19:50:00,0.012958825
2019-11-26 20:00:00,0.0066322684
2019-11-26 20:10:00,0.012863308
2019-11-26 20:20:00,0.008395821
2019-11-26 20:30:00,0.011815935
2019-11-26 20:40:00,0.0057127774
2019-11-26 20:50:00,0.011086971
2019-11-26 21:00:00,0.007088989
2019-11-26 21:10:00,0.010813355
2019-11-26 21:20:00,0.005234033
2019-11-26 21:30:00,0.0104756355
2019-11-26 21:40:00,0.006476611
2019-11-26 21:50:00,0.010040194
2019-11-26 22:00:00,0.0050285757
2019-11-26 22:10:00,0.011114597
2019-11-26 22:20:00,0.0065358877
2019-11-26 22:30:00,0.010797739
2019-11-26 22:40:00,0.00503096
2019-11-26 22:50:00,0.011583865
2019-11-26 23:00:00,0.006819546
2019-11-26 23:10:00,0.010955691
2019-11-26 23:20:00,0.0054603815
2019-11-26 23:30:00,0.011307508
2019-11-26 23:40:00,0.007180989
2019-11-26 23:50:00,0.011409253
2019-11-27 00:00:00,0.0055879056
2019-11-27 00:10:00,0.011699706
2019-11-27 00:20:00,0.006931275
2019-11-27 00:30:00,0.0120280385
2019-11-27 00:40:00,0.005564958
2019-11-27 00:50:00,0.012022734
2019-11-27 01:00:00,0.0069381893
2019-11-27 01:10:00,0.011710674
2019-11-27 01:20:00,0.0052742064
2019-11-27 01:30:00,0.014329553
2019-11-27 01:40:00,0.0078187585
2019-11-27 01:50:00,0.014462888
2019-11-27 02:00:00,0.006449878
2019-11-27 02:10:00,0.015525341
2019-11-27 02:20:00,0.0083120465
2019-11-27 02:30:00,0.015518695
2019-11-27 02:40:00,0.0068829358
2019-11-27 02:50:00,0.015418291
2019-11-27 03:00:00,0.008384615
2019-11-27 03:10:00,0.015243024
2019-11-27 03:20:00,0.0070075393
2019-11-27 03:30:00,0.016034812
2019-11-27 03:40:00,0.008097053
2019-11-27 03:50:00,0.014931053
2019-11-27 04:00:00,0.006767273
2019-11-27 04:10:00,0.015917301
2019-11-27 04:20:00,0.008182585
2019-11-27 04:30:00,0.015962064
2019-11-27 04:40:00,0.0072649717
2019-11-27 04:50:00,0.016684473
2019-11-27 05:00:00,0.008543074
2019-11-27 05:10:00,0.016491711
2019-11-27 05:20:00,0.0071002543
2019-11-27 05:30:00,0.018104702
2019-11-27 05:40:00,0.008823723
2019-11-27 05:50:00,0.019074857
2019-11-27 06:00:00,0.0075873733
2019-11-27 06:10:00,0.018960387
2019-11-27 06:20:00,0.008736014
2019-11-27 06:30:00,0.016887754
2019-11-27 06:40:00,0.0075974762
2019-11-27 06:50:00,0.017742485
2019-11-27 07:00:00,0.008949518
2019-11-27 07:10:00,0.017900199
2019-11-27 07:20:00,0.007853419
2019-11-27 07:30:00,0.01902014
2019-11-27 07:40:00,0.008935392
2019-11-27 07:50:00,0.020194083
2019-11-27 08:00:00,0.008462191
2019-11-27 08:10:00,0.022537917
2019-11-27 08:20:00,0.010075182
2019-11-27 08:30:00,0.02296552
2019-11-27 08:40:00,0.008938074
2019-11-27 08:50:00,0.025396317
2019-11-27 09:00:00,0.010804981
2019-11-27 09:10:00,0.026487768
2019-11-27 09:20:00,0.011403024
2019-11-27 09:30:00,0.027501553
2019-11-27 09:40:00,0.011328965
2019-11-27 09:50:00,0.024718344
2019-11-27 10:00:00,0.010031313
2019-11-27 10:10:00,0.023742557
2019-11-27 10:20:00,0.010596693
2019-11-27 10:30:00,0.023376375
2019-11-27 10:40:00,0.009718746
2019-11-27 10:50:00,0.023639888
2019-11-27 11:00:00,0.010191232
2019-11-27 11:10:00,0.023969531
2019-11-27 11:20:00,0.010639399
2019-11-27 11:30:00,0.025882244
2019-11-27 11:40:00,0.011675417
2019-11-27 11:50:00,0.026112765
2019-11-27 12:00:00,0.011491805
2019-11-27 12:10:00,0.026409209
2019-11-27 12:20:00,0.0118328035
2019-11-27 12:30:00,0.02742055
2019-11-27 12:40:00,0.012643784
2019-11-27 12:50:00,0.02952078
2019-11-27 13:00:00,0.012812436
2019-11-27 13:10:00,0.028327733
2019-11-27 13:20:00,0.013340175
2019-11-27 13:30:00,0.02808839
2019-11-27 13:40:00,0.012630761
2019-11-27 13:50:00,0.027841985
2019-11-27 14:00:00,0.012524009
2019-11-27 14:10:00,0.02886644
2019-11-27 14:20:00,0.013136804
2019-11-27 14:30:00,0.02946338
2019-11-27 14:40:00,0.0130621195
2019-11-27 14:50:00,0.030525416
2019-11-27 15:00:00,0.015000343
2019-11-27 15:10:00,0.030933917
2019-11-27 15:20:00,0.013692856
2019-11-27 15:30:00,0.03214404
2019-11-27 15:40:00,0.014419377
2019-11-27 15:50:00,0.0315727
2019-11-27 16:00:00,0.014713377
2019-11-27 16:10:00,0.031377077
2019-11-27 16:20:00,0.014165938
2019-11-27 16:30:00,0.030179888
2019-11-27 16:40:00,0.014701635
2019-11-27 16:50:00,0.031932324
2019-11-27 17:00:00,0.014273107
2019-11-27 17:10:00,0.031614453
2019-11-27 17:20:00,0.01566711
2019-11-27 17:30:00,0.031876862
2019-11-27 17:40:00,0.014519244
2019-11-27 17:50:00,0.028939724
2019-11-27 18:00:00,0.014518976
2019-11-27 18:10:00,0.0289042
2019-11-27 18:20:00,0.014326423
2019-11-27 18:30:00,0.027094662
2019-11-27 18:40:00,0.015317172
2019-11-27 18:50:00,0.027598798
2019-11-27 19:00:00,0.014371991
2019-11-27 19:10:00,0.02644217
2019-11-27 19:20:00,0.015646607
2019-11-27 19:30:00,0.02694434
2019-11-27 19:40:00,0.015463918
2019-11-27 19:50:00,0.026348412
2019-11-27 20:00:00,0.017762959
2019-11-27 20:10:00,0.026014686
2019-11-27 20:20:00,0.016142726
2019-11-27 20:30:00,0.024759501
2019-11-27 20:40:00,0.017338008
2019-11-27 20:50:00,0.025988162
2019-11-27 21:00:00,0.01557067
2019-11-27 21:10:00,0.025535375
2019-11-27 21:20:00,0.018402338
2019-11-27 21:30:00,0.027690321
2019-11-27 21:40:00,0.016923845
2019-11-27 21:50:00,0.02557224
2019-11-27 22:00:00,0.021268457
2019-11-27 22:10:00,0.028990865
2019-11-27 22:20:00,0.020440489
2019-11-27 22:30:00,0.029756129
2019-11-27 22:40:00,0.025166094
2019-11-27 22:50:00,0.031130701
2019-11-27 23:00:00,0.023168892
2019-11-27 23:10:00,0.029243052
2019-11-27 23:20:00,0.028275102
2019-11-27 23:30:00,0.030504853
2019-11-27 23:40:00,0.026433527
2019-11-27 23:50:00,0.029178053
2019-11-28 00:00:00,0.03300199
2019-11-28 00:10:00,0.03419611
2019-11-28 00:20:00,0.026715398
2019-11-28 00:30:00,0.024258524
2019-11-28 00:40:00,0.031208009
2019-11-28 00:50:00,0.025548786
2019-11-28 01:00:00,0.02463445
2019-11-28 01:10:00,0.019995332
2019-11-28 01:20:00,0.030338883
2019-11-28 01:30:00,0.021232963
2019-11-28 01:40:00,0.02688685
2019-11-28 01:50:00,0.020967633
2019-11-28 02:00:00,0.031419665
2019-11-28 02:10:00,0.022990942
2019-11-28 02:20:00,0.025947988
2019-11-28 02:30:00,0.018826097
2019-11-28 02:40:00,0.031309187
2019-11-28 02:50:00,0.0190624
2019-11-28 03:00:00,0.025112182
2019-11-28 03:10:00,0.016578317
2019-11-28 03:20:00,0.031420946
2019-11-28 03:30:00,0.016219348
2019-11-28 03:40:00,0.024783313
2019-11-28 03:50:00,0.013872027
2019-11-28 04:00:00,0.030387044
2019-11-28 04:10:00,0.014664382
2019-11-28 04:20:00,0.02339992
2019-11-28 04:30:00,0.012760788
2019-11-28 04:40:00,0.02730307
2019-11-28 04:50:00,0.012348026
2019-11-28 05:00:00,0.021253109
2019-11-28 05:10:00,0.012282968
2019-11-28 05:20:00,0.027816445
2019-11-28 05:30:00,0.013379127
2019-11-28 05:40:00,0.024132997
2019-11-28 05:50:00,0.011675626
2019-11-28 06:00:00,0.02852717
2019-11-28 06:10:00,0.013048321
2019-11-28 06:20:00,0.023434073
2019-11-28 06:30:00,0.010615796
2019-11-28 06:40:00,0.028570503
2019-11-28 06:50:00,0.011860549
2019-11-28 07:00:00,0.0241628
2019-11-28 07:10:00,0.010006756
2019-11-28 07:20:00,0.028476447
2019-11-28 07:30:00,0.011161745
2019-11-28 07:40:00,0.02320692
2019-11-28 07:50:00,0.009439975
2019-11-28 08:00:00,0.028644294
2019-11-28 08:10:00,0.010656029
2019-11-28 08:20:00,0.023904413
2019-11-28 08:30:00,0.008838385
2019-11-28 08:40:00,0.029112399
2019-11-28 08:50:00,0.010132581
2019-11-28 09:00:00,0.023973733
2019-11-28 09:10:00,0.00844574
2019-11-28 09:20:00,0.028354764
2019-11-28 09:30:00,0.0102831125
2019-11-28 09:40:00,0.024102002
2019-11-28 09:50:00,0.009467363
2019-11-28 10:00:00,0.02978757
2019-11-28 10:10:00,0.0110403
2019-11-28 10:20:00,0.026922315
2019-11-28 10:30:00,0.009717196
2019-11-28 10:40:00,0.032635957
2019-11-28 10:50:00,0.011921436
2019-11-28 11:00:00,0.026483595
2019-11-28 11:10:00,0.00969404
2019-11-28 11:20:00,0.029942662
2019-11-28 11:30:00,0.0106408
2019-11-28 11:40:00,0.026307583
2019-11-28 11:50:00,0.009535581
2019-11-28 12:00:00,0.03024906
2019-11-28 12:10:00,0.010504395
2019-11-28 12:20:00,0.027111262
2019-11-28 12:30:00,0.008827776
2019-11-28 12:40:00,0.029668957
2019-11-28 12:50:00,0.009734392
2019-11-28 13:00:00,0.027003765
2019-11-28 13:10:00,0.009036273
2019-11-28 13:20:00,0.03426951
2019-11-28 13:30:00,0.010134935
2019-11-28 13:40:00,0.03396979
2019-11-28 13:50:00,0.009074807
2019-11-28 14:00:00,0.03865528
2019-11-28 14:10:00,0.0103493035
2019-11-28 14:20:00,0.036462426
2019-11-28 14:30:00,0.009598792
2019-11-28 14:40:00,0.041350782
2019-11-28 14:50:00,0.011662811
2019-11-28 15:00:00,0.03998825
2019-11-28 15:10:00,0.011137873
2019-11-28 15:20:00,0.043121457
2019-11-28 15:30:00,0.013116658
2019-11-28 15:40:00,0.041812092
2019-11-28 15:50:00,0.012478828
2019-11-28 16:00:00,0.04467699
2019-11-28 16:10:00,0.014028251
2019-11-28 16:20:00,0.040635914
2019-11-28 16:30:00,0.012635827
2019-11-28 16:40:00,0.047689587
2019-11-28 16:50:00,0.0145100355
2019-11-28 17:00:00,0.04636225
2019-11-28 17:10:00,0.013493717
2019-11-28 17:20:00,0.047475606
2019-11-28 17:30:00,0.016105473
2019-11-28 17:40:00,0.044956386
2019-11-28 17:50:00,0.013646513
2019-11-28 18:00:00,0.044911444
2019-11-28 18:10:00,0.014940977
2019-11-28 18:20:00,0.04202664
2019-11-28 18:30:00,0.013408661
2019-11-28 18:40:00,0.043648183
2019-11-28 18:50:00,0.014966011
2019-11-28 19:00:00,0.04391408
2019-11-28 19:10:00,0.012874097
2019-11-28 19:20:00,0.04246837
2019-11-28 19:30:00,0.013441145
2019-11-28 19:40:00,0.044047862
2019-11-28 19:50:00,0.0113711655
2019-11-28 20:00:00,0.041395873
2019-11-28 20:10:00,0.01312694
2019-11-28 20:20:00,0.040598482
2019-11-28 20:30:00,0.012070656
2019-11-28 20:40:00,0.04030764
2019-11-28 20:50:00,0.013923615
2019-11-28 21:00:00,0.040231347
2019-11-28 21:10:00,0.012414575
2019-11-28 21:20:00,0.03858286
2019-11-28 21:30:00,0.01418519
2019-11-28 21:40:00,0.038887024
2019-11-28 21:50:00,0.013130993
2019-11-28 22:00:00,0.03876838
2019-11-28 22:10:00,0.01481393
2019-11-28 22:20:00,0.042777836
2019-11-28 22:30:00,0.013307363
2019-11-28 22:40:00,0.0439291
2019-11-28 22:50:00,0.015027612
2019-11-28 23:00:00,0.045249134
2019-11-28 23:10:00,0.014398605
2019-11-28 23:20:00,0.04384151
2019-11-28 23:30:00,0.015900344
2019-11-28 23:40:00,0.04245898
2019-11-28 23:50:00,0.013973534
2019-11-29 00:00:00,0.04149121
2019-11-29 00:10:00,0.015734285
2019-11-29 00:20:00,0.039658606
2019-11-29 00:30:00,0.014838189
2019-11-29 00:40:00,0.03772959
2019-11-29 00:50:00,0.01710838
2019-11-29 01:00:00,0.038895488
2019-11-29 01:10:00,0.016390324
2019-11-29 01:20:00,0.038562506
2019-11-29 01:30:00,0.018343836
2019-11-29 01:40:00,0.038890928
2019-11-29 01:50:00,0.01662001
2019-11-29 02:00:00,0.039826453
2019-11-29 02:10:00,0.01877287
2019-11-29 02:20:00,0.041074783
2019-11-29 02:30:00,0.019191325
2019-11-29 02:40:00,0.041247904
2019-11-29 02:50:00,0.022202611
2019-11-29 03:00:00,0.042410105
2019-11-29 03:10:00,0.02154228
2019-11-29 03:20:00,0.04530251
2019-11-29 03:30:00,0.02564317
2019-11-29 03:40:00,0.047190756
2019-11-29 03:50:00,0.02590388
2019-11-29 04:00:00,0.045404017
2019-11-29 04:10:00,0.027100295
2019-11-29 04:20:00,0.04592806
2019-11-29 04:30:00,0.029688
2019-11-29 04:40:00,0.048918128
2019-11-29 04:50:00,0.0330697
2019-11-29 05:00:00,0.051633835
2019-11-29 05:10:00,0.033795744
2019-11-29 05:20:00,0.05063632
2019-11-29 05:30:00,0.036395103
2019-11-29 05:40:00,0.0538913
2019-11-29 05:50:00,0.03633514
2019-11-29 06:00:00,0.053313762
2019-11-29 06:10:00,0.04034841
2019-11-29 06:20:00,0.05314493
2019-11-29 06:30:00,0.044790477
2019-11-29 06:40:00,0.056278497
2019-11-29 06:50:00,0.0471825
2019-11-29 07:00:00,0.06416613
2019-11-29 07:10:00,0.054356277
2019-11-29 07:20:00,0.06776282
2019-11-29 07:30:00,0.057396412
2019-11-29 07:40:00,0.07183072
2019-11-29 07:50:00,0.061757654
2019-11-29 08:00:00,0.0668011
2019-11-29 08:10:00,0.065632045
2019-11-29 08:20:00,0.07282734
2019-11-29 08:30:00,0.06834361
2019-11-29 08:40:00,0.07108638
2019-11-29 08:50:00,0.069088906
2019-11-29 09:00:00,0.07478526
2019-11-29 09:10:00,0.07411778
2019-11-29 09:20:00,0.07952723
2019-11-29 09:30:00,0.07653546
2019-11-29 09:40:00,0.087380916
2019-11-29 09:50:00,0.08049536
2019-11-29 10:00:00,0.09146431
2019-11-29 10:10:00,0.09237826
2019-11-29 10:20:00,0.09839797
2019-11-29 10:30:00,0.094566226
2019-11-29 10:40:00,0.1026887
2019-11-29 10:50:00,0.10127127
2019-11-29 11:00:00,0.11324969
2019-11-29 11:10:00,0.11071327
2019-11-29 11:20:00,0.12478942
2019-11-29 11:30:00,0.11989674
2019-11-29 11:40:00,0.12771979
2019-11-29 11:50:00,0.124705166
2019-11-29 12:00:00,0.12940556
2019-11-29 12:10:00,0.12548238
2019-11-29 12:20:00,0.13154697
2019-11-29 12:30:00,0.1226162
2019-11-29 12:40:00,0.12950078
2019-11-29 12:50:00,0.12488893
2019-11-29 13:00:00,0.1375457
2019-11-29 13:10:00,0.13925844
2019-11-29 13:20:00,0.14358324
2019-11-29 13:30:00,0.12123573
2019-11-29 13:40:00,0.13417676
2019-11-29 13:50:00,0.11021578
2019-11-29 14:00:00,0.114011824
2019-11-29 14:10:00,0.10124767
2019-11-29 14:20:00,0.09283987
2019-11-29 14:30:00,0.08778736
2019-11-29 14:40:00,0.08593795
2019-11-29 14:50:00,0.0858174
2019-11-29 15:00:00,0.08220935
2019-11-29 15:10:00,0.0797559
2019-11-29 15:20:00,0.08039707
2019-11-29 15:30:00,0.085893065
2019-11-29 15:40:00,0.080675066
2019-11-29 15:50:00,0.079482764
2019-11-29 16:00:00,0.07861641
2019-11-29 16:10:00,0.07568422
2019-11-29 16:20:00,0.07531309
2019-11-29 16:30:00,0.079378635
2019-11-29 16:40:00,0.077273756
2019-11-29 16:50:00,0.08020216
2019-11-29 17:00:00,0.074510545
2019-11-29 17:10:00,0.07760632
2019-11-29 17:20:00,0.07680529
2019-11-29 17:30:00,0.08273533
2019-11-29 17:40:00,0.07040888
2019-11-29 17:50:00,0.07323074
2019-11-29 18:00:00,0.06934792
2019-11-29 18:10:00,0.07737175
2019-11-29 18:20:00,0.0660373
2019-11-29 18:30:00,0.06568536
2019-11-29 18:40:00,0.062178403
2019-11-29 18:50:00,0.06937328
2019-11-29 19:00:00,0.06465706
2019-11-29 19:10:00,0.065214306
2019-11-29 19:20:00,0.058831394
2019-11-29 19:30:00,0.067374974
2019-11-29 19:40:00,0.051573634
2019-11-29 19:50:00,0.059288055
2019-11-29 20:00:00,0.052227616
2019-11-29 20:10:00,0.06283733
2019-11-29 20:20:00,0.048956037
2019-11-29 20:30:00,0.054447412
2019-11-29 20:40:00,0.047469288
2019-11-29 20:50:00,0.06319749
2019-11-29 21:00:00,0.047422856
2019-11-29 21:10:00,0.05644241
2019-11-29 21:20:00,0.04888013
2019-11-29 21:30:00,0.060004443
2019-11-29 21:40:00,0.048215955
2019-11-29 21:50:00,0.051844448
2019-11-29 22:00:00,0.047035515
2019-11-29 22:10:00,0.056500584
2019-11-29 22:20:00,0.05085644
2019-11-29 22:30:00,0.051488936
2019-11-29 22:40:00,0.04992175
2019-11-29 22:50:00,0.058276772
2019-11-29 23:00:00,0.047542006
2019-11-29 23:10:00,0.049953192
2019-11-29 23:20:00,0.047310084
2019-11-29 23:30:00,0.05702904
2019-11-29 23:40:00,0.04627633
2019-11-29 23:50:00,0.05173719
2019-11-30 00:00:00,0.0506033
2019-11-30 00:10:00,0.058641404
2019-11-30 00:20:00,0.046789676
2019-11-30 00:30:00,0.05306238
2019-11-30 00:40:00,0.051950842
2019-11-30 00:50:00,0.065561354
2019-11-30 01:00:00,0.054175943
2019-11-30 01:10:00,0.057914197
2019-11-30 01:20:00,0.057064146
2019-11-30 01:30:00,0.06978184
2019-11-30 01:40:00,0.056758434
2019-11-30 01:50:00,0.057498217
2019-11-30 02:00:00,0.056078613
2019-11-30 02:10:00,0.065408826
2019-11-30 02:20:00,0.05551228
2019-11-30 02:30:00,0.060935885
2019-11-30 02:40:00,0.05554086
2019-11-30 02:50:00,0.0738664
2019-11-30 03:00:00,0.058576196
2019-11-30 03:10:00,0.064560115
2019-11-30 03:20:00,0.055575877
2019-11-30 03:30:00,0.07129499
2019-11-30 03:40:00,0.056998074
2019-11-30 03:50:00,0.06318554
2019-11-30 04:00:00,0.058709472
2019-11-30 04:10:00,0.070256054
2019-11-30 04:20:00,0.06242481
2019-11-30 04:30:00,0.06109786
2019-11-30 04:40:00,0.059612274
2019-11-30 04:50:00,0.070892334
2019-11-30 05:00:00,0.061215162
2019-11-30 05:10:00,0.06572014
2019-11-30 05:20:00,0.062089413
2019-11-30 05:30:00,0.07417554
2019-11-30 05:40:00,0.0630922
2019-11-30 05:50:00,0.063483834
2019-11-30 06:00:00,0.06193921
2019-11-30 06:10:00,0.06993219
2019-11-30 06:20:00,0.065407544
2019-11-30 06:30:00,0.06361407
2019-11-30 06:40:00,0.06340966
2019-11-30 06:50:00,0.06554699
2019-11-30 07:00:00,0.07019371
2019-11-30 07:10:00,0.0636259
2019-11-30 07:20:00,0.0678443
2019-11-30 07:30:00,0.07213703
2019-11-30 07:40:00,0.06476557
2019-11-30 07:50:00,0.06405714
2019-11-30 08:00:00,0.064858824
2019-11-30 08:10:00,0.0700475
2019-11-30 08:20:00,0.07045299
2019-11-30 08:30:00,0.06467512
2019-11-30 08:40:00,0.07091433
2019-11-30 08:50:00,0.07571095
2019-11-30 09:00:00,0.07062712
2019-11-30 09:10:00,0.065787494
2019-11-30 09:20:00,0.0650835
2019-11-30 09:30:00,0.06966108
2019-11-30 09:40:00,0.06437728
2019-11-30 09:50:00,0.058787018
2019-11-30 10:00:00,0.0608263
2019-11-30 10:10:00,0.06523079
2019-11-30 10:20:00,0.060040653
2019-11-30 10:30:00,0.053774
2019-11-30 10:40:00,0.057836443
2019-11-30 10:50:00,0.058799505
2019-11-30 11:00:00,0.058895856
2019-11-30 11:10:00,0.049480617
2019-11-30 11:20:00,0.05631444
2019-11-30 11:30:00,0.056336194
2019-11-30 11:40:00,0.052790344
2019-11-30 11:50:00,0.04518965
2019-11-30 12:00:00,0.04883313
2019-11-30 12:10:00,0.0512228
2019-11-30 12:20:00,0.04855928
2019-11-30 12:30:00,0.042672932
2019-11-30 12:40:00,0.045818925
2019-11-30 12:50:00,0.05182308
2019-11-30 13:00:00,0.047914773
2019-11-30 13:10:00,0.043831408
2019-11-30 13:20:00,0.046730846
2019-11-30 13:30:00,0.04977247
2019-11-30 13:40:00,0.04183808
2019-11-30 13:50:00,0.0367949
2019-11-30 14:00:00,0.03530416
2019-11-30 14:10:00,0.04163593
2019-11-30 14:20:00,0.036889374
2019-11-30 14:30:00,0.032168806
2019-11-30 14:40:00,0.034043998
2019-11-30 14:50:00,0.041465968
2019-11-30 15:00:00,0.035208553
2019-11-30 15:10:00,0.03312534
2019-11-30 15:20:00,0.03448674
2019-11-30 15:30:00,0.04007539
2019-11-30 15:40:00,0.034224898
2019-11-30 15:50:00,0.031104088
2019-11-30 16:00:00,0.031981617
2019-11-30 16:10:00,0.038736343
2019-11-30 16:20:00,0.03410068
2019-11-30 16:30:00,0.030064762
2019-11-30 16:40:00,0.030189306
2019-11-30 16:50:00,0.036816478
2019-11-30 17:00:00,0.029977053
2019-11-30 17:10:00,0.029002756
2019-11-30 17:20:00,0.025901735
2019-11-30 17:30:00,0.034421265
2019-11-30 17:40:00,0.026951581
2019-11-30 17:50:00,0.02770999
2019-11-30 18:00:00,0.02424395
2019-11-30 18:10:00,0.0343045
2019-11-30 18:20:00,0.024878144
2019-11-30 18:30:00,0.02812031
2019-11-30 18:40:00,0.022456557
2019-11-30 18:50:00,0.033721894
2019-11-30 19:00:00,0.02566281
2019-11-30 19:10:00,0.027947992
2019-11-30 19:20:00,0.024208039
2019-11-30 19:30:00,0.034562945
2019-11-30 19:40:00,0.02669239
2019-11-30 19:50:00,0.028904289
2019-11-30 20:00:00,0.024652064
2019-11-30 20:10:00,0.034965694
2019-11-30 20:20:00,0.02392286
2019-11-30 20:30:00,0.030650765
2019-11-30 20:40:00,0.02210942
2019-11-30 20:50:00,0.035674095
2019-11-30 21:00:00,0.022520334
2019-11-30 21:10:00,0.031276643
2019-11-30 21:20:00,0.020460576
2019-11-30 21:30:00,0.032005847
2019-11-30 21:40:00,0.021753967
2019-11-30 21:50:00,0.029166847
2019-11-30 22:00:00,0.020543456
2019-11-30 22:10:00,0.029273689
2019-11-30 22:20:00,0.019302845
2019-11-30 22:30:00,0.026334643
2019-11-30 22:40:00,0.02187118
2019-11-30 22:50:00,0.025979191
2019-11-30 23:00:00,0.021602988
2019-11-30 23:10:00,0.026213914
2019-11-30 23:20:00,0.019518077
2019-11-30 23:30:00,0.026297271
2019-11-30 23:40:00,0.018892258
2019-11-30 23:50:00,0.023212671
2019-12-01 00:00:00,0.016453058
2019-12-01 00:10:00,0.022288114
2019-12-01 00:20:00,0.016504407
2019-12-01 00:30:00,0.020765096
2019-12-01 00:40:00,0.0155593455
2019-12-01 00:50:00,0.022510767
2019-12-01 01:00:00,0.01589173
2019-12-01 01:10:00,0.021035254
2019-12-01 01:20:00,0.014891565
2019-12-01 01:30:00,0.021631598
2019-12-01 01:40:00,0.015013754
2019-12-01 01:50:00,0.01941982
2019-12-01 02:00:00,0.014173627
2019-12-01 02:10:00,0.019906193
2019-12-01 02:20:00,0.014244556
2019-12-01 02:30:00,0.021612346
2019-12-01 02:40:00,0.015604854
2019-12-01 02:50:00,0.022301584
2019-12-01 03:00:00,0.014611751
2019-12-01 03:10:00,0.020183563
2019-12-01 03:20:00,0.013248354
2019-12-01 03:30:00,0.019684404
2019-12-01 03:40:00,0.012721211
2019-12-01 03:50:00,0.019500256
2019-12-01 04:00:00,0.012118071
2019-12-01 04:10:00,0.019244283
2019-12-01 04:20:00,0.011657357
2019-12-01 04:30:00,0.020334452
2019-12-01 04:40:00,0.011598021
2019-12-01 04:50:00,0.019393623
2019-12-01 05:00:00,0.010097504
2019-12-01 05:10:00,0.016845673
2019-12-01 05:20:00,0.008963585
2019-12-01 05:30:00,0.013896912
2019-12-01 05:40:00,0.007624179
2019-12-01 05:50:00,0.014464647
2019-12-01 06:00:00,0.007549286
2019-12-01 06:10:00,0.013081014
2019-12-01 06:20:00,0.00816071
2019-12-01 06:30:00,0.014269263
2019-12-01 06:40:00,0.0077016056
2019-12-01 06:50:00,0.0134628415
2019-12-01 07:00:00,0.007429123
2019-12-01 07:10:00,0.013848066
2019-12-01 07:20:00,0.006995231
2019-12-01 07:30:00,0.012312174
2019-12-01 07:40:00,0.007214904
2019-12-01 07:50:00,0.013474554
2019-12-01 08:00:00,0.006970018
2019-12-01 08:10:00,0.0133447945
2019-12-01 08:20:00,0.0073986948
2019-12-01 08:30:00,0.014343023
2019-12-01 08:40:00,0.007270992
2019-12-01 08:50:00,0.013828725
2019-12-01 09:00:00,0.007414162
2019-12-01 09:10:00,0.014203638
2019-12-01 09:20:00,0.006962031
2019-12-01 09:30:00,0.013634592
2019-12-01 09:40:00,0.0073455274
2019-12-01 09:50:00,0.013783306
2019-12-01 10:00:00,0.0070737004
2019-12-01 10:10:00,0.013717979
2019-12-01 10:20:00,0.007358432
2019-12-01 10:30:00,0.014427334
2019-12-01 10:40:00,0.0070765316
2019-12-01 10:50:00,0.014177412
2019-12-01 11:00:00,0.007017851
2019-12-01 11:10:00,0.013933092
2019-12-01 11:20:00,0.006554723
2019-12-01 11:30:00,0.013682246
2019-12-01 11:40:00,0.0064968467
2019-12-01 11:50:00,0.0135501325
2019-12-01 12:00:00,0.006045103
2019-12-01 12:10:00,0.013288587
2019-12-01 12:20:00,0.006857723
2019-12-01 12:30:00,0.01370582
2019-12-01 12:40:00,0.00576967
2019-12-01 12:50:00,0.013530344
2019-12-01 13:00:00,0.0060139
2019-12-01 13:10:00,0.012531251
2019-12-01 13:20:00,0.0050956905
2019-12-01 13:30:00,0.010647744
2019-12-01 13:40:00,0.005456984
2019-12-01 13:50:00,0.012167841
2019-12-01 14:00:00,0.004927963
2019-12-01 14:10:00,0.01245749
2019-12-01 14:20:00,0.0055407584
2019-12-01 14:30:00,0.013117582
2019-12-01 14:40:00,0.0052634776
2019-12-01 14:50:00,0.0121536255
2019-12-01 15:00:00,0.0060430765
2019-12-01 15:10:00,0.01329723
2019-12-01 15:20:00,0.0053644776
2019-12-01 15:30:00,0.012794107
2019-12-01 15:40:00,0.0059350133
2019-12-01 15:50:00,0.013488233
2019-12-01 16:00:00,0.0053896606
2019-12-01 16:10:00,0.014158785
2019-12-01 16:20:00,0.0062520504
2019-12-01 16:30:00,0.013387948
2019-12-01 16:40:00,0.005597681
2019-12-01 16:50:00,0.012021363
2019-12-01 17:00:00,0.0066022873
2019-12-01 17:10:00,0.014076829
2019-12-01 17:20:00,0.006085992
2019-12-01 17:30:00,0.013375998
2019-12-01 17:40:00,0.0067071617
2019-12-01 17:50:00,0.014999479
2019-12-01 18:00:00,0.0062994063
2019-12-01 18:10:00,0.014264435
2019-12-01 18:20:00,0.0071760416
2019-12-01 18:30:00,0.015751272
2019-12-01 18:40:00,0.0067563355
2019-12-01 18:50:00,0.015078604
2019-12-01 19:00:00,0.0076194704
2019-12-01 19:10:00,0.016433597
2019-12-01 19:20:00,0.0070725977
2019-12-01 19:30:00,0.015263915
2019-12-01 19:40:00,0.0075688064
2019-12-01 19:50:00,0.016704917
2019-12-01 20:00:00,0.0076064467
2019-12-01 20:10:00,0.015961915
2019-12-01 20:20:00,0.009354919
2019-12-01 20:30:00,0.018309414
2019-12-01 20:40:00,0.00869146
2019-12-01 20:50:00,0.016881824
2019-12-01 21:00:00,0.010127157
2019-12-01 21:10:00,0.018789202
2019-12-01 21:20:00,0.0094946325
2019-12-01 21:30:00,0.018892288
2019-12-01 21:40:00,0.0109047
2019-12-01 21:50:00,0.020428479
2019-12-01 22:00:00,0.0108425915
2019-12-01 22:10:00,0.023789734
2019-12-01 22:20:00,0.012608379
2019-12-01 22:30:00,0.024905145
2019-12-01 22:40:00,0.012277514
2019-12-01 22:50:00,0.022938013
2019-12-01 23:00:00,0.012935907
2019-12-01 23:10:00,0.02332002
2019-12-01 23:20:00,0.012368292
2019-12-01 23:30:00,0.023017287
2019-12-01 23:40:00,0.014031529
2019-12-01 23:50:00,0.024351656
2019-12-02 00:00:00,0.01288566
2019-12-02 00:10:00,0.022840112
2019-12-02 00:20:00,0.014922053
2019-12-02 00:30:00,0.025210679
2019-12-02 00:40:00,0.012988299
2019-12-02 00:50:00,0.024566025
2019-12-02 01:00:00,0.0142507255
2019-12-02 01:10:00,0.025754571
2019-12-02 01:20:00,0.013531297
2019-12-02 01:30:00,0.02472049
2019-12-02 01:40:00,0.015214145
2019-12-02 01:50:00,0.026694775
2019-12-02 02:00:00,0.014740527
2019-12-02 02:10:00,0.026801854
2019-12-02 02:20:00,0.015469998
2019-12-02 02:30:00,0.02603212
2019-12-02 02:40:00,0.014653444
2019-12-02 02:50:00,0.025637865
2019-12-02 03:00:00,0.01663816
2019-12-02 03:10:00,0.026382804
2019-12-02 03:20:00,0.015250653
2019-12-02 03:30:00,0.025534838
2019-12-02 03:40:00,0.018724203
2019-12-02 03:50:00,0.027581692
2019-12-02 04:00:00,0.017433077
2019-12-02 04:10:00,0.029791027
2019-12-02 04:20:00,0.019677281
2019-12-02 04:30:00,0.031153083
2019-12-02 04:40:00,0.018119425
2019-12-02 04:50:00,0.032093078
2019-12-02 05:00:00,0.023255676
2019-12-02 05:10:00,0.033737153
2019-12-02 05:20:00,0.02006647
2019-12-02 05:30:00,0.033497006
2019-12-02 05:40:00,0.023827076
2019-12-02 05:50:00,0.033673108
2019-12-02 06:00:00,0.020967335
2019-12-02 06:10:00,0.033419818
2019-12-02 06:20:00,0.023841262
2019-12-02 06:30:00,0.032544196
2019-12-02 06:40:00,0.021883428
2019-12-02 06:50:00,0.035740614
2019-12-02 07:00:00,0.02430594
2019-12-02 07:10:00,0.034454167
2019-12-02 07:20:00,0.02245611
2019-12-02 07:30:00,0.035612077
2019-12-02 07:40:00,0.02590707
2019-12-02 07:50:00,0.034294605
2019-12-02 08:00:00,0.023886174
2019-12-02 08:10:00,0.033938497
2019-12-02 08:20:00,0.025868952
2019-12-02 08:30:00,0.034526438
2019-12-02 08:40:00,0.022273123
2019-12-02 08:50:00,0.034963936
2019-12-02 09:00:00,0.025305748
2019-12-02 09:10:00,0.034205526
2019-12-02 09:20:00,0.022927523
2019-12-02 09:30:00,0.035149276
2019-12-02 09:40:00,0.025591582
2019-12-02 09:50:00,0.0344221
2019-12-02 10:00:00,0.022917569
2019-12-02 10:10:00,0.0344429
2019-12-02 10:20:00,0.025158882
2019-12-02 10:30:00,0.032470614
2019-12-02 10:40:00,0.02300322
2019-12-02 10:50:00,0.032690912
2019-12-02 11:00:00,0.024806619
2019-12-02 11:10:00,0.031309098
2019-12-02 11:20:00,0.025196165
2019-12-02 11:30:00,0.03221509
2019-12-02 11:40:00,0.027271867
2019-12-02 11:50:00,0.032811254
2019-12-02 12:00:00,0.021504909
2019-12-02 12:10:00,0.031241685
2019-12-02 12:20:00,0.02763471
2019-12-02 12:30:00,0.034948945
2019-12-02 12:40:00,0.027368754
2019-12-02 12:50:00,0.03482032
2019-12-02 13:00:00,0.027527839
2019-12-02 13:10:00,0.032586783
2019-12-02 13:20:00,0.028291345
2019-12-02 13:30:00,0.03164068
2019-12-02 13:40:00,0.02940005
2019-12-02 13:50:00,0.030096859
2019-12-02 14:00:00,0.027417451
2019-12-02 14:10:00,0.030790597
2019-12-02 14:20:00,0.029492497
2019-12-02 14:30:00,0.028145492
2019-12-02 14:40:00,0.026378512
2019-12-02 14:50:00,0.027664363
2019-12-02 15:00:00,0.027215421
2019-12-02 15:10:00,0.023747355
2019-12-02 15:20:00,0.02394855
2019-12-02 15:30:00,0.024878949
2019-12-02 15:40:00,0.023843259
2019-12-02 15:50:00,0.023004174
2019-12-02 16:00:00,0.023113519
2019-12-02 16:10:00,0.022737741
2019-12-02 16:20:00,0.024015307
2019-12-02 16:30:00,0.022781223
2019-12-02 16:40:00,0.023768097
2019-12-02 16:50:00,0.022605509
2019-12-02 17:00:00,0.025700659
2019-12-02 17:10:00,0.021586984
2019-12-02 17:20:00,0.022912234
2019-12-02 17:30:00,0.020258486
2019-12-02 17:40:00,0.025077343
2019-12-02 17:50:00,0.021302998
2019-12-02 18:00:00,0.023730516
2019-12-02 18:10:00,0.024447411
2019-12-02 18:20:00,0.024418622
2019-12-02 18:30:00,0.022201985
2019-12-02 18:40:00,0.025697052
2019-12-02 18:50:00,0.02255547
2019-12-02 19:00:00,0.024679422
2019-12-02 19:10:00,0.02181694
2019-12-02 19:20:00,0.026067823
2019-12-02 19:30:00,0.02305907
2019-12-02 19:40:00,0.025861144
2019-12-02 19:50:00,0.021144658
2019-12-02 20:00:00,0.026787907
2019-12-02 20:10:00,0.02144581
2019-12-02 20:20:00,0.024541974
2019-12-02 20:30:00,0.018687367
2019-12-02 20:40:00,0.023882031
2019-12-02 20:50:00,0.0184246
2019-12-02 21:00:00,0.023296237
2019-12-02 21:10:00,0.017605692
2019-12-02 21:20:00,0.023748904
2019-12-02 21:30:00,0.01865369
2019-12-02 21:40:00,0.02347824
2019-12-02 21:50:00,0.018883765
2019-12-02 22:00:00,0.023411036
2019-12-02 22:10:00,0.018906325
2019-12-02 22:20:00,0.022759378
2019-12-02 22:30:00,0.018265963
2019-12-02 22:40:00,0.023289025
2019-12-02 22:50:00,0.018587202
2019-12-02 23:00:00,0.023361653
2019-12-02 23:10:00,0.017290264
2019-12-02 23:20:00,0.023285866
2019-12-02 23:30:00,0.017575413
2019-12-02 23:40:00,0.021389306
2019-12-02 23:50:00,0.016790181
2019-12-03 00:00:00,0.022850752
2019-12-03 00:10:00,0.018117458
2019-12-03 00:20:00,0.022600234
2019-12-03 00:30:00,0.017095178
2019-12-03 00:40:00,0.02295497
2019-12-03 00:50:00,0.017050862
2019-12-03 01:00:00,0.02250278
2019-12-03 01:10:00,0.01623705
2019-12-03 01:20:00,0.022597522
2019-12-03 01:30:00,0.016304463
2019-12-03 01:40:00,0.022601724
2019-12-03 01:50:00,0.015503377
2019-12-03 02:00:00,0.022686392
2019-12-03 02:10:00,0.016332686
2019-12-03 02:20:00,0.021866292
2019-12-03 02:30:00,0.015457094
2019-12-03 02:40:00,0.02241826
2019-12-03 02:50:00,0.01598543
2019-12-03 03:00:00,0.021717995
2019-12-03 03:10:00,0.015835822
2019-12-03 03:20:00,0.021990746
2019-12-03 03:30:00,0.016593575
2019-12-03 03:40:00,0.021757573
2019-12-03 03:50:00,0.015903115
2019-12-03 04:00:00,0.022920668
2019-12-03 04:10:00,0.01682964
2019-12-03 04:20:00,0.023720592
2019-12-03 04:30:00,0.016686022
2019-12-03 04:40:00,0.02458772
2019-12-03 04:50:00,0.017408371
2019-12-03 05:00:00,0.024853826
2019-12-03 05:10:00,0.018129855
2019-12-03 05:20:00,0.025111288
2019-12-03 05:30:00,0.018806428
2019-12-03 05:40:00,0.024641246
2019-12-03 05:50:00,0.018493831
2019-12-03 06:00:00,0.02538833
2019-12-03 06:10:00,0.019387126
2019-12-03 06:20:00,0.025838733
2019-12-03 06:30:00,0.019497693
2019-12-03 06:40:00,0.027496427
2019-12-03 06:50:00,0.018168151
2019-12-03 07:00:00,0.028306335
2019-12-03 07:10:00,0.018833756
2019-12-03 07:20:00,0.03144747
2019-12-03 07:30:00,0.020436138
2019-12-03 07:40:00,0.032125145
2019-12-03 07:50:00,0.0221726
2019-12-03 08:00:00,0.037082195
2019-12-03 08:10:00,0.02222848
2019-12-03 08:20:00,0.037367582
2019-12-03 08:30:00,0.022564858
2019-12-03 08:40:00,0.04081133
2019-12-03 08:50:00,0.023995787
2019-12-03 09:00:00,0.042137176
2019-12-03 09:10:00,0.025970131
2019-12-03 09:20:00,0.043624014
2019-12-03 09:30:00,0.026696831
2019-12-03 09:40:00,0.04190743
2019-12-03 09:50:00,0.024552375
2019-12-03 10:00:00,0.039653003
2019-12-03 10:10:00,0.02722621
2019-12-03 10:20:00,0.04131365
2019-12-03 10:30:00,0.028840065
2019-12-03 10:40:00,0.044890642
2019-12-03 10:50:00,0.028481573
2019-12-03 11:00:00,0.043344527
2019-12-03 11:10:00,0.030823141
2019-12-03 11:20:00,0.052275896
2019-12-03 11:30:00,0.029192716
2019-12-03 11:40:00,0.04630825
2019-12-03 11:50:00,0.027881056
2019-12-03 12:00:00,0.04749617
2019-12-03 12:10:00,0.026478529
2019-12-03 12:20:00,0.042438477
2019-12-03 12:30:00,0.026210278
2019-12-03 12:40:00,0.04689014
2019-12-03 12:50:00,0.026451528
2019-12-03 13:00:00,0.043426037
2019-12-03 13:10:00,0.028491586
2019-12-03 13:20:00,0.04332769
2019-12-03 13:30:00,0.024143428
2019-12-03 13:40:00,0.036492646
2019-12-03 13:50:00,0.025305778
2019-12-03 14:00:00,0.035954446
2019-12-03 14:10:00,0.022882462
2019-12-03 14:20:00,0.030501544
2019-12-03 14:30:00,0.024355024
2019-12-03 14:40:00,0.032421798
2019-12-03 14:50:00,0.022200078
2019-12-03 15:00:00,0.028447509
2019-12-03 15:10:00,0.023510605
2019-12-03 15:20:00,0.030807495
2019-12-03 15:30:00,0.02217871
2019-12-03 15:40:00,0.02943787
2019-12-03 15:50:00,0.022833526
2019-12-03 16:00:00,0.03090635
2019-12-03 16:10:00,0.021079838
2019-12-03 16:20:00,0.028589249
2019-12-03 16:30:00,0.022469312
2019-12-03 16:40:00,0.028542876
2019-12-03 16:50:00,0.02067265
2019-12-03 17:00:00,0.026546508
2019-12-03 17:10:00,0.023431271
2019-12-03 17:20:00,0.02703169
2019-12-03 17:30:00,0.021240294
2019-12-03 17:40:00,0.023676753
2019-12-03 17:50:00,0.023435593
2019-12-03 18:00:00,0.024891645
2019-12-03 18:10:00,0.021439373
2019-12-03 18:20:00,0.022504002
2019-12-03 18:30:00,0.02306649
2019-12-03 18:40:00,0.023730934
2019-12-03 18:50:00,0.019582897
2019-12-03 19:00:00,0.02213481
2019-12-03 19:10:00,0.021778136
2019-12-03 19:20:00,0.022126108
2019-12-03 19:30:00,0.021104664
2019-12-03 19:40:00,0.020769686
2019-12-03 19:50:00,0.024384946
2019-12-03 20:00:00,0.021335453
2019-12-03 20:10:00,0.02345103
2019-12-03 20:20:00,0.01934135
2019-12-03 20:30:00,0.02573827
2019-12-03 20:40:00,0.020687163
2019-12-03 20:50:00,0.025117576
2019-12-03 21:00:00,0.019842803
2019-12-03 21:10:00,0.030187547
2019-12-03 21:20:00,0.021465361
2019-12-03 21:30:00,0.027494311
2019-12-03 21:40:00,0.02104348
2019-12-03 21:50:00,0.029305398
2019-12-03 22:00:00,0.022017509
2019-12-03 22:10:00,0.027423978
2019-12-03 22:20:00,0.019587904
2019-12-03 22:30:00,0.028529674
2019-12-03 22:40:00,0.020642668
2019-12-03 22:50:00,0.026501805
2019-12-03 23:00:00,0.019116223
2019-12-03 23:10:00,0.029035717
2019-12-03 23:20:00,0.019103467
2019-12-03 23:30:00,0.025219083
2019-12-03 23:40:00,0.016161919
2019-12-03 23:50:00,0.02815497
2019-12-04 00:00:00,0.017739743
2019-12-04 00:10:00,0.02355647
2019-12-04 00:20:00,0.01690489
2019-12-04 00:30:00,0.026916564
2019-12-04 00:40:00,0.0180628
2019-12-04 00:50:00,0.023279876
2019-12-04 01:00:00,0.017306983
2019-12-04 01:10:00,0.027673751
2019-12-04 01:20:00,0.018686533
2019-12-04 01:30:00,0.025398225
2019-12-04 01:40:00,0.017501295
2019-12-04 01:50:00,0.028379053
2019-12-04 02:00:00,0.01798606
2019-12-04 02:10:00,0.023734927
2019-12-04 02:20:00,0.016734183
2019-12-04 02:30:00,0.026430696
2019-12-04 02:40:00,0.017253429
2019-12-04 02:50:00,0.023990214
2019-12-04 03:00:00,0.017804623
2019-12-04 03:10:00,0.027410775
2019-12-04 03:20:00,0.017851412
2019-12-04 03:30:00,0.025542289
2019-12-04 03:40:00,0.018467009
2019-12-04 03:50:00,0.030560046
2019-12-04 04:00:00,0.018801332
2019-12-04 04:10:00,0.025996685
2019-12-04 04:20:00,0.01873973
2019-12-04 04:30:00,0.02983439
2019-12-04 04:40:00,0.018978506
2019-12-04 04:50:00,0.026203603
2019-12-04 05:00:00,0.017757297
2019-12-04 05:10:00,0.028328001
2019-12-04 05:20:00,0.018733412
2019-12-04 05:30:00,0.025583863
2019-12-04 05:40:00,0.018016338
2019-12-04 05:50:00,0.028875679
2019-12-04 06:00:00,0.018710673
2019-12-04 06:10:00,0.024933338
2019-12-04 06:20:00,0.017776012
2019-12-04 06:30:00,0.027794987
2019-12-04 06:40:00,0.019677281
2019-12-04 06:50:00,0.02569303
2019-12-04 07:00:00,0.018027186
2019-12-04 07:10:00,0.028460085
2019-12-04 07:20:00,0.018487036
2019-12-04 07:30:00,0.026069552
2019-12-04 07:40:00,0.018210411
2019-12-04 07:50:00,0.023685426
2019-12-04 08:00:00,0.01924035
2019-12-04 08:10:00,0.020708382
2019-12-04 08:20:00,0.018982261
2019-12-04 08:30:00,0.019476324
2019-12-04 08:40:00,0.018337369
2019-12-04 08:50:00,0.017017156
2019-12-04 09:00:00,0.017217368
2019-12-04 09:10:00,0.018845886
2019-12-04 09:20:00,0.015906125
2019-12-04 09:30:00,0.015191466
2019-12-04 09:40:00,0.014063895
2019-12-04 09:50:00,0.014585644
2019-12-04 10:00:00,0.014120877
2019-12-04 10:10:00,0.013326049
2019-12-04 10:20:00,0.014053106
2019-12-04 10:30:00,0.014321923
2019-12-04 10:40:00,0.014107853
2019-12-04 10:50:00,0.013426214
2019-12-04 11:00:00,0.01353991
2019-12-04 11:10:00,0.013205707
2019-12-04 11:20:00,0.013922423
2019-12-04 11:30:00,0.012716353
2019-12-04 11:40:00,0.013754398
2019-12-04 11:50:00,0.0124257505
2019-12-04 12:00:00,0.014581203
2019-12-04 12:10:00,0.012140542
2019-12-04 12:20:00,0.014136285
2019-12-04 12:30:00,0.012376487
2019-12-04 12:40:00,0.01465711
2019-12-04 12:50:00,0.0123980045
2019-12-04 13:00:00,0.013454497
2019-12-04 13:10:00,0.011152536
2019-12-04 13:20:00,0.011870474
2019-12-04 13:30:00,0.011501998
2019-12-04 13:40:00,0.011430323
2019-12-04 13:50:00,0.010463357
2019-12-04 14:00:00,0.010775149
2019-12-04 14:10:00,0.010511667
2019-12-04 14:20:00,0.010992736
2019-12-04 14:30:00,0.010501772
2019-12-04 14:40:00,0.0107495785
2019-12-04 14:50:00,0.010011405
2019-12-04 15:00:00,0.009590596
2019-12-04 15:10:00,0.010654241
2019-12-04 15:20:00,0.010030568
2019-12-04 15:30:00,0.010198474
2019-12-04 15:40:00,0.010526508
2019-12-04 15:50:00,0.00941655
2019-12-04 16:00:00,0.010507494
2019-12-04 16:10:00,0.010291189
2019-12-04 16:20:00,0.011906058
2019-12-04 16:30:00,0.009531736
2019-12-04 16:40:00,0.010464877
2019-12-04 16:50:00,0.0102571845
2019-12-04 17:00:00,0.011432886
2019-12-04 17:10:00,0.009321064
2019-12-04 17:20:00,0.011613876
2019-12-04 17:30:00,0.010110438
2019-12-04 17:40:00,0.012863308
2019-12-04 17:50:00,0.00939402
2019-12-04 18:00:00,0.012462676
2019-12-04 18:10:00,0.009680003
2019-12-04 18:20:00,0.013719678
2019-12-04 18:30:00,0.00937596
2019-12-04 18:40:00,0.014073789
2019-12-04 18:50:00,0.010774851
2019-12-04 19:00:00,0.015634209
2019-12-04 19:10:00,0.011415511
2019-12-04 19:20:00,0.015615076
2019-12-04 19:30:00,0.012907982
2019-12-04 19:40:00,0.015955806
2019-12-04 19:50:00,0.011083931
2019-12-04 20:00:00,0.015871167
2019-12-04 20:10:00,0.012009501
2019-12-04 20:20:00,0.01761517
2019-12-04 20:30:00,0.011359483
2019-12-04 20:40:00,0.018330961
2019-12-04 20:50:00,0.013387531
2019-12-04 21:00:00,0.020374507
2019-12-04 21:10:00,0.012043744
2019-12-04 21:20:00,0.023497552
2019-12-04 21:30:00,0.013564348
2019-12-04 21:40:00,0.024465382
2019-12-04 21:50:00,0.012111962
2019-12-04 22:00:00,0.0260064
2019-12-04 22:10:00,0.013748884
2019-12-04 22:20:00,0.02613318
2019-12-04 22:30:00,0.012200981
2019-12-04 22:40:00,0.026935816
2019-12-04 22:50:00,0.014282107
2019-12-04 23:00:00,0.02812624
2019-12-04 23:10:00,0.012474239
2019-12-04 23:20:00,0.027796715
2019-12-04 23:30:00,0.014354736
2019-12-04 23:40:00,0.029711664
2019-12-04 23:50:00,0.012574345
2019-12-05 00:00:00,0.029683828
2019-12-05 00:10:00,0.012876064
2019-12-05 00:20:00,0.03144148
2019-12-05 00:30:00,0.0110910535
2019-12-05 00:40:00,0.030761033
2019-12-05 00:50:00,0.0117991865
2019-12-05 01:00:00,0.030628204
2019-12-05 01:10:00,0.009749919
2019-12-05 01:20:00,0.028820306
2019-12-05 01:30:00,0.01153779
2019-12-05 01:40:00,0.030667752
2019-12-05 01:50:00,0.009751916
2019-12-05 02:00:00,0.028941989
2019-12-05 02:10:00,0.010659218
2019-12-05 02:20:00,0.029129118
2019-12-05 02:30:00,0.009957254
2019-12-05 02:40:00,0.029181361
2019-12-05 02:50:00,0.010869384
2019-12-05 03:00:00,0.03012687
2019-12-05 03:10:00,0.009304881
2019-12-05 03:20:00,0.028445423
2019-12-05 03:30:00,0.009275883
2019-12-05 03:40:00,0.02896437
2019-12-05 03:50:00,0.0076769292
2019-12-05 04:00:00,0.028272897
2019-12-05 04:10:00,0.008179903
2019-12-05 04:20:00,0.02779299
2019-12-05 04:30:00,0.0075550675
2019-12-05 04:40:00,0.02885428
2019-12-05 04:50:00,0.008082032
2019-12-05 05:00:00,0.028537959
2019-12-05 05:10:00,0.007311344
2019-12-05 05:20:00,0.027840823
2019-12-05 05:30:00,0.007499248
2019-12-05 05:40:00,0.029542565
2019-12-05 05:50:00,0.006799847
2019-12-05 06:00:00,0.030146658
2019-12-05 06:10:00,0.0073408484
2019-12-05 06:20:00,0.029842407
2019-12-05 06:30:00,0.0071413517
2019-12-05 06:40:00,0.034227163
2019-12-05 06:50:00,0.00923425
2019-12-05 07:00:00,0.033560365
2019-12-05 07:10:00,0.0077979267
2019-12-05 07:20:00,0.033531576
2019-12-05 07:30:00,0.00900498
2019-12-05 07:40:00,0.033967614
2019-12-05 07:50:00,0.009122282
2019-12-05 08:00:00,0.03828731
2019-12-05 08:10:00,0.009964138
2019-12-05 08:20:00,0.035129458
2019-12-05 08:30:00,0.009543359
2019-12-05 08:40:00,0.03842777
2019-12-05 08:50:00,0.011201888
2019-12-05 09:00:00,0.035179198
2019-12-05 09:10:00,0.010047168
2019-12-05 09:20:00,0.036373913
2019-12-05 09:30:00,0.011026859
2019-12-05 09:40:00,0.035941213
2019-12-05 09:50:00,0.009919375
2019-12-05 10:00:00,0.03628552
2019-12-05 10:10:00,0.010836154
2019-12-05 10:20:00,0.03553784
2019-12-05 10:30:00,0.010347903
2019-12-05 10:40:00,0.03752497
2019-12-05 10:50:00,0.011526078
2019-12-05 11:00:00,0.037050456
2019-12-05 11:10:00,0.010686606
2019-12-05 11:20:00,0.03925243
2019-12-05 11:30:00,0.01173237
2019-12-05 11:40:00,0.03711638
2019-12-05 11:50:00,0.010942847
2019-12-05 12:00:00,0.03835672
2019-12-05 12:10:00,0.012687653
2019-12-05 12:20:00,0.03707519
2019-12-05 12:30:00,0.011760861
2019-12-05 12:40:00,0.039447665
2019-12-05 12:50:00,0.013093442
2019-12-05 13:00:00,0.03861779
2019-12-05 13:10:00,0.012380719
2019-12-05 13:20:00,0.04040855
2019-12-05 13:30:00,0.013792455
2019-12-05 13:40:00,0.036660492
2019-12-05 13:50:00,0.012955964
2019-12-05 14:00:00,0.03737688
2019-12-05 14:10:00,0.013329953
2019-12-05 14:20:00,0.034181237
2019-12-05 14:30:00,0.013902664
2019-12-05 14:40:00,0.039164633
2019-12-05 14:50:00,0.01599276
2019-12-05 15:00:00,0.038353622
2019-12-05 15:10:00,0.016783774
2019-12-05 15:20:00,0.038599253
2019-12-05 15:30:00,0.017479002
2019-12-05 15:40:00,0.037657917
2019-12-05 15:50:00,0.016738921
2019-12-05 16:00:00,0.037525713
2019-12-05 16:10:00,0.018088788
2019-12-05 16:20:00,0.03875771
2019-12-05 16:30:00,0.018472701
2019-12-05 16:40:00,0.04200259
2019-12-05 16:50:00,0.020662367
2019-12-05 17:00:00,0.04428929
2019-12-05 17:10:00,0.020220071
2019-12-05 17:20:00,0.045195222
2019-12-05 17:30:00,0.019223362
2019-12-05 17:40:00,0.041517794
2019-12-05 17:50:00,0.019000262
2019-12-05 18:00:00,0.041912764
2019-12-05 18:10:00,0.020039141
2019-12-05 18:20:00,0.04084012
2019-12-05 18:30:00,0.020041764
2019-12-05 18:40:00,0.042936444
2019-12-05 18:50:00,0.020572871
2019-12-05 19:00:00,0.04442072
2019-12-05 19:10:00,0.021790832
2019-12-05 19:20:00,0.045653194
2019-12-05 19:30:00,0.02381578
2019-12-05 19:40:00,0.04580319
2019-12-05 19:50:00,0.023817569
2019-12-05 20:00:00,0.050721407
2019-12-05 20:10:00,0.022717267
2019-12-05 20:20:00,0.050955802
2019-12-05 20:30:00,0.024484009
2019-12-05 20:40:00,0.052702397
2019-12-05 20:50:00,0.024375856
2019-12-05 21:00:00,0.049697995
2019-12-05 21:10:00,0.0236952
2019-12-05 21:20:00,0.047823846
2019-12-05 21:30:00,0.023961633
2019-12-05 21:40:00,0.047032
2019-12-05 21:50:00,0.023167938
2019-12-05 22:00:00,0.04714465
2019-12-05 22:10:00,0.0231449
2019-12-05 22:20:00,0.04127568
2019-12-05 22:30:00,0.0225676
2019-12-05 22:40:00,0.041893244
2019-12-05 22:50:00,0.021364689
2019-12-05 23:00:00,0.03948483
2019-12-05 23:10:00,0.021211535
2019-12-05 23:20:00,0.043144673
2019-12-05 23:30:00,0.021789104
2019-12-05 23:40:00,0.042972803
2019-12-05 23:50:00,0.022586048
2019-12-06 00:00:00,0.04568097
2019-12-06 00:10:00,0.023521304
2019-12-06 00:20:00,0.04431072
2019-12-06 00:30:00,0.026303917
2019-12-06 00:40:00,0.04783711
2019-12-06 00:50:00,0.023919672
2019-12-06 01:00:00,0.045405775
2019-12-06 01:10:00,0.02712825
2019-12-06 01:20:00,0.045632303
2019-12-06 01:30:00,0.027218997
2019-12-06 01:40:00,0.04335305
2019-12-06 01:50:00,0.028853863
2019-12-06 02:00:00,0.04549679
2019-12-06 02:10:00,0.029783875
2019-12-06 02:20:00,0.04370761
2019-12-06 02:30:00,0.030680925
2019-12-06 02:40:00,0.04867068
2019-12-06 02:50:00,0.031572163
2019-12-06 03:00:00,0.04523319
2019-12-06 03:10:00,0.03121829
2019-12-06 03:20:00,0.049193382
2019-12-06 03:30:00,0.031737894
2019-12-06 03:40:00,0.044871867
2019-12-06 03:50:00,0.03426969
2019-12-06 04:00:00,0.051665604
2019-12-06 04:10:00,0.037591428
2019-12-06 04:20:00,0.044820577
2019-12-06 04:30:00,0.037332922
2019-12-06 04:40:00,0.05216545
2019-12-06 04:50:00,0.040385783
2019-12-06 05:00:00,0.051817924
2019-12-06 05:10:00,0.039922237
2019-12-06 05:20:00,0.055038214
2019-12-06 05:30:00,0.040834993
2019-12-06 05:40:00,0.05082196
2019-12-06 05:50:00,0.040904135
2019-12-06 06:00:00,0.05335349
2019-12-06 06:10:00,0.04345411
2019-12-06 06:20:00,0.05345583
2019-12-06 06:30:00,0.04751888
2019-12-06 06:40:00,0.055508077
2019-12-06 06:50:00,0.04998097
2019-12-06 07:00:00,0.054251254
2019-12-06 07:10:00,0.049724013
2019-12-06 07:20:00,0.05939406
2019-12-06 07:30:00,0.052028418
2019-12-06 07:40:00,0.058996946
2019-12-06 07:50:00,0.049732536
2019-12-06 08:00:00,0.060715646
2019-12-06 08:10:00,0.055116504
2019-12-06 08:20:00,0.06764597
2019-12-06 08:30:00,0.051009893
2019-12-06 08:40:00,0.070074886
2019-12-06 08:50:00,0.056200534
2019-12-06 09:00:00,0.07085836
2019-12-06 09:10:00,0.060810983
2019-12-06 09:20:00,0.07590014
2019-12-06 09:30:00,0.061391503
2019-12-06 09:40:00,0.068629354
2019-12-06 09:50:00,0.05563447
2019-12-06 10:00:00,0.07460007
2019-12-06 10:10:00,0.05699277
2019-12-06 10:20:00,0.06737685
2019-12-06 10:30:00,0.05341822
2019-12-06 10:40:00,0.07674247
2019-12-06 10:50:00,0.053102374
2019-12-06 11:00:00,0.07382235
2019-12-06 11:10:00,0.055879742
2019-12-06 11:20:00,0.07568836
2019-12-06 11:30:00,0.05662766
2019-12-06 11:40:00,0.07438767
2019-12-06 11:50:00,0.056786
2019-12-06 12:00:00,0.082030505
2019-12-06 12:10:00,0.05786118
2019-12-06 12:20:00,0.074646145
2019-12-06 12:30:00,0.057213724
2019-12-06 12:40:00,0.08010748
2019-12-06 12:50:00,0.057622075
2019-12-06 13:00:00,0.07524717
2019-12-06 13:10:00,0.055003613
2019-12-06 13:20:00,0.07865816
2019-12-06 13:30:00,0.054512143
2019-12-06 13:40:00,0.07213092
2019-12-06 13:50:00,0.05049017
2019-12-06 14:00:00,0.072814524
2019-12-06 14:10:00,0.05009067
2019-12-06 14:20:00,0.06985685
2019-12-06 14:30:00,0.04961899
2019-12-06 14:40:00,0.0701423
2019-12-06 14:50:00,0.046898514
2019-12-06 15:00:00,0.0692749
2019-12-06 15:10:00,0.04552248
2019-12-06 15:20:00,0.068330795
2019-12-06 15:30:00,0.04362589
2019-12-06 15:40:00,0.062194467
2019-12-06 15:50:00,0.044308692
2019-12-06 16:00:00,0.06529507
2019-12-06 16:10:00,0.04331833
2019-12-06 16:20:00,0.061841875
2019-12-06 16:30:00,0.042634606
2019-12-06 16:40:00,0.06485325
2019-12-06 16:50:00,0.04531026
2019-12-06 17:00:00,0.060716957
2019-12-06 17:10:00,0.04659459
2019-12-06 17:20:00,0.073495835
2019-12-06 17:30:00,0.047688156
2019-12-06 17:40:00,0.07067868
2019-12-06 17:50:00,0.04668644
2019-12-06 18:00:00,0.07356143
2019-12-06 18:10:00,0.050227582
2019-12-06 18:20:00,0.07288766
2019-12-06 18:30:00,0.05008021
2019-12-06 18:40:00,0.08263335
2019-12-06 18:50:00,0.050655693
2019-12-06 19:00:00,0.07551807
2019-12-06 19:10:00,0.050485343
2019-12-06 19:20:00,0.07931581
2019-12-06 19:30:00,0.05194667
2019-12-06 19:40:00,0.074790925
2019-12-06 19:50:00,0.046533197
2019-12-06 20:00:00,0.07580209
2019-12-06 20:10:00,0.048539698
2019-12-06 20:20:00,0.07901868
2019-12-06 20:30:00,0.04808998
2019-12-06 20:40:00,0.08229217
2019-12-06 20:50:00,0.051464796
2019-12-06 21:00:00,0.08539948
2019-12-06 21:10:00,0.054044962
2019-12-06 21:20:00,0.08948341
2019-12-06 21:30:00,0.058538526
2019-12-06 21:40:00,0.08554691
2019-12-06 21:50:00,0.0535765
2019-12-06 22:00:00,0.09053907
2019-12-06 22:10:00,0.058481306
2019-12-06 22:20:00,0.08524442
2019-12-06 22:30:00,0.052744538
2019-12-06 22:40:00,0.08963752
2019-12-06 22:50:00,0.061039537
2019-12-06 23:00:00,0.08813986
2019-12-06 23:10:00,0.060046017
2019-12-06 23:20:00,0.09167126
2019-12-06 23:30:00,0.062282503
2019-12-06 23:40:00,0.08704454
2019-12-06 23:50:00,0.059861064
2019-12-07 00:00:00,0.09712878
2019-12-07 00:10:00,0.06356317
2019-12-07 00:20:00,0.08893958
2019-12-07 00:30:00,0.060212225
2019-12-07 00:40:00,0.09178975
2019-12-07 00:50:00,0.06429979
2019-12-07 01:00:00,0.0858846
2019-12-07 01:10:00,0.05393094
2019-12-07 01:20:00,0.09253198
2019-12-07 01:30:00,0.062622696
2019-12-07 01:40:00,0.08517367
2019-12-07 01:50:00,0.058843225
2019-12-07 02:00:00,0.09158996
2019-12-07 02:10:00,0.062732995
2019-12-07 02:20:00,0.08644423
2019-12-07 02:30:00,0.06131777
2019-12-07 02:40:00,0.09482396
2019-12-07 02:50:00,0.065184
2019-12-07 03:00:00,0.08758265
2019-12-07 03:10:00,0.06293735
2019-12-07 03:20:00,0.09728834
2019-12-07 03:30:00,0.06516859
2019-12-07 03:40:00,0.08463168
2019-12-07 03:50:00,0.059369355
2019-12-07 04:00:00,0.08989635
2019-12-07 04:10:00,0.05981475
2019-12-07 04:20:00,0.08587965
2019-12-07 04:30:00,0.0574494
2019-12-07 04:40:00,0.086147696
2019-12-07 04:50:00,0.05502355
2019-12-07 05:00:00,0.08065131
2019-12-07 05:10:00,0.04530409
2019-12-07 05:20:00,0.07591298
2019-12-07 05:30:00,0.04600209
2019-12-07 05:40:00,0.0752939
2019-12-07 05:50:00,0.047834635
2019-12-07 06:00:00,0.07217875
2019-12-07 06:10:00,0.043377876
2019-12-07 06:20:00,0.065347046
2019-12-07 06:30:00,0.037394106
2019-12-07 06:40:00,0.06687188
2019-12-07 06:50:00,0.03778246
2019-12-07 07:00:00,0.06300232
2019-12-07 07:10:00,0.033699125
2019-12-07 07:20:00,0.05653575
2019-12-07 07:30:00,0.034897834
2019-12-07 07:40:00,0.050951988
2019-12-07 07:50:00,0.034446687
2019-12-07 08:00:00,0.05369872
2019-12-07 08:10:00,0.032745123
2019-12-07 08:20:00,0.05184138
2019-12-07 08:30:00,0.031381965
2019-12-07 08:40:00,0.057008177
2019-12-07 08:50:00,0.028827101
2019-12-07 09:00:00,0.047854334
2019-12-07 09:10:00,0.02972877
2019-12-07 09:20:00,0.050976306
2019-12-07 09:30:00,0.029098064
2019-12-07 09:40:00,0.046035916
2019-12-07 09:50:00,0.02778709
2019-12-07 10:00:00,0.047219485
2019-12-07 10:10:00,0.026618093
2019-12-07 10:20:00,0.04346773
2019-12-07 10:30:00,0.02581203
2019-12-07 10:40:00,0.043812633
2019-12-07 10:50:00,0.024197549
2019-12-07 11:00:00,0.040117174
2019-12-07 11:10:00,0.02544403
2019-12-07 11:20:00,0.039021373
2019-12-07 11:30:00,0.024812311
2019-12-07 11:40:00,0.035916567
2019-12-07 11:50:00,0.025247544
2019-12-07 12:00:00,0.03468123
2019-12-07 12:10:00,0.023820579
2019-12-07 12:20:00,0.031266302
2019-12-07 12:30:00,0.022919714
2019-12-07 12:40:00,0.03418091
2019-12-07 12:50:00,0.0224635
2019-12-07 13:00:00,0.032105982
2019-12-07 13:10:00,0.021815866
2019-12-07 13:20:00,0.031807065
2019-12-07 13:30:00,0.020008147
2019-12-07 13:40:00,0.029343605
2019-12-07 13:50:00,0.0209679
2019-12-07 14:00:00,0.029085249
2019-12-07 14:10:00,0.02114755
2019-12-07 14:20:00,0.028259099
2019-12-07 14:30:00,0.021732002
2019-12-07 14:40:00,0.02571091
2019-12-07 14:50:00,0.02349475
2019-12-07 15:00:00,0.028425276
2019-12-07 15:10:00,0.023498923
2019-12-07 15:20:00,0.028179318
2019-12-07 15:30:00,0.021210402
2019-12-07 15:40:00,0.023795456
2019-12-07 15:50:00,0.022611588
2019-12-07 16:00:00,0.024857372
2019-12-07 16:10:00,0.02192542
2019-12-07 16:20:00,0.024731874
2019-12-07 16:30:00,0.023818761
2019-12-07 16:40:00,0.024876326
2019-12-07 16:50:00,0.02173248
2019-12-07 17:00:00,0.023068547
2019-12-07 17:10:00,0.023397297
2019-12-07 17:20:00,0.022512764
2019-12-07 17:30:00,0.021300554
2019-12-07 17:40:00,0.021571457
2019-12-07 17:50:00,0.024015933
2019-12-07 18:00:00,0.022732854
2019-12-07 18:10:00,0.02225265
2019-12-07 18:20:00,0.020611465
2019-12-07 18:30:00,0.023714691
2019-12-07 18:40:00,0.020213544
2019-12-07 18:50:00,0.020592153
2019-12-07 19:00:00,0.020385712
2019-12-07 19:10:00,0.024228424
2019-12-07 19:20:00,0.0221439
2019-12-07 19:30:00,0.023054242
2019-12-07 19:40:00,0.021796554
2019-12-07 19:50:00,0.025307506
2019-12-07 20:00:00,0.024802059
2019-12-07 20:10:00,0.023260623
2019-12-07 20:20:00,0.02487868
2019-12-07 20:30:00,0.025144607
2019-12-07 20:40:00,0.024991512
2019-12-07 20:50:00,0.024044901
2019-12-07 21:00:00,0.024159908
2019-12-07 21:10:00,0.025594205
2019-12-07 21:20:00,0.02522996
2019-12-07 21:30:00,0.022223115
2019-12-07 21:40:00,0.024291903
2019-12-07 21:50:00,0.024815172
2019-12-07 22:00:00,0.025675654
2019-12-07 22:10:00,0.02183947
2019-12-07 22:20:00,0.024459034
2019-12-07 22:30:00,0.02579987
2019-12-07 22:40:00,0.024767041
2019-12-07 22:50:00,0.022087097
2019-12-07 23:00:00,0.02587834
2019-12-07 23:10:00,0.025369406
2019-12-07 23:20:00,0.025537431
2019-12-07 23:30:00,0.022456825
2019-12-07 23:40:00,0.024427146
2019-12-07 23:50:00,0.023881555
2019-12-08 00:00:00,0.02495119
2019-12-08 00:10:00,0.021198332
2019-12-08 00:20:00,0.024352342
2019-12-08 00:30:00,0.024258763
2019-12-08 00:40:00,0.024070352
2019-12-08 00:50:00,0.020693868
2019-12-08 01:00:00,0.023835361
2019-12-08 01:10:00,0.022966981
2019-12-08 01:20:00,0.023805588
2019-12-08 01:30:00,0.019598156
2019-12-08 01:40:00,0.023800433
2019-12-08 01:50:00,0.021168232
2019-12-08 02:00:00,0.025286317
2019-12-08 02:10:00,0.018632293
2019-12-08 02:20:00,0.022437394
2019-12-08 02:30:00,0.020832509
2019-12-08 02:40:00,0.024598867
2019-12-08 02:50:00,0.017924815
2019-12-08 03:00:00,0.02164036
2019-12-08 03:10:00,0.021163046
2019-12-08 03:20:00,0.022131145
2019-12-08 03:30:00,0.018758148
2019-12-08 03:40:00,0.021906704
2019-12-08 03:50:00,0.023511738
2019-12-08 04:00:00,0.022143722
2019-12-08 04:10:00,0.02127251
2019-12-08 04:20:00,0.022006333
2019-12-08 04:30:00,0.026293516
2019-12-08 04:40:00,0.022612512
2019-12-08 04:50:00,0.02291283
2019-12-08 05:00:00,0.023251325
2019-12-08 05:10:00,0.029926598
2019-12-08 05:20:00,0.024822652
2019-12-08 05:30:00,0.027060777
2019-12-08 05:40:00,0.026204854
2019-12-08 05:50:00,0.03336218
2019-12-08 06:00:00,0.027746737
2019-12-08 06:10:00,0.02947399
2019-12-08 06:20:00,0.019995958
2019-12-08 06:30:00,0.03199464
2019-12-08 06:40:00,0.020422667
2019-12-08 06:50:00,0.024625897
2019-12-08 07:00:00,0.0151390135
2019-12-08 07:10:00,0.028235435
2019-12-08 07:20:00,0.015140384
2019-12-08 07:30:00,0.020013332
2019-12-08 07:40:00,0.013324022
2019-12-08 07:50:00,0.02337128
2019-12-08 08:00:00,0.0140251815
2019-12-08 08:10:00,0.017282099
2019-12-08 08:20:00,0.011427015
2019-12-08 08:30:00,0.019045532
2019-12-08 08:40:00,0.011985451
2019-12-08 08:50:00,0.016594797
2019-12-08 09:00:00,0.012060434
2019-12-08 09:10:00,0.0202367
2019-12-08 09:20:00,0.011938751
2019-12-08 09:30:00,0.01548925
2019-12-08 09:40:00,0.010749549
2019-12-08 09:50:00,0.017925173
2019-12-08 10:00:00,0.010563433
2019-12-08 10:10:00,0.013661206
2019-12-08 10:20:00,0.0096229315
2019-12-08 10:30:00,0.015976071
2019-12-08 10:40:00,0.009942532
2019-12-08 10:50:00,0.013067484
2019-12-08 11:00:00,0.009352326
2019-12-08 11:10:00,0.015641868
2019-12-08 11:20:00,0.008808404
2019-12-08 11:30:00,0.011389226
2019-12-08 11:40:00,0.009232461
2019-12-08 11:50:00,0.016411662
2019-12-08 12:00:00,0.010229498
2019-12-08 12:10:00,0.013811648
2019-12-08 12:20:00,0.009760112
2019-12-08 12:30:00,0.016131312
2019-12-08 12:40:00,0.01004526
2019-12-08 12:50:00,0.01365453
2019-12-08 13:00:00,0.009870529
2019-12-08 13:10:00,0.015132666
2019-12-08 13:20:00,0.009239614
2019-12-08 13:30:00,0.013401955
2019-12-08 13:40:00,0.009807676
2019-12-08 13:50:00,0.015841544
2019-12-08 14:00:00,0.0102674365
2019-12-08 14:10:00,0.012940139
2019-12-08 14:20:00,0.0108472705
2019-12-08 14:30:00,0.016940475
2019-12-08 14:40:00,0.010358304
2019-12-08 14:50:00,0.013838321
2019-12-08 15:00:00,0.009751171
2019-12-08 15:10:00,0.014790744
2019-12-08 15:20:00,0.00933224
2019-12-08 15:30:00,0.012289673
2019-12-08 15:40:00,0.008606106
2019-12-08 15:50:00,0.012945026
2019-12-08 16:00:00,0.008068144
2019-12-08 16:10:00,0.010301203
2019-12-08 16:20:00,0.007568389
2019-12-08 16:30:00,0.011274666
2019-12-08 16:40:00,0.00716272
2019-12-08 16:50:00,0.009575486
2019-12-08 17:00:00,0.007379383
2019-12-08 17:10:00,0.011212051
2019-12-08 17:20:00,0.007329464
2019-12-08 17:30:00,0.009911597
2019-12-08 17:40:00,0.007403642
2019-12-08 17:50:00,0.010519028
2019-12-08 18:00:00,0.0070867836
2019-12-08 18:10:00,0.009609848
2019-12-08 18:20:00,0.0069298446
2019-12-08 18:30:00,0.0101290345
2019-12-08 18:40:00,0.0070543587
2019-12-08 18:50:00,0.008785963
2019-12-08 19:00:00,0.0071943104
2019-12-08 19:10:00,0.009078115
2019-12-08 19:20:00,0.006862223
2019-12-08 19:30:00,0.008305788
2019-12-08 19:40:00,0.0067489147
2019-12-08 19:50:00,0.008570731
2019-12-08 20:00:00,0.0067706704
2019-12-08 20:10:00,0.007945567
2019-12-08 20:20:00,0.0065149665
2019-12-08 20:30:00,0.007990956
2019-12-08 20:40:00,0.0062993467
2019-12-08 20:50:00,0.007642895
2019-12-08 21:00:00,0.0067108274
2019-12-08 21:10:00,0.006877035
2019-12-08 21:20:00,0.0062732697
2019-12-08 21:30:00,0.00650385
2019-12-08 21:40:00,0.006126642
2019-12-08 21:50:00,0.0056644976
2019-12-08 22:00:00,0.0059944093
2019-12-08 22:10:00,0.0057665408
2019-12-08 22:20:00,0.007027805
2019-12-08 22:30:00,0.005746335
2019-12-08 22:40:00,0.0065222383
2019-12-08 22:50:00,0.0060358644
2019-12-08 23:00:00,0.006939113
2019-12-08 23:10:00,0.0057677925
2019-12-08 23:20:00,0.0066587925
2019-12-08 23:30:00,0.006095022
2019-12-08 23:40:00,0.006476611
2019-12-08 23:50:00,0.005807638
2019-12-09 00:00:00,0.006335765
2019-12-09 00:10:00,0.0058505237
2019-12-09 00:20:00,0.00631392
2019-12-09 00:30:00,0.0055036843
2019-12-09 00:40:00,0.0064479113
2019-12-09 00:50:00,0.0060327947
2019-12-09 01:00:00,0.006443143
2019-12-09 01:10:00,0.005565405
2019-12-09 01:20:00,0.0064581037
2019-12-09 01:30:00,0.006389469
2019-12-09 01:40:00,0.006832361
2019-12-09 01:50:00,0.0058383048
2019-12-09 02:00:00,0.0066501796
2019-12-09 02:10:00,0.0067887306
2019-12-09 02:20:00,0.0067368746
2019-12-09 02:30:00,0.006388098
2019-12-09 02:40:00,0.0063943565
2019-12-09 02:50:00,0.0069497824
2019-12-09 03:00:00,0.006566316
2019-12-09 03:10:00,0.0059123933
2019-12-09 03:20:00,0.006143868
2019-12-09 03:30:00,0.0067563057
2019-12-09 03:40:00,0.005890578
2019-12-09 03:50:00,0.0058639944
2019-12-09 04:00:00,0.005763203
2019-12-09 04:10:00,0.00696975
2019-12-09 04:20:00,0.0056369007
2019-12-09 04:30:00,0.005953759
2019-12-09 04:40:00,0.005734235
2019-12-09 04:50:00,0.0070506334
2019-12-09 05:00:00,0.006163895
2019-12-09 05:10:00,0.0061675906
2019-12-09 05:20:00,0.005868584
2019-12-09 05:30:00,0.0065754056
2019-12-09 05:40:00,0.00606063
2019-12-09 05:50:00,0.005667329
2019-12-09 06:00:00,0.0056013465
2019-12-09 06:10:00,0.006814152
2019-12-09 06:20:00,0.006034553
2019-12-09 06:30:00,0.006128311
2019-12-09 06:40:00,0.0055853426
2019-12-09 06:50:00,0.0070957243
2019-12-09 07:00:00,0.00643
2019-12-09 07:10:00,0.0061900616
2019-12-09 07:20:00,0.0063028634
2019-12-09 07:30:00,0.007487297
2019-12-09 07:40:00,0.006870866
2019-12-09 07:50:00,0.0068050623
2019-12-09 08:00:00,0.006837487
2019-12-09 08:10:00,0.008662462
2019-12-09 08:20:00,0.007766843
2019-12-09 08:30:00,0.007982999
2019-12-09 08:40:00,0.0076686144
2019-12-09 08:50:00,0.009674996
2019-12-09 09:00:00,0.008125365
2019-12-09 09:10:00,0.0088483095
2019-12-09 09:20:00,0.008045852
2019-12-09 09:30:00,0.011064351
2019-12-09 09:40:00,0.008555651
2019-12-09 09:50:00,0.009508908
2019-12-09 10:00:00,0.008015126
2019-12-09 10:10:00,0.012068659
2019-12-09 10:20:00,0.009225488
2019-12-09 10:30:00,0.010690033
2019-12-09 10:40:00,0.00899449
2019-12-09 10:50:00,0.01316157
2019-12-09 11:00:00,0.009848386
2019-12-09 11:10:00,0.011651874
2019-12-09 11:20:00,0.009354025
2019-12-09 11:30:00,0.0143533945
2019-12-09 11:40:00,0.009455681
2019-12-09 11:50:00,0.012045354
2019-12-09 12:00:00,0.010025144
2019-12-09 12:10:00,0.014625967
2019-12-09 12:20:00,0.010870576
2019-12-09 12:30:00,0.011556804
2019-12-09 12:40:00,0.009982884
2019-12-09 12:50:00,0.013352007
2019-12-09 13:00:00,0.011047602
2019-12-09 13:10:00,0.0114916265
2019-12-09 13:20:00,0.009934634
2019-12-09 13:30:00,0.01422435
2019-12-09 13:40:00,0.01160875
2019-12-09 13:50:00,0.012994319
2019-12-09 14:00:00,0.0130393505
2019-12-09 14:10:00,0.017812043
2019-12-09 14:20:00,0.015385985
2019-12-09 14:30:00,0.01754862
2019-12-09 14:40:00,0.014047533
2019-12-09 14:50:00,0.020690918
2019-12-09 15:00:00,0.014310896
2019-12-09 15:10:00,0.018558145
2019-12-09 15:20:00,0.013443977
2019-12-09 15:30:00,0.022119343
2019-12-09 15:40:00,0.013981432
2019-12-09 15:50:00,0.020668954
2019-12-09 16:00:00,0.014129937
2019-12-09 16:10:00,0.025448382
2019-12-09 16:20:00,0.013732761
2019-12-09 16:30:00,0.0230183
2019-12-09 16:40:00,0.01428622
2019-12-09 16:50:00,0.024668336
2019-12-09 17:00:00,0.015131205
2019-12-09 17:10:00,0.030498981
2019-12-09 17:20:00,0.016422093
2019-12-09 17:30:00,0.03436178
2019-12-09 17:40:00,0.016584486
2019-12-09 17:50:00,0.031274527
2019-12-09 18:00:00,0.01712817
2019-12-09 18:10:00,0.036019325
2019-12-09 18:20:00,0.017156184
2019-12-09 18:30:00,0.034213513
2019-12-09 18:40:00,0.017425537
2019-12-09 18:50:00,0.039174378
2019-12-09 19:00:00,0.017934322
2019-12-09 19:10:00,0.037443697
2019-12-09 19:20:00,0.018533051
2019-12-09 19:30:00,0.042566836
2019-12-09 19:40:00,0.019384325
2019-12-09 19:50:00,0.04433614
2019-12-09 20:00:00,0.021034569
2019-12-09 20:10:00,0.047746092
2019-12-09 20:20:00,0.021836191
2019-12-09 20:30:00,0.045117527
2019-12-09 20:40:00,0.02252677
2019-12-09 20:50:00,0.051682383
2019-12-09 21:00:00,0.023127615
2019-12-09 21:10:00,0.04840213
2019-12-09 21:20:00,0.023909688
2019-12-09 21:30:00,0.051044524
2019-12-09 21:40:00,0.024238467
2019-12-09 21:50:00,0.05205664
2019-12-09 22:00:00,0.026860744
2019-12-09 22:10:00,0.056878567
2019-12-09 22:20:00,0.027272463
2019-12-09 22:30:00,0.05601418
2019-12-09 22:40:00,0.029881328
2019-12-09 22:50:00,0.05947858
2019-12-09 23:00:00,0.030845493
2019-12-09 23:10:00,0.05931744
2019-12-09 23:20:00,0.03134191
2019-12-09 23:30:00,0.05946493
2019-12-09 23:40:00,0.03149575
2019-12-09 23:50:00,0.05886808
2019-12-10 00:00:00,0.031449586
2019-12-10 00:10:00,0.056859106
2019-12-10 00:20:00,0.031716287
2019-12-10 00:30:00,0.057546467
2019-12-10 00:40:00,0.030522734
2019-12-10 00:50:00,0.047795683
2019-12-10 01:00:00,0.024024963
2019-12-10 01:10:00,0.046874225
2019-12-10 01:20:00,0.02267152
2019-12-10 01:30:00,0.04630074
2019-12-10 01:40:00,0.024272352
2019-12-10 01:50:00,0.04996845
2019-12-10 02:00:00,0.024395168
2019-12-10 02:10:00,0.049645096
2019-12-10 02:20:00,0.025161982
2019-12-10 02:30:00,0.05079338
2019-12-10 02:40:00,0.023474604
2019-12-10 02:50:00,0.04722613
2019-12-10 03:00:00,0.024325073
2019-12-10 03:10:00,0.050595462
2019-12-10 03:20:00,0.024337143
2019-12-10 03:30:00,0.04821834
2019-12-10 03:40:00,0.025458276
2019-12-10 03:50:00,0.052032262
2019-12-10 04:00:00,0.02499786
2019-12-10 04:10:00,0.049665987
2019-12-10 04:20:00,0.026115417
2019-12-10 04:30:00,0.054023147
2019-12-10 04:40:00,0.026989669
2019-12-10 04:50:00,0.058679253
2019-12-10 05:00:00,0.032051057
2019-12-10 05:10:00,0.06661442
2019-12-10 05:20:00,0.029559642
2019-12-10 05:30:00,0.060558826
2019-12-10 05:40:00,0.03118816
2019-12-10 05:50:00,0.067167014
2019-12-10 06:00:00,0.02991277
2019-12-10 06:10:00,0.056296468
2019-12-10 06:20:00,0.029026479
2019-12-10 06:30:00,0.06081149
2019-12-10 06:40:00,0.027647614
2019-12-10 06:50:00,0.053288907
2019-12-10 07:10:00,0.027605027
2019-12-10 07:20:00,0.059149176
2019-12-10 07:30:00,0.025812268
2019-12-10 07:40:00,0.051681697
2019-12-10 07:50:00,0.029767126
2019-12-10 08:00:00,0.05888933
2019-12-10 08:10:00,0.028483808
2019-12-10 08:20:00,0.050492704
2019-12-10 08:30:00,0.031205148
2019-12-10 08:40:00,0.06138006
2019-12-10 08:50:00,0.029896885
2019-12-10 09:00:00,0.051852465
2019-12-10 09:10:00,0.030439198
2019-12-10 09:20:00,0.058962166
2019-12-10 09:30:00,0.027887464
2019-12-10 09:40:00,0.048270196
2019-12-10 09:50:00,0.02946651
2019-12-10 10:00:00,0.05251828
2019-12-10 10:10:00,0.027655989
2019-12-10 10:20:00,0.043626696
2019-12-10 10:30:00,0.03251627
2019-12-10 10:40:00,0.052849114
2019-12-10 10:50:00,0.029871792
2019-12-10 11:00:00,0.04371643
2019-12-10 11:10:00,0.03030464
2019-12-10 11:20:00,0.05070457
2019-12-10 11:30:00,0.031238288
2019-12-10 11:40:00,0.043171853
2019-12-10 11:50:00,0.031413823
2019-12-10 12:00:00,0.050122797
2019-12-10 12:10:00,0.031873107
2019-12-10 12:20:00,0.04373935
2019-12-10 12:30:00,0.034734994
2019-12-10 12:40:00,0.05085647
2019-12-10 12:50:00,0.033524334
2019-12-10 13:00:00,0.041653454
2019-12-10 13:10:00,0.03241819
2019-12-10 13:20:00,0.050532162
2019-12-10 13:30:00,0.031588018
2019-12-10 13:40:00,0.04658881
2019-12-10 13:50:00,0.03578806
2019-12-10 14:00:00,0.05154729
2019-12-10 14:10:00,0.035337567
2019-12-10 14:20:00,0.04838112
2019-12-10 14:30:00,0.038624078
2019-12-10 14:40:00,0.05468473
2019-12-10 14:50:00,0.037195593
2019-12-10 15:00:00,0.048535287
2019-12-10 15:10:00,0.04242605
2019-12-10 15:20:00,0.056464255
2019-12-10 15:30:00,0.040221244
2019-12-10 15:40:00,0.047405094
2019-12-10 15:50:00,0.042151213
2019-12-10 16:00:00,0.053441316
2019-12-10 16:10:00,0.03848651
2019-12-10 16:20:00,0.041614145
2019-12-10 16:30:00,0.03867945
2019-12-10 16:40:00,0.044433534
2019-12-10 16:50:00,0.0385969
2019-12-10 17:00:00,0.0399144
2019-12-10 17:10:00,0.03932476
2019-12-10 17:20:00,0.043862373
2019-12-10 17:30:00,0.034799486
2019-12-10 17:40:00,0.03447607
2019-12-10 17:50:00,0.03713584
2019-12-10 18:00:00,0.03758207
2019-12-10 18:10:00,0.0334934
2019-12-10 18:20:00,0.03075543
2019-12-10 18:30:00,0.03562215
2019-12-10 18:40:00,0.03641841
2019-12-10 18:50:00,0.033028424
2019-12-10 19:00:00,0.03222996
2019-12-10 19:10:00,0.03506264
2019-12-10 19:20:00,0.035971165
2019-12-10 19:30:00,0.034255832
2019-12-10 19:40:00,0.03312528
2019-12-10 19:50:00,0.0352605
2019-12-10 20:00:00,0.03535515
2019-12-10 20:10:00,0.034665942
2019-12-10 20:20:00,0.03201902
2019-12-10 20:30:00,0.041274697
2019-12-10 20:40:00,0.039544225
2019-12-10 20:50:00,0.03581193
2019-12-10 21:00:00,0.034032136
2019-12-10 21:10:00,0.03905186
2019-12-10 21:20:00,0.035088986
2019-12-10 21:30:00,0.033031553
2019-12-10 21:40:00,0.02753979
2019-12-10 21:50:00,0.031273752
2019-12-10 22:00:00,0.029490262
2019-12-10 22:10:00,0.025465012
2019-12-10 22:20:00,0.023894161
2019-12-10 22:30:00,0.02559802
2019-12-10 22:40:00,0.027033746
2019-12-10 22:50:00,0.022768945
2019-12-10 23:00:00,0.022035211
2019-12-10 23:10:00,0.02320838
2019-12-10 23:20:00,0.02282998
2019-12-10 23:30:00,0.0213539
2019-12-10 23:40:00,0.020578861
2019-12-10 23:50:00,0.023639113
2019-12-11 00:00:00,0.022095025
2019-12-11 00:10:00,0.020795166
2019-12-11 00:20:00,0.018384367
2019-12-11 00:30:00,0.020939142
2019-12-11 00:40:00,0.01838538
2019-12-11 00:50:00,0.01785332
2019-12-11 01:00:00,0.017964244
2019-12-11 01:10:00,0.019233912
2019-12-11 01:20:00,0.017981857
2019-12-11 01:30:00,0.01734355
2019-12-11 01:40:00,0.015512407
2019-12-11 01:50:00,0.017691791
2019-12-11 02:00:00,0.016736299
2019-12-11 02:10:00,0.015138686
2019-12-11 02:20:00,0.013995111
2019-12-11 02:30:00,0.01500681
2019-12-11 02:40:00,0.015198052
2019-12-11 02:50:00,0.0140917
2019-12-11 03:00:00,0.013470501
2019-12-11 03:10:00,0.015229553
2019-12-11 03:20:00,0.01366356
2019-12-11 03:30:00,0.012886882
2019-12-11 03:40:00,0.009491801
2019-12-11 03:50:00,0.013087362
2019-12-11 04:00:00,0.010432839
2019-12-11 04:10:00,0.011334807
2019-12-11 04:20:00,0.008257419
2019-12-11 04:30:00,0.0127875805
2019-12-11 04:40:00,0.009472966
2019-12-11 04:50:00,0.0115507245
2019-12-11 05:00:00,0.008344591
2019-12-11 05:10:00,0.013218492
2019-12-11 05:20:00,0.009396851
2019-12-11 05:30:00,0.012054145
2019-12-11 05:40:00,0.008220911
2019-12-11 05:50:00,0.01277414
2019-12-11 06:00:00,0.00911358
2019-12-11 06:10:00,0.0116027
2019-12-11 06:20:00,0.008340925
2019-12-11 06:30:00,0.012949884
2019-12-11 06:40:00,0.009297162
2019-12-11 06:50:00,0.011422068
2019-12-11 07:00:00,0.008668631
2019-12-11 07:10:00,0.012953013
2019-12-11 07:20:00,0.009969294
2019-12-11 07:30:00,0.012168705
2019-12-11 07:40:00,0.008737624
2019-12-11 07:50:00,0.014772803
2019-12-11 08:00:00,0.010412961
2019-12-11 08:10:00,0.014612794
2019-12-11 08:20:00,0.009754658
2019-12-11 08:30:00,0.016008317
2019-12-11 08:40:00,0.011183262
2019-12-11 08:50:00,0.013692588
2019-12-11 09:00:00,0.009606361
2019-12-11 09:10:00,0.015630364
2019-12-11 09:20:00,0.010763884
2019-12-11 09:30:00,0.0143345
2019-12-11 09:40:00,0.0099774
2019-12-11 09:50:00,0.016865283
2019-12-11 10:00:00,0.010346621
2019-12-11 10:10:00,0.016308874
2019-12-11 10:20:00,0.009839416
2019-12-11 10:30:00,0.01707232
2019-12-11 10:40:00,0.009065986
2019-12-11 10:50:00,0.013041496
2019-12-11 11:00:00,0.007974386
2019-12-11 11:10:00,0.012935162
2019-12-11 11:20:00,0.009106994
2019-12-11 11:30:00,0.010936528
2019-12-11 11:40:00,0.008567661
2019-12-11 11:50:00,0.01241231
2019-12-11 12:00:00,0.010369033
2019-12-11 12:10:00,0.011269331
2019-12-11 12:20:00,0.008437097
2019-12-11 12:30:00,0.010614753
2019-12-11 12:40:00,0.009110957
2019-12-11 12:50:00,0.009849846
2019-12-11 13:00:00,0.0077632964
2019-12-11 13:10:00,0.009693533
2019-12-11 13:20:00,0.008698672
2019-12-11 13:30:00,0.008948624
2019-12-11 13:40:00,0.008133113
2019-12-11 13:50:00,0.009632498
2019-12-11 14:00:00,0.009041369
2019-12-11 14:10:00,0.008645564
2019-12-11 14:20:00,0.008242428
2019-12-11 14:30:00,0.00921312
2019-12-11 14:40:00,0.009473115
2019-12-11 14:50:00,0.008934349
2019-12-11 15:00:00,0.009669393
2019-12-11 15:10:00,0.009815931
2019-12-11 15:20:00,0.010240465
2019-12-11 15:30:00,0.008531362
2019-12-11 15:40:00,0.0088934
2019-12-11 15:50:00,0.008953303
2019-12-11 16:00:00,0.010208935
2019-12-11 16:10:00,0.008600801
2019-12-11 16:20:00,0.009231061
2019-12-11 16:30:00,0.008326799
2019-12-11 16:40:00,0.010053366
2019-12-11 16:50:00,0.008048892
2019-12-11 17:00:00,0.009422809
2019-12-11 17:10:00,0.0075508356
2019-12-11 17:20:00,0.010429829
2019-12-11 17:30:00,0.007838279
2019-12-11 17:40:00,0.00985384
2019-12-11 17:50:00,0.0080010295
2019-12-11 18:00:00,0.011505127
2019-12-11 18:10:00,0.007682562
2019-12-11 18:20:00,0.011204004
2019-12-11 18:30:00,0.008985221
2019-12-11 18:40:00,0.014090955
2019-12-11 18:50:00,0.008547902
2019-12-11 19:00:00,0.011631072
2019-12-11 19:10:00,0.008214325
2019-12-11 19:20:00,0.01330629
2019-12-11 19:30:00,0.00861758
2019-12-11 19:40:00,0.01271224
2019-12-11 19:50:00,0.008938462
2019-12-11 20:00:00,0.014131129
2019-12-11 20:10:00,0.009124428
2019-12-11 20:20:00,0.012616426
2019-12-11 20:30:00,0.008763701
2019-12-11 20:40:00,0.014303416
2019-12-11 20:50:00,0.008559108
2019-12-11 21:00:00,0.013339549
2019-12-11 21:10:00,0.008773774
2019-12-11 21:20:00,0.015359342
2019-12-11 21:30:00,0.009199828
2019-12-11 21:40:00,0.014946967
2019-12-11 21:50:00,0.009034336
2019-12-11 22:00:00,0.015981585
2019-12-11 22:10:00,0.009529769
2019-12-11 22:20:00,0.014959395
2019-12-11 22:30:00,0.009915471
2019-12-11 22:40:00,0.01569736
2019-12-11 22:50:00,0.009401262
2019-12-11 23:00:00,0.01573199
2019-12-11 23:10:00,0.010260016
2019-12-11 23:20:00,0.018111676
2019-12-11 23:30:00,0.010402501
2019-12-11 23:40:00,0.017240971
2019-12-11 23:50:00,0.010994464
2019-12-12 00:00:00,0.018299222
2019-12-12 00:10:00,0.011214346
2019-12-12 00:20:00,0.019571185
2019-12-12 00:30:00,0.011208236
2019-12-12 00:40:00,0.021123707
2019-12-12 00:50:00,0.010941148
2019-12-12 01:00:00,0.021419972
2019-12-12 01:10:00,0.010887116
2019-12-12 01:20:00,0.024164408
2019-12-12 01:30:00,0.012657702
2019-12-12 01:40:00,0.02512741
2019-12-12 01:50:00,0.012991279
2019-12-12 02:00:00,0.026464045
2019-12-12 02:10:00,0.013845891
2019-12-12 02:20:00,0.026766658
2019-12-12 02:30:00,0.013915986
2019-12-12 02:40:00,0.028626382
2019-12-12 02:50:00,0.014728874
2019-12-12 03:00:00,0.028823555
2019-12-12 03:10:00,0.013987988
2019-12-12 03:20:00,0.029494613
2019-12-12 03:30:00,0.015170425
2019-12-12 03:40:00,0.029771924
2019-12-12 03:50:00,0.015613198
2019-12-12 04:00:00,0.02931109
2019-12-12 04:10:00,0.017091453
2019-12-12 04:20:00,0.030682951
2019-12-12 04:30:00,0.017068893
2019-12-12 04:40:00,0.031164438
2019-12-12 04:50:00,0.018669218
2019-12-12 05:00:00,0.030634403
2019-12-12 05:10:00,0.017720848
2019-12-12 05:20:00,0.034389198
2019-12-12 05:30:00,0.021238953
2019-12-12 05:40:00,0.035678208
2019-12-12 05:50:00,0.02303785
2019-12-12 06:00:00,0.035930306
2019-12-12 06:10:00,0.024694473
2019-12-12 06:20:00,0.03757596
2019-12-12 06:30:00,0.022872329
2019-12-12 06:40:00,0.035285294
2019-12-12 06:50:00,0.022322953
2019-12-12 07:00:00,0.038836926
2019-12-12 07:10:00,0.022497743
2019-12-12 07:20:00,0.03733173
2019-12-12 07:30:00,0.023931801
2019-12-12 07:40:00,0.039881766
2019-12-12 07:50:00,0.024303287
2019-12-12 08:00:00,0.038232505
2019-12-12 08:10:00,0.023955017
2019-12-12 08:20:00,0.044254363
2019-12-12 08:30:00,0.024552792
2019-12-12 08:40:00,0.039027423
2019-12-12 08:50:00,0.019371599
2019-12-12 09:00:00,0.030931503
2019-12-12 09:10:00,0.017610729
2019-12-12 09:20:00,0.03007105
2019-12-12 09:30:00,0.015189499
2019-12-12 09:40:00,0.029123843
2019-12-12 09:50:00,0.0133138895
2019-12-12 10:00:00,0.025942415
2019-12-12 10:10:00,0.016307026
2019-12-12 10:20:00,0.03236893
2019-12-12 10:30:00,0.016721219
2019-12-12 10:40:00,0.03154093
2019-12-12 10:50:00,0.016408205
2019-12-12 11:00:00,0.033528775
2019-12-12 11:10:00,0.016679078
2019-12-12 11:20:00,0.034647405
2019-12-12 11:30:00,0.017745644
2019-12-12 11:40:00,0.04156083
2019-12-12 11:50:00,0.017147869
2019-12-12 12:00:00,0.037063867
2019-12-12 12:10:00,0.017483085
2019-12-12 12:20:00,0.038128167
2019-12-12 12:30:00,0.01725629
2019-12-12 12:40:00,0.035754383
2019-12-12 12:50:00,0.015637964
2019-12-12 13:00:00,0.0371491
2019-12-12 13:10:00,0.015506148
2019-12-12 13:20:00,0.031956077
2019-12-12 13:30:00,0.015455961
2019-12-12 13:40:00,0.03456086
2019-12-12 13:50:00,0.016228288
2019-12-12 14:00:00,0.03355789
2019-12-12 14:10:00,0.015852034
2019-12-12 14:20:00,0.03571573
2019-12-12 14:30:00,0.017207086
2019-12-12 14:40:00,0.032399237
2019-12-12 14:50:00,0.0161376
2019-12-12 15:00:00,0.03252566
2019-12-12 15:10:00,0.016956776
2019-12-12 15:20:00,0.029047787
2019-12-12 15:30:00,0.016261071
2019-12-12 15:40:00,0.03131184
2019-12-12 15:50:00,0.016162217
2019-12-12 16:00:00,0.02836293
2019-12-12 16:10:00,0.015327513
2019-12-12 16:20:00,0.029483885
2019-12-12 16:30:00,0.01466465
2019-12-12 16:40:00,0.02779439
2019-12-12 16:50:00,0.010954171
2019-12-12 17:00:00,0.027485132
2019-12-12 17:10:00,0.010481775
2019-12-12 17:20:00,0.02537176
2019-12-12 17:30:00,0.008942664
2019-12-12 17:40:00,0.02422592
2019-12-12 17:50:00,0.0099264085
2019-12-12 18:00:00,0.023758829
2019-12-12 18:10:00,0.009260207
2019-12-12 18:20:00,0.02310571
2019-12-12 18:30:00,0.010052979
2019-12-12 18:40:00,0.020389587
2019-12-12 18:50:00,0.00944078
2019-12-12 19:00:00,0.020827025
2019-12-12 19:10:00,0.010236323
2019-12-12 19:20:00,0.017569572
2019-12-12 19:30:00,0.009446949
2019-12-12 19:40:00,0.018328577
2019-12-12 19:50:00,0.009859651
2019-12-12 20:00:00,0.017244607
2019-12-12 20:10:00,0.008652449
2019-12-12 20:20:00,0.0184246
2019-12-12 20:30:00,0.010619819
2019-12-12 20:40:00,0.017086029
2019-12-12 20:50:00,0.008984715
2019-12-12 21:00:00,0.017340064
2019-12-12 21:10:00,0.009875059
2019-12-12 21:20:00,0.015897036
2019-12-12 21:30:00,0.00857988
2019-12-12 21:40:00,0.016791224
2019-12-12 21:50:00,0.008398086
2019-12-12 22:00:00,0.015644342
2019-12-12 22:10:00,0.007559061
2019-12-12 22:20:00,0.017101884
2019-12-12 22:30:00,0.007828176
2019-12-12 22:40:00,0.015271425
2019-12-12 22:50:00,0.006018311
2019-12-12 23:00:00,0.01635328
2019-12-12 23:10:00,0.0072790086
2019-12-12 23:20:00,0.0145943165
2019-12-12 23:30:00,0.006326407
2019-12-12 23:40:00,0.015901238
2019-12-12 23:50:00,0.007341802
2019-12-13 00:00:00,0.014808208
2019-12-13 00:10:00,0.0068101585
2019-12-13 00:20:00,0.01551491
2019-12-13 00:30:00,0.0072591603
2019-12-13 00:40:00,0.01322189
2019-12-13 00:50:00,0.005807191
2019-12-13 01:00:00,0.013676047
2019-12-13 01:10:00,0.0061926246
2019-12-13 01:20:00,0.012004346
2019-12-13 01:30:00,0.0050241947
2019-12-13 01:40:00,0.013487309
2019-12-13 01:50:00,0.0057255626
2019-12-13 02:00:00,0.012485564
2019-12-13 02:10:00,0.0049596727
2019-12-13 02:20:00,0.012598574
2019-12-13 02:30:00,0.005451411
2019-12-13 02:40:00,0.011325687
2019-12-13 02:50:00,0.004871428
2019-12-13 03:00:00,0.012223363
2019-12-13 03:10:00,0.005582601
2019-12-13 03:20:00,0.011914104
2019-12-13 03:30:00,0.0049978495
2019-12-13 03:40:00,0.011767119
2019-12-13 03:50:00,0.005791664
2019-12-13 04:00:00,0.011308372
2019-12-13 04:10:00,0.005028099
2019-12-13 04:20:00,0.011748701
2019-12-13 04:30:00,0.005569279
2019-12-13 04:40:00,0.01139161
2019-12-13 04:50:00,0.004681587
2019-12-13 05:00:00,0.011235803
2019-12-13 05:10:00,0.005302191
2019-12-13 05:20:00,0.010880113
2019-12-13 05:30:00,0.00468868
2019-12-13 05:40:00,0.011139035
2019-12-13 05:50:00,0.0056096613
2019-12-13 06:00:00,0.009101719
2019-12-13 06:10:00,0.004468769
2019-12-13 06:20:00,0.009521425
2019-12-13 06:30:00,0.004944712
2019-12-13 06:40:00,0.008337289
2019-12-13 06:50:00,0.0040846765
2019-12-13 07:00:00,0.00817585
2019-12-13 07:10:00,0.004769057
2019-12-13 07:20:00,0.0087148845
2019-12-13 07:30:00,0.004301548
2019-12-13 07:40:00,0.008741468
2019-12-13 07:50:00,0.004937172
2019-12-13 08:00:00,0.0077272058
2019-12-13 08:10:00,0.0039200783
2019-12-13 08:20:00,0.007326305
2019-12-13 08:30:00,0.0043059587
2019-12-13 08:40:00,0.006623119
2019-12-13 08:50:00,0.0035656095
2019-12-13 09:00:00,0.0075956583
2019-12-13 09:10:00,0.004568726
2019-12-13 09:20:00,0.007676482
2019-12-13 09:30:00,0.004312247
2019-12-13 09:40:00,0.008684367
2019-12-13 09:50:00,0.005433589
2019-12-13 10:00:00,0.008034587
2019-12-13 10:10:00,0.0046709776
2019-12-13 10:20:00,0.008009553
2019-12-13 10:30:00,0.0055855215
2019-12-13 10:40:00,0.007837772
2019-12-13 10:50:00,0.0048279464
2019-12-13 11:00:00,0.008197069
2019-12-13 11:10:00,0.005815923
2019-12-13 11:20:00,0.007520169
2019-12-13 11:30:00,0.0049795806
2019-12-13 11:40:00,0.008127511
2019-12-13 11:50:00,0.0058314204
2019-12-13 12:00:00,0.00714913
2019-12-13 12:10:00,0.0038134754
2019-12-13 12:20:00,0.006039053
2019-12-13 12:30:00,0.0045613945
2019-12-13 12:40:00,0.0060867965
2019-12-13 12:50:00,0.003526479
2019-12-13 13:00:00,0.005847782
2019-12-13 13:10:00,0.0045700073
2019-12-13 13:20:00,0.0061328113
2019-12-13 13:30:00,0.00421533
2019-12-13 13:40:00,0.006575018
2019-12-13 13:50:00,0.00505805
2019-12-13 14:00:00,0.0060473084
2019-12-13 14:10:00,0.004135281
2019-12-13 14:20:00,0.006152123
2019-12-13 14:30:00,0.0047270358
2019-12-13 14:40:00,0.005577117
2019-12-13 14:50:00,0.003952533
2019-12-13 15:00:00,0.006236434
2019-12-13 15:10:00,0.005063802
2019-12-13 15:20:00,0.0063950717
2019-12-13 15:30:00,0.004934728
2019-12-13 15:40:00,0.0075386167
2019-12-13 15:50:00,0.0061463118
2019-12-13 16:00:00,0.006346464
2019-12-13 16:10:00,0.0056729913
2019-12-13 16:20:00,0.0072337687
2019-12-13 16:30:00,0.0066722035
2019-12-13 16:40:00,0.0060203075
2019-12-13 16:50:00,0.0052381754
2019-12-13 17:00:00,0.0062575936
2019-12-13 17:10:00,0.006385416
2019-12-13 17:20:00,0.0056859255
2019-12-13 17:30:00,0.0054702163
2019-12-13 17:40:00,0.006044388
2019-12-13 17:50:00,0.0058630705
2019-12-13 18:00:00,0.005179286
2019-12-13 18:10:00,0.0046483576
2019-12-13 18:20:00,0.005449742
2019-12-13 18:30:00,0.005553156
2019-12-13 18:40:00,0.00511235
2019-12-13 18:50:00,0.0052176416
2019-12-13 19:00:00,0.005467713
2019-12-13 19:10:00,0.006217599
2019-12-13 19:20:00,0.005396098
2019-12-13 19:30:00,0.0049477816
2019-12-13 19:40:00,0.0057533085
2019-12-13 19:50:00,0.00552845
2019-12-13 20:00:00,0.0049461126
2019-12-13 20:10:00,0.004792303
2019-12-13 20:20:00,0.00470984
2019-12-13 20:30:00,0.0055184662
2019-12-13 20:40:00,0.0043760836
2019-12-13 20:50:00,0.0047054887
2019-12-13 21:00:00,0.0046398044
2019-12-13 21:10:00,0.0057575703
2019-12-13 21:20:00,0.0043103993
2019-12-13 21:30:00,0.004538387
2019-12-13 21:40:00,0.004818052
2019-12-13 21:50:00,0.0056441724
2019-12-13 22:00:00,0.004404843
2019-12-13 22:10:00,0.0047074854
2019-12-13 22:20:00,0.0044550896
2019-12-13 22:30:00,0.0054486394
2019-12-13 22:40:00,0.0043754578
2019-12-13 22:50:00,0.0049845874
2019-12-13 23:00:00,0.0047022104
2019-12-13 23:10:00,0.005451292
2019-12-13 23:20:00,0.0044887364
2019-12-13 23:30:00,0.005950868
2019-12-13 23:40:00,0.0048983097
2019-12-13 23:50:00,0.006871879
2019-12-14 00:00:00,0.004707694
2019-12-14 00:10:00,0.006450802
2019-12-14 00:20:00,0.0052557886
2019-12-14 00:30:00,0.008459032
2019-12-14 00:40:00,0.005224198
2019-12-14 00:50:00,0.0072908998
2019-12-14 01:00:00,0.0052988827
2019-12-14 01:10:00,0.007714331
2019-12-14 01:20:00,0.004932761
2019-12-14 01:30:00,0.006328732
2019-12-14 01:40:00,0.0053188205
2019-12-14 01:50:00,0.0077252984
2019-12-14 02:00:00,0.0051598847
2019-12-14 02:10:00,0.0065996647
2019-12-14 02:20:00,0.0050819814
2019-12-14 02:30:00,0.0070386827
2019-12-14 02:40:00,0.00490728
2019-12-14 02:50:00,0.0061509013
2019-12-14 03:00:00,0.004949659
2019-12-14 03:10:00,0.0063076317
2019-12-14 03:20:00,0.004748851
2019-12-14 03:30:00,0.0053358674
2019-12-14 03:40:00,0.0044816136
2019-12-14 03:50:00,0.0058430433
2019-12-14 04:00:00,0.0037672818
2019-12-14 04:10:00,0.0048056245
2019-12-14 04:20:00,0.0035079122
2019-12-14 04:30:00,0.005202681
2019-12-14 04:40:00,0.0031698346
2019-12-14 04:50:00,0.0044929087
2019-12-14 05:00:00,0.0030294359
2019-12-14 05:10:00,0.004909694
2019-12-14 05:20:00,0.0029208362
2019-12-14 05:30:00,0.0039458275
2019-12-14 05:40:00,0.0027599037
2019-12-14 05:50:00,0.0043117404
2019-12-14 06:00:00,0.002674818
2019-12-14 06:10:00,0.0036111772
2019-12-14 06:20:00,0.0027715266
2019-12-14 06:30:00,0.0038183928
2019-12-14 06:40:00,0.0027768016
2019-12-14 06:50:00,0.0034412742
2019-12-14 07:00:00,0.0027858615
2019-12-14 07:10:00,0.0036596358
2019-12-14 07:20:00,0.002702117
2019-12-14 07:30:00,0.0032848716
2019-12-14 07:40:00,0.0027085543
2019-12-14 07:50:00,0.0034898818
2019-12-14 08:00:00,0.002474457
2019-12-14 08:10:00,0.0030403137
2019-12-14 08:20:00,0.0025043786
2019-12-14 08:30:00,0.0033118725
2019-12-14 08:40:00,0.0024455488
2019-12-14 08:50:00,0.0031262636
2019-12-14 09:00:00,0.0024704337
2019-12-14 09:10:00,0.003240496
2019-12-14 09:20:00,0.0023260415
2019-12-14 09:30:00,0.0029323995
2019-12-14 09:40:00,0.0022202432
2019-12-14 09:50:00,0.0030492246
2019-12-14 10:00:00,0.0021101832
2019-12-14 10:10:00,0.0028581321
2019-12-14 10:20:00,0.0022282898
2019-12-14 10:30:00,0.002943635
2019-12-14 10:40:00,0.0021074712
2019-12-14 10:50:00,0.002616465
2019-12-14 11:00:00,0.0022505522
2019-12-14 11:10:00,0.002711475
2019-12-14 11:20:00,0.0022055507
2019-12-14 11:30:00,0.0026441813
2019-12-14 11:40:00,0.002413869
2019-12-14 11:50:00,0.0029136539
2019-12-14 12:00:00,0.0024342537
2019-12-14 12:10:00,0.0030504465
2019-12-14 12:20:00,0.002716124
2019-12-14 12:30:00,0.0030841827
2019-12-14 12:40:00,0.00268057
2019-12-14 12:50:00,0.0032022595
2019-12-14 13:00:00,0.0032207072
2019-12-14 13:10:00,0.0034692585
2019-12-14 13:20:00,0.003124714
2019-12-14 13:30:00,0.0035185516
2019-12-14 13:40:00,0.0033186674
2019-12-14 13:50:00,0.0039432645
2019-12-14 14:00:00,0.0031998456
2019-12-14 14:10:00,0.0039912164
2019-12-14 14:20:00,0.0028153658
2019-12-14 14:30:00,0.004288107
2019-12-14 14:40:00,0.0028213263
2019-12-14 14:50:00,0.0047269464
2019-12-14 15:00:00,0.0038579106
2019-12-14 15:10:00,0.0046521127
2019-12-14 15:20:00,0.0034038723
2019-12-14 15:30:00,0.0049586
2019-12-14 15:40:00,0.0033894777
2019-12-14 15:50:00,0.0046530664
2019-12-14 16:00:00,0.0031167567
2019-12-14 16:10:00,0.0050644875
2019-12-14 16:20:00,0.0033665895
2019-12-14 16:30:00,0.004832685
2019-12-14 16:40:00,0.0032298267
2019-12-14 16:50:00,0.005417675
2019-12-14 17:00:00,0.0036279857
2019-12-14 17:10:00,0.005350083
2019-12-14 17:20:00,0.0034563541
2019-12-14 17:30:00,0.006056577
2019-12-14 17:40:00,0.0036944747
2019-12-14 17:50:00,0.005966693
2019-12-14 18:00:00,0.0035010278
2019-12-14 18:10:00,0.007194847
2019-12-14 18:20:00,0.0039325655
2019-12-14 18:30:00,0.00663808
2019-12-14 18:40:00,0.0038648546
2019-12-14 18:50:00,0.007892519
2019-12-14 19:00:00,0.0042690933
2019-12-14 19:10:00,0.007643342
2019-12-14 19:20:00,0.0040381253
2019-12-14 19:30:00,0.008892685
2019-12-14 19:40:00,0.0047137737
2019-12-14 19:50:00,0.007862091
2019-12-14 20:00:00,0.003975481
2019-12-14 20:10:00,0.011108547
2019-12-14 20:20:00,0.004851222
2019-12-14 20:30:00,0.010342956
2019-12-14 20:40:00,0.0048131645
2019-12-14 20:50:00,0.011702001
2019-12-14 21:00:00,0.0051152706
2019-12-14 21:10:00,0.009824634
2019-12-14 21:20:00,0.0049526095
2019-12-14 21:30:00,0.011570275
2019-12-14 21:40:00,0.005147636
2019-12-14 21:50:00,0.012450457
2019-12-14 22:00:00,0.0053633153
2019-12-14 22:10:00,0.014758587
2019-12-14 22:20:00,0.005126208
2019-12-14 22:30:00,0.013603985
2019-12-14 22:40:00,0.00530228
2019-12-14 22:50:00,0.014724016
2019-12-14 23:00:00,0.0052981973
2019-12-14 23:10:00,0.013198912
2019-12-14 23:20:00,0.0053011477
2019-12-14 23:30:00,0.016311258
2019-12-14 23:40:00,0.0057552755
2019-12-14 23:50:00,0.014489353
2019-12-15 00:00:00,0.005779505
2019-12-15 00:10:00,0.018816173
2019-12-15 00:20:00,0.0066532195
2019-12-15 00:30:00,0.016771317
2019-12-15 00:40:00,0.0067456067
2019-12-15 00:50:00,0.02338913
2019-12-15 01:00:00,0.007978588
2019-12-15 01:10:00,0.021749228
2019-12-15 01:20:00,0.0075487494
2019-12-15 01:30:00,0.024011105
2019-12-15 01:40:00,0.00805372
2019-12-15 01:50:00,0.021165282
2019-12-15 02:00:00,0.0075137913
2019-12-15 02:10:00,0.024409682
2019-12-15 02:20:00,0.008205682
2019-12-15 02:30:00,0.02151692
2019-12-15 02:40:00,0.008372039
2019-12-15 02:50:00,0.025013328
2019-12-15 03:00:00,0.009160906
2019-12-15 03:10:00,0.023798168
2019-12-15 03:20:00,0.009160906
2019-12-15 03:30:00,0.028061837
2019-12-15 03:40:00,0.010117501
2019-12-15 03:50:00,0.026941061
2019-12-15 04:00:00,0.010108262
2019-12-15 04:10:00,0.031185031
2019-12-15 04:20:00,0.010895312
2019-12-15 04:30:00,0.029184967
2019-12-15 04:40:00,0.01146248
2019-12-15 04:50:00,0.03353265
2019-12-15 05:00:00,0.01159361
2019-12-15 05:10:00,0.030193418
2019-12-15 05:20:00,0.011695534
2019-12-15 05:30:00,0.03776118
2019-12-15 05:40:00,0.011952728
2019-12-15 05:50:00,0.033646375
2019-12-15 06:00:00,0.013703197
2019-12-15 06:10:00,0.042624563
2019-12-15 06:20:00,0.0158678
2019-12-15 06:30:00,0.040044546
2019-12-15 06:40:00,0.015803665
2019-12-15 06:50:00,0.04661852
2019-12-15 07:00:00,0.016340733
2019-12-15 07:10:00,0.039132595
2019-12-15 07:20:00,0.016959786
2019-12-15 07:30:00,0.048759997
2019-12-15 07:40:00,0.019504696
2019-12-15 07:50:00,0.045051217
2019-12-15 08:00:00,0.019666165
2019-12-15 08:10:00,0.054424644
2019-12-15 08:20:00,0.022019446
2019-12-15 08:30:00,0.049301535
2019-12-15 08:40:00,0.02254948
2019-12-15 08:50:00,0.057444304
2019-12-15 09:00:00,0.026027769
2019-12-15 09:10:00,0.053811997
2019-12-15 09:20:00,0.026457578
2019-12-15 09:30:00,0.06359896
2019-12-15 09:40:00,0.028368741
2019-12-15 09:50:00,0.059988678
2019-12-15 10:00:00,0.029808402
2019-12-15 10:10:00,0.07569197
2019-12-15 10:20:00,0.03465551
2019-12-15 10:30:00,0.06902325
2019-12-15 10:40:00,0.035850823
2019-12-15 10:50:00,0.081341684
2019-12-15 11:00:00,0.04020819
2019-12-15 11:10:00,0.06841284
2019-12-15 11:20:00,0.041495502
2019-12-15 11:30:00,0.08241084
2019-12-15 11:40:00,0.046452403
2019-12-15 11:50:00,0.07020658
2019-12-15 12:00:00,0.0471766
2019-12-15 12:10:00,0.08494434
2019-12-15 12:20:00,0.050667077
2019-12-15 12:30:00,0.083241135
2019-12-15 12:40:00,0.05490288
2019-12-15 12:50:00,0.09583652
2019-12-15 13:00:00,0.054995686
2019-12-15 13:10:00,0.08520684
2019-12-15 13:20:00,0.053042114
2019-12-15 13:30:00,0.10566732
2019-12-15 13:40:00,0.054733872
2019-12-15 13:50:00,0.09208614
2019-12-15 14:00:00,0.050014257
2019-12-15 14:10:00,0.1036073
2019-12-15 14:20:00,0.05262348
2019-12-15 14:30:00,0.091279924
2019-12-15 14:40:00,0.051019907
2019-12-15 14:50:00,0.10236725
2019-12-15 15:00:00,0.051245034
2019-12-15 15:10:00,0.092506945
2019-12-15 15:20:00,0.04855585
2019-12-15 15:30:00,0.10265216
2019-12-15 15:40:00,0.048844457
2019-12-15 15:50:00,0.085428685
2019-12-15 16:00:00,0.04953897
2019-12-15 16:10:00,0.09686571
2019-12-15 16:20:00,0.05341676
2019-12-15 16:30:00,0.09001076
2019-12-15 16:40:00,0.055938184
2019-12-15 16:50:00,0.09140438
2019-12-15 17:00:00,0.05159363
2019-12-15 17:10:00,0.07761338
2019-12-15 17:20:00,0.051577806
2019-12-15 17:30:00,0.08993545
2019-12-15 17:40:00,0.054082066
2019-12-15 17:50:00,0.07959929
2019-12-15 18:00:00,0.051631242
2019-12-15 18:10:00,0.0937821
2019-12-15 18:20:00,0.051645786
2019-12-15 18:30:00,0.07886723
2019-12-15 18:40:00,0.049200654
2019-12-15 18:50:00,0.08141205
2019-12-15 19:00:00,0.0483329
2019-12-15 19:10:00,0.0740453
2019-12-15 19:20:00,0.04701984
2019-12-15 19:30:00,0.07077694
2019-12-15 19:40:00,0.038288325
2019-12-15 19:50:00,0.05347684
2019-12-15 20:00:00,0.036718965
2019-12-15 20:10:00,0.047873825
2019-12-15 20:20:00,0.031313717
2019-12-15 20:30:00,0.041236103
2019-12-15 20:40:00,0.03025949
2019-12-15 20:50:00,0.04127282
2019-12-15 21:00:00,0.026379496
2019-12-15 21:10:00,0.034992456
2019-12-15 21:20:00,0.026013494
2019-12-15 21:30:00,0.035089463
2019-12-15 21:40:00,0.023377955
2019-12-15 21:50:00,0.034901798
2019-12-15 22:00:00,0.024108857
2019-12-15 22:10:00,0.034618646
2019-12-15 22:20:00,0.022337466
2019-12-15 22:30:00,0.027380884
2019-12-15 22:40:00,0.020878851
2019-12-15 22:50:00,0.024908096
2019-12-15 23:00:00,0.017270833
2019-12-15 23:10:00,0.018625617
2019-12-15 23:20:00,0.014350325
2019-12-15 23:30:00,0.01770404
2019-12-15 23:40:00,0.012071282
2019-12-15 23:50:00,0.016442686
2019-12-16 00:00:00,0.0150355995
2019-12-16 00:10:00,0.018327832
2019-12-16 00:20:00,0.012711257
2019-12-16 00:30:00,0.016197026
2019-12-16 00:40:00,0.01554805
2019-12-16 00:50:00,0.017067641
2019-12-16 01:00:00,0.012723774
2019-12-16 01:10:00,0.014800012
2019-12-16 01:20:00,0.014124215
2019-12-16 01:30:00,0.014563322
2019-12-16 01:40:00,0.010302961
2019-12-16 01:50:00,0.012401402
2019-12-16 02:00:00,0.011080086
2019-12-16 02:10:00,0.011870384
2019-12-16 02:20:00,0.008179128
2019-12-16 02:30:00,0.010695577
2019-12-16 02:40:00,0.009123176
2019-12-16 02:50:00,0.011531264
2019-12-16 03:00:00,0.008556783
2019-12-16 03:10:00,0.010415554
2019-12-16 03:20:00,0.009803176
2019-12-16 03:30:00,0.011906922
2019-12-16 03:40:00,0.008299679
2019-12-16 03:50:00,0.0112116635
2019-12-16 04:00:00,0.008954585
2019-12-16 04:10:00,0.011248261
2019-12-16 04:20:00,0.007602036
2019-12-16 04:30:00,0.0093123615
2019-12-16 04:40:00,0.00788036
2019-12-16 04:50:00,0.009683639
2019-12-16 05:00:00,0.0064873993
2019-12-16 05:10:00,0.008474439
2019-12-16 05:20:00,0.0070335567
2019-12-16 05:30:00,0.009514183
2019-12-16 05:40:00,0.0056901276
2019-12-16 05:50:00,0.0080401
2019-12-16 06:00:00,0.0073922276
2019-12-16 06:10:00,0.009234697
2019-12-16 06:20:00,0.005987674
2019-12-16 06:30:00,0.0077823102
2019-12-16 06:40:00,0.006215155
2019-12-16 06:50:00,0.00799194
2019-12-16 07:00:00,0.0052817464
2019-12-16 07:10:00,0.006997049
2019-12-16 07:20:00,0.0053420663
2019-12-16 07:30:00,0.006939441
2019-12-16 07:40:00,0.004264593
2019-12-16 07:50:00,0.00613001
2019-12-16 08:00:00,0.0048326254
2019-12-16 08:10:00,0.00694108
2019-12-16 08:20:00,0.004347205
2019-12-16 08:30:00,0.0059195757
2019-12-16 08:40:00,0.0045278966
2019-12-16 08:50:00,0.006478995
2019-12-16 09:00:00,0.0038295686
2019-12-16 09:10:00,0.0053750277
2019-12-16 09:20:00,0.0042095482
2019-12-16 09:30:00,0.005758792
2019-12-16 09:40:00,0.003425032
2019-12-16 09:50:00,0.00509125
2019-12-16 10:00:00,0.0039697587
2019-12-16 10:10:00,0.005730182
2019-12-16 10:20:00,0.0033486485
2019-12-16 10:30:00,0.004947245
2019-12-16 10:40:00,0.0038255155
2019-12-16 10:50:00,0.005376667
2019-12-16 11:00:00,0.0031720102
2019-12-16 11:10:00,0.0046128035
2019-12-16 11:20:00,0.0036651492
2019-12-16 11:30:00,0.005181223
2019-12-16 11:40:00,0.003257364
2019-12-16 11:50:00,0.0048335493
2019-12-16 12:00:00,0.0038689375
2019-12-16 12:10:00,0.0050962567
2019-12-16 12:20:00,0.00331074
2019-12-16 12:30:00,0.0048299134
2019-12-16 12:40:00,0.0035656989
2019-12-16 12:50:00,0.0047444403
2019-12-16 13:00:00,0.00297907
2019-12-16 13:10:00,0.0040204823
2019-12-16 13:20:00,0.0036268532
2019-12-16 13:30:00,0.004681438
2019-12-16 13:40:00,0.0028743446
2019-12-16 13:50:00,0.0037106574
2019-12-16 14:00:00,0.0031608045
2019-12-16 14:10:00,0.0040448904
2019-12-16 14:20:00,0.0025297105
2019-12-16 14:30:00,0.0030731559
2019-12-16 14:40:00,0.002784133
2019-12-16 14:50:00,0.0035295486
2019-12-16 15:00:00,0.0025436282
2019-12-16 15:10:00,0.0031999052
2019-12-16 15:20:00,0.0030182302
2019-12-16 15:30:00,0.0039851367
2019-12-16 15:40:00,0.0024611652
2019-12-16 15:50:00,0.0034030974
2019-12-16 16:00:00,0.0030189157
2019-12-16 16:10:00,0.003961414
2019-12-16 16:20:00,0.0026894808
2019-12-16 16:30:00,0.0033750534
2019-12-16 16:40:00,0.003148526
2019-12-16 16:50:00,0.0040160716
2019-12-16 17:00:00,0.0027096868
2019-12-16 17:10:00,0.003600061
2019-12-16 17:20:00,0.0035130382
2019-12-16 17:30:00,0.0042862296
2019-12-16 17:40:00,0.003069073
2019-12-16 17:50:00,0.0037192106
2019-12-16 18:00:00,0.003451705
2019-12-16 18:10:00,0.0040821135
2019-12-16 18:20:00,0.0029329062
2019-12-16 18:30:00,0.0037309825
2019-12-16 18:40:00,0.0035573542
2019-12-16 18:50:00,0.004311025
2019-12-16 19:00:00,0.0024996698
2019-12-16 19:10:00,0.003346473
2019-12-16 19:20:00,0.0030645728
2019-12-16 19:30:00,0.0040545166
2019-12-16 19:40:00,0.002538234
2019-12-16 19:50:00,0.0034901202
2019-12-16 20:00:00,0.0033381581
2019-12-16 20:10:00,0.004198432
2019-12-16 20:20:00,0.0030849576
2019-12-16 20:30:00,0.0040495098
2019-12-16 20:40:00,0.0038165152
2019-12-16 20:50:00,0.004626304
2019-12-16 21:00:00,0.0033964813
2019-12-16 21:10:00,0.0040630996
2019-12-16 21:20:00,0.0043155253
2019-12-16 21:30:00,0.0045013726
2019-12-16 21:40:00,0.0036071837
2019-12-16 21:50:00,0.003910482
2019-12-16 22:00:00,0.0046415925
2019-12-16 22:10:00,0.0044282675
2019-12-16 22:20:00,0.0039399564
2019-12-16 22:30:00,0.0041814744
2019-12-16 22:40:00,0.005003214
2019-12-16 22:50:00,0.005005479
2019-12-16 23:00:00,0.0041519105
2019-12-16 23:10:00,0.0043498874
2019-12-16 23:20:00,0.0052443445
2019-12-16 23:30:00,0.0050976276
2019-12-16 23:40:00,0.004117191
2019-12-16 23:50:00,0.0045309067
2019-12-17 00:00:00,0.0046346188
2019-12-17 00:10:00,0.0050550997
2019-12-17 00:20:00,0.0039812326
2019-12-17 00:30:00,0.0045123696
2019-12-17 00:40:00,0.0047275126
2019-12-17 00:50:00,0.0050850213
2019-12-17 01:00:00,0.0040185153
2019-12-17 01:10:00,0.004507184
2019-12-17 01:20:00,0.00471431
2019-12-17 01:30:00,0.005143136
2019-12-17 01:40:00,0.004028976
2019-12-17 01:50:00,0.004669428
2019-12-17 02:00:00,0.004659891
2019-12-17 02:10:00,0.00566265
2019-12-17 02:20:00,0.004686296
2019-12-17 02:30:00,0.0055422485
2019-12-17 02:40:00,0.005643368
2019-12-17 02:50:00,0.0070729256
2019-12-17 03:00:00,0.005887598
2019-12-17 03:10:00,0.006793529
2019-12-17 03:20:00,0.006658852
2019-12-17 03:30:00,0.008498877
2019-12-17 03:40:00,0.0064352155
2019-12-17 03:50:00,0.008176148
2019-12-17 04:00:00,0.00771901
2019-12-17 04:10:00,0.009506285
2019-12-17 04:20:00,0.006996423
2019-12-17 04:30:00,0.008042365
2019-12-17 04:40:00,0.007851392
2019-12-17 04:50:00,0.009899855
2019-12-17 05:00:00,0.0070578456
2019-12-17 05:10:00,0.008805364
2019-12-17 05:20:00,0.008418083
2019-12-17 05:30:00,0.008656085
2019-12-17 05:40:00,0.008497834
2019-12-17 05:50:00,0.013427198
2019-12-17 06:00:00,0.012132525
2019-12-17 06:10:00,0.013916194
2019-12-17 06:20:00,0.011311352
2019-12-17 06:30:00,0.0130289495
2019-12-17 06:40:00,0.011695534
2019-12-17 06:50:00,0.013901472
2019-12-17 07:00:00,0.010998547
2019-12-17 07:10:00,0.01187849
2019-12-17 07:20:00,0.010622263
2019-12-17 07:30:00,0.012844861
2019-12-17 07:40:00,0.01021871
2019-12-17 07:50:00,0.0118967295
2019-12-17 08:00:00,0.009912878
2019-12-17 08:10:00,0.01298067
2019-12-17 08:20:00,0.009136379
2019-12-17 08:30:00,0.010605484
2019-12-17 08:40:00,0.0110577345
2019-12-17 08:50:00,0.014161795
2019-12-17 09:00:00,0.0105293095
2019-12-17 09:10:00,0.012208223
2019-12-17 09:20:00,0.010751814
2019-12-17 09:30:00,0.012822449
2019-12-17 09:40:00,0.01023075
2019-12-17 09:50:00,0.012249887
2019-12-17 10:00:00,0.010828584
2019-12-17 10:10:00,0.01397264
2019-12-17 10:20:00,0.011168301
2019-12-17 10:30:00,0.013563961
2019-12-17 10:40:00,0.011570901
2019-12-17 10:50:00,0.014602989
2019-12-17 11:00:00,0.011158437
2019-12-17 11:10:00,0.013651937
2019-12-17 11:20:00,0.011061162
2019-12-17 11:30:00,0.014292061
2019-12-17 11:40:00,0.010373831
2019-12-17 11:50:00,0.013772786
2019-12-17 12:00:00,0.010498822
2019-12-17 12:10:00,0.014671624
2019-12-17 12:20:00,0.010037124
2019-12-17 12:30:00,0.013298452
2019-12-17 12:40:00,0.010171056
2019-12-17 12:50:00,0.014769942
2019-12-17 13:00:00,0.010614097
2019-12-17 13:10:00,0.014995962
2019-12-17 13:20:00,0.0107245445
2019-12-17 13:30:00,0.016088665
2019-12-17 13:40:00,0.0105703175
2019-12-17 13:50:00,0.016524613
2019-12-17 14:00:00,0.01042822
2019-12-17 14:10:00,0.017419606
2019-12-17 14:20:00,0.01078999
2019-12-17 14:30:00,0.017194033
2019-12-17 14:40:00,0.011026472
2019-12-17 14:50:00,0.019040972
2019-12-17 15:00:00,0.011141688
2019-12-17 15:10:00,0.018161982
2019-12-17 15:20:00,0.011023432
2019-12-17 15:30:00,0.019459575
2019-12-17 15:40:00,0.011608541
2019-12-17 15:50:00,0.019652039
2019-12-17 16:00:00,0.011593372
2019-12-17 16:10:00,0.02076593
2019-12-17 16:20:00,0.012280524
2019-12-17 16:30:00,0.02095887
2019-12-17 16:40:00,0.012323707
2019-12-17 16:50:00,0.0211699
2019-12-17 17:00:00,0.012387365
2019-12-17 17:10:00,0.02146244
2019-12-17 17:20:00,0.012210816
2019-12-17 17:30:00,0.021402419
2019-12-17 17:40:00,0.012332559
2019-12-17 17:50:00,0.021078795
2019-12-17 18:00:00,0.012448221
2019-12-17 18:10:00,0.021997333
2019-12-17 18:20:00,0.0122743845
2019-12-17 18:30:00,0.021757662
2019-12-17 18:40:00,0.01273334
2019-12-17 18:50:00,0.021288872
2019-12-17 19:00:00,0.01327908
2019-12-17 19:10:00,0.021909803
2019-12-17 19:20:00,0.012509525
2019-12-17 19:30:00,0.02143851
2019-12-17 19:40:00,0.013594419
2019-12-17 19:50:00,0.023020029
2019-12-17 20:00:00,0.013600111
2019-12-17 20:10:00,0.02303359
2019-12-17 20:20:00,0.014291942
2019-12-17 20:30:00,0.023643255
2019-12-17 20:40:00,0.013248473
2019-12-17 20:50:00,0.023691565
2019-12-17 21:00:00,0.013915628
2019-12-17 21:10:00,0.025324613
2019-12-17 21:20:00,0.013273925
2019-12-17 21:30:00,0.025096774
2019-12-17 21:40:00,0.014859647
2019-12-17 21:50:00,0.02636066
2019-12-17 22:00:00,0.013984948
2019-12-17 22:10:00,0.029812396
2019-12-17 22:20:00,0.015788704
2019-12-17 22:30:00,0.028155535
2019-12-17 22:40:00,0.0152768195
2019-12-17 22:50:00,0.02740866
2019-12-17 23:00:00,0.01594776
2019-12-17 23:10:00,0.028924912
2019-12-17 23:20:00,0.01660192
2019-12-17 23:30:00,0.028870732
2019-12-17 23:40:00,0.017813146
2019-12-17 23:50:00,0.028399944
2019-12-18 00:00:00,0.017555863
2019-12-18 00:10:00,0.027315885
2019-12-18 00:20:00,0.019285768
2019-12-18 00:30:00,0.024188638
2019-12-18 00:40:00,0.018648058
2019-12-18 00:50:00,0.023762017
2019-12-18 01:00:00,0.020316452
2019-12-18 01:10:00,0.020777375
2019-12-18 01:20:00,0.019374877
2019-12-18 01:30:00,0.020371228
2019-12-18 01:40:00,0.021053046
2019-12-18 01:50:00,0.01936981
2019-12-18 02:00:00,0.020332575
2019-12-18 02:10:00,0.019827634
2019-12-18 02:20:00,0.022473425
2019-12-18 02:30:00,0.021053761
2019-12-18 02:40:00,0.022513956
2019-12-18 02:50:00,0.022556782
2019-12-18 03:00:00,0.025590539
2019-12-18 03:10:00,0.022850215
2019-12-18 03:20:00,0.026468158
2019-12-18 03:30:00,0.02355951
2019-12-18 03:40:00,0.026698858
2019-12-18 03:50:00,0.02181694
2019-12-18 04:00:00,0.026047498
2019-12-18 04:10:00,0.021094859
2019-12-18 04:20:00,0.026519686
2019-12-18 04:30:00,0.019869953
2019-12-18 04:40:00,0.026928693
2019-12-18 04:50:00,0.018606514
2019-12-18 05:00:00,0.028467089
2019-12-18 05:10:00,0.019175947
2019-12-18 05:20:00,0.026235133
2019-12-18 05:30:00,0.019872814
2019-12-18 05:40:00,0.030893713
2019-12-18 05:50:00,0.019439965
2019-12-18 06:00:00,0.031750053
2019-12-18 06:10:00,0.020409435
2019-12-18 06:20:00,0.03364122
2019-12-18 06:30:00,0.020653754
2019-12-18 06:40:00,0.033463806
2019-12-18 06:50:00,0.021468043
2019-12-18 07:00:00,0.0388014
2019-12-18 07:10:00,0.022042304
2019-12-18 07:20:00,0.0379456
2019-12-18 07:30:00,0.02218917
2019-12-18 07:40:00,0.040895373
2019-12-18 07:50:00,0.022181958
2019-12-18 08:00:00,0.039707184
2019-12-18 08:10:00,0.021942824
2019-12-18 08:20:00,0.04215446
2019-12-18 08:30:00,0.021878421
2019-12-18 08:40:00,0.04064414
2019-12-18 08:50:00,0.021724612
2019-12-18 09:00:00,0.042503655
2019-12-18 09:10:00,0.02179274
2019-12-18 09:20:00,0.041916966
2019-12-18 09:30:00,0.021459281
2019-12-18 09:40:00,0.04312226
2019-12-18 09:50:00,0.020773351
2019-12-18 10:00:00,0.04230383
2019-12-18 10:10:00,0.020114958
2019-12-18 10:20:00,0.04377359
2019-12-18 10:30:00,0.02025047
2019-12-18 10:40:00,0.04014957
2019-12-18 10:50:00,0.019975513
2019-12-18 11:00:00,0.040671617
2019-12-18 11:10:00,0.018897712
2019-12-18 11:20:00,0.03909594
2019-12-18 11:30:00,0.018549979
2019-12-18 11:40:00,0.040799707
2019-12-18 11:50:00,0.020252496
2019-12-18 12:00:00,0.042741597
2019-12-18 12:10:00,0.020409793
2019-12-18 12:20:00,0.045596242
2019-12-18 12:30:00,0.019968092
2019-12-18 12:40:00,0.042586267
2019-12-18 12:50:00,0.020363003
2019-12-18 13:00:00,0.045404762
2019-12-18 13:10:00,0.019546509
2019-12-18 13:20:00,0.04330349
2019-12-18 13:30:00,0.019180834
2019-12-18 13:40:00,0.044023216
2019-12-18 13:50:00,0.017539263
2019-12-18 14:00:00,0.03420657
2019-12-18 14:10:00,0.016856492
2019-12-18 14:20:00,0.03450793
2019-12-18 14:30:00,0.014224082
2019-12-18 14:40:00,0.02508378
2019-12-18 14:50:00,0.014264673
2019-12-18 15:00:00,0.024412721
2019-12-18 15:10:00,0.013468981
2019-12-18 15:20:00,0.023813605
2019-12-18 15:30:00,0.014278531
2019-12-18 15:40:00,0.025276065
2019-12-18 15:50:00,0.013297915
2019-12-18 16:00:00,0.024433464
2019-12-18 16:10:00,0.013951838
2019-12-18 16:20:00,0.025187016
2019-12-18 16:30:00,0.012976259
2019-12-18 16:40:00,0.021921992
2019-12-18 16:50:00,0.013496965
2019-12-18 17:00:00,0.022541404
2019-12-18 17:10:00,0.012336165
2019-12-18 17:20:00,0.020759672
2019-12-18 17:30:00,0.012362033
2019-12-18 17:40:00,0.021273196
2019-12-18 17:50:00,0.010968953
2019-12-18 18:00:00,0.016654074
2019-12-18 18:10:00,0.011570483
2019-12-18 18:20:00,0.019233465
2019-12-18 18:30:00,0.011303425
2019-12-18 18:40:00,0.01769042
2019-12-18 18:50:00,0.011717081
2019-12-18 19:00:00,0.01678145
2019-12-18 19:10:00,0.0101617575
2019-12-18 19:20:00,0.016079277
2019-12-18 19:30:00,0.0118870735
2019-12-18 19:40:00,0.016887188
2019-12-18 19:50:00,0.01025033
2019-12-18 20:00:00,0.0151438415
2019-12-18 20:10:00,0.011284173
2019-12-18 20:20:00,0.01616925
2019-12-18 20:30:00,0.01030007
2019-12-18 20:40:00,0.0136016905
2019-12-18 20:50:00,0.011259228
2019-12-18 21:00:00,0.018104047
2019-12-18 21:10:00,0.0101192
2019-12-18 21:20:00,0.015371621
2019-12-18 21:30:00,0.012524396
2019-12-18 21:40:00,0.01638645
2019-12-18 21:50:00,0.009785622
2019-12-18 22:00:00,0.01364845
2019-12-18 22:10:00,0.011377633
2019-12-18 22:20:00,0.014172286
2019-12-18 22:30:00,0.010381162
2019-12-18 22:40:00,0.013231635
2019-12-18 22:50:00,0.011850148
2019-12-18 23:00:00,0.014391303
2019-12-18 23:10:00,0.011543512
2019-12-18 23:20:00,0.012343854
2019-12-18 23:30:00,0.011496574
2019-12-18 23:40:00,0.013436705
2019-12-18 23:50:00,0.010457784
2019-12-19 00:00:00,0.0117171705
2019-12-19 00:10:00,0.010951549
2019-12-19 00:20:00,0.012321293
2019-12-19 00:30:00,0.011320561
2019-12-19 00:40:00,0.01088357
2019-12-19 00:50:00,0.011623025
2019-12-19 01:00:00,0.0123081505
2019-12-19 01:10:00,0.01208213
2019-12-19 01:20:00,0.010725617
2019-12-19 01:30:00,0.013169795
2019-12-19 01:40:00,0.011484683
2019-12-19 01:50:00,0.011820644
2019-12-19 02:00:00,0.010414213
2019-12-19 02:10:00,0.015347064
2019-12-19 02:20:00,0.0116665065
2019-12-19 02:30:00,0.012202531
2019-12-19 02:40:00,0.0102574825
2019-12-19 02:50:00,0.015517324
2019-12-19 03:00:00,0.011298358
2019-12-19 03:10:00,0.013124883
2019-12-19 03:20:00,0.010537565
2019-12-19 03:30:00,0.014516026
2019-12-19 03:40:00,0.010567963
2019-12-19 03:50:00,0.014130801
2019-12-19 04:00:00,0.009579152
2019-12-19 04:10:00,0.014488012
2019-12-19 04:20:00,0.009990811
2019-12-19 04:30:00,0.014495939
2019-12-19 04:40:00,0.009781927
2019-12-19 04:50:00,0.016181588
2019-12-19 05:00:00,0.010753006
2019-12-19 05:10:00,0.016015112
2019-12-19 05:20:00,0.010301441
2019-12-19 05:30:00,0.017415494
2019-12-19 05:40:00,0.010543376
2019-12-19 05:50:00,0.016506314
2019-12-19 06:00:00,0.0091534555
2019-12-19 06:10:00,0.016809255
2019-12-19 06:20:00,0.009993523
2019-12-19 06:30:00,0.016420364
2019-12-19 06:40:00,0.008925289
2019-12-19 06:50:00,0.018787771
2019-12-19 07:00:00,0.008760244
2019-12-19 07:10:00,0.021417558
2019-12-19 07:20:00,0.00896588
2019-12-19 07:30:00,0.023575753
2019-12-19 07:40:00,0.009720027
2019-12-19 07:50:00,0.022875994
2019-12-19 08:00:00,0.009377658
2019-12-19 08:10:00,0.026919216
2019-12-19 08:20:00,0.010600507
2019-12-19 08:30:00,0.012529343
2019-12-19 08:40:00,0.0093078315
2019-12-19 08:50:00,0.009076774
2019-12-19 09:00:00,0.010190427
2019-12-19 09:10:00,0.00402382
2019-12-19 09:20:00,0.009935796
2019-12-19 09:30:00,0.004447967
2019-12-19 09:40:00,0.010405719
2019-12-19 09:50:00,0.0057236254
2019-12-19 10:00:00,0.008700788
2019-12-19 10:10:00,0.005860746
2019-12-19 10:20:00,0.009920448
2019-12-19 10:30:00,0.0053634644
2019-12-19 10:40:00,0.008853227
2019-12-19 10:50:00,0.0055404603
2019-12-19 11:00:00,0.009638518
2019-12-19 11:10:00,0.004804522
2019-12-19 11:20:00,0.009341836
2019-12-19 11:30:00,0.004796356
2019-12-19 11:40:00,0.0104644
2019-12-19 11:50:00,0.0044411123
2019-12-19 12:00:00,0.010021061
2019-12-19 12:10:00,0.004422635
2019-12-19 12:20:00,0.010584503
2019-12-19 12:30:00,0.0036358237
2019-12-19 12:40:00,0.010358572
2019-12-19 12:50:00,0.0037968457
2019-12-19 13:00:00,0.010980248
2019-12-19 13:10:00,0.0035471618
2019-12-19 13:20:00,0.01058048
2019-12-19 13:30:00,0.0036999881
2019-12-19 13:40:00,0.0114384
2019-12-19 13:50:00,0.0029447973
2019-12-19 14:00:00,0.011387408
2019-12-19 14:10:00,0.0029782653
2019-12-19 14:20:00,0.013390303
2019-12-19 14:30:00,0.0024035573
2019-12-19 14:40:00,0.01311627
2019-12-19 14:50:00,0.002289921
2019-12-19 15:00:00,0.014713168
2019-12-19 15:10:00,0.00223732
2019-12-19 15:20:00,0.014362633
2019-12-19 15:30:00,0.0023274422
2019-12-19 15:40:00,0.015945941
2019-12-19 15:50:00,0.0023664832
2019-12-19 16:00:00,0.014310628
2019-12-19 16:10:00,0.0023874342
2019-12-19 16:20:00,0.016563892
2019-12-19 16:30:00,0.0020329356
2019-12-19 16:40:00,0.016115516
2019-12-19 16:50:00,0.0019496381
2019-12-19 17:00:00,0.017071933
2019-12-19 17:10:00,0.0016239285
2019-12-19 17:20:00,0.015989214
2019-12-19 17:30:00,0.0015270114
2019-12-19 17:40:00,0.017668843
2019-12-19 17:50:00,0.0014759302
2019-12-19 18:00:00,0.017522275
2019-12-19 18:10:00,0.0014980137
2019-12-19 18:20:00,0.019369364
2019-12-19 18:30:00,0.0014093518
2019-12-19 18:40:00,0.019299507
2019-12-19 18:50:00,0.0014199018
2019-12-19 19:00:00,0.02080822
2019-12-19 19:10:00,0.0013326406
2019-12-19 19:20:00,0.019837767
2019-12-19 19:30:00,0.0013704002
2019-12-19 19:40:00,0.021969408
2019-12-19 19:50:00,0.0014804006
2019-12-19 20:00:00,0.021057248
2019-12-19 20:10:00,0.0014761388
2019-12-19 20:20:00,0.023521751
2019-12-19 20:30:00,0.0015107095
2019-12-19 20:40:00,0.024546415
2019-12-19 20:50:00,0.0015787482
2019-12-19 21:00:00,0.02834022
2019-12-19 21:10:00,0.00152269
2019-12-19 21:20:00,0.03154859
2019-12-19 21:30:00,0.0015697181
2019-12-19 21:40:00,0.032644987
2019-12-19 21:50:00,0.001696229
2019-12-19 22:00:00,0.035104662
2019-12-19 22:10:00,0.0016802251
2019-12-19 22:20:00,0.03800851
2019-12-19 22:30:00,0.0015164316
2019-12-19 22:40:00,0.036876768
2019-12-19 22:50:00,0.0014922619
2019-12-19 23:00:00,0.03589338
2019-12-19 23:10:00,0.0018640757
2019-12-19 23:20:00,0.03780505
2019-12-19 23:30:00,0.0018683672
2019-12-19 23:40:00,0.0399971
2019-12-19 23:50:00,0.0019416809
2019-12-20 00:00:00,0.041051596
2019-12-20 00:10:00,0.0019029379
2019-12-20 00:20:00,0.04166308
2019-12-20 00:30:00,0.0016008615
2019-12-20 00:40:00,0.041256756
2019-12-20 00:50:00,0.001761198
2019-12-20 01:00:00,0.043301255
2019-12-20 01:10:00,0.0017810166
2019-12-20 01:20:00,0.040845364
2019-12-20 01:30:00,0.0017640293
2019-12-20 01:40:00,0.04402888
2019-12-20 01:50:00,0.0018698573
2019-12-20 02:00:00,0.040032953
2019-12-20 02:10:00,0.0016703308
2019-12-20 02:20:00,0.042685598
2019-12-20 02:30:00,0.0018859506
2019-12-20 02:40:00,0.040712237
2019-12-20 02:50:00,0.0018697083
2019-12-20 03:00:00,0.042832762
2019-12-20 03:10:00,0.002059549
2019-12-20 03:20:00,0.041050225
2019-12-20 03:30:00,0.0020734072
2019-12-20 03:40:00,0.041615516
2019-12-20 03:50:00,0.002162218
2019-12-20 04:00:00,0.040115565
2019-12-20 04:10:00,0.0020030737
2019-12-20 04:20:00,0.042300224
2019-12-20 04:30:00,0.0020005703
2019-12-20 04:40:00,0.04191181
2019-12-20 04:50:00,0.001989603
2019-12-20 05:00:00,0.042707115
2019-12-20 05:10:00,0.0022120178
2019-12-20 05:20:00,0.04097277
2019-12-20 05:30:00,0.0021926165
2019-12-20 05:40:00,0.04267034
2019-12-20 05:50:00,0.0023774505
2019-12-20 06:00:00,0.036165684
2019-12-20 06:10:00,0.002205044
2019-12-20 06:20:00,0.039319098
2019-12-20 06:30:00,0.0022207499
2019-12-20 06:40:00,0.03711629
2019-12-20 06:50:00,0.0021226704
2019-12-20 07:00:00,0.036373645
2019-12-20 07:10:00,0.0023629665
2019-12-20 07:20:00,0.03472209
2019-12-20 07:30:00,0.002221644
2019-12-20 07:40:00,0.035194427
2019-12-20 07:50:00,0.0026808083
2019-12-20 08:00:00,0.03220898
2019-12-20 08:10:00,0.0025070608
2019-12-20 08:20:00,0.03535384
2019-12-20 08:30:00,0.0032760203
2019-12-20 08:40:00,0.036836267
2019-12-20 08:50:00,0.0034480393
2019-12-20 09:00:00,0.03805694
2019-12-20 09:10:00,0.004709661
2019-12-20 09:20:00,0.0383268
2019-12-20 09:30:00,0.0048154294
2019-12-20 09:40:00,0.038565785
2019-12-20 09:50:00,0.0051110983
2019-12-20 10:00:00,0.03825453
2019-12-20 10:10:00,0.0051813126
2019-12-20 10:20:00,0.037834525
2019-12-20 10:30:00,0.005684197
2019-12-20 10:40:00,0.036044836
2019-12-20 10:50:00,0.0055480003
2019-12-20 11:00:00,0.035692126
2019-12-20 11:10:00,0.006059468
2019-12-20 11:20:00,0.034796298
2019-12-20 11:30:00,0.005873829
2019-12-20 11:40:00,0.03569609
2019-12-20 11:50:00,0.006149292
2019-12-20 12:00:00,0.033333987
2019-12-20 12:10:00,0.007197827
2019-12-20 12:20:00,0.03291017
2019-12-20 12:30:00,0.008389801
2019-12-20 12:40:00,0.033869117
2019-12-20 12:50:00,0.008485585
2019-12-20 13:00:00,0.033031702
2019-12-20 13:10:00,0.009048104
2019-12-20 13:20:00,0.033588797
2019-12-20 13:30:00,0.009051025
2019-12-20 13:40:00,0.03438121
2019-12-20 13:50:00,0.008550614
2019-12-20 14:00:00,0.032500923
2019-12-20 14:10:00,0.009401411
2019-12-20 14:20:00,0.03448224
2019-12-20 14:30:00,0.011047095
2019-12-20 14:40:00,0.03321579
2019-12-20 14:50:00,0.011888325
2019-12-20 15:00:00,0.03397447
2019-12-20 15:10:00,0.018226624
2019-12-20 15:20:00,0.03395909
2019-12-20 15:30:00,0.023714751
2019-12-20 15:40:00,0.033103734
2019-12-20 15:50:00,0.03323382
2019-12-20 16:00:00,0.033745617
2019-12-20 16:10:00,0.04345119
2019-12-20 16:20:00,0.034177005
2019-12-20 16:30:00,0.042071015
2019-12-20 16:40:00,0.033730984
2019-12-20 16:50:00,0.04256469
2019-12-20 17:00:00,0.035557836
2019-12-20 17:10:00,0.042823702
2019-12-20 17:20:00,0.0366953
2019-12-20 17:30:00,0.043688864
2019-12-20 17:40:00,0.037020504
2019-12-20 17:50:00,0.04426834
2019-12-20 18:00:00,0.035429657
2019-12-20 18:10:00,0.04470858
2019-12-20 18:20:00,0.036629766
2019-12-20 18:30:00,0.046305895
2019-12-20 18:40:00,0.035874903
2019-12-20 18:50:00,0.04951945
2019-12-20 19:00:00,0.035815448
2019-12-20 19:10:00,0.04709652
2019-12-20 19:20:00,0.035425395
2019-12-20 19:30:00,0.04938525
2019-12-20 19:40:00,0.036919296
2019-12-20 19:50:00,0.045350283
2019-12-20 20:00:00,0.036511928
2019-12-20 20:10:00,0.045238674
2019-12-20 20:20:00,0.032358766
2019-12-20 20:30:00,0.042989165
2019-12-20 20:40:00,0.02979803
2019-12-20 20:50:00,0.044142604
2019-12-20 21:00:00,0.026215285
2019-12-20 21:10:00,0.04359749
2019-12-20 21:20:00,0.027116358
2019-12-20 21:30:00,0.046299815
2019-12-20 21:40:00,0.027904868
2019-12-20 21:50:00,0.04048851
2019-12-20 22:00:00,0.02725339
2019-12-20 22:10:00,0.040730923
2019-12-20 22:20:00,0.026974708
2019-12-20 22:30:00,0.041213274
2019-12-20 22:40:00,0.02467069
2019-12-20 22:50:00,0.04218623
2019-12-20 23:00:00,0.022986144
2019-12-20 23:10:00,0.036426812
2019-12-20 23:20:00,0.020061344
2019-12-20 23:30:00,0.035921246
2019-12-20 23:40:00,0.019294262
2019-12-20 23:50:00,0.033759683
2019-12-21 00:00:00,0.018876165
2019-12-21 00:10:00,0.037048876
2019-12-21 00:20:00,0.018353611
2019-12-21 00:30:00,0.03699106
2019-12-21 00:40:00,0.019001544
2019-12-21 00:50:00,0.03733203
2019-12-21 01:00:00,0.017242104
2019-12-21 01:10:00,0.034784764
2019-12-21 01:20:00,0.016790956
2019-12-21 01:30:00,0.038088143
2019-12-21 01:40:00,0.015977591
2019-12-21 01:50:00,0.033049673
2019-12-21 02:00:00,0.015415549
2019-12-21 02:10:00,0.035090834
2019-12-21 02:20:00,0.014172137
2019-12-21 02:30:00,0.030950576
2019-12-21 02:40:00,0.014871061
2019-12-21 02:50:00,0.03412485
2019-12-21 03:00:00,0.013104916
2019-12-21 03:10:00,0.032102764
2019-12-21 03:20:00,0.013338745
2019-12-21 03:30:00,0.032556742
2019-12-21 03:40:00,0.013419658
2019-12-21 03:50:00,0.03062141
2019-12-21 04:00:00,0.015129417
2019-12-21 04:10:00,0.031364173
2019-12-21 04:20:00,0.011707395
2019-12-21 04:30:00,0.027983695
2019-12-21 04:40:00,0.011859387
2019-12-21 04:50:00,0.028681427
2019-12-21 05:00:00,0.011216223
2019-12-21 05:10:00,0.026178092
2019-12-21 05:20:00,0.012305319
2019-12-21 05:30:00,0.025276452
2019-12-21 05:40:00,0.011597604
2019-12-21 05:50:00,0.02383846
2019-12-21 06:00:00,0.012666881
2019-12-21 06:10:00,0.024508834
2019-12-21 06:20:00,0.011662215
2019-12-21 06:30:00,0.022884816
2019-12-21 06:40:00,0.011982709
2019-12-21 06:50:00,0.0245938
2019-12-21 07:00:00,0.010794371
2019-12-21 07:10:00,0.02283147
2019-12-21 07:20:00,0.012062162
2019-12-21 07:30:00,0.024254799
2019-12-21 07:40:00,0.011783749
2019-12-21 07:50:00,0.024230987
2019-12-21 08:00:00,0.012045085
2019-12-21 08:10:00,0.024905592
2019-12-21 08:20:00,0.011602968
2019-12-21 08:30:00,0.022955716
2019-12-21 08:40:00,0.0125336945
2019-12-21 08:50:00,0.02095282
2019-12-21 09:00:00,0.0091061
2019-12-21 09:10:00,0.019996911
2019-12-21 09:20:00,0.010198474
2019-12-21 09:30:00,0.02038169
2019-12-21 09:40:00,0.0078044534
2019-12-21 09:50:00,0.01908192
2019-12-21 10:00:00,0.009075284
2019-12-21 10:10:00,0.021096617
2019-12-21 10:20:00,0.008327037
2019-12-21 10:30:00,0.020086288
2019-12-21 10:40:00,0.009221405
2019-12-21 10:50:00,0.021868765
2019-12-21 11:00:00,0.008183926
2019-12-21 11:10:00,0.020041585
2019-12-21 11:20:00,0.009177506
2019-12-21 11:30:00,0.021222293
2019-12-21 11:40:00,0.008107424
2019-12-21 11:50:00,0.019333333
2019-12-21 12:00:00,0.009249717
2019-12-21 12:10:00,0.020674258
2019-12-21 12:20:00,0.00842154
2019-12-21 12:30:00,0.019730717
2019-12-21 12:40:00,0.009087503
2019-12-21 12:50:00,0.01946783
2019-12-21 13:00:00,0.008233786
2019-12-21 13:10:00,0.018623978
2019-12-21 13:20:00,0.009415209
2019-12-21 13:30:00,0.019617736
2019-12-21 13:40:00,0.0075864494
2019-12-21 13:50:00,0.017101705
2019-12-21 14:00:00,0.008997679
2019-12-21 14:10:00,0.01882732
2019-12-21 14:20:00,0.00732705
2019-12-21 14:30:00,0.01611802
2019-12-21 14:40:00,0.008634925
2019-12-21 14:50:00,0.016939193
2019-12-21 15:00:00,0.0071954727
2019-12-21 15:10:00,0.014307976
2019-12-21 15:20:00,0.008226275
2019-12-21 15:30:00,0.014805347
2019-12-21 15:40:00,0.007218361
2019-12-21 15:50:00,0.012554377
2019-12-21 16:00:00,0.0076995194
2019-12-21 16:10:00,0.013697833
2019-12-21 16:20:00,0.0064443946
2019-12-21 16:30:00,0.012325287
2019-12-21 16:40:00,0.0075522363
2019-12-21 16:50:00,0.013501257
2019-12-21 17:00:00,0.0062578022
2019-12-21 17:10:00,0.011408299
2019-12-21 17:20:00,0.0075208843
2019-12-21 17:30:00,0.012559861
2019-12-21 17:40:00,0.006173879
2019-12-21 17:50:00,0.010849178
2019-12-21 18:00:00,0.007662207
2019-12-21 18:10:00,0.012794107
2019-12-21 18:20:00,0.00647521
2019-12-21 18:30:00,0.011549234
2019-12-21 18:40:00,0.0076037645
2019-12-21 18:50:00,0.011735499
2019-12-21 19:00:00,0.005830258
2019-12-21 19:10:00,0.008770138
2019-12-21 19:20:00,0.0058909357
2019-12-21 19:30:00,0.008628637
2019-12-21 19:40:00,0.00426051
2019-12-21 19:50:00,0.006367564
2019-12-21 20:00:00,0.0046305954
2019-12-21 20:10:00,0.0068930984
2019-12-21 20:20:00,0.0037949681
2019-12-21 20:30:00,0.0059244335
2019-12-21 20:40:00,0.0043698847
2019-12-21 20:50:00,0.005874306
2019-12-21 21:00:00,0.0031640232
2019-12-21 21:10:00,0.005092472
2019-12-21 21:20:00,0.0038636625
2019-12-21 21:30:00,0.0058812797
2019-12-21 21:40:00,0.0032477677
2019-12-21 21:50:00,0.0054656863
2019-12-21 22:00:00,0.003911793
2019-12-21 22:10:00,0.005949527
2019-12-21 22:20:00,0.0031918585
2019-12-21 22:30:00,0.005303651
2019-12-21 22:40:00,0.0035827458
2019-12-21 22:50:00,0.0058443844
2019-12-21 23:00:00,0.0031314194
2019-12-21 23:10:00,0.005207598
2019-12-21 23:20:00,0.0038075745
2019-12-21 23:30:00,0.0062483847
2019-12-21 23:40:00,0.0034307837
2019-12-21 23:50:00,0.0055784285
2019-12-22 00:00:00,0.0042636693
2019-12-22 00:10:00,0.0057328045
2019-12-22 00:20:00,0.0033252537
2019-12-22 00:30:00,0.005126804
2019-12-22 00:40:00,0.0037911832
2019-12-22 00:50:00,0.005512297
2019-12-22 01:00:00,0.0030994415
2019-12-22 01:10:00,0.004884273
2019-12-22 01:20:00,0.0037683249
2019-12-22 01:30:00,0.005092442
2019-12-22 01:40:00,0.0032021701
2019-12-22 01:50:00,0.00482437
2019-12-22 02:00:00,0.0038604438
2019-12-22 02:10:00,0.004606992
2019-12-22 02:20:00,0.0030905306
2019-12-22 02:30:00,0.004666865
2019-12-22 02:40:00,0.0039957166
2019-12-22 02:50:00,0.0049438775
2019-12-22 03:00:00,0.0038440228
2019-12-22 03:10:00,0.0049345195
2019-12-22 03:20:00,0.0044062436
2019-12-22 03:30:00,0.005277425
2019-12-22 03:40:00,0.0037072003
2019-12-22 03:50:00,0.0045352876
2019-12-22 04:00:00,0.004767865
2019-12-22 04:10:00,0.0049075484
2019-12-22 04:20:00,0.0038264394
2019-12-22 04:30:00,0.0044967234
2019-12-22 04:40:00,0.0048190057
2019-12-22 04:50:00,0.004588872
2019-12-22 05:00:00,0.004009694
2019-12-22 05:10:00,0.004367888
2019-12-22 05:20:00,0.0044824183
2019-12-22 05:30:00,0.0047596395
2019-12-22 05:40:00,0.0046819746
2019-12-22 05:50:00,0.0050391853
2019-12-22 06:00:00,0.006144017
2019-12-22 06:10:00,0.0054587424
2019-12-22 06:20:00,0.0054401457
2019-12-22 06:30:00,0.0058903396
2019-12-22 06:40:00,0.007003218
2019-12-22 06:50:00,0.0058657825
2019-12-22 07:00:00,0.0058769584
2019-12-22 07:10:00,0.006325066
2019-12-22 07:20:00,0.007099539
2019-12-22 07:30:00,0.005913496
2019-12-22 07:40:00,0.005812973
2019-12-22 07:50:00,0.006313622
2019-12-22 08:00:00,0.007676184
2019-12-22 08:10:00,0.0065430403
2019-12-22 08:20:00,0.006363213
2019-12-22 08:30:00,0.0064992607
2019-12-22 08:40:00,0.008112937
2019-12-22 08:50:00,0.0063131154
2019-12-22 09:00:00,0.0069560707
2019-12-22 09:10:00,0.0064225495
2019-12-22 09:20:00,0.008536339
2019-12-22 09:30:00,0.0063367486
2019-12-22 09:40:00,0.00749892
2019-12-22 09:50:00,0.006991476
2019-12-22 10:00:00,0.009834468
2019-12-22 10:10:00,0.006434858
2019-12-22 10:20:00,0.0073773563
2019-12-22 10:30:00,0.0066784024
2019-12-22 10:40:00,0.008680403
2019-12-22 10:50:00,0.006122172
2019-12-22 11:00:00,0.007974267
2019-12-22 11:10:00,0.006637275
2019-12-22 11:20:00,0.008902878
2019-12-22 11:30:00,0.0055598617
2019-12-22 11:40:00,0.0076158643
2019-12-22 11:50:00,0.0071677864
2019-12-22 12:00:00,0.009738654
2019-12-22 12:10:00,0.0067628324
2019-12-22 12:20:00,0.007456094
2019-12-22 12:30:00,0.0066569448
2019-12-22 12:40:00,0.0067840517
2019-12-22 12:50:00,0.004820645
2019-12-22 13:00:00,0.0044752955
2019-12-22 13:10:00,0.0045407116
2019-12-22 13:20:00,0.0031635165
2019-12-22 13:30:00,0.0021802187
2019-12-22 13:40:00,0.0020228624
2019-12-22 13:50:00,0.0020149052
2019-12-22 14:00:00,0.0015785992
2019-12-22 14:10:00,0.0011765361
2019-12-22 14:20:00,0.0011755526
2019-12-22 14:30:00,0.0012276173
2019-12-22 14:40:00,0.0011508465
2019-12-22 14:50:00,0.00087049603
2019-12-22 15:00:00,0.0008532107
2019-12-22 15:10:00,0.0009958744
2019-12-22 15:20:00,0.0010586083
2019-12-22 15:30:00,0.0011054575
2019-12-22 15:40:00,0.0010411739
2019-12-22 15:50:00,0.0011726916
2019-12-22 16:00:00,0.0011119843
2019-12-22 16:10:00,0.0010730028
2019-12-22 16:20:00,0.0011175275
2019-12-22 16:30:00,0.0012010932
2019-12-22 16:40:00,0.0010489821
2019-12-22 16:50:00,0.00089764595
2019-12-22 17:00:00,0.00094494224
2019-12-22 17:10:00,0.0009781122
2019-12-22 17:20:00,0.0009536743
2019-12-22 17:30:00,0.00082203746
2019-12-22 17:40:00,0.00082963705
2019-12-22 17:50:00,0.0008364916
2019-12-22 18:00:00,0.0007852316
2019-12-22 18:10:00,0.0007240474
2019-12-22 18:20:00,0.0006942749
2019-12-22 18:30:00,0.00076666474
2019-12-22 18:40:00,0.0006388724
2019-12-22 18:50:00,0.000651747
2019-12-22 19:00:00,0.0006097257
2019-12-22 19:10:00,0.00071278214
2019-12-22 19:20:00,0.0005726814
2019-12-22 19:30:00,0.00063976645
2019-12-22 19:40:00,0.000570029
2019-12-22 19:50:00,0.00073060393
2019-12-22 20:00:00,0.0006148815
2019-12-22 20:10:00,0.00070366263
2019-12-22 20:20:00,0.00057804585
2019-12-22 20:30:00,0.0007626116
2019-12-22 20:40:00,0.0005860925
2019-12-22 20:50:00,0.0007543266
2019-12-22 21:00:00,0.0006171465
2019-12-22 21:10:00,0.00080120564
2019-12-22 21:20:00,0.0005391836
2019-12-22 21:30:00,0.0007277429
2019-12-22 21:40:00,0.00049331784
2019-12-22 21:50:00,0.0007582009
2019-12-22 22:00:00,0.0004169941
2019-12-22 22:10:00,0.0007266402
2019-12-22 22:20:00,0.00042188168
2019-12-22 22:30:00,0.00072449446
2019-12-22 22:40:00,0.00039684772
2019-12-22 22:50:00,0.00062173605
2019-12-22 23:00:00,0.00039091706
2019-12-22 23:10:00,0.0006425679
2019-12-22 23:20:00,0.00037622452
2019-12-22 23:30:00,0.00060123205
2019-12-22 23:40:00,0.00036278367
2019-12-22 23:50:00,0.0006594658
2019-12-23 00:00:00,0.00036597252
2019-12-23 00:10:00,0.0006301105
2019-12-23 00:20:00,0.0003656149
2019-12-23 00:30:00,0.00062695146
2019-12-23 00:40:00,0.0003695786
2019-12-23 00:50:00,0.0005696416
2019-12-23 01:00:00,0.00034487247
2019-12-23 01:10:00,0.00056540966
2019-12-23 01:20:00,0.00034874678
2019-12-23 01:30:00,0.00057309866
2019-12-23 01:40:00,0.00035491586
2019-12-23 01:50:00,0.00063857436
2019-12-23 02:00:00,0.00038281083
2019-12-23 02:10:00,0.00065755844
2019-12-23 02:20:00,0.00040364265
2019-12-23 02:30:00,0.00070405006
2019-12-23 02:40:00,0.00039055943
2019-12-23 02:50:00,0.0007132888
2019-12-23 03:00:00,0.00040251017
2019-12-23 03:10:00,0.0006875396
2019-12-23 03:20:00,0.0004094243
2019-12-23 03:30:00,0.000877738
2019-12-23 03:40:00,0.00046893954
2019-12-23 03:50:00,0.0008485317
2019-12-23 04:00:00,0.000505358
2019-12-23 04:10:00,0.0008684993
2019-12-23 04:20:00,0.0004900098
2019-12-23 04:30:00,0.00088346004
2019-12-23 04:40:00,0.0005122423
2019-12-23 04:50:00,0.00090277195
2019-12-23 05:00:00,0.0005003512
2019-12-23 05:10:00,0.0008494854
2019-12-23 05:20:00,0.00048020482
2019-12-23 05:30:00,0.0008533597
2019-12-23 05:40:00,0.0004541874
2019-12-23 05:50:00,0.00079253316
2019-12-23 06:00:00,0.00044211745
2019-12-23 06:10:00,0.0007596314
2019-12-23 06:20:00,0.00040495396
2019-12-23 06:30:00,0.0007226765
2019-12-23 06:40:00,0.00038194656
2019-12-23 06:50:00,0.00074383616
2019-12-23 07:00:00,0.00035077333
2019-12-23 07:10:00,0.00073081255
2019-12-23 07:20:00,0.00037786365
2019-12-23 07:30:00,0.0008262396
2019-12-23 07:40:00,0.00039595366
2019-12-23 07:50:00,0.00089767575
2019-12-23 08:00:00,0.00047460198
2019-12-23 08:10:00,0.0009886026
2019-12-23 08:20:00,0.00045862794
2019-12-23 08:30:00,0.00096669793
2019-12-23 08:40:00,0.00049719214
2019-12-23 08:50:00,0.0010294914
2019-12-23 09:00:00,0.00048723817
2019-12-23 09:10:00,0.00086042285
2019-12-23 09:20:00,0.0004990399
2019-12-23 09:30:00,0.00090393424
2019-12-23 09:40:00,0.0004938841
2019-12-23 09:50:00,0.0009840429
2019-12-23 10:00:00,0.0005925298
2019-12-23 10:10:00,0.0011076331
2019-12-23 10:20:00,0.00061634183
2019-12-23 10:30:00,0.0011385679
2019-12-23 10:40:00,0.0006902516
2019-12-23 10:50:00,0.0011843145
2019-12-23 11:00:00,0.0006532371
2019-12-23 11:10:00,0.0012119114
2019-12-23 11:20:00,0.00046798587
2019-12-23 11:30:00,0.0013902187
2019-12-23 11:40:00,0.000459522
2019-12-23 11:50:00,0.0013666451
2019-12-23 12:00:00,0.0003270805
2019-12-23 12:10:00,0.0013784468
2019-12-23 12:20:00,0.00037026405
2019-12-23 12:30:00,0.0013282597
2019-12-23 12:40:00,0.0004799068
2019-12-23 12:50:00,0.001740694
2019-12-23 13:00:00,0.0005206764
2019-12-23 13:10:00,0.0017400682
2019-12-23 13:20:00,0.00064718723
2019-12-23 13:30:00,0.0022501051
2019-12-23 13:40:00,0.00065526366
2019-12-23 13:50:00,0.0023843348
2019-12-23 14:00:00,0.00082597136
2019-12-23 14:10:00,0.0030121803
2019-12-23 14:20:00,0.00082296133
2019-12-23 14:30:00,0.0031588078
2019-12-23 14:40:00,0.00096938014
2019-12-23 14:50:00,0.0038440526
2019-12-23 15:00:00,0.0009896755
2019-12-23 15:10:00,0.0041508675
2019-12-23 15:20:00,0.0010967553
2019-12-23 15:30:00,0.0044119954
2019-12-23 15:40:00,0.0010664165
2019-12-23 15:50:00,0.0050531626
2019-12-23 16:00:00,0.001270473
2019-12-23 16:10:00,0.0051673353
2019-12-23 16:20:00,0.0012705028
2019-12-23 16:30:00,0.0050470233
2019-12-23 16:40:00,0.0014204681
2019-12-23 16:50:00,0.0060838163
2019-12-23 17:00:00,0.0014392436
2019-12-23 17:10:00,0.0059446394
2019-12-23 17:20:00,0.0016513169
2019-12-23 17:30:00,0.0072283447
2019-12-23 17:40:00,0.0017210245
2019-12-23 17:50:00,0.008197039
2019-12-23 18:00:00,0.0020942092
2019-12-23 18:10:00,0.009089321
2019-12-23 18:20:00,0.0020351708
2019-12-23 18:30:00,0.009133637
2019-12-23 18:40:00,0.0022774339
2019-12-23 18:50:00,0.00953263
2019-12-23 19:00:00,0.0022877753
2019-12-23 19:10:00,0.011160523
2019-12-23 19:20:00,0.0032539368
2019-12-23 19:30:00,0.013456017
2019-12-23 19:40:00,0.0035627186
2019-12-23 19:50:00,0.017238766
2019-12-23 20:00:00,0.0051199794
2019-12-23 20:10:00,0.027776659
2019-12-23 20:20:00,0.0069226623
2019-12-23 20:30:00,0.033981174
2019-12-23 20:40:00,0.008666813
2019-12-23 20:50:00,0.041490853
2019-12-23 21:00:00,0.010380954
2019-12-23 21:10:00,0.049533993
2019-12-23 21:20:00,0.014594883
2019-12-23 21:30:00,0.05838284
2019-12-23 21:40:00,0.014030993
2019-12-23 21:50:00,0.06505063
2019-12-23 22:00:00,0.011891186
2019-12-23 22:10:00,0.05192116
2019-12-23 22:20:00,0.012740105
2019-12-23 22:30:00,0.058208466
2019-12-23 22:40:00,0.014763683
2019-12-23 22:50:00,0.05265808
2019-12-23 23:00:00,0.013348818
2019-12-23 23:10:00,0.06000164
2019-12-23 23:20:00,0.014152259
2019-12-23 23:30:00,0.051817924
2019-12-23 23:40:00,0.012301028
2019-12-23 23:50:00,0.058326244
2019-12-24 00:00:00,0.013145834
2019-12-24 00:10:00,0.048812598
2019-12-24 00:20:00,0.011994392
2019-12-24 00:30:00,0.05346793
2019-12-24 00:40:00,0.012947053
2019-12-24 00:50:00,0.04725322
2019-12-24 01:00:00,0.011469066
2019-12-24 01:10:00,0.053213
2019-12-24 01:20:00,0.013146549
2019-12-24 01:30:00,0.044293553
2019-12-24 01:40:00,0.010740668
2019-12-24 01:50:00,0.044284135
2019-12-24 02:00:00,0.011052847
2019-12-24 02:10:00,0.035872072
2019-12-24 02:20:00,0.009375513
2019-12-24 02:30:00,0.03584233
2019-12-24 02:40:00,0.008436471
2019-12-24 02:50:00,0.030970812
2019-12-24 03:00:00,0.006977737
2019-12-24 03:10:00,0.034804165
2019-12-24 03:20:00,0.0069481432
2019-12-24 03:30:00,0.029545426
2019-12-24 03:40:00,0.0059443116
2019-12-24 03:50:00,0.032581657
2019-12-24 04:00:00,0.0067860186
2019-12-24 04:10:00,0.029641718
2019-12-24 04:20:00,0.006321132
2019-12-24 04:30:00,0.033255547
2019-12-24 04:40:00,0.0060279965
2019-12-24 04:50:00,0.028783709
2019-12-24 05:00:00,0.0059162974
2019-12-24 05:10:00,0.031614155
2019-12-24 05:20:00,0.006273806
2019-12-24 05:30:00,0.029012382
2019-12-24 05:40:00,0.0059691966
2019-12-24 05:50:00,0.034421206
2019-12-24 06:00:00,0.006536871
2019-12-24 06:10:00,0.030768782
2019-12-24 06:20:00,0.006213546
2019-12-24 06:30:00,0.035683185
2019-12-24 06:40:00,0.006673962
2019-12-24 06:50:00,0.033056438
2019-12-24 07:00:00,0.006441772
2019-12-24 07:10:00,0.03714931
2019-12-24 07:20:00,0.007109612
2019-12-24 07:30:00,0.033141106
2019-12-24 07:40:00,0.006849408
2019-12-24 07:50:00,0.038481474
2019-12-24 08:00:00,0.007228881
2019-12-24 08:10:00,0.03453064
2019-12-24 08:20:00,0.0067760944
2019-12-24 08:30:00,0.03703201
2019-12-24 08:40:00,0.0070125163
2019-12-24 08:50:00,0.03326258
2019-12-24 09:00:00,0.006557733
2019-12-24 09:10:00,0.03833145
2019-12-24 09:20:00,0.0067197382
2019-12-24 09:30:00,0.034620225
2019-12-24 09:40:00,0.0063007176
2019-12-24 09:50:00,0.04008615
2019-12-24 10:00:00,0.007455528
2019-12-24 10:10:00,0.03654912
2019-12-24 10:20:00,0.007248014
2019-12-24 10:30:00,0.043421894
2019-12-24 10:40:00,0.00784722
2019-12-24 10:50:00,0.037958115
2019-12-24 11:00:00,0.0077923536
2019-12-24 11:10:00,0.041454464
2019-12-24 11:20:00,0.008802742
2019-12-24 11:30:00,0.03926912
2019-12-24 11:40:00,0.008338749
2019-12-24 11:50:00,0.04027587
2019-12-24 12:00:00,0.008354127
2019-12-24 12:10:00,0.036764055
2019-12-24 12:20:00,0.0078096986
2019-12-24 12:30:00,0.042491615
2019-12-24 12:40:00,0.008147538
2019-12-24 12:50:00,0.039792955
2019-12-24 13:00:00,0.008131057
2019-12-24 13:10:00,0.04346022
2019-12-24 13:20:00,0.008973241
2019-12-24 13:30:00,0.042663246
2019-12-24 13:40:00,0.009294331
2019-12-24 13:50:00,0.043640792
2019-12-24 14:00:00,0.00972712
2019-12-24 14:10:00,0.04446721
2019-12-24 14:20:00,0.009991616
2019-12-24 14:30:00,0.04791951
2019-12-24 14:40:00,0.011124045
2019-12-24 14:50:00,0.04840815
2019-12-24 15:00:00,0.0120815635
2019-12-24 15:10:00,0.056004733
2019-12-24 15:20:00,0.012391269
2019-12-24 15:30:00,0.05477619
2019-12-24 15:40:00,0.012064487
2019-12-24 15:50:00,0.058801085
2019-12-24 16:00:00,0.012256354
2019-12-24 16:10:00,0.059672385
2019-12-24 16:20:00,0.012597591
2019-12-24 16:30:00,0.058677077
2019-12-24 16:40:00,0.012294352
2019-12-24 16:50:00,0.058069736
2019-12-24 17:00:00,0.01247859
2019-12-24 17:10:00,0.058312863
2019-12-24 17:20:00,0.013106078
2019-12-24 17:30:00,0.056111276
2019-12-24 17:40:00,0.012655526
2019-12-24 17:50:00,0.05458927
2019-12-24 18:00:00,0.015954942
2019-12-24 18:10:00,0.061126918
2019-12-24 18:20:00,0.016240627
2019-12-24 18:30:00,0.061606824
2019-12-24 18:40:00,0.019691199
2019-12-24 18:50:00,0.06608975
2019-12-24 19:00:00,0.020072103
2019-12-24 19:10:00,0.065711886
2019-12-24 19:20:00,0.021150708
2019-12-24 19:30:00,0.06581181
2019-12-24 19:40:00,0.021547139
2019-12-24 19:50:00,0.06304827
2019-12-24 20:00:00,0.02317524
2019-12-24 20:10:00,0.06824908
2019-12-24 20:20:00,0.022973835
2019-12-24 20:30:00,0.06810114
2019-12-24 20:40:00,0.023498535
2019-12-24 20:50:00,0.070573896
2019-12-24 21:00:00,0.024151742
2019-12-24 21:10:00,0.06933907
2019-12-24 21:20:00,0.021673411
2019-12-24 21:30:00,0.057617635
2019-12-24 21:40:00,0.019745767
2019-12-24 21:50:00,0.05586168
2019-12-24 22:00:00,0.01717645
2019-12-24 22:10:00,0.05223185
2019-12-24 22:20:00,0.014694691
2019-12-24 22:30:00,0.05308941
2019-12-24 22:40:00,0.012818962
2019-12-24 22:50:00,0.052300543
2019-12-24 23:00:00,0.0141251385
2019-12-24 23:10:00,0.051222056
2019-12-24 23:20:00,0.0129749775
2019-12-24 23:30:00,0.052659154
2019-12-24 23:40:00,0.01334852
2019-12-24 23:50:00,0.054564595
2019-12-25 00:00:00,0.012309849
2019-12-25 00:10:00,0.054190367
2019-12-25 00:20:00,0.012990743
2019-12-25 00:30:00,0.05891484
2019-12-25 00:40:00,0.013468504
2019-12-25 00:50:00,0.05723211
2019-12-25 01:00:00,0.013645172
2019-12-25 01:10:00,0.060973823
2019-12-25 01:20:00,0.013930798
2019-12-25 01:30:00,0.05815178
2019-12-25 01:40:00,0.014094472
2019-12-25 01:50:00,0.06427291
2019-12-25 02:00:00,0.014221817
2019-12-25 02:10:00,0.063373685
2019-12-25 02:20:00,0.014854819
2019-12-25 02:30:00,0.06834009
2019-12-25 02:40:00,0.015027076
2019-12-25 02:50:00,0.0658049
2019-12-25 03:00:00,0.015937597
2019-12-25 03:10:00,0.075074434
2019-12-25 03:20:00,0.016444504
2019-12-25 03:30:00,0.06762692
2019-12-25 03:40:00,0.01633203
2019-12-25 03:50:00,0.07300398
2019-12-25 04:00:00,0.015283495
2019-12-25 04:10:00,0.06214893
2019-12-25 04:20:00,0.016879618
2019-12-25 04:30:00,0.07022959
2019-12-25 04:40:00,0.016841054
2019-12-25 04:50:00,0.065422386
2019-12-25 05:00:00,0.018541247
2019-12-25 05:10:00,0.07251346
2019-12-25 05:20:00,0.017843932
2019-12-25 05:30:00,0.066334814
2019-12-25 05:40:00,0.018249363
2019-12-25 05:50:00,0.07181081
2019-12-25 06:00:00,0.017291397
2019-12-25 06:10:00,0.06468305
2019-12-25 06:20:00,0.017406285
2019-12-25 06:30:00,0.07495618
2019-12-25 06:40:00,0.017382354
2019-12-25 06:50:00,0.06413853
2019-12-25 07:00:00,0.017748117
2019-12-25 07:10:00,0.072722614
2019-12-25 07:20:00,0.01704958
2019-12-25 07:30:00,0.063370794
2019-12-25 07:40:00,0.018426448
2019-12-25 07:50:00,0.07773459
2019-12-25 08:00:00,0.018663615
2019-12-25 08:10:00,0.07367015
2019-12-25 08:20:00,0.022100568
2019-12-25 08:30:00,0.09492013
2019-12-25 08:40:00,0.0231511
2019-12-25 08:50:00,0.08633095
2019-12-25 09:00:00,0.025904477
2019-12-25 09:10:00,0.10863677
2019-12-25 09:20:00,0.024122149
2019-12-25 09:30:00,0.089532375
2019-12-25 09:40:00,0.030721813
2019-12-25 09:50:00,0.10340083
2019-12-25 10:00:00,0.027622461
2019-12-25 10:10:00,0.09012827
2019-12-25 10:20:00,0.032202512
2019-12-25 10:30:00,0.105777174
2019-12-25 10:40:00,0.030790389
2019-12-25 10:50:00,0.09137106
2019-12-25 11:00:00,0.03376633
2019-12-25 11:10:00,0.09980953
2019-12-25 11:20:00,0.028459132
2019-12-25 11:30:00,0.084855884
2019-12-25 11:40:00,0.030871421
2019-12-25 11:50:00,0.099111915
2019-12-25 12:00:00,0.02596268
2019-12-25 12:10:00,0.08295363
2019-12-25 12:20:00,0.030223757
2019-12-25 12:30:00,0.10047683
2019-12-25 12:40:00,0.031423658
2019-12-25 12:50:00,0.0859611
2019-12-25 13:00:00,0.037109196
2019-12-25 13:10:00,0.09423864
2019-12-25 13:20:00,0.0320234
2019-12-25 13:30:00,0.07591322
2019-12-25 13:40:00,0.035620123
2019-12-25 13:50:00,0.09049398
2019-12-25 14:00:00,0.03271672
2019-12-25 14:10:00,0.07668474
2019-12-25 14:20:00,0.038897693
2019-12-25 14:30:00,0.08552584
2019-12-25 14:40:00,0.032681406
2019-12-25 14:50:00,0.06956372
2019-12-25 15:00:00,0.039702564
2019-12-25 15:10:00,0.07922718
2019-12-25 15:20:00,0.033133388
2019-12-25 15:30:00,0.06657252
2019-12-25 15:40:00,0.039328992
2019-12-25 15:50:00,0.087052524
2019-12-25 16:00:00,0.037021756
2019-12-25 16:10:00,0.07489851
2019-12-25 16:20:00,0.04405403
2019-12-25 16:30:00,0.087329924
2019-12-25 16:40:00,0.036114424
2019-12-25 16:50:00,0.06632346
2019-12-25 17:00:00,0.041258812
2019-12-25 17:10:00,0.07719064
2019-12-25 17:20:00,0.0353128
2019-12-25 17:30:00,0.06128609
2019-12-25 17:40:00,0.04030326
2019-12-25 17:50:00,0.07418549
2019-12-25 18:00:00,0.03523293
2019-12-25 18:10:00,0.06075582
2019-12-25 18:20:00,0.042065084
2019-12-25 18:30:00,0.07477349
2019-12-25 18:40:00,0.04067874
2019-12-25 18:50:00,0.058990568
2019-12-25 19:00:00,0.045651555
2019-12-25 19:10:00,0.06923166
2019-12-25 19:20:00,0.04018557
2019-12-25 19:30:00,0.052881062
2019-12-25 19:40:00,0.0440121
2019-12-25 19:50:00,0.0633176
2019-12-25 20:00:00,0.039220154
2019-12-25 20:10:00,0.052878678
2019-12-25 20:20:00,0.04385972
2019-12-25 20:30:00,0.06743646
2019-12-25 20:40:00,0.042433172
2019-12-25 20:50:00,0.055802613
2019-12-25 21:00:00,0.04614505
2019-12-25 21:10:00,0.06278029
2019-12-25 21:20:00,0.040271968
2019-12-25 21:30:00,0.051849246
2019-12-25 21:40:00,0.04486239
2019-12-25 21:50:00,0.058746994
2019-12-25 22:00:00,0.04070431
2019-12-25 22:10:00,0.05032453
2019-12-25 22:20:00,0.0472382
2019-12-25 22:30:00,0.05832976
2019-12-25 22:40:00,0.044987947
2019-12-25 22:50:00,0.051891267
2019-12-25 23:00:00,0.048810095
2019-12-25 23:10:00,0.061582744
2019-12-25 23:20:00,0.047321707
2019-12-25 23:30:00,0.054929376
2019-12-25 23:40:00,0.052876502
2019-12-25 23:50:00,0.06519815
2019-12-26 00:00:00,0.052300096
2019-12-26 00:10:00,0.058179468
2019-12-26 00:20:00,0.053977698
2019-12-26 00:30:00,0.0670796
2019-12-26 00:40:00,0.051278412
2019-12-26 00:50:00,0.05975485
2019-12-26 01:00:00,0.05190572
2019-12-26 01:10:00,0.06494582
2019-12-26 01:20:00,0.049036354
2019-12-26 01:30:00,0.0582411
2019-12-26 01:40:00,0.05625668
2019-12-26 01:50:00,0.06660855
2019-12-26 02:00:00,0.055787563
2019-12-26 02:10:00,0.06610197
2019-12-26 02:20:00,0.054900765
2019-12-26 02:30:00,0.069971025
2019-12-26 02:40:00,0.053509086
2019-12-26 02:50:00,0.06501672
2019-12-26 03:00:00,0.05461949
2019-12-26 03:10:00,0.070743024
2019-12-26 03:20:00,0.05373141
2019-12-26 03:30:00,0.063179374
2019-12-26 03:40:00,0.06436953
2019-12-26 03:50:00,0.06830713
2019-12-26 04:00:00,0.0656099
2019-12-26 04:10:00,0.07206592
2019-12-26 04:20:00,0.06950304
2019-12-26 04:30:00,0.08355132
2019-12-26 04:40:00,0.08601329
2019-12-26 04:50:00,0.084996074
2019-12-26 05:00:00,0.086556196
2019-12-26 05:10:00,0.08806661
2019-12-26 05:20:00,0.08425337
2019-12-26 05:30:00,0.08646318
2019-12-26 05:40:00,0.08626595
2019-12-26 05:50:00,0.08202198
2019-12-26 06:00:00,0.08092448
2019-12-26 06:10:00,0.09004608
2019-12-26 06:20:00,0.086767524
2019-12-26 06:30:00,0.07683849
2019-12-26 06:40:00,0.082669586
2019-12-26 06:50:00,0.075392544
2019-12-26 07:00:00,0.07693362
2019-12-26 07:10:00,0.067637324
2019-12-26 07:20:00,0.076678365
2019-12-26 07:30:00,0.06971505
2019-12-26 07:40:00,0.07378507
2019-12-26 07:50:00,0.063678026
2019-12-26 08:00:00,0.0719727
2019-12-26 08:10:00,0.063494086
2019-12-26 08:20:00,0.0712094
2019-12-26 08:30:00,0.06178415
2019-12-26 08:40:00,0.07056302
2019-12-26 08:50:00,0.067742795
2019-12-26 09:00:00,0.065693855
2019-12-26 09:10:00,0.06013289
2019-12-26 09:20:00,0.06448609
2019-12-26 09:30:00,0.05644223
2019-12-26 09:40:00,0.057489634
2019-12-26 09:50:00,0.05174327
2019-12-26 10:00:00,0.062604785
2019-12-26 10:10:00,0.039013088
2019-12-26 10:20:00,0.057214707
2019-12-26 10:30:00,0.039133877
2019-12-26 10:40:00,0.04856646
2019-12-26 10:50:00,0.045169085
2019-12-26 11:00:00,0.048249394
2019-12-26 11:10:00,0.040785402
2019-12-26 11:20:00,0.043713093
2019-12-26 11:30:00,0.043994784
2019-12-26 11:40:00,0.042114556
2019-12-26 11:50:00,0.03978455
2019-12-26 12:00:00,0.03807324
2019-12-26 12:10:00,0.04179305
2019-12-26 12:20:00,0.03928116
2019-12-26 12:30:00,0.03865698
2019-12-26 12:40:00,0.03802702
2019-12-26 12:50:00,0.039978087
2019-12-26 13:00:00,0.036487937
2019-12-26 13:10:00,0.038234174
2019-12-26 13:20:00,0.036137044
2019-12-26 13:30:00,0.03796327
2019-12-26 13:40:00,0.034511358
2019-12-26 13:50:00,0.036898166
2019-12-26 14:00:00,0.036467403
2019-12-26 14:10:00,0.04450527
2019-12-26 14:20:00,0.038470626
2019-12-26 14:30:00,0.041141808
2019-12-26 14:40:00,0.03713301
2019-12-26 14:50:00,0.042493492
2019-12-26 15:00:00,0.036215454
2019-12-26 15:10:00,0.03709835
2019-12-26 15:20:00,0.03529963
2019-12-26 15:30:00,0.043285698
2019-12-26 15:40:00,0.035791844
2019-12-26 15:50:00,0.037344605
2019-12-26 16:00:00,0.03501919
2019-12-26 16:10:00,0.043384403
2019-12-26 16:20:00,0.036301285
2019-12-26 16:30:00,0.040786833
2019-12-26 16:40:00,0.034492046
2019-12-26 16:50:00,0.04601723
2019-12-26 17:00:00,0.03715825
2019-12-26 17:10:00,0.042764723
2019-12-26 17:20:00,0.038556844
2019-12-26 17:30:00,0.049482465
2019-12-26 17:40:00,0.037121236
2019-12-26 17:50:00,0.044346184
2019-12-26 18:00:00,0.03715536
2019-12-26 18:10:00,0.051270366
2019-12-26 18:20:00,0.03737083
2019-12-26 18:30:00,0.043854326
2019-12-26 18:40:00,0.040026754
2019-12-26 18:50:00,0.054528028
2019-12-26 19:00:00,0.042764753
2019-12-26 19:10:00,0.04764968
2019-12-26 19:20:00,0.042237937
2019-12-26 19:30:00,0.05556026
2019-12-26 19:40:00,0.043443233
2019-12-26 19:50:00,0.046301812
2019-12-26 20:00:00,0.04009971
2019-12-26 20:10:00,0.056283414
2019-12-26 20:20:00,0.039507657
2019-12-26 20:30:00,0.049653232
2019-12-26 20:40:00,0.037931293
2019-12-26 20:50:00,0.055712372
2019-12-26 21:00:00,0.03862241
2019-12-26 21:10:00,0.049835175
2019-12-26 21:20:00,0.03689432
2019-12-26 21:30:00,0.05751863
2019-12-26 21:40:00,0.038572103
2019-12-26 21:50:00,0.05082357
2019-12-26 22:00:00,0.039594978
2019-12-26 22:10:00,0.059455782
2019-12-26 22:20:00,0.040518314
2019-12-26 22:30:00,0.053520143
2019-12-26 22:40:00,0.039061278
2019-12-26 22:50:00,0.06276113
2019-12-26 23:00:00,0.04234314
2019-12-26 23:10:00,0.05369073
2019-12-26 23:20:00,0.038269848
2019-12-26 23:30:00,0.06571531
2019-12-26 23:40:00,0.042419344
2019-12-26 23:50:00,0.05790186
2019-12-27 00:00:00,0.039741546
2019-12-27 00:10:00,0.06762466
2019-12-27 00:20:00,0.042945564
2019-12-27 00:30:00,0.051809102
2019-12-27 00:40:00,0.04093185
2019-12-27 00:50:00,0.053238302
2019-12-27 01:00:00,0.045364648
2019-12-27 01:10:00,0.042811036
2019-12-27 01:20:00,0.0428966
2019-12-27 01:30:00,0.04779026
2019-12-27 01:40:00,0.04540205
2019-12-27 01:50:00,0.043303847
2019-12-27 02:00:00,0.040185124
2019-12-27 02:10:00,0.049643636
2019-12-27 02:20:00,0.043213278
2019-12-27 02:30:00,0.040991604
2019-12-27 02:40:00,0.040040106
2019-12-27 02:50:00,0.0466443
2019-12-27 03:00:00,0.04281643
2019-12-27 03:10:00,0.035009116
2019-12-27 03:20:00,0.031356186
2019-12-27 03:30:00,0.036138237
2019-12-27 03:40:00,0.03207612
2019-12-27 03:50:00,0.027227253
2019-12-27 04:00:00,0.025424242
2019-12-27 04:10:00,0.029221296
2019-12-27 04:20:00,0.028560847
2019-12-27 04:30:00,0.02576086
2019-12-27 04:40:00,0.026047468
2019-12-27 04:50:00,0.028447092
2019-12-27 05:00:00,0.02843517
2019-12-27 05:10:00,0.02392587
2019-12-27 05:20:00,0.024719268
2019-12-27 05:30:00,0.025476217
2019-12-27 05:40:00,0.03040129
2019-12-27 05:50:00,0.021815985
2019-12-27 06:00:00,0.025829911
2019-12-27 06:10:00,0.023247153
2019-12-27 06:20:00,0.02912715
2019-12-27 06:30:00,0.019575983
2019-12-27 06:40:00,0.024330825
2019-12-27 06:50:00,0.02048567
2019-12-27 07:00:00,0.02911377
2019-12-27 07:10:00,0.01875043
2019-12-27 07:20:00,0.023067266
2019-12-27 07:30:00,0.02083531
2019-12-27 07:40:00,0.030376345
2019-12-27 07:50:00,0.018764228
2019-12-27 08:00:00,0.025043696
2019-12-27 08:10:00,0.021543652
2019-12-27 08:20:00,0.03128755
2019-12-27 08:30:00,0.018669218
2019-12-27 08:40:00,0.026152134
2019-12-27 08:50:00,0.021453172
2019-12-27 09:00:00,0.032464176
2019-12-27 09:10:00,0.017173648
2019-12-27 09:20:00,0.024894208
2019-12-27 09:30:00,0.01872161
2019-12-27 09:40:00,0.029165417
2019-12-27 09:50:00,0.016689926
2019-12-27 10:00:00,0.025774717
2019-12-27 10:10:00,0.019922614
2019-12-27 10:20:00,0.03215131
2019-12-27 10:30:00,0.01658222
2019-12-27 10:40:00,0.017713308
2019-12-27 10:50:00,0.018170923
2019-12-27 11:00:00,0.022174
2019-12-27 11:10:00,0.017336309
2019-12-27 11:20:00,0.0142326355
2019-12-27 11:30:00,0.019904166
2019-12-27 11:40:00,0.017732024
2019-12-27 11:50:00,0.017070591
2019-12-27 12:00:00,0.015014082
2019-12-27 12:10:00,0.019497693
2019-12-27 12:20:00,0.01913783
2019-12-27 12:30:00,0.017067015
2019-12-27 12:40:00,0.014894009
2019-12-27 12:50:00,0.016980678
2019-12-27 13:00:00,0.018547744
2019-12-27 13:10:00,0.014884621
2019-12-27 13:20:00,0.013871789
2019-12-27 13:30:00,0.01715514
2019-12-27 13:40:00,0.020018578
2019-12-27 13:50:00,0.01751995
2019-12-27 14:00:00,0.015226394
2019-12-27 14:10:00,0.017479002
2019-12-27 14:20:00,0.019102901
2019-12-27 14:30:00,0.018567681
2019-12-27 14:40:00,0.014672905
2019-12-27 14:50:00,0.018235713
2019-12-27 15:00:00,0.017919958
2019-12-27 15:10:00,0.017313033
2019-12-27 15:20:00,0.013924301
2019-12-27 15:30:00,0.017747551
2019-12-27 15:40:00,0.017550617
2019-12-27 15:50:00,0.017062992
2019-12-27 16:00:00,0.013935238
2019-12-27 16:10:00,0.018711418
2019-12-27 16:20:00,0.018219143
2019-12-27 16:30:00,0.016998976
2019-12-27 16:40:00,0.013502806
2019-12-27 16:50:00,0.018640578
2019-12-27 17:00:00,0.017032385
2019-12-27 17:10:00,0.016941011
2019-12-27 17:20:00,0.012859762
2019-12-27 17:30:00,0.017216414
2019-12-27 17:40:00,0.014930338
2019-12-27 17:50:00,0.01509127
2019-12-27 18:00:00,0.012028217
2019-12-27 18:10:00,0.015808314
2019-12-27 18:20:00,0.014233291
2019-12-27 18:30:00,0.014015496
2019-12-27 18:40:00,0.010731459
2019-12-27 18:50:00,0.014719367
2019-12-27 19:00:00,0.013176858
2019-12-27 19:10:00,0.014501303
2019-12-27 19:20:00,0.009570807
2019-12-27 19:30:00,0.015278608
2019-12-27 19:40:00,0.011788905
2019-12-27 19:50:00,0.013556808
2019-12-27 20:00:00,0.009459883
2019-12-27 20:10:00,0.013185263
2019-12-27 20:20:00,0.011775702
2019-12-27 20:30:00,0.012380004
2019-12-27 20:40:00,0.008518696
2019-12-27 20:50:00,0.0126158595
2019-12-27 21:00:00,0.010921121
2019-12-27 21:10:00,0.011902094
2019-12-27 21:20:00,0.00827834
2019-12-27 21:30:00,0.011927426
2019-12-27 21:40:00,0.009144604
2019-12-27 21:50:00,0.00947848
2019-12-27 22:00:00,0.0074828863
2019-12-27 22:10:00,0.0077078044
2019-12-27 22:20:00,0.007281691
2019-12-27 22:30:00,0.007424593
2019-12-27 22:40:00,0.005427748
2019-12-27 22:50:00,0.0070953667
2019-12-27 23:00:00,0.00698182
2019-12-27 23:10:00,0.006364286
2019-12-27 23:20:00,0.0053712428
2019-12-27 23:30:00,0.006126851
2019-12-27 23:40:00,0.0065920353
2019-12-27 23:50:00,0.0059395134
2019-12-28 00:00:00,0.005226016
2019-12-28 00:10:00,0.006412685
2019-12-28 00:20:00,0.0071076155
2019-12-28 00:30:00,0.0067735612
2019-12-28 00:40:00,0.0058904886
2019-12-28 00:50:00,0.0071032345
2019-12-28 01:00:00,0.007451862
2019-12-28 01:10:00,0.007163048
2019-12-28 01:20:00,0.0062781572
2019-12-28 01:30:00,0.007065147
2019-12-28 01:40:00,0.0076393187
2019-12-28 01:50:00,0.0067082644
2019-12-28 02:00:00,0.006074488
2019-12-28 02:10:00,0.006670296
2019-12-28 02:20:00,0.0077127814
2019-12-28 02:30:00,0.006890774
2019-12-28 02:40:00,0.006191641
2019-12-28 02:50:00,0.006769359
2019-12-28 03:00:00,0.007921666
2019-12-28 03:10:00,0.006907612
2019-12-28 03:20:00,0.0072079897
2019-12-28 03:30:00,0.006967783
2019-12-28 03:40:00,0.008889675
2019-12-28 03:50:00,0.0064607263
2019-12-28 04:00:00,0.007456571
2019-12-28 04:10:00,0.006585419
2019-12-28 04:20:00,0.008748621
2019-12-28 04:30:00,0.0067671537
2019-12-28 04:40:00,0.0073845685
2019-12-28 04:50:00,0.006945461
2019-12-28 05:00:00,0.009322256
2019-12-28 05:10:00,0.0074634254
2019-12-28 05:20:00,0.008608162
2019-12-28 05:30:00,0.0075543523
2019-12-28 05:40:00,0.009809762
2019-12-28 05:50:00,0.006670952
2019-12-28 06:00:00,0.0080836415
2019-12-28 06:10:00,0.0068142414
2019-12-28 06:20:00,0.009688646
2019-12-28 06:30:00,0.006678909
2019-12-28 06:40:00,0.007976145
2019-12-28 06:50:00,0.006580353
2019-12-28 07:00:00,0.009823054
2019-12-28 07:10:00,0.007385701
2019-12-28 07:20:00,0.0090409815
2019-12-28 07:30:00,0.0077586174
2019-12-28 07:40:00,0.009842873
2019-12-28 07:50:00,0.008066088
2019-12-28 08:00:00,0.009257317
2019-12-28 08:10:00,0.0076141655
2019-12-28 08:20:00,0.010764182
2019-12-28 08:30:00,0.008136809
2019-12-28 08:40:00,0.00965488
2019-12-28 08:50:00,0.008197159
2019-12-28 09:00:00,0.011582404
2019-12-28 09:10:00,0.0084680915
2019-12-28 09:20:00,0.010578722
2019-12-28 09:30:00,0.008645147
2019-12-28 09:40:00,0.012255192
2019-12-28 09:50:00,0.009298205
2019-12-28 10:00:00,0.012700677
2019-12-28 10:10:00,0.009355962
2019-12-28 10:20:00,0.014690846
2019-12-28 10:30:00,0.01064983
2019-12-28 10:40:00,0.01546374
2019-12-28 10:50:00,0.010803908
2019-12-28 11:00:00,0.01724422
2019-12-28 11:10:00,0.010579973
2019-12-28 11:20:00,0.018948197
2019-12-28 11:30:00,0.010778099
2019-12-28 11:40:00,0.018897504
2019-12-28 11:50:00,0.010959357
2019-12-28 12:00:00,0.020534694
2019-12-28 12:10:00,0.011482537
2019-12-28 12:20:00,0.021565944
2019-12-28 12:30:00,0.011852384
2019-12-28 12:40:00,0.022105992
2019-12-28 12:50:00,0.011377752
2019-12-28 13:00:00,0.022030592
2019-12-28 13:10:00,0.011550605
2019-12-28 13:20:00,0.022227228
2019-12-28 13:30:00,0.011362582
2019-12-28 13:40:00,0.020522088
2019-12-28 13:50:00,0.011024207
2019-12-28 14:00:00,0.021963596
2019-12-28 14:10:00,0.010972768
2019-12-28 14:20:00,0.02107948
2019-12-28 14:30:00,0.010874271
2019-12-28 14:40:00,0.022346944
2019-12-28 14:50:00,0.010874689
2019-12-28 15:00:00,0.019999593
2019-12-28 15:10:00,0.010830909
2019-12-28 15:20:00,0.020186633
2019-12-28 15:30:00,0.010734677
2019-12-28 15:40:00,0.018458635
2019-12-28 15:50:00,0.010507643
2019-12-28 16:00:00,0.019815356
2019-12-28 16:10:00,0.01016894
2019-12-28 16:20:00,0.020068765
2019-12-28 16:30:00,0.009997666
2019-12-28 16:40:00,0.020206481
2019-12-28 16:50:00,0.0098673105
2019-12-28 17:00:00,0.021891892
2019-12-28 17:10:00,0.010693729
2019-12-28 17:20:00,0.025039107
2019-12-28 17:30:00,0.01130271
2019-12-28 17:40:00,0.025642425
2019-12-28 17:50:00,0.010887802
2019-12-28 18:00:00,0.032276988
2019-12-28 18:10:00,0.011862755
2019-12-28 18:20:00,0.03457719
2019-12-28 18:30:00,0.012573272
2019-12-28 18:40:00,0.037662655
2019-12-28 18:50:00,0.0133392215
2019-12-28 19:00:00,0.034992278
2019-12-28 19:10:00,0.014454901
2019-12-28 19:20:00,0.04220289
2019-12-28 19:30:00,0.0137633085
2019-12-28 19:40:00,0.036310256
2019-12-28 19:50:00,0.01408565
2019-12-28 20:00:00,0.039398372
2019-12-28 20:10:00,0.0141990185
2019-12-28 20:20:00,0.03613013
2019-12-28 20:30:00,0.015087247
2019-12-28 20:40:00,0.038470447
2019-12-28 20:50:00,0.015880227
2019-12-28 21:00:00,0.03635475
2019-12-28 21:10:00,0.015666693
2019-12-28 21:20:00,0.034570545
2019-12-28 21:30:00,0.013656139
2019-12-28 21:40:00,0.03319007
2019-12-28 21:50:00,0.014376968
2019-12-28 22:00:00,0.03351438
2019-12-28 22:10:00,0.014252037
2019-12-28 22:20:00,0.032913625
2019-12-28 22:30:00,0.0152154565
2019-12-28 22:40:00,0.032244116
2019-12-28 22:50:00,0.015541732
2019-12-28 23:00:00,0.030300349
2019-12-28 23:10:00,0.015506446
2019-12-28 23:20:00,0.02955687
2019-12-28 23:30:00,0.017029822
2019-12-28 23:40:00,0.032589823
2019-12-28 23:50:00,0.018279463
2019-12-29 00:00:00,0.032873362
2019-12-29 00:10:00,0.018721908
2019-12-29 00:20:00,0.03334585
2019-12-29 00:30:00,0.017995536
2019-12-29 00:40:00,0.029830188
2019-12-29 00:50:00,0.017095804
2019-12-29 01:00:00,0.03169626
2019-12-29 01:10:00,0.018689275
2019-12-29 01:20:00,0.027357876
2019-12-29 01:30:00,0.017688572
2019-12-29 01:40:00,0.031889647
2019-12-29 01:50:00,0.019186437
2019-12-29 02:00:00,0.030338407
2019-12-29 02:10:00,0.020170838
2019-12-29 02:20:00,0.03468144
2019-12-29 02:30:00,0.020212531
2019-12-29 02:40:00,0.031286746
2019-12-29 02:50:00,0.020005971
2019-12-29 03:00:00,0.034050614
2019-12-29 03:10:00,0.020762831
2019-12-29 03:20:00,0.031475425
2019-12-29 03:30:00,0.019325465
2019-12-29 03:40:00,0.032019824
2019-12-29 03:50:00,0.019079536
2019-12-29 04:00:00,0.029173076
2019-12-29 04:10:00,0.019924909
2019-12-29 04:20:00,0.033851117
2019-12-29 04:30:00,0.021494597
2019-12-29 04:40:00,0.030053645
2019-12-29 04:50:00,0.020881206
2019-12-29 05:00:00,0.032699794
2019-12-29 05:10:00,0.022422701
2019-12-29 05:20:00,0.027130544
2019-12-29 05:30:00,0.023534358
2019-12-29 05:40:00,0.030808479
2019-12-29 05:50:00,0.027226597
2019-12-29 06:00:00,0.0231857
2019-12-29 06:10:00,0.025894612
2019-12-29 06:20:00,0.027560562
2019-12-29 06:30:00,0.030403614
2019-12-29 06:40:00,0.02293244
2019-12-29 06:50:00,0.02944845
2019-12-29 07:00:00,0.026031017
2019-12-29 07:10:00,0.028641969
2019-12-29 07:20:00,0.02266875
2019-12-29 07:30:00,0.02695319
2019-12-29 07:40:00,0.02653274
2019-12-29 07:50:00,0.02869308
2019-12-29 08:00:00,0.023337603
2019-12-29 08:10:00,0.02722308
2019-12-29 08:20:00,0.025998712
2019-12-29 08:30:00,0.030918628
2019-12-29 08:40:00,0.021779627
2019-12-29 08:50:00,0.029806465
2019-12-29 09:00:00,0.024579465
2019-12-29 09:10:00,0.031148434
2019-12-29 09:20:00,0.021037638
2019-12-29 09:30:00,0.030848235
2019-12-29 09:40:00,0.02470246
2019-12-29 09:50:00,0.032835275
2019-12-29 10:00:00,0.020666331
2019-12-29 10:10:00,0.032222837
2019-12-29 10:20:00,0.022197545
2019-12-29 10:30:00,0.030186266
2019-12-29 10:40:00,0.018817872
2019-12-29 10:50:00,0.029769361
2019-12-29 11:00:00,0.02061814
2019-12-29 11:10:00,0.030612081
2019-12-29 11:20:00,0.017639756
2019-12-29 11:30:00,0.029930174
2019-12-29 11:40:00,0.020507336
2019-12-29 11:50:00,0.029708952
2019-12-29 12:00:00,0.017615646
2019-12-29 12:10:00,0.031324983
2019-12-29 12:20:00,0.020111084
2019-12-29 12:30:00,0.031825036
2019-12-29 12:40:00,0.016712517
2019-12-29 12:50:00,0.031755507
2019-12-29 13:00:00,0.018428177
2019-12-29 13:10:00,0.031242281
2019-12-29 13:20:00,0.015230596
2019-12-29 13:30:00,0.03126192
2019-12-29 13:40:00,0.017836154
2019-12-29 13:50:00,0.031356037
2019-12-29 14:00:00,0.014759541
2019-12-29 14:10:00,0.03171137
2019-12-29 14:20:00,0.016958952
2019-12-29 14:30:00,0.032209545
2019-12-29 14:40:00,0.014452428
2019-12-29 14:50:00,0.033611357
2019-12-29 15:00:00,0.01810354
2019-12-29 15:10:00,0.03491354
2019-12-29 15:20:00,0.015634716
2019-12-29 15:30:00,0.036131054
2019-12-29 15:40:00,0.019168258
2019-12-29 15:50:00,0.033068
2019-12-29 16:00:00,0.014632046
2019-12-29 16:10:00,0.033360332
2019-12-29 16:20:00,0.017400384
2019-12-29 16:30:00,0.027343482
2019-12-29 16:40:00,0.012533158
2019-12-29 16:50:00,0.029473841
2019-12-29 17:00:00,0.015411645
2019-12-29 17:10:00,0.026609987
2019-12-29 17:20:00,0.012288541
2019-12-29 17:30:00,0.027300864
2019-12-29 17:40:00,0.014713228
2019-12-29 17:50:00,0.024199963
2019-12-29 18:00:00,0.011533588
2019-12-29 18:10:00,0.026123196
2019-12-29 18:20:00,0.013258517
2019-12-29 18:30:00,0.022728056
2019-12-29 18:40:00,0.009975255
2019-12-29 18:50:00,0.025447339
2019-12-29 19:00:00,0.011894524
2019-12-29 19:10:00,0.020087987
2019-12-29 19:20:00,0.008530736
2019-12-29 19:30:00,0.023301005
2019-12-29 19:40:00,0.0112374425
2019-12-29 19:50:00,0.022276282
2019-12-29 20:00:00,0.008348018
2019-12-29 20:10:00,0.023995996
2019-12-29 20:20:00,0.010399431
2019-12-29 20:30:00,0.021847129
2019-12-29 20:40:00,0.007998258
2019-12-29 20:50:00,0.023495793
2019-12-29 21:00:00,0.010417134
2019-12-29 21:10:00,0.020907074
2019-12-29 21:20:00,0.007877499
2019-12-29 21:30:00,0.024923623
2019-12-29 21:40:00,0.010243088
2019-12-29 21:50:00,0.021249175
2019-12-29 22:00:00,0.009221256
2019-12-29 22:10:00,0.025984794
2019-12-29 22:20:00,0.011546731
2019-12-29 22:30:00,0.02183026
2019-12-29 22:40:00,0.009001315
2019-12-29 22:50:00,0.024360359
2019-12-29 23:00:00,0.01109606
2019-12-29 23:10:00,0.021180093
2019-12-29 23:20:00,0.008244306
2019-12-29 23:30:00,0.024402797
2019-12-29 23:40:00,0.010262191
2019-12-29 23:50:00,0.020424873
2019-12-30 00:00:00,0.007624209
2019-12-30 00:10:00,0.022324651
2019-12-30 00:20:00,0.009416103
2019-12-30 00:30:00,0.018329173
2019-12-30 00:40:00,0.0069146752
2019-12-30 00:50:00,0.0216164
2019-12-30 01:00:00,0.0086015165
2019-12-30 01:10:00,0.017729163
2019-12-30 01:20:00,0.0064089894
2019-12-30 01:30:00,0.02104342
2019-12-30 01:40:00,0.007989287
2019-12-30 01:50:00,0.017923683
2019-12-30 02:00:00,0.0063830316
2019-12-30 02:10:00,0.022182584
2019-12-30 02:20:00,0.008571386
2019-12-30 02:30:00,0.019435346
2019-12-30 02:40:00,0.0067917705
2019-12-30 02:50:00,0.024134278
2019-12-30 03:00:00,0.008975148
2019-12-30 03:10:00,0.020625293
2019-12-30 03:20:00,0.007448435
2019-12-30 03:30:00,0.024409741
2019-12-30 03:40:00,0.009657264
2019-12-30 03:50:00,0.02058813
2019-12-30 04:00:00,0.007412344
2019-12-30 04:10:00,0.023682863
2019-12-30 04:20:00,0.009008676
2019-12-30 04:30:00,0.019000262
2019-12-30 04:40:00,0.006773174
2019-12-30 04:50:00,0.019559205
2019-12-30 05:00:00,0.009020567
2019-12-30 05:10:00,0.017221093
2019-12-30 05:20:00,0.007242769
2019-12-30 05:30:00,0.018324614
2019-12-30 05:40:00,0.009591103
2019-12-30 05:50:00,0.013810754
2019-12-30 06:00:00,0.00804615
2019-12-30 06:10:00,0.015004724
2019-12-30 06:20:00,0.009033471
2019-12-30 06:30:00,0.012205869
2019-12-30 06:40:00,0.007820517
2019-12-30 06:50:00,0.014723748
2019-12-30 07:00:00,0.009100616
2019-12-30 07:10:00,0.012095243
2019-12-30 07:20:00,0.0073742867
2019-12-30 07:30:00,0.014134169
2019-12-30 07:40:00,0.008834422
2019-12-30 07:50:00,0.012788743
2019-12-30 08:00:00,0.007415712
2019-12-30 08:10:00,0.014866769
2019-12-30 08:20:00,0.008561254
2019-12-30 08:30:00,0.012591779
2019-12-30 08:40:00,0.007293761
2019-12-30 08:50:00,0.01405552
2019-12-30 09:00:00,0.008476436
2019-12-30 09:10:00,0.011260003
2019-12-30 09:20:00,0.007354617
2019-12-30 09:30:00,0.013047397
2019-12-30 09:40:00,0.008702487
2019-12-30 09:50:00,0.010510325
2019-12-30 10:00:00,0.0074945986
2019-12-30 10:10:00,0.012247264
2019-12-30 10:20:00,0.009697795
2019-12-30 10:30:00,0.010229707
2019-12-30 10:40:00,0.008353591
2019-12-30 10:50:00,0.013006508
2019-12-30 11:00:00,0.00981921
2019-12-30 11:10:00,0.0066303015
2019-12-30 11:20:00,0.009061933
2019-12-30 11:30:00,0.012427688
2019-12-30 11:40:00,0.010808378
2019-12-30 11:50:00,0.011637688
2019-12-30 12:00:00,0.009767294
2019-12-30 12:10:00,0.013238996
2019-12-30 12:20:00,0.01150465
2019-12-30 12:30:00,0.010578543
2019-12-30 12:40:00,0.010373741
2019-12-30 12:50:00,0.012087554
2019-12-30 13:00:00,0.012282759
2019-12-30 13:10:00,0.009946734
2019-12-30 13:20:00,0.0113610625
2019-12-30 13:30:00,0.01130268
2019-12-30 13:40:00,0.013864607
2019-12-30 13:50:00,0.009454817
2019-12-30 14:00:00,0.011830062
2019-12-30 14:10:00,0.011267722
2019-12-30 14:20:00,0.013349891
2019-12-30 14:30:00,0.009140193
2019-12-30 14:40:00,0.011667877
2019-12-30 14:50:00,0.011072844
2019-12-30 15:00:00,0.012747467
2019-12-30 15:10:00,0.008921921
2019-12-30 15:20:00,0.011821479
2019-12-30 15:30:00,0.010029227
2019-12-30 15:40:00,0.012825459
2019-12-30 15:50:00,0.009181082
2019-12-30 16:00:00,0.012481153
2019-12-30 16:10:00,0.010445714
2019-12-30 16:20:00,0.013320088
2019-12-30 16:30:00,0.008482158
2019-12-30 16:40:00,0.012662232
2019-12-30 16:50:00,0.010194898
2019-12-30 17:00:00,0.014534384
2019-12-30 17:10:00,0.009047627
2019-12-30 17:20:00,0.013437092
2019-12-30 17:30:00,0.010627091
2019-12-30 17:40:00,0.014240056
2019-12-30 17:50:00,0.009188145
2019-12-30 18:00:00,0.012886733
2019-12-30 18:10:00,0.010266542
2019-12-30 18:20:00,0.014331251
2019-12-30 18:30:00,0.008713871
2019-12-30 18:40:00,0.014726967
2019-12-30 18:50:00,0.010317415
2019-12-30 19:00:00,0.015046507
2019-12-30 19:10:00,0.009406149
2019-12-30 19:20:00,0.014353424
2019-12-30 19:30:00,0.008731127
2019-12-30 19:40:00,0.013944119
2019-12-30 19:50:00,0.0063822567
2019-12-30 20:00:00,0.010350972
2019-12-30 20:10:00,0.006124079
2019-12-30 20:20:00,0.0108424425
2019-12-30 20:30:00,0.004484713
2019-12-30 20:40:00,0.008828521
2019-12-30 20:50:00,0.004823178
2019-12-30 21:00:00,0.010204643
2019-12-30 21:10:00,0.004460126
2019-12-30 21:20:00,0.008523136
2019-12-30 21:30:00,0.0043272674
2019-12-30 21:40:00,0.009238392
2019-12-30 21:50:00,0.0040867925
2019-12-30 22:00:00,0.009309113
2019-12-30 22:10:00,0.0046310425
2019-12-30 22:20:00,0.010092467
2019-12-30 22:30:00,0.0041558743
2019-12-30 22:40:00,0.008895308
2019-12-30 22:50:00,0.0042500496
2019-12-30 23:00:00,0.009225845
2019-12-30 23:10:00,0.0042760074
2019-12-30 23:20:00,0.00867933
2019-12-30 23:30:00,0.004183322
2019-12-30 23:40:00,0.008948058
2019-12-30 23:50:00,0.0045678616
2019-12-31 00:00:00,0.0084038675
2019-12-31 00:10:00,0.004428208
2019-12-31 00:20:00,0.008957893
2019-12-31 00:30:00,0.00406754
2019-12-31 00:40:00,0.0074486732
2019-12-31 00:50:00,0.004352987
2019-12-31 01:00:00,0.008022308
2019-12-31 01:10:00,0.003750801
2019-12-31 01:20:00,0.007654071
2019-12-31 01:30:00,0.0038820207
2019-12-31 01:40:00,0.0081581175
2019-12-31 01:50:00,0.0035684109
2019-12-31 02:00:00,0.006616473
2019-12-31 02:10:00,0.0034657419
2019-12-31 02:20:00,0.007212758
2019-12-31 02:30:00,0.0033157766
2019-12-31 02:40:00,0.0063209236
2019-12-31 02:50:00,0.0031502843
2019-12-31 03:00:00,0.0072151423
2019-12-31 03:10:00,0.002948314
2019-12-31 03:20:00,0.0063643456
2019-12-31 03:30:00,0.0026966035
2019-12-31 03:40:00,0.006803274
2019-12-31 03:50:00,0.0026444495
2019-12-31 04:00:00,0.0062871277
2019-12-31 04:10:00,0.002641201
2019-12-31 04:20:00,0.006644249
2019-12-31 04:30:00,0.0025826097
2019-12-31 04:40:00,0.005669832
2019-12-31 04:50:00,0.0025186837
2019-12-31 05:00:00,0.0064514577
2019-12-31 05:10:00,0.0025367737
2019-12-31 05:20:00,0.0057619214
2019-12-31 05:30:00,0.0023486614
2019-12-31 05:40:00,0.005957514
2019-12-31 05:50:00,0.0021128654
2019-12-31 06:00:00,0.0056101084
2019-12-31 06:10:00,0.0020646155
2019-12-31 06:20:00,0.0059901774
2019-12-31 06:30:00,0.0020682514
2019-12-31 06:40:00,0.005684912
2019-12-31 06:50:00,0.001956433
2019-12-31 07:00:00,0.006012976
